ID;Opérateur;SUP_ID;Système;Mise en service déclaré;STA_NM_DPT;CODE_INSEE;Technologie;DATE_MAJ;sta_nm_anfr;nat_id;sup_nm_haut;tpo_id;Adresse;Adresse 1;Adresse 2;Adresse 3;Code postal;Code INSEE;coordonnees;Coordonnées;Statut
56;BOUYGUES TELECOM;26987;5G NR 2100;2024-09-18;02A;2A212;5G;2026-03-19T15:15:24;02A2750154;23;18;72;San Léonardo;Près station de pompage;;;20115;2A212;"42.255 , 8.667777777777777";42°15'18''N 8°40'4''E;Techniquement opérationnel
57;BOUYGUES TELECOM;26987;5G NR 3500;2024-09-18;02A;2A212;5G;2026-03-19T15:15:24;02A2750154;23;18;72;San Léonardo;Près station de pompage;;;20115;2A212;"42.255 , 8.667777777777777";42°15'18''N 8°40'4''E;Techniquement opérationnel
58;BOUYGUES TELECOM;26987;GSM 900;2016-05-24;02A;2A212;2G;2026-03-19T15:15:24;02A2750154;23;18;72;San Léonardo;Près station de pompage;;;20115;2A212;"42.255 , 8.667777777777777";42°15'18''N 8°40'4''E;En service
59;BOUYGUES TELECOM;26987;LTE 1800;2016-05-24;02A;2A212;4G;2026-03-19T15:15:24;02A2750154;23;18;72;San Léonardo;Près station de pompage;;;20115;2A212;"42.255 , 8.667777777777777";42°15'18''N 8°40'4''E;En service
60;BOUYGUES TELECOM;26987;LTE 2100;2024-09-18;02A;2A212;4G;2026-03-19T15:15:24;02A2750154;23;18;72;San Léonardo;Près station de pompage;;;20115;2A212;"42.255 , 8.667777777777777";42°15'18''N 8°40'4''E;En service
61;BOUYGUES TELECOM;26987;LTE 2600;2018-10-26;02A;2A212;4G;2026-03-19T15:15:24;02A2750154;23;18;72;San Léonardo;Près station de pompage;;;20115;2A212;"42.255 , 8.667777777777777";42°15'18''N 8°40'4''E;En service
62;BOUYGUES TELECOM;26987;LTE 700;2024-09-18;02A;2A212;4G;2026-03-19T15:15:24;02A2750154;23;18;72;San Léonardo;Près station de pompage;;;20115;2A212;"42.255 , 8.667777777777777";42°15'18''N 8°40'4''E;En service
63;BOUYGUES TELECOM;26987;LTE 800;2016-05-24;02A;2A212;4G;2026-03-19T15:15:24;02A2750154;23;18;72;San Léonardo;Près station de pompage;;;20115;2A212;"42.255 , 8.667777777777777";42°15'18''N 8°40'4''E;En service
64;BOUYGUES TELECOM;26987;UMTS 900;2016-05-24;02A;2A212;3G;2026-03-19T15:15:24;02A2750154;23;18;72;San Léonardo;Près station de pompage;;;20115;2A212;"42.255 , 8.667777777777777";42°15'18''N 8°40'4''E;En service
1756;BOUYGUES TELECOM;334441;GSM 900;2007-06-13;02A;2A006;2G;2026-03-19T15:15:24;02A2750112;26;10;65;A CAMARILLA;CHEM DE FUSSAGLIOLE;;;20167;2A006;"41.97416666666667 , 8.741388888888888";41°58'27''N 8°44'29''E;En service
1757;BOUYGUES TELECOM;334441;LTE 1800;2018-03-19;02A;2A006;4G;2026-03-19T15:15:24;02A2750112;26;10;65;A CAMARILLA;CHEM DE FUSSAGLIOLE;;;20167;2A006;"41.97416666666667 , 8.741388888888888";41°58'27''N 8°44'29''E;En service
1758;BOUYGUES TELECOM;334441;LTE 2100;2016-09-22;02A;2A006;4G;2026-03-19T15:15:24;02A2750112;26;10;65;A CAMARILLA;CHEM DE FUSSAGLIOLE;;;20167;2A006;"41.97416666666667 , 8.741388888888888";41°58'27''N 8°44'29''E;En service
1759;BOUYGUES TELECOM;334441;LTE 2600;2020-10-27;02A;2A006;4G;2026-03-19T15:15:24;02A2750112;26;10;65;A CAMARILLA;CHEM DE FUSSAGLIOLE;;;20167;2A006;"41.97416666666667 , 8.741388888888888";41°58'27''N 8°44'29''E;En service
1760;BOUYGUES TELECOM;334441;LTE 800;2016-09-21;02A;2A006;4G;2026-03-19T15:15:24;02A2750112;26;10;65;A CAMARILLA;CHEM DE FUSSAGLIOLE;;;20167;2A006;"41.97416666666667 , 8.741388888888888";41°58'27''N 8°44'29''E;En service
1761;BOUYGUES TELECOM;334441;UMTS 900;2016-09-21;02A;2A006;3G;2026-03-19T15:15:24;02A2750112;26;10;65;A CAMARILLA;CHEM DE FUSSAGLIOLE;;;20167;2A006;"41.97416666666667 , 8.741388888888888";41°58'27''N 8°44'29''E;En service
4785;BOUYGUES TELECOM;439451;5G NR 2100;2024-01-11;02A;2A061;5G;2026-03-19T15:15:24;02A2750074;23;48;32;Col De Mela;Pylone TDF;;;20170;2A061;"41.66972222222222 , 9.184166666666666";41°40'11''N 9°11'3''E;Techniquement opérationnel
4786;BOUYGUES TELECOM;439451;5G NR 3500;2024-01-11;02A;2A061;5G;2026-03-19T15:15:24;02A2750074;23;48;32;Col De Mela;Pylone TDF;;;20170;2A061;"41.66972222222222 , 9.184166666666666";41°40'11''N 9°11'3''E;Techniquement opérationnel
4787;BOUYGUES TELECOM;439451;GSM 900;2016-10-14;02A;2A061;2G;2026-03-19T15:15:24;02A2750074;23;48;32;Col De Mela;Pylone TDF;;;20170;2A061;"41.66972222222222 , 9.184166666666666";41°40'11''N 9°11'3''E;En service
4788;BOUYGUES TELECOM;439451;LTE 1800;2016-10-14;02A;2A061;4G;2026-03-19T15:15:24;02A2750074;23;48;32;Col De Mela;Pylone TDF;;;20170;2A061;"41.66972222222222 , 9.184166666666666";41°40'11''N 9°11'3''E;En service
4789;BOUYGUES TELECOM;439451;LTE 2100;2022-02-28;02A;2A061;4G;2026-03-19T15:15:24;02A2750074;23;48;32;Col De Mela;Pylone TDF;;;20170;2A061;"41.66972222222222 , 9.184166666666666";41°40'11''N 9°11'3''E;En service
4790;BOUYGUES TELECOM;439451;LTE 2600;2022-02-28;02A;2A061;4G;2026-03-19T15:15:24;02A2750074;23;48;32;Col De Mela;Pylone TDF;;;20170;2A061;"41.66972222222222 , 9.184166666666666";41°40'11''N 9°11'3''E;En service
4791;BOUYGUES TELECOM;439451;LTE 700;2024-01-11;02A;2A061;4G;2026-03-19T15:15:24;02A2750074;23;48;32;Col De Mela;Pylone TDF;;;20170;2A061;"41.66972222222222 , 9.184166666666666";41°40'11''N 9°11'3''E;En service
4792;BOUYGUES TELECOM;439451;LTE 800;2016-10-14;02A;2A061;4G;2026-03-19T15:15:24;02A2750074;23;48;32;Col De Mela;Pylone TDF;;;20170;2A061;"41.66972222222222 , 9.184166666666666";41°40'11''N 9°11'3''E;En service
4793;BOUYGUES TELECOM;439451;UMTS 900;2016-10-14;02A;2A061;3G;2026-03-19T15:15:24;02A2750074;23;48;32;Col De Mela;Pylone TDF;;;20170;2A061;"41.66972222222222 , 9.184166666666666";41°40'11''N 9°11'3''E;En service
5502;BOUYGUES TELECOM;440295;LTE 700;2022-10-17;02A;2A091;4G;2026-03-19T15:15:24;02A2750121;23;30;32;Fica Bianca;COL D'AGHIA;D 55;;20123;2A091;"41.83083333333334 , 8.87638888888889";41°49'51''N 8°52'35''E;En service
5503;BOUYGUES TELECOM;440295;LTE 800;2020-12-14;02A;2A091;4G;2026-03-19T15:15:24;02A2750121;23;30;32;Fica Bianca;COL D'AGHIA;D 55;;20123;2A091;"41.83083333333334 , 8.87638888888889";41°49'51''N 8°52'35''E;En service
5504;BOUYGUES TELECOM;440295;UMTS 900;2017-03-24;02A;2A091;3G;2026-03-19T15:15:24;02A2750121;23;30;32;Fica Bianca;COL D'AGHIA;D 55;;20123;2A091;"41.83083333333334 , 8.87638888888889";41°49'51''N 8°52'35''E;En service
9843;BOUYGUES TELECOM;450868;5G NR 2100;2022-07-28;02A;2A041;5G;2026-03-19T15:15:24;02A2750118;23;24;32;CHÂTEAU BALESI;PYLONE TDF;;;20169;2A041;"41.42194444444444 , 9.176944444444445";41°25'19''N 9°10'37''E;Techniquement opérationnel
9844;BOUYGUES TELECOM;450868;5G NR 3500;2024-01-11;02A;2A041;5G;2026-03-19T15:15:24;02A2750118;23;24;32;CHÂTEAU BALESI;PYLONE TDF;;;20169;2A041;"41.42194444444444 , 9.176944444444445";41°25'19''N 9°10'37''E;Techniquement opérationnel
9845;BOUYGUES TELECOM;450868;GSM 900;1999-08-05;02A;2A041;2G;2026-03-19T15:15:24;02A2750118;23;24;32;CHÂTEAU BALESI;PYLONE TDF;;;20169;2A041;"41.42194444444444 , 9.176944444444445";41°25'19''N 9°10'37''E;En service
9846;BOUYGUES TELECOM;450868;LTE 1800;2018-12-07;02A;2A041;4G;2026-03-19T15:15:24;02A2750118;23;24;32;CHÂTEAU BALESI;PYLONE TDF;;;20169;2A041;"41.42194444444444 , 9.176944444444445";41°25'19''N 9°10'37''E;En service
9847;BOUYGUES TELECOM;450868;LTE 2100;2019-10-21;02A;2A041;4G;2026-03-19T15:15:24;02A2750118;23;24;32;CHÂTEAU BALESI;PYLONE TDF;;;20169;2A041;"41.42194444444444 , 9.176944444444445";41°25'19''N 9°10'37''E;En service
9848;BOUYGUES TELECOM;450868;LTE 2600;2018-12-10;02A;2A041;4G;2026-03-19T15:15:24;02A2750118;23;24;32;CHÂTEAU BALESI;PYLONE TDF;;;20169;2A041;"41.42194444444444 , 9.176944444444445";41°25'19''N 9°10'37''E;En service
9849;BOUYGUES TELECOM;450868;LTE 700;;02A;2A041;4G;2026-03-19T15:15:24;02A2750118;23;24;32;CHÂTEAU BALESI;PYLONE TDF;;;20169;2A041;"41.42194444444444 , 9.176944444444445";41°25'19''N 9°10'37''E;Projet approuvé
9850;BOUYGUES TELECOM;450868;LTE 800;2016-10-26;02A;2A041;4G;2026-03-19T15:15:24;02A2750118;23;24;32;CHÂTEAU BALESI;PYLONE TDF;;;20169;2A041;"41.42194444444444 , 9.176944444444445";41°25'19''N 9°10'37''E;En service
9851;BOUYGUES TELECOM;450868;UMTS 900;2016-10-26;02A;2A041;3G;2026-03-19T15:15:24;02A2750118;23;24;32;CHÂTEAU BALESI;PYLONE TDF;;;20169;2A041;"41.42194444444444 , 9.176944444444445";41°25'19''N 9°10'37''E;En service
10673;BOUYGUES TELECOM;452940;5G NR 2100;2022-07-28;02A;2A032;5G;2026-03-19T15:15:24;02A2750003;23;"11,5";65;A CELACCIA;;;;20129;2A032;"41.92611111111111 , 8.822222222222223";41°55'34''N 8°49'20''E;Techniquement opérationnel
10674;BOUYGUES TELECOM;452940;5G NR 3500;;02A;2A032;5G;2026-03-19T15:15:24;02A2750003;23;"11,5";65;A CELACCIA;;;;20129;2A032;"41.92611111111111 , 8.822222222222223";41°55'34''N 8°49'20''E;Projet approuvé
10675;BOUYGUES TELECOM;452940;GSM 900;2018-05-30;02A;2A032;2G;2026-03-19T15:15:24;02A2750003;23;"11,5";65;A CELACCIA;;;;20129;2A032;"41.92611111111111 , 8.822222222222223";41°55'34''N 8°49'20''E;En service
10676;BOUYGUES TELECOM;452940;LTE 1800;2022-02-16;02A;2A032;4G;2026-03-19T15:15:24;02A2750003;23;"11,5";65;A CELACCIA;;;;20129;2A032;"41.92611111111111 , 8.822222222222223";41°55'34''N 8°49'20''E;En service
10677;BOUYGUES TELECOM;452940;LTE 2100;2022-02-16;02A;2A032;4G;2026-03-19T15:15:24;02A2750003;23;"11,5";65;A CELACCIA;;;;20129;2A032;"41.92611111111111 , 8.822222222222223";41°55'34''N 8°49'20''E;En service
10678;BOUYGUES TELECOM;452940;LTE 2600;2022-02-16;02A;2A032;4G;2026-03-19T15:15:24;02A2750003;23;"11,5";65;A CELACCIA;;;;20129;2A032;"41.92611111111111 , 8.822222222222223";41°55'34''N 8°49'20''E;En service
10679;BOUYGUES TELECOM;452940;LTE 700;;02A;2A032;4G;2026-03-19T15:15:24;02A2750003;23;"11,5";65;A CELACCIA;;;;20129;2A032;"41.92611111111111 , 8.822222222222223";41°55'34''N 8°49'20''E;Projet approuvé
10680;BOUYGUES TELECOM;452940;LTE 800;2016-04-25;02A;2A032;4G;2026-03-19T15:15:24;02A2750003;23;"11,5";65;A CELACCIA;;;;20129;2A032;"41.92611111111111 , 8.822222222222223";41°55'34''N 8°49'20''E;En service
10681;BOUYGUES TELECOM;452940;UMTS 900;2019-04-29;02A;2A032;3G;2026-03-19T15:15:24;02A2750003;23;"11,5";65;A CELACCIA;;;;20129;2A032;"41.92611111111111 , 8.822222222222223";41°55'34''N 8°49'20''E;En service
11636;BOUYGUES TELECOM;455116;LTE 700;2023-05-24;02A;2A131;4G;2026-03-19T15:15:24;02A2750124;23;"31,9";32;PIANELLO;PYLONE TDF GUAGNO;;;20160;2A131;"42.16611111111111 , 8.94138888888889";42°9'58''N 8°56'29''E;En service
11637;BOUYGUES TELECOM;455116;LTE 800;2023-04-20;02A;2A131;4G;2026-03-19T15:15:24;02A2750124;23;"31,9";32;PIANELLO;PYLONE TDF GUAGNO;;;20160;2A131;"42.16611111111111 , 8.94138888888889";42°9'58''N 8°56'29''E;En service
11638;BOUYGUES TELECOM;455116;UMTS 900;2017-03-20;02A;2A131;3G;2026-03-19T15:15:24;02A2750124;23;"31,9";32;PIANELLO;PYLONE TDF GUAGNO;;;20160;2A131;"42.16611111111111 , 8.94138888888889";42°9'58''N 8°56'29''E;En service
13064;BOUYGUES TELECOM;459134;5G NR 2100;2023-01-12;02A;2A006;5G;2026-03-19T15:15:24;02A2750050;23;46;32;Punta Pozzo di Borgo;;;;20167;2A006;"41.95333333333333 , 8.700833333333332";41°57'12''N 8°42'3''E;Techniquement opérationnel
13065;BOUYGUES TELECOM;459134;5G NR 3500;2023-01-12;02A;2A006;5G;2026-03-19T15:15:24;02A2750050;23;46;32;Punta Pozzo di Borgo;;;;20167;2A006;"41.95333333333333 , 8.700833333333332";41°57'12''N 8°42'3''E;Techniquement opérationnel
13066;BOUYGUES TELECOM;459134;GSM 900;2016-04-25;02A;2A006;2G;2026-03-19T15:15:24;02A2750050;23;46;32;Punta Pozzo di Borgo;;;;20167;2A006;"41.95333333333333 , 8.700833333333332";41°57'12''N 8°42'3''E;En service
13067;BOUYGUES TELECOM;459134;LTE 1800;2018-03-19;02A;2A006;4G;2026-03-19T15:15:24;02A2750050;23;46;32;Punta Pozzo di Borgo;;;;20167;2A006;"41.95333333333333 , 8.700833333333332";41°57'12''N 8°42'3''E;En service
13068;BOUYGUES TELECOM;459134;LTE 2100;2022-12-28;02A;2A006;4G;2026-03-19T15:15:24;02A2750050;23;46;32;Punta Pozzo di Borgo;;;;20167;2A006;"41.95333333333333 , 8.700833333333332";41°57'12''N 8°42'3''E;En service
13069;BOUYGUES TELECOM;459134;LTE 2600;2022-12-28;02A;2A006;4G;2026-03-19T15:15:24;02A2750050;23;46;32;Punta Pozzo di Borgo;;;;20167;2A006;"41.95333333333333 , 8.700833333333332";41°57'12''N 8°42'3''E;En service
13070;BOUYGUES TELECOM;459134;LTE 700;2023-01-12;02A;2A006;4G;2026-03-19T15:15:24;02A2750050;23;46;32;Punta Pozzo di Borgo;;;;20167;2A006;"41.95333333333333 , 8.700833333333332";41°57'12''N 8°42'3''E;En service
13071;BOUYGUES TELECOM;459134;LTE 800;2016-04-21;02A;2A006;4G;2026-03-19T15:15:24;02A2750050;23;46;32;Punta Pozzo di Borgo;;;;20167;2A006;"41.95333333333333 , 8.700833333333332";41°57'12''N 8°42'3''E;En service
13072;BOUYGUES TELECOM;459134;UMTS 900;2016-04-25;02A;2A006;3G;2026-03-19T15:15:24;02A2750050;23;46;32;Punta Pozzo di Borgo;;;;20167;2A006;"41.95333333333333 , 8.700833333333332";41°57'12''N 8°42'3''E;En service
13865;BOUYGUES TELECOM;461776;5G NR 2100;2022-12-28;02A;2A247;5G;2026-03-19T15:15:24;02A2750126;23;"45,2";32;PUNTA DI VARRA;CHEM DU COL DE VERRA;;;20137;2A247;"41.59861111111111 , 9.317222222222222";41°35'55''N 9°19'2''E;Techniquement opérationnel
13866;BOUYGUES TELECOM;461776;5G NR 3500;2023-10-25;02A;2A247;5G;2026-03-19T15:15:24;02A2750126;23;"45,2";32;PUNTA DI VARRA;CHEM DU COL DE VERRA;;;20137;2A247;"41.59861111111111 , 9.317222222222222";41°35'55''N 9°19'2''E;Techniquement opérationnel
13867;BOUYGUES TELECOM;461776;GSM 900;2016-10-26;02A;2A247;2G;2026-03-19T15:15:24;02A2750126;23;"45,2";32;PUNTA DI VARRA;CHEM DU COL DE VERRA;;;20137;2A247;"41.59861111111111 , 9.317222222222222";41°35'55''N 9°19'2''E;En service
13868;BOUYGUES TELECOM;461776;LTE 1800;2013-10-04;02A;2A247;4G;2026-03-19T15:15:24;02A2750126;23;"45,2";32;PUNTA DI VARRA;CHEM DU COL DE VERRA;;;20137;2A247;"41.59861111111111 , 9.317222222222222";41°35'55''N 9°19'2''E;En service
13869;BOUYGUES TELECOM;461776;LTE 2100;2020-03-04;02A;2A247;4G;2026-03-19T15:15:24;02A2750126;23;"45,2";32;PUNTA DI VARRA;CHEM DU COL DE VERRA;;;20137;2A247;"41.59861111111111 , 9.317222222222222";41°35'55''N 9°19'2''E;En service
13870;BOUYGUES TELECOM;461776;LTE 2600;2018-10-26;02A;2A247;4G;2026-03-19T15:15:24;02A2750126;23;"45,2";32;PUNTA DI VARRA;CHEM DU COL DE VERRA;;;20137;2A247;"41.59861111111111 , 9.317222222222222";41°35'55''N 9°19'2''E;En service
13871;BOUYGUES TELECOM;461776;LTE 700;;02A;2A247;4G;2026-03-19T15:15:24;02A2750126;23;"45,2";32;PUNTA DI VARRA;CHEM DU COL DE VERRA;;;20137;2A247;"41.59861111111111 , 9.317222222222222";41°35'55''N 9°19'2''E;Projet approuvé
13872;BOUYGUES TELECOM;461776;LTE 800;2016-10-26;02A;2A247;4G;2026-03-19T15:15:24;02A2750126;23;"45,2";32;PUNTA DI VARRA;CHEM DU COL DE VERRA;;;20137;2A247;"41.59861111111111 , 9.317222222222222";41°35'55''N 9°19'2''E;En service
13873;BOUYGUES TELECOM;461776;UMTS 900;2016-10-26;02A;2A247;3G;2026-03-19T15:15:24;02A2750126;23;"45,2";32;PUNTA DI VARRA;CHEM DU COL DE VERRA;;;20137;2A247;"41.59861111111111 , 9.317222222222222";41°35'55''N 9°19'2''E;En service
15395;BOUYGUES TELECOM;465377;GSM 900;2001-03-29;02A;2A119;2G;2026-03-19T15:15:24;02A2750070;23;48;32;COL DE GRANACE;;;;20157;2A119;"41.88916666666667 , 9.023888888888889";41°53'21''N 9°1'26''E;En service
15396;BOUYGUES TELECOM;465377;LTE 700;2022-06-30;02A;2A119;4G;2026-03-19T15:15:24;02A2750070;23;48;32;COL DE GRANACE;;;;20157;2A119;"41.88916666666667 , 9.023888888888889";41°53'21''N 9°1'26''E;En service
15397;BOUYGUES TELECOM;465377;LTE 800;2021-02-03;02A;2A119;4G;2026-03-19T15:15:24;02A2750070;23;48;32;COL DE GRANACE;;;;20157;2A119;"41.88916666666667 , 9.023888888888889";41°53'21''N 9°1'26''E;En service
15398;BOUYGUES TELECOM;465377;UMTS 900;2017-02-17;02A;2A119;3G;2026-03-19T15:15:24;02A2750070;23;48;32;COL DE GRANACE;;;;20157;2A119;"41.88916666666667 , 9.023888888888889";41°53'21''N 9°1'26''E;En service
15950;BOUYGUES TELECOM;466847;5G NR 2100;;02A;2A197;5G;2026-03-19T15:15:24;02A2750157;23;12;72;Bocca a Croce;Col de la croix;;;20147;2A197;"42.32666666666667 , 8.632777777777779";42°19'36''N 8°37'58''E;Projet approuvé
15951;BOUYGUES TELECOM;466847;GSM 900;2016-05-24;02A;2A197;2G;2026-03-19T15:15:24;02A2750157;23;12;72;Bocca a Croce;Col de la croix;;;20147;2A197;"42.32666666666667 , 8.632777777777779";42°19'36''N 8°37'58''E;En service
15952;BOUYGUES TELECOM;466847;LTE 1800;2018-03-19;02A;2A197;4G;2026-03-19T15:15:24;02A2750157;23;12;72;Bocca a Croce;Col de la croix;;;20147;2A197;"42.32666666666667 , 8.632777777777779";42°19'36''N 8°37'58''E;En service
15953;BOUYGUES TELECOM;466847;LTE 2100;;02A;2A197;4G;2026-03-19T15:15:24;02A2750157;23;12;72;Bocca a Croce;Col de la croix;;;20147;2A197;"42.32666666666667 , 8.632777777777779";42°19'36''N 8°37'58''E;Projet approuvé
15954;BOUYGUES TELECOM;466847;LTE 2600;2019-07-08;02A;2A197;4G;2026-03-19T15:15:24;02A2750157;23;12;72;Bocca a Croce;Col de la croix;;;20147;2A197;"42.32666666666667 , 8.632777777777779";42°19'36''N 8°37'58''E;En service
15955;BOUYGUES TELECOM;466847;LTE 700;;02A;2A197;4G;2026-03-19T15:15:24;02A2750157;23;12;72;Bocca a Croce;Col de la croix;;;20147;2A197;"42.32666666666667 , 8.632777777777779";42°19'36''N 8°37'58''E;Projet approuvé
15956;BOUYGUES TELECOM;466847;LTE 800;2016-05-24;02A;2A197;4G;2026-03-19T15:15:24;02A2750157;23;12;72;Bocca a Croce;Col de la croix;;;20147;2A197;"42.32666666666667 , 8.632777777777779";42°19'36''N 8°37'58''E;En service
15957;BOUYGUES TELECOM;466847;UMTS 900;2016-05-24;02A;2A197;3G;2026-03-19T15:15:24;02A2750157;23;12;72;Bocca a Croce;Col de la croix;;;20147;2A197;"42.32666666666667 , 8.632777777777779";42°19'36''N 8°37'58''E;En service
16544;BOUYGUES TELECOM;468919;GSM 900;2017-01-24;02A;2A041;2G;2026-03-19T15:15:24;02A2750015;38;29;28;La Haute Ville;rue Torriciola;;;20169;2A041;"41.3875 , 9.159166666666668";41°23'15''N 9°9'33''E;En service
16545;BOUYGUES TELECOM;468919;LTE 1800;2013-10-01;02A;2A041;4G;2026-03-19T15:15:24;02A2750015;38;29;28;La Haute Ville;rue Torriciola;;;20169;2A041;"41.3875 , 9.159166666666668";41°23'15''N 9°9'33''E;En service
16546;BOUYGUES TELECOM;468919;LTE 2100;2022-02-16;02A;2A041;4G;2026-03-19T15:15:24;02A2750015;38;29;28;La Haute Ville;rue Torriciola;;;20169;2A041;"41.3875 , 9.159166666666668";41°23'15''N 9°9'33''E;En service
16547;BOUYGUES TELECOM;468919;LTE 2600;2022-02-16;02A;2A041;4G;2026-03-19T15:15:24;02A2750015;38;29;28;La Haute Ville;rue Torriciola;;;20169;2A041;"41.3875 , 9.159166666666668";41°23'15''N 9°9'33''E;En service
16548;BOUYGUES TELECOM;468919;LTE 800;2017-01-24;02A;2A041;4G;2026-03-19T15:15:24;02A2750015;38;29;28;La Haute Ville;rue Torriciola;;;20169;2A041;"41.3875 , 9.159166666666668";41°23'15''N 9°9'33''E;En service
16549;BOUYGUES TELECOM;468919;UMTS 900;2017-01-24;02A;2A041;3G;2026-03-19T15:15:24;02A2750015;38;29;28;La Haute Ville;rue Torriciola;;;20169;2A041;"41.3875 , 9.159166666666668";41°23'15''N 9°9'33''E;En service
16760;BOUYGUES TELECOM;469912;5G NR 2100;2022-07-28;02A;2A004;5G;2026-03-19T15:15:24;02A2750141;38;23;22;;7 r Paul Colonna d'Istria;Hôtel Castel Vecchio;;20000;2A004;"41.93333333333333 , 8.740277777777777";41°56'0''N 8°44'25''E;Techniquement opérationnel
16761;BOUYGUES TELECOM;469912;5G NR 3500;2023-01-12;02A;2A004;5G;2026-03-19T15:15:24;02A2750141;38;23;22;;7 r Paul Colonna d'Istria;Hôtel Castel Vecchio;;20000;2A004;"41.93333333333333 , 8.740277777777777";41°56'0''N 8°44'25''E;Techniquement opérationnel
16762;BOUYGUES TELECOM;469912;GSM 900;2018-05-30;02A;2A004;2G;2026-03-19T15:15:24;02A2750141;38;23;22;;7 r Paul Colonna d'Istria;Hôtel Castel Vecchio;;20000;2A004;"41.93333333333333 , 8.740277777777777";41°56'0''N 8°44'25''E;En service
16763;BOUYGUES TELECOM;469912;LTE 1800;2016-04-25;02A;2A004;4G;2026-03-19T15:15:24;02A2750141;38;23;22;;7 r Paul Colonna d'Istria;Hôtel Castel Vecchio;;20000;2A004;"41.93333333333333 , 8.740277777777777";41°56'0''N 8°44'25''E;En service
16764;BOUYGUES TELECOM;469912;LTE 2100;2021-09-29;02A;2A004;4G;2026-03-19T15:15:24;02A2750141;38;23;22;;7 r Paul Colonna d'Istria;Hôtel Castel Vecchio;;20000;2A004;"41.93333333333333 , 8.740277777777777";41°56'0''N 8°44'25''E;En service
16765;BOUYGUES TELECOM;469912;LTE 2600;2019-12-19;02A;2A004;4G;2026-03-19T15:15:24;02A2750141;38;23;22;;7 r Paul Colonna d'Istria;Hôtel Castel Vecchio;;20000;2A004;"41.93333333333333 , 8.740277777777777";41°56'0''N 8°44'25''E;En service
16766;BOUYGUES TELECOM;469912;LTE 700;;02A;2A004;4G;2026-03-19T15:15:24;02A2750141;38;23;22;;7 r Paul Colonna d'Istria;Hôtel Castel Vecchio;;20000;2A004;"41.93333333333333 , 8.740277777777777";41°56'0''N 8°44'25''E;Projet approuvé
16767;BOUYGUES TELECOM;469912;LTE 800;2016-04-25;02A;2A004;4G;2026-03-19T15:15:24;02A2750141;38;23;22;;7 r Paul Colonna d'Istria;Hôtel Castel Vecchio;;20000;2A004;"41.93333333333333 , 8.740277777777777";41°56'0''N 8°44'25''E;En service
16768;BOUYGUES TELECOM;469912;UMTS 900;2019-05-27;02A;2A004;3G;2026-03-19T15:15:24;02A2750141;38;23;22;;7 r Paul Colonna d'Istria;Hôtel Castel Vecchio;;20000;2A004;"41.93333333333333 , 8.740277777777777";41°56'0''N 8°44'25''E;En service
17478;BOUYGUES TELECOM;471984;5G NR 2100;2022-07-28;02A;2A004;5G;2026-03-19T15:15:24;02A2750023;23;13;65;MONTE SANT ANGELO;Confina;;;20000;2A004;"41.943888888888885 , 8.789444444444444";41°56'38''N 8°47'22''E;Techniquement opérationnel
17479;BOUYGUES TELECOM;471984;5G NR 3500;2023-02-02;02A;2A004;5G;2026-03-19T15:15:24;02A2750023;23;13;65;MONTE SANT ANGELO;Confina;;;20000;2A004;"41.943888888888885 , 8.789444444444444";41°56'38''N 8°47'22''E;Techniquement opérationnel
17480;BOUYGUES TELECOM;471984;GSM 900;1998-12-02;02A;2A004;2G;2026-03-19T15:15:24;02A2750023;23;13;65;MONTE SANT ANGELO;Confina;;;20000;2A004;"41.943888888888885 , 8.789444444444444";41°56'38''N 8°47'22''E;En service
17481;BOUYGUES TELECOM;471984;LTE 1800;2013-10-01;02A;2A004;4G;2026-03-19T15:15:24;02A2750023;23;13;65;MONTE SANT ANGELO;Confina;;;20000;2A004;"41.943888888888885 , 8.789444444444444";41°56'38''N 8°47'22''E;En service
17482;BOUYGUES TELECOM;471984;LTE 2100;2020-05-12;02A;2A004;4G;2026-03-19T15:15:24;02A2750023;23;13;65;MONTE SANT ANGELO;Confina;;;20000;2A004;"41.943888888888885 , 8.789444444444444";41°56'38''N 8°47'22''E;En service
17483;BOUYGUES TELECOM;471984;LTE 2600;2019-06-21;02A;2A004;4G;2026-03-19T15:15:24;02A2750023;23;13;65;MONTE SANT ANGELO;Confina;;;20000;2A004;"41.943888888888885 , 8.789444444444444";41°56'38''N 8°47'22''E;En service
17484;BOUYGUES TELECOM;471984;LTE 700;2023-02-03;02A;2A004;4G;2026-03-19T15:15:24;02A2750023;23;13;65;MONTE SANT ANGELO;Confina;;;20000;2A004;"41.943888888888885 , 8.789444444444444";41°56'38''N 8°47'22''E;En service
17485;BOUYGUES TELECOM;471984;LTE 800;2016-12-21;02A;2A004;4G;2026-03-19T15:15:24;02A2750023;23;13;65;MONTE SANT ANGELO;Confina;;;20000;2A004;"41.943888888888885 , 8.789444444444444";41°56'38''N 8°47'22''E;En service
17486;BOUYGUES TELECOM;471984;UMTS 900;2016-12-21;02A;2A004;3G;2026-03-19T15:15:24;02A2750023;23;13;65;MONTE SANT ANGELO;Confina;;;20000;2A004;"41.943888888888885 , 8.789444444444444";41°56'38''N 8°47'22''E;En service
17613;BOUYGUES TELECOM;472264;LTE 700;2022-10-14;02A;2A266;4G;2026-03-19T15:15:24;02A2750129;23;33;6;Col de Tartavello;D4;;;20121;2A266;"42.073888888888895 , 8.905833333333334";42°4'26''N 8°54'21''E;En service
17614;BOUYGUES TELECOM;472264;LTE 800;2020-02-26;02A;2A266;4G;2026-03-19T15:15:24;02A2750129;23;33;6;Col de Tartavello;D4;;;20121;2A266;"42.073888888888895 , 8.905833333333334";42°4'26''N 8°54'21''E;En service
17615;BOUYGUES TELECOM;472264;UMTS 900;2017-01-31;02A;2A266;3G;2026-03-19T15:15:24;02A2750129;23;33;6;Col de Tartavello;D4;;;20121;2A266;"42.073888888888895 , 8.905833333333334";42°4'26''N 8°54'21''E;En service
21136;BOUYGUES TELECOM;483499;5G NR 2100;;02A;2A065;5G;2026-03-19T15:15:24;02A2750054;23;13;32;Valle Longa;Station TDF de Cargese Longa;Près de la D 81;;20130;2A065;"42.163333333333334 , 8.596111111111112";42°9'48''N 8°35'46''E;Projet approuvé
21137;BOUYGUES TELECOM;483499;GSM 900;2016-05-24;02A;2A065;2G;2026-03-19T15:15:24;02A2750054;23;13;32;Valle Longa;Station TDF de Cargese Longa;Près de la D 81;;20130;2A065;"42.163333333333334 , 8.596111111111112";42°9'48''N 8°35'46''E;En service
21138;BOUYGUES TELECOM;483499;LTE 1800;2016-05-24;02A;2A065;4G;2026-03-19T15:15:24;02A2750054;23;13;32;Valle Longa;Station TDF de Cargese Longa;Près de la D 81;;20130;2A065;"42.163333333333334 , 8.596111111111112";42°9'48''N 8°35'46''E;En service
21139;BOUYGUES TELECOM;483499;LTE 2100;2024-02-28;02A;2A065;4G;2026-03-19T15:15:24;02A2750054;23;13;32;Valle Longa;Station TDF de Cargese Longa;Près de la D 81;;20130;2A065;"42.163333333333334 , 8.596111111111112";42°9'48''N 8°35'46''E;En service
21140;BOUYGUES TELECOM;483499;LTE 2600;2018-10-08;02A;2A065;4G;2026-03-19T15:15:24;02A2750054;23;13;32;Valle Longa;Station TDF de Cargese Longa;Près de la D 81;;20130;2A065;"42.163333333333334 , 8.596111111111112";42°9'48''N 8°35'46''E;En service
21141;BOUYGUES TELECOM;483499;LTE 700;2024-02-28;02A;2A065;4G;2026-03-19T15:15:24;02A2750054;23;13;32;Valle Longa;Station TDF de Cargese Longa;Près de la D 81;;20130;2A065;"42.163333333333334 , 8.596111111111112";42°9'48''N 8°35'46''E;En service
21142;BOUYGUES TELECOM;483499;LTE 800;2016-05-24;02A;2A065;4G;2026-03-19T15:15:24;02A2750054;23;13;32;Valle Longa;Station TDF de Cargese Longa;Près de la D 81;;20130;2A065;"42.163333333333334 , 8.596111111111112";42°9'48''N 8°35'46''E;En service
21143;BOUYGUES TELECOM;483499;UMTS 900;2016-05-24;02A;2A065;3G;2026-03-19T15:15:24;02A2750054;23;13;32;Valle Longa;Station TDF de Cargese Longa;Près de la D 81;;20130;2A065;"42.163333333333334 , 8.596111111111112";42°9'48''N 8°35'46''E;En service
21378;BOUYGUES TELECOM;484247;LTE 700;2022-10-17;02A;2A089;4G;2026-03-19T15:15:24;02A2750120;23;36;32;Piannello;;;;20134;2A089;"41.95194444444445 , 9.151111111111112";41°57'7''N 9°9'4''E;En service
21379;BOUYGUES TELECOM;484247;LTE 800;2020-12-14;02A;2A089;4G;2026-03-19T15:15:24;02A2750120;23;36;32;Piannello;;;;20134;2A089;"41.95194444444445 , 9.151111111111112";41°57'7''N 9°9'4''E;En service
21380;BOUYGUES TELECOM;484247;UMTS 900;2017-03-24;02A;2A089;3G;2026-03-19T15:15:24;02A2750120;23;36;32;Piannello;;;;20134;2A089;"41.95194444444445 , 9.151111111111112";41°57'7''N 9°9'4''E;En service
25805;BOUYGUES TELECOM;503583;5G NR 2100;2022-07-28;02A;2A004;5G;2026-03-19T15:15:24;02A2750011;38;52;9;;AV MARECHAL MONCEY;Résidence Les Palmiers;;20000;2A004;"41.93 , 8.73361111111111";41°55'48''N 8°44'1''E;Techniquement opérationnel
25806;BOUYGUES TELECOM;503583;5G NR 3500;2023-03-08;02A;2A004;5G;2026-03-19T15:15:24;02A2750011;38;52;9;;AV MARECHAL MONCEY;Résidence Les Palmiers;;20000;2A004;"41.93 , 8.73361111111111";41°55'48''N 8°44'1''E;Techniquement opérationnel
25807;BOUYGUES TELECOM;503583;GSM 900;1998-07-01;02A;2A004;2G;2026-03-19T15:15:24;02A2750011;38;52;9;;AV MARECHAL MONCEY;Résidence Les Palmiers;;20000;2A004;"41.93 , 8.73361111111111";41°55'48''N 8°44'1''E;En service
25808;BOUYGUES TELECOM;503583;LTE 1800;2013-10-01;02A;2A004;4G;2026-03-19T15:15:24;02A2750011;38;52;9;;AV MARECHAL MONCEY;Résidence Les Palmiers;;20000;2A004;"41.93 , 8.73361111111111";41°55'48''N 8°44'1''E;En service
25809;BOUYGUES TELECOM;503583;LTE 2100;2022-02-16;02A;2A004;4G;2026-03-19T15:15:24;02A2750011;38;52;9;;AV MARECHAL MONCEY;Résidence Les Palmiers;;20000;2A004;"41.93 , 8.73361111111111";41°55'48''N 8°44'1''E;En service
25810;BOUYGUES TELECOM;503583;LTE 2600;2021-11-29;02A;2A004;4G;2026-03-19T15:15:24;02A2750011;38;52;9;;AV MARECHAL MONCEY;Résidence Les Palmiers;;20000;2A004;"41.93 , 8.73361111111111";41°55'48''N 8°44'1''E;En service
25811;BOUYGUES TELECOM;503583;LTE 700;2023-03-08;02A;2A004;4G;2026-03-19T15:15:24;02A2750011;38;52;9;;AV MARECHAL MONCEY;Résidence Les Palmiers;;20000;2A004;"41.93 , 8.73361111111111";41°55'48''N 8°44'1''E;En service
25812;BOUYGUES TELECOM;503583;LTE 800;2016-05-30;02A;2A004;4G;2026-03-19T15:15:24;02A2750011;38;52;9;;AV MARECHAL MONCEY;Résidence Les Palmiers;;20000;2A004;"41.93 , 8.73361111111111";41°55'48''N 8°44'1''E;En service
25813;BOUYGUES TELECOM;503583;UMTS 900;2009-11-20;02A;2A004;3G;2026-03-19T15:15:24;02A2750011;38;52;9;;AV MARECHAL MONCEY;Résidence Les Palmiers;;20000;2A004;"41.93 , 8.73361111111111";41°55'48''N 8°44'1''E;En service
25814;BOUYGUES TELECOM;503598;5G NR 2100;2024-01-31;02A;2A004;5G;2026-03-19T15:15:24;02A2750110;17;"22,3";9;;RTE DES SANGUINAIRES;RES SANTA LINA;;20000;2A004;"41.91 , 8.682777777777778";41°54'36''N 8°40'58''E;Techniquement opérationnel
25815;BOUYGUES TELECOM;503598;5G NR 3500;2024-01-31;02A;2A004;5G;2026-03-19T15:15:24;02A2750110;17;"22,3";9;;RTE DES SANGUINAIRES;RES SANTA LINA;;20000;2A004;"41.91 , 8.682777777777778";41°54'36''N 8°40'58''E;Techniquement opérationnel
25816;BOUYGUES TELECOM;503598;GSM 900;2006-10-20;02A;2A004;2G;2026-03-19T15:15:24;02A2750110;17;"22,3";9;;RTE DES SANGUINAIRES;RES SANTA LINA;;20000;2A004;"41.91 , 8.682777777777778";41°54'36''N 8°40'58''E;En service
25817;BOUYGUES TELECOM;503598;LTE 1800;2016-09-21;02A;2A004;4G;2026-03-19T15:15:24;02A2750110;17;"22,3";9;;RTE DES SANGUINAIRES;RES SANTA LINA;;20000;2A004;"41.91 , 8.682777777777778";41°54'36''N 8°40'58''E;En service
25818;BOUYGUES TELECOM;503598;LTE 2100;2022-12-28;02A;2A004;4G;2026-03-19T15:15:24;02A2750110;17;"22,3";9;;RTE DES SANGUINAIRES;RES SANTA LINA;;20000;2A004;"41.91 , 8.682777777777778";41°54'36''N 8°40'58''E;En service
25819;BOUYGUES TELECOM;503598;LTE 2600;2022-12-28;02A;2A004;4G;2026-03-19T15:15:24;02A2750110;17;"22,3";9;;RTE DES SANGUINAIRES;RES SANTA LINA;;20000;2A004;"41.91 , 8.682777777777778";41°54'36''N 8°40'58''E;En service
25820;BOUYGUES TELECOM;503598;LTE 700;2024-01-31;02A;2A004;4G;2026-03-19T15:15:24;02A2750110;17;"22,3";9;;RTE DES SANGUINAIRES;RES SANTA LINA;;20000;2A004;"41.91 , 8.682777777777778";41°54'36''N 8°40'58''E;En service
25821;BOUYGUES TELECOM;503598;LTE 800;2016-09-21;02A;2A004;4G;2026-03-19T15:15:24;02A2750110;17;"22,3";9;;RTE DES SANGUINAIRES;RES SANTA LINA;;20000;2A004;"41.91 , 8.682777777777778";41°54'36''N 8°40'58''E;En service
25822;BOUYGUES TELECOM;503598;UMTS 900;2016-09-21;02A;2A004;3G;2026-03-19T15:15:24;02A2750110;17;"22,3";9;;RTE DES SANGUINAIRES;RES SANTA LINA;;20000;2A004;"41.91 , 8.682777777777778";41°54'36''N 8°40'58''E;En service
26184;BOUYGUES TELECOM;505501;5G NR 2100;2022-07-28;02A;2A092;5G;2026-03-19T15:15:24;02A2750046;23;"33,4";32;Punta Di Calcina;RD 158;;;20135;2A092;"41.72 , 9.352222222222222";41°43'12''N 9°21'8''E;Techniquement opérationnel
26185;BOUYGUES TELECOM;505501;5G NR 3500;2023-08-02;02A;2A092;5G;2026-03-19T15:15:24;02A2750046;23;"33,4";32;Punta Di Calcina;RD 158;;;20135;2A092;"41.72 , 9.352222222222222";41°43'12''N 9°21'8''E;Techniquement opérationnel
26186;BOUYGUES TELECOM;505501;GSM 900;2016-10-31;02A;2A092;2G;2026-03-19T15:15:24;02A2750046;23;"33,4";32;Punta Di Calcina;RD 158;;;20135;2A092;"41.72 , 9.352222222222222";41°43'12''N 9°21'8''E;En service
26187;BOUYGUES TELECOM;505501;LTE 1800;2016-10-31;02A;2A092;4G;2026-03-19T15:15:24;02A2750046;23;"33,4";32;Punta Di Calcina;RD 158;;;20135;2A092;"41.72 , 9.352222222222222";41°43'12''N 9°21'8''E;En service
26188;BOUYGUES TELECOM;505501;LTE 2100;2019-10-21;02A;2A092;4G;2026-03-19T15:15:24;02A2750046;23;"33,4";32;Punta Di Calcina;RD 158;;;20135;2A092;"41.72 , 9.352222222222222";41°43'12''N 9°21'8''E;En service
26189;BOUYGUES TELECOM;505501;LTE 2600;2018-10-26;02A;2A092;4G;2026-03-19T15:15:24;02A2750046;23;"33,4";32;Punta Di Calcina;RD 158;;;20135;2A092;"41.72 , 9.352222222222222";41°43'12''N 9°21'8''E;En service
26190;BOUYGUES TELECOM;505501;LTE 700;2023-08-02;02A;2A092;4G;2026-03-19T15:15:24;02A2750046;23;"33,4";32;Punta Di Calcina;RD 158;;;20135;2A092;"41.72 , 9.352222222222222";41°43'12''N 9°21'8''E;En service
26191;BOUYGUES TELECOM;505501;LTE 800;2016-10-31;02A;2A092;4G;2026-03-19T15:15:24;02A2750046;23;"33,4";32;Punta Di Calcina;RD 158;;;20135;2A092;"41.72 , 9.352222222222222";41°43'12''N 9°21'8''E;En service
26192;BOUYGUES TELECOM;505501;UMTS 900;2016-10-31;02A;2A092;3G;2026-03-19T15:15:24;02A2750046;23;"33,4";32;Punta Di Calcina;RD 158;;;20135;2A092;"41.72 , 9.352222222222222";41°43'12''N 9°21'8''E;En service
26838;BOUYGUES TELECOM;508088;5G NR 2100;;02A;2A269;5G;2026-03-19T15:15:24;02A2750040;23;21;68;PORT DE PLAISANCE;RN 196;;;20145;2A269;"41.85666666666667 , 9.40388888888889";41°51'24''N 9°24'14''E;Projet approuvé
26839;BOUYGUES TELECOM;508088;5G NR 3500;;02A;2A269;5G;2026-03-19T15:15:24;02A2750040;23;21;68;PORT DE PLAISANCE;RN 196;;;20145;2A269;"41.85666666666667 , 9.40388888888889";41°51'24''N 9°24'14''E;Projet approuvé
26840;BOUYGUES TELECOM;508088;GSM 900;2016-07-28;02A;2A269;2G;2026-03-19T15:15:24;02A2750040;23;21;68;PORT DE PLAISANCE;RN 196;;;20145;2A269;"41.85666666666667 , 9.40388888888889";41°51'24''N 9°24'14''E;En service
26841;BOUYGUES TELECOM;508088;LTE 1800;2016-07-28;02A;2A269;4G;2026-03-19T15:15:24;02A2750040;23;21;68;PORT DE PLAISANCE;RN 196;;;20145;2A269;"41.85666666666667 , 9.40388888888889";41°51'24''N 9°24'14''E;En service
26842;BOUYGUES TELECOM;508088;LTE 2100;;02A;2A269;4G;2026-03-19T15:15:24;02A2750040;23;21;68;PORT DE PLAISANCE;RN 196;;;20145;2A269;"41.85666666666667 , 9.40388888888889";41°51'24''N 9°24'14''E;Projet approuvé
26843;BOUYGUES TELECOM;508088;LTE 2600;;02A;2A269;4G;2026-03-19T15:15:24;02A2750040;23;21;68;PORT DE PLAISANCE;RN 196;;;20145;2A269;"41.85666666666667 , 9.40388888888889";41°51'24''N 9°24'14''E;Projet approuvé
26844;BOUYGUES TELECOM;508088;LTE 700;;02A;2A269;4G;2026-03-19T15:15:24;02A2750040;23;21;68;PORT DE PLAISANCE;RN 196;;;20145;2A269;"41.85666666666667 , 9.40388888888889";41°51'24''N 9°24'14''E;Projet approuvé
26845;BOUYGUES TELECOM;508088;LTE 800;2016-07-28;02A;2A269;4G;2026-03-19T15:15:24;02A2750040;23;21;68;PORT DE PLAISANCE;RN 196;;;20145;2A269;"41.85666666666667 , 9.40388888888889";41°51'24''N 9°24'14''E;En service
26846;BOUYGUES TELECOM;508088;UMTS 900;2016-07-28;02A;2A269;3G;2026-03-19T15:15:24;02A2750040;23;21;68;PORT DE PLAISANCE;RN 196;;;20145;2A269;"41.85666666666667 , 9.40388888888889";41°51'24''N 9°24'14''E;En service
27380;BOUYGUES TELECOM;509442;5G NR 2100;2022-09-15;02A;2A071;5G;2026-03-19T15:15:24;02A2750057;23;31;32;Punta contra maggiore;Pylone TDF PILA CANALE;;;20140;2A071;"41.76222222222222 , 8.923888888888888";41°45'44''N 8°55'26''E;Techniquement opérationnel
27381;BOUYGUES TELECOM;509442;5G NR 3500;2022-11-03;02A;2A071;5G;2026-03-19T15:15:24;02A2750057;23;31;32;Punta contra maggiore;Pylone TDF PILA CANALE;;;20140;2A071;"41.76222222222222 , 8.923888888888888";41°45'44''N 8°55'26''E;Techniquement opérationnel
27382;BOUYGUES TELECOM;509442;GSM 900;2001-02-26;02A;2A071;2G;2026-03-19T15:15:24;02A2750057;23;31;32;Punta contra maggiore;Pylone TDF PILA CANALE;;;20140;2A071;"41.76222222222222 , 8.923888888888888";41°45'44''N 8°55'26''E;En service
27383;BOUYGUES TELECOM;509442;LTE 1800;2019-10-21;02A;2A071;4G;2026-03-19T15:15:24;02A2750057;23;31;32;Punta contra maggiore;Pylone TDF PILA CANALE;;;20140;2A071;"41.76222222222222 , 8.923888888888888";41°45'44''N 8°55'26''E;En service
27384;BOUYGUES TELECOM;509442;LTE 2100;2022-09-15;02A;2A071;4G;2026-03-19T15:15:24;02A2750057;23;31;32;Punta contra maggiore;Pylone TDF PILA CANALE;;;20140;2A071;"41.76222222222222 , 8.923888888888888";41°45'44''N 8°55'26''E;En service
27385;BOUYGUES TELECOM;509442;LTE 2600;2016-12-20;02A;2A071;4G;2026-03-19T15:15:24;02A2750057;23;31;32;Punta contra maggiore;Pylone TDF PILA CANALE;;;20140;2A071;"41.76222222222222 , 8.923888888888888";41°45'44''N 8°55'26''E;En service
27386;BOUYGUES TELECOM;509442;LTE 700;2022-09-15;02A;2A071;4G;2026-03-19T15:15:24;02A2750057;23;31;32;Punta contra maggiore;Pylone TDF PILA CANALE;;;20140;2A071;"41.76222222222222 , 8.923888888888888";41°45'44''N 8°55'26''E;En service
27387;BOUYGUES TELECOM;509442;LTE 800;2016-12-20;02A;2A071;4G;2026-03-19T15:15:24;02A2750057;23;31;32;Punta contra maggiore;Pylone TDF PILA CANALE;;;20140;2A071;"41.76222222222222 , 8.923888888888888";41°45'44''N 8°55'26''E;En service
27388;BOUYGUES TELECOM;509442;UMTS 900;2016-12-20;02A;2A071;3G;2026-03-19T15:15:24;02A2750057;23;31;32;Punta contra maggiore;Pylone TDF PILA CANALE;;;20140;2A071;"41.76222222222222 , 8.923888888888888";41°45'44''N 8°55'26''E;En service
27590;BOUYGUES TELECOM;510095;5G NR 2100;2023-10-19;02A;2A212;5G;2026-03-19T15:15:24;02A2750052;23;43;32;MONTE SAN GHIABICU;PYLONE TDF;;;20115;2A212;"42.238055555555555 , 8.621111111111112";42°14'17''N 8°37'16''E;Techniquement opérationnel
27591;BOUYGUES TELECOM;510095;5G NR 3500;2023-10-06;02A;2A212;5G;2026-03-19T15:15:24;02A2750052;23;43;32;MONTE SAN GHIABICU;PYLONE TDF;;;20115;2A212;"42.238055555555555 , 8.621111111111112";42°14'17''N 8°37'16''E;Techniquement opérationnel
27592;BOUYGUES TELECOM;510095;GSM 900;2016-05-24;02A;2A212;2G;2026-03-19T15:15:24;02A2750052;23;43;32;MONTE SAN GHIABICU;PYLONE TDF;;;20115;2A212;"42.238055555555555 , 8.621111111111112";42°14'17''N 8°37'16''E;En service
27593;BOUYGUES TELECOM;510095;LTE 1800;2018-03-19;02A;2A212;4G;2026-03-19T15:15:24;02A2750052;23;43;32;MONTE SAN GHIABICU;PYLONE TDF;;;20115;2A212;"42.238055555555555 , 8.621111111111112";42°14'17''N 8°37'16''E;En service
27594;BOUYGUES TELECOM;510095;LTE 2100;2023-10-19;02A;2A212;4G;2026-03-19T15:15:24;02A2750052;23;43;32;MONTE SAN GHIABICU;PYLONE TDF;;;20115;2A212;"42.238055555555555 , 8.621111111111112";42°14'17''N 8°37'16''E;En service
27595;BOUYGUES TELECOM;510095;LTE 2600;2019-06-21;02A;2A212;4G;2026-03-19T15:15:24;02A2750052;23;43;32;MONTE SAN GHIABICU;PYLONE TDF;;;20115;2A212;"42.238055555555555 , 8.621111111111112";42°14'17''N 8°37'16''E;En service
27596;BOUYGUES TELECOM;510095;LTE 700;2023-10-19;02A;2A212;4G;2026-03-19T15:15:24;02A2750052;23;43;32;MONTE SAN GHIABICU;PYLONE TDF;;;20115;2A212;"42.238055555555555 , 8.621111111111112";42°14'17''N 8°37'16''E;En service
27597;BOUYGUES TELECOM;510095;LTE 800;2016-05-24;02A;2A212;4G;2026-03-19T15:15:24;02A2750052;23;43;32;MONTE SAN GHIABICU;PYLONE TDF;;;20115;2A212;"42.238055555555555 , 8.621111111111112";42°14'17''N 8°37'16''E;En service
27598;BOUYGUES TELECOM;510095;UMTS 900;2016-05-24;02A;2A212;3G;2026-03-19T15:15:24;02A2750052;23;43;32;MONTE SAN GHIABICU;PYLONE TDF;;;20115;2A212;"42.238055555555555 , 8.621111111111112";42°14'17''N 8°37'16''E;En service
27736;BOUYGUES TELECOM;510317;5G NR 2100;2023-11-27;02A;2A247;5G;2026-03-19T15:15:24;02A2750089;23;"26,5";74;Poretta;96 r de Bastia;;;20137;2A247;"41.609722222222224 , 9.280833333333334";41°36'35''N 9°16'51''E;Techniquement opérationnel
27737;BOUYGUES TELECOM;510317;5G NR 3500;2023-11-27;02A;2A247;5G;2026-03-19T15:15:24;02A2750089;23;"26,5";74;Poretta;96 r de Bastia;;;20137;2A247;"41.609722222222224 , 9.280833333333334";41°36'35''N 9°16'51''E;Techniquement opérationnel
27738;BOUYGUES TELECOM;510317;GSM 900;2004-01-20;02A;2A247;2G;2026-03-19T15:15:24;02A2750089;23;"26,5";74;Poretta;96 r de Bastia;;;20137;2A247;"41.609722222222224 , 9.280833333333334";41°36'35''N 9°16'51''E;En service
27739;BOUYGUES TELECOM;510317;LTE 1800;2018-06-26;02A;2A247;4G;2026-03-19T15:15:24;02A2750089;23;"26,5";74;Poretta;96 r de Bastia;;;20137;2A247;"41.609722222222224 , 9.280833333333334";41°36'35''N 9°16'51''E;En service
27740;BOUYGUES TELECOM;510317;LTE 2100;2021-06-30;02A;2A247;4G;2026-03-19T15:15:24;02A2750089;23;"26,5";74;Poretta;96 r de Bastia;;;20137;2A247;"41.609722222222224 , 9.280833333333334";41°36'35''N 9°16'51''E;En service
27741;BOUYGUES TELECOM;510317;LTE 2600;2021-06-30;02A;2A247;4G;2026-03-19T15:15:24;02A2750089;23;"26,5";74;Poretta;96 r de Bastia;;;20137;2A247;"41.609722222222224 , 9.280833333333334";41°36'35''N 9°16'51''E;En service
27742;BOUYGUES TELECOM;510317;LTE 700;2023-11-27;02A;2A247;4G;2026-03-19T15:15:24;02A2750089;23;"26,5";74;Poretta;96 r de Bastia;;;20137;2A247;"41.609722222222224 , 9.280833333333334";41°36'35''N 9°16'51''E;En service
27743;BOUYGUES TELECOM;510317;LTE 800;2018-06-26;02A;2A247;4G;2026-03-19T15:15:24;02A2750089;23;"26,5";74;Poretta;96 r de Bastia;;;20137;2A247;"41.609722222222224 , 9.280833333333334";41°36'35''N 9°16'51''E;En service
27744;BOUYGUES TELECOM;510317;UMTS 900;2018-06-26;02A;2A247;3G;2026-03-19T15:15:24;02A2750089;23;"26,5";74;Poretta;96 r de Bastia;;;20137;2A247;"41.609722222222224 , 9.280833333333334";41°36'35''N 9°16'51''E;En service
27875;BOUYGUES TELECOM;510724;LTE 700;2023-08-24;02A;2A262;4G;2026-03-19T15:15:24;02A2750128;23;15;6;;Ch de Mona;;;20121;2A262;"42.126111111111115 , 8.865833333333333";42°7'34''N 8°51'57''E;En service
27876;BOUYGUES TELECOM;510724;LTE 800;2020-02-26;02A;2A262;4G;2026-03-19T15:15:24;02A2750128;23;15;6;;Ch de Mona;;;20121;2A262;"42.126111111111115 , 8.865833333333333";42°7'34''N 8°51'57''E;En service
27877;BOUYGUES TELECOM;510724;UMTS 900;2017-02-28;02A;2A262;3G;2026-03-19T15:15:24;02A2750128;23;15;6;;Ch de Mona;;;20121;2A262;"42.126111111111115 , 8.865833333333333";42°7'34''N 8°51'57''E;En service
30753;BOUYGUES TELECOM;519837;5G NR 2100;2022-07-22;02A;2A362;5G;2026-03-19T15:15:24;02A2750194;23;20;74;Valdo;;;;20124;2A362;"41.749722222222225 , 9.17361111111111";41°44'59''N 9°10'25''E;Techniquement opérationnel
30754;BOUYGUES TELECOM;519837;GSM 900;2017-11-15;02A;2A362;2G;2026-03-19T15:15:24;02A2750194;23;20;74;Valdo;;;;20124;2A362;"41.749722222222225 , 9.17361111111111";41°44'59''N 9°10'25''E;En service
30755;BOUYGUES TELECOM;519837;LTE 1800;2022-07-22;02A;2A362;4G;2026-03-19T15:15:24;02A2750194;23;20;74;Valdo;;;;20124;2A362;"41.749722222222225 , 9.17361111111111";41°44'59''N 9°10'25''E;En service
30756;BOUYGUES TELECOM;519837;LTE 2100;2022-07-22;02A;2A362;4G;2026-03-19T15:15:24;02A2750194;23;20;74;Valdo;;;;20124;2A362;"41.749722222222225 , 9.17361111111111";41°44'59''N 9°10'25''E;En service
30757;BOUYGUES TELECOM;519837;LTE 800;2017-11-15;02A;2A362;4G;2026-03-19T15:15:24;02A2750194;23;20;74;Valdo;;;;20124;2A362;"41.749722222222225 , 9.17361111111111";41°44'59''N 9°10'25''E;En service
30758;BOUYGUES TELECOM;519837;UMTS 900;2017-11-15;02A;2A362;3G;2026-03-19T15:15:24;02A2750194;23;20;74;Valdo;;;;20124;2A362;"41.749722222222225 , 9.17361111111111";41°44'59''N 9°10'25''E;En service
31461;BOUYGUES TELECOM;522275;5G NR 2100;;02A;2A004;5G;2026-03-19T15:15:24;02A2750188;26;12;74;Vignola;Rte du Centre Scientifique;2 rte des Sanguinaires;;20000;2A004;"41.910555555555554 , 8.653055555555556";41°54'38''N 8°39'11''E;Projet approuvé
31462;BOUYGUES TELECOM;522275;5G NR 3500;;02A;2A004;5G;2026-03-19T15:15:24;02A2750188;26;12;74;Vignola;Rte du Centre Scientifique;2 rte des Sanguinaires;;20000;2A004;"41.910555555555554 , 8.653055555555556";41°54'38''N 8°39'11''E;Projet approuvé
31463;BOUYGUES TELECOM;522275;GSM 900;2017-11-15;02A;2A004;2G;2026-03-19T15:15:24;02A2750188;26;12;74;Vignola;Rte du Centre Scientifique;2 rte des Sanguinaires;;20000;2A004;"41.910555555555554 , 8.653055555555556";41°54'38''N 8°39'11''E;En service
31464;BOUYGUES TELECOM;522275;LTE 1800;2017-11-15;02A;2A004;4G;2026-03-19T15:15:24;02A2750188;26;12;74;Vignola;Rte du Centre Scientifique;2 rte des Sanguinaires;;20000;2A004;"41.910555555555554 , 8.653055555555556";41°54'38''N 8°39'11''E;En service
31465;BOUYGUES TELECOM;522275;LTE 2100;2021-02-01;02A;2A004;4G;2026-03-19T15:15:24;02A2750188;26;12;74;Vignola;Rte du Centre Scientifique;2 rte des Sanguinaires;;20000;2A004;"41.910555555555554 , 8.653055555555556";41°54'38''N 8°39'11''E;En service
31466;BOUYGUES TELECOM;522275;LTE 2600;2021-02-01;02A;2A004;4G;2026-03-19T15:15:24;02A2750188;26;12;74;Vignola;Rte du Centre Scientifique;2 rte des Sanguinaires;;20000;2A004;"41.910555555555554 , 8.653055555555556";41°54'38''N 8°39'11''E;En service
31467;BOUYGUES TELECOM;522275;LTE 700;;02A;2A004;4G;2026-03-19T15:15:24;02A2750188;26;12;74;Vignola;Rte du Centre Scientifique;2 rte des Sanguinaires;;20000;2A004;"41.910555555555554 , 8.653055555555556";41°54'38''N 8°39'11''E;Projet approuvé
31468;BOUYGUES TELECOM;522275;LTE 800;2017-11-15;02A;2A004;4G;2026-03-19T15:15:24;02A2750188;26;12;74;Vignola;Rte du Centre Scientifique;2 rte des Sanguinaires;;20000;2A004;"41.910555555555554 , 8.653055555555556";41°54'38''N 8°39'11''E;En service
31469;BOUYGUES TELECOM;522275;UMTS 900;2017-11-15;02A;2A004;3G;2026-03-19T15:15:24;02A2750188;26;12;74;Vignola;Rte du Centre Scientifique;2 rte des Sanguinaires;;20000;2A004;"41.910555555555554 , 8.653055555555556";41°54'38''N 8°39'11''E;En service
32229;BOUYGUES TELECOM;525646;GSM 900;2016-10-14;02A;2A085;2G;2026-03-19T15:15:24;02A2750190;23;21;72;Fiuminale;Coletta;;;20117;2A085;"41.91583333333333 , 8.916111111111112";41°54'57''N 8°54'58''E;En service
32230;BOUYGUES TELECOM;525646;LTE 1800;2019-01-11;02A;2A085;4G;2026-03-19T15:15:24;02A2750190;23;21;72;Fiuminale;Coletta;;;20117;2A085;"41.91583333333333 , 8.916111111111112";41°54'57''N 8°54'58''E;En service
32231;BOUYGUES TELECOM;525646;LTE 800;2016-10-14;02A;2A085;4G;2026-03-19T15:15:24;02A2750190;23;21;72;Fiuminale;Coletta;;;20117;2A085;"41.91583333333333 , 8.916111111111112";41°54'57''N 8°54'58''E;En service
32232;BOUYGUES TELECOM;525646;UMTS 900;2016-10-14;02A;2A085;3G;2026-03-19T15:15:24;02A2750190;23;21;72;Fiuminale;Coletta;;;20117;2A085;"41.91583333333333 , 8.916111111111112";41°54'57''N 8°54'58''E;En service
32751;BOUYGUES TELECOM;527318;5G NR 2100;;02A;2A092;5G;2026-03-19T15:15:24;02A2750130;23;52;74;PUNTA DI TELICA;rd 168;;;20135;2A092;"41.73833333333334 , 9.3875";41°44'18''N 9°23'15''E;Projet approuvé
32752;BOUYGUES TELECOM;527318;GSM 900;2018-12-19;02A;2A092;2G;2026-03-19T15:15:24;02A2750130;23;52;74;PUNTA DI TELICA;rd 168;;;20135;2A092;"41.73833333333334 , 9.3875";41°44'18''N 9°23'15''E;En service
32753;BOUYGUES TELECOM;527318;LTE 1800;2018-12-07;02A;2A092;4G;2026-03-19T15:15:24;02A2750130;23;52;74;PUNTA DI TELICA;rd 168;;;20135;2A092;"41.73833333333334 , 9.3875";41°44'18''N 9°23'15''E;En service
32754;BOUYGUES TELECOM;527318;LTE 2100;2025-06-27;02A;2A092;4G;2026-03-19T15:15:24;02A2750130;23;52;74;PUNTA DI TELICA;rd 168;;;20135;2A092;"41.73833333333334 , 9.3875";41°44'18''N 9°23'15''E;En service
32755;BOUYGUES TELECOM;527318;LTE 2600;2024-01-31;02A;2A092;4G;2026-03-19T15:15:24;02A2750130;23;52;74;PUNTA DI TELICA;rd 168;;;20135;2A092;"41.73833333333334 , 9.3875";41°44'18''N 9°23'15''E;En service
32756;BOUYGUES TELECOM;527318;LTE 700;;02A;2A092;4G;2026-03-19T15:15:24;02A2750130;23;52;74;PUNTA DI TELICA;rd 168;;;20135;2A092;"41.73833333333334 , 9.3875";41°44'18''N 9°23'15''E;Projet approuvé
32757;BOUYGUES TELECOM;527318;LTE 800;2018-12-19;02A;2A092;4G;2026-03-19T15:15:24;02A2750130;23;52;74;PUNTA DI TELICA;rd 168;;;20135;2A092;"41.73833333333334 , 9.3875";41°44'18''N 9°23'15''E;En service
32758;BOUYGUES TELECOM;527318;UMTS 900;2018-12-19;02A;2A092;3G;2026-03-19T15:15:24;02A2750130;23;52;74;PUNTA DI TELICA;rd 168;;;20135;2A092;"41.73833333333334 , 9.3875";41°44'18''N 9°23'15''E;En service
32933;BOUYGUES TELECOM;527817;5G NR 2100;2022-07-22;02A;2A272;5G;2026-03-19T15:15:24;02A2750063;23;50;32;Punta Di Valanincu;Station TDF de Figari;Serraggia;;20100;2A272;"41.51222222222222 , 8.976666666666667";41°30'44''N 8°58'36''E;Techniquement opérationnel
32934;BOUYGUES TELECOM;527817;5G NR 3500;2022-07-22;02A;2A272;5G;2026-03-19T15:15:24;02A2750063;23;50;32;Punta Di Valanincu;Station TDF de Figari;Serraggia;;20100;2A272;"41.51222222222222 , 8.976666666666667";41°30'44''N 8°58'36''E;Techniquement opérationnel
32935;BOUYGUES TELECOM;527817;GSM 900;2000-12-18;02A;2A272;2G;2026-03-19T15:15:24;02A2750063;23;50;32;Punta Di Valanincu;Station TDF de Figari;Serraggia;;20100;2A272;"41.51222222222222 , 8.976666666666667";41°30'44''N 8°58'36''E;En service
32936;BOUYGUES TELECOM;527817;LTE 1800;2016-10-31;02A;2A272;4G;2026-03-19T15:15:24;02A2750063;23;50;32;Punta Di Valanincu;Station TDF de Figari;Serraggia;;20100;2A272;"41.51222222222222 , 8.976666666666667";41°30'44''N 8°58'36''E;En service
32937;BOUYGUES TELECOM;527817;LTE 2100;2020-08-25;02A;2A272;4G;2026-03-19T15:15:24;02A2750063;23;50;32;Punta Di Valanincu;Station TDF de Figari;Serraggia;;20100;2A272;"41.51222222222222 , 8.976666666666667";41°30'44''N 8°58'36''E;En service
32938;BOUYGUES TELECOM;527817;LTE 2600;2018-10-08;02A;2A272;4G;2026-03-19T15:15:24;02A2750063;23;50;32;Punta Di Valanincu;Station TDF de Figari;Serraggia;;20100;2A272;"41.51222222222222 , 8.976666666666667";41°30'44''N 8°58'36''E;En service
32939;BOUYGUES TELECOM;527817;LTE 700;2022-07-22;02A;2A272;4G;2026-03-19T15:15:24;02A2750063;23;50;32;Punta Di Valanincu;Station TDF de Figari;Serraggia;;20100;2A272;"41.51222222222222 , 8.976666666666667";41°30'44''N 8°58'36''E;En service
32940;BOUYGUES TELECOM;527817;LTE 800;2016-10-31;02A;2A272;4G;2026-03-19T15:15:24;02A2750063;23;50;32;Punta Di Valanincu;Station TDF de Figari;Serraggia;;20100;2A272;"41.51222222222222 , 8.976666666666667";41°30'44''N 8°58'36''E;En service
32941;BOUYGUES TELECOM;527817;UMTS 900;2016-10-31;02A;2A272;3G;2026-03-19T15:15:24;02A2750063;23;50;32;Punta Di Valanincu;Station TDF de Figari;Serraggia;;20100;2A272;"41.51222222222222 , 8.976666666666667";41°30'44''N 8°58'36''E;En service
32942;BOUYGUES TELECOM;527824;5G NR 2100;2023-05-24;02A;2A065;5G;2026-03-19T15:15:24;02A2750053;23;31;32;PUNTIGLIONE;LOT OUEST;;;20130;2A065;"42.13388888888889 , 8.590833333333334";42°8'2''N 8°35'27''E;Techniquement opérationnel
32943;BOUYGUES TELECOM;527824;5G NR 3500;2023-05-24;02A;2A065;5G;2026-03-19T15:15:24;02A2750053;23;31;32;PUNTIGLIONE;LOT OUEST;;;20130;2A065;"42.13388888888889 , 8.590833333333334";42°8'2''N 8°35'27''E;Techniquement opérationnel
32944;BOUYGUES TELECOM;527824;GSM 900;2016-05-24;02A;2A065;2G;2026-03-19T15:15:24;02A2750053;23;31;32;PUNTIGLIONE;LOT OUEST;;;20130;2A065;"42.13388888888889 , 8.590833333333334";42°8'2''N 8°35'27''E;En service
32945;BOUYGUES TELECOM;527824;LTE 1800;2016-05-24;02A;2A065;4G;2026-03-19T15:15:24;02A2750053;23;31;32;PUNTIGLIONE;LOT OUEST;;;20130;2A065;"42.13388888888889 , 8.590833333333334";42°8'2''N 8°35'27''E;En service
32946;BOUYGUES TELECOM;527824;LTE 2100;2022-10-27;02A;2A065;4G;2026-03-19T15:15:24;02A2750053;23;31;32;PUNTIGLIONE;LOT OUEST;;;20130;2A065;"42.13388888888889 , 8.590833333333334";42°8'2''N 8°35'27''E;En service
32947;BOUYGUES TELECOM;527824;LTE 2600;2018-12-10;02A;2A065;4G;2026-03-19T15:15:24;02A2750053;23;31;32;PUNTIGLIONE;LOT OUEST;;;20130;2A065;"42.13388888888889 , 8.590833333333334";42°8'2''N 8°35'27''E;En service
32948;BOUYGUES TELECOM;527824;LTE 700;2023-04-26;02A;2A065;4G;2026-03-19T15:15:24;02A2750053;23;31;32;PUNTIGLIONE;LOT OUEST;;;20130;2A065;"42.13388888888889 , 8.590833333333334";42°8'2''N 8°35'27''E;En service
32949;BOUYGUES TELECOM;527824;LTE 800;2016-05-24;02A;2A065;4G;2026-03-19T15:15:24;02A2750053;23;31;32;PUNTIGLIONE;LOT OUEST;;;20130;2A065;"42.13388888888889 , 8.590833333333334";42°8'2''N 8°35'27''E;En service
32950;BOUYGUES TELECOM;527824;UMTS 900;2016-05-24;02A;2A065;3G;2026-03-19T15:15:24;02A2750053;23;31;32;PUNTIGLIONE;LOT OUEST;;;20130;2A065;"42.13388888888889 , 8.590833333333334";42°8'2''N 8°35'27''E;En service
33120;BOUYGUES TELECOM;528851;GSM 900;2000-05-26;02A;2A040;2G;2026-03-19T15:15:24;02A2750095;23;31;32;Col de Vizzavona;;;;20136;2A040;"42.10944444444445 , 9.114722222222222";42°6'34''N 9°6'53''E;En service
33121;BOUYGUES TELECOM;528851;LTE 1800;2019-01-11;02A;2A040;4G;2026-03-19T15:15:24;02A2750095;23;31;32;Col de Vizzavona;;;;20136;2A040;"42.10944444444445 , 9.114722222222222";42°6'34''N 9°6'53''E;En service
33122;BOUYGUES TELECOM;528851;LTE 800;2017-05-23;02A;2A040;4G;2026-03-19T15:15:24;02A2750095;23;31;32;Col de Vizzavona;;;;20136;2A040;"42.10944444444445 , 9.114722222222222";42°6'34''N 9°6'53''E;En service
33123;BOUYGUES TELECOM;528851;UMTS 900;2019-05-27;02A;2A040;3G;2026-03-19T15:15:24;02A2750095;23;31;32;Col de Vizzavona;;;;20136;2A040;"42.10944444444445 , 9.114722222222222";42°6'34''N 9°6'53''E;En service
35399;BOUYGUES TELECOM;536956;5G NR 2100;2023-09-25;02A;2A247;5G;2026-03-19T15:15:24;02A2750007;38;23;9;;R MARECHAL JUIN-IMM LE SPHINX;;;20137;2A247;"41.58722222222222 , 9.276111111111112";41°35'14''N 9°16'34''E;Techniquement opérationnel
35400;BOUYGUES TELECOM;536956;5G NR 3500;2022-07-28;02A;2A247;5G;2026-03-19T15:15:24;02A2750007;38;23;9;;R MARECHAL JUIN-IMM LE SPHINX;;;20137;2A247;"41.58722222222222 , 9.276111111111112";41°35'14''N 9°16'34''E;Techniquement opérationnel
35401;BOUYGUES TELECOM;536956;GSM 900;1998-07-01;02A;2A247;2G;2026-03-19T15:15:24;02A2750007;38;23;9;;R MARECHAL JUIN-IMM LE SPHINX;;;20137;2A247;"41.58722222222222 , 9.276111111111112";41°35'14''N 9°16'34''E;En service
35402;BOUYGUES TELECOM;536956;LTE 1800;2016-10-26;02A;2A247;4G;2026-03-19T15:15:24;02A2750007;38;23;9;;R MARECHAL JUIN-IMM LE SPHINX;;;20137;2A247;"41.58722222222222 , 9.276111111111112";41°35'14''N 9°16'34''E;En service
35403;BOUYGUES TELECOM;536956;LTE 2100;2020-07-28;02A;2A247;4G;2026-03-19T15:15:24;02A2750007;38;23;9;;R MARECHAL JUIN-IMM LE SPHINX;;;20137;2A247;"41.58722222222222 , 9.276111111111112";41°35'14''N 9°16'34''E;En service
35404;BOUYGUES TELECOM;536956;LTE 2600;2019-01-11;02A;2A247;4G;2026-03-19T15:15:24;02A2750007;38;23;9;;R MARECHAL JUIN-IMM LE SPHINX;;;20137;2A247;"41.58722222222222 , 9.276111111111112";41°35'14''N 9°16'34''E;En service
35405;BOUYGUES TELECOM;536956;LTE 700;2024-12-08;02A;2A247;4G;2026-03-19T15:15:24;02A2750007;38;23;9;;R MARECHAL JUIN-IMM LE SPHINX;;;20137;2A247;"41.58722222222222 , 9.276111111111112";41°35'14''N 9°16'34''E;En service
35406;BOUYGUES TELECOM;536956;LTE 800;2016-10-26;02A;2A247;4G;2026-03-19T15:15:24;02A2750007;38;23;9;;R MARECHAL JUIN-IMM LE SPHINX;;;20137;2A247;"41.58722222222222 , 9.276111111111112";41°35'14''N 9°16'34''E;En service
35407;BOUYGUES TELECOM;536956;UMTS 900;2016-10-26;02A;2A247;3G;2026-03-19T15:15:24;02A2750007;38;23;9;;R MARECHAL JUIN-IMM LE SPHINX;;;20137;2A247;"41.58722222222222 , 9.276111111111112";41°35'14''N 9°16'34''E;En service
37134;BOUYGUES TELECOM;545920;5G NR 2100;;02A;2A345;5G;2026-03-19T15:15:24;02A2750036;23;44;32;Bocca di Tartavellu;;;;20172;2A345;"42.07222222222222 , 8.907222222222222";42°4'20''N 8°54'26''E;Projet approuvé
37135;BOUYGUES TELECOM;545920;GSM 900;2000-05-15;02A;2A345;2G;2026-03-19T15:15:24;02A2750036;23;44;32;Bocca di Tartavellu;;;;20172;2A345;"42.07222222222222 , 8.907222222222222";42°4'20''N 8°54'26''E;En service
37136;BOUYGUES TELECOM;545920;LTE 1800;2022-02-16;02A;2A345;4G;2026-03-19T15:15:24;02A2750036;23;44;32;Bocca di Tartavellu;;;;20172;2A345;"42.07222222222222 , 8.907222222222222";42°4'20''N 8°54'26''E;En service
37137;BOUYGUES TELECOM;545920;LTE 2100;;02A;2A345;4G;2026-03-19T15:15:24;02A2750036;23;44;32;Bocca di Tartavellu;;;;20172;2A345;"42.07222222222222 , 8.907222222222222";42°4'20''N 8°54'26''E;Projet approuvé
37138;BOUYGUES TELECOM;545920;LTE 700;;02A;2A345;4G;2026-03-19T15:15:24;02A2750036;23;44;32;Bocca di Tartavellu;;;;20172;2A345;"42.07222222222222 , 8.907222222222222";42°4'20''N 8°54'26''E;Projet approuvé
37139;BOUYGUES TELECOM;545920;LTE 800;2016-07-28;02A;2A345;4G;2026-03-19T15:15:24;02A2750036;23;44;32;Bocca di Tartavellu;;;;20172;2A345;"42.07222222222222 , 8.907222222222222";42°4'20''N 8°54'26''E;En service
37140;BOUYGUES TELECOM;545920;UMTS 900;2016-07-28;02A;2A345;3G;2026-03-19T15:15:24;02A2750036;23;44;32;Bocca di Tartavellu;;;;20172;2A345;"42.07222222222222 , 8.907222222222222";42°4'20''N 8°54'26''E;En service
40066;BOUYGUES TELECOM;562531;GSM 900;2017-11-15;02A;2A031;2G;2026-03-19T15:15:24;02A2750193;23;15;74;Castagneto;Ancien Chem de Bastelica à Bocognano;;;20119;2A031;"42.00361111111111 , 9.049722222222222";42°0'13''N 9°2'59''E;En service
40067;BOUYGUES TELECOM;562531;LTE 1800;2022-02-16;02A;2A031;4G;2026-03-19T15:15:24;02A2750193;23;15;74;Castagneto;Ancien Chem de Bastelica à Bocognano;;;20119;2A031;"42.00361111111111 , 9.049722222222222";42°0'13''N 9°2'59''E;En service
40068;BOUYGUES TELECOM;562531;LTE 800;2017-11-15;02A;2A031;4G;2026-03-19T15:15:24;02A2750193;23;15;74;Castagneto;Ancien Chem de Bastelica à Bocognano;;;20119;2A031;"42.00361111111111 , 9.049722222222222";42°0'13''N 9°2'59''E;En service
40069;BOUYGUES TELECOM;562531;UMTS 900;2017-11-15;02A;2A031;3G;2026-03-19T15:15:24;02A2750193;23;15;74;Castagneto;Ancien Chem de Bastelica à Bocognano;;;20119;2A031;"42.00361111111111 , 9.049722222222222";42°0'13''N 9°2'59''E;En service
41330;BOUYGUES TELECOM;573189;5G NR 2100;2024-03-07;02A;2A269;5G;2026-03-19T15:15:24;02A2750162;23;27;72;Monticello;Pylône SFR;;;20145;2A269;"41.83277777777778 , 9.370555555555557";41°49'58''N 9°22'14''E;Techniquement opérationnel
41331;BOUYGUES TELECOM;573189;5G NR 3500;2024-03-07;02A;2A269;5G;2026-03-19T15:15:24;02A2750162;23;27;72;Monticello;Pylône SFR;;;20145;2A269;"41.83277777777778 , 9.370555555555557";41°49'58''N 9°22'14''E;Techniquement opérationnel
41332;BOUYGUES TELECOM;573189;GSM 900;2016-07-28;02A;2A269;2G;2026-03-19T15:15:24;02A2750162;23;27;72;Monticello;Pylône SFR;;;20145;2A269;"41.83277777777778 , 9.370555555555557";41°49'58''N 9°22'14''E;En service
41333;BOUYGUES TELECOM;573189;LTE 1800;2016-07-28;02A;2A269;4G;2026-03-19T15:15:24;02A2750162;23;27;72;Monticello;Pylône SFR;;;20145;2A269;"41.83277777777778 , 9.370555555555557";41°49'58''N 9°22'14''E;En service
41334;BOUYGUES TELECOM;573189;LTE 2100;2024-03-07;02A;2A269;4G;2026-03-19T15:15:24;02A2750162;23;27;72;Monticello;Pylône SFR;;;20145;2A269;"41.83277777777778 , 9.370555555555557";41°49'58''N 9°22'14''E;En service
41335;BOUYGUES TELECOM;573189;LTE 2600;2019-02-05;02A;2A269;4G;2026-03-19T15:15:24;02A2750162;23;27;72;Monticello;Pylône SFR;;;20145;2A269;"41.83277777777778 , 9.370555555555557";41°49'58''N 9°22'14''E;En service
41336;BOUYGUES TELECOM;573189;LTE 700;2024-03-07;02A;2A269;4G;2026-03-19T15:15:24;02A2750162;23;27;72;Monticello;Pylône SFR;;;20145;2A269;"41.83277777777778 , 9.370555555555557";41°49'58''N 9°22'14''E;En service
41337;BOUYGUES TELECOM;573189;LTE 800;2016-07-28;02A;2A269;4G;2026-03-19T15:15:24;02A2750162;23;27;72;Monticello;Pylône SFR;;;20145;2A269;"41.83277777777778 , 9.370555555555557";41°49'58''N 9°22'14''E;En service
41338;BOUYGUES TELECOM;573189;UMTS 900;2016-07-28;02A;2A269;3G;2026-03-19T15:15:24;02A2750162;23;27;72;Monticello;Pylône SFR;;;20145;2A269;"41.83277777777778 , 9.370555555555557";41°49'58''N 9°22'14''E;En service
43966;BOUYGUES TELECOM;590337;5G NR 2100;2022-07-28;02A;2A272;5G;2026-03-19T15:15:24;02A2750191;26;13;72;TOMBES;Collo - Quartier Pallaone;N 196;;20100;2A272;"41.61805555555556 , 8.969166666666666";41°37'5''N 8°58'9''E;Techniquement opérationnel
43967;BOUYGUES TELECOM;590337;5G NR 3500;2023-04-05;02A;2A272;5G;2026-03-19T15:15:24;02A2750191;26;13;72;TOMBES;Collo - Quartier Pallaone;N 196;;20100;2A272;"41.61805555555556 , 8.969166666666666";41°37'5''N 8°58'9''E;Techniquement opérationnel
43968;BOUYGUES TELECOM;590337;GSM 900;2016-10-14;02A;2A272;2G;2026-03-19T15:15:24;02A2750191;26;13;72;TOMBES;Collo - Quartier Pallaone;N 196;;20100;2A272;"41.61805555555556 , 8.969166666666666";41°37'5''N 8°58'9''E;En service
43969;BOUYGUES TELECOM;590337;LTE 1800;2018-03-19;02A;2A272;4G;2026-03-19T15:15:24;02A2750191;26;13;72;TOMBES;Collo - Quartier Pallaone;N 196;;20100;2A272;"41.61805555555556 , 8.969166666666666";41°37'5''N 8°58'9''E;En service
43970;BOUYGUES TELECOM;590337;LTE 2100;2021-07-21;02A;2A272;4G;2026-03-19T15:15:24;02A2750191;26;13;72;TOMBES;Collo - Quartier Pallaone;N 196;;20100;2A272;"41.61805555555556 , 8.969166666666666";41°37'5''N 8°58'9''E;En service
43971;BOUYGUES TELECOM;590337;LTE 2600;2019-02-07;02A;2A272;4G;2026-03-19T15:15:24;02A2750191;26;13;72;TOMBES;Collo - Quartier Pallaone;N 196;;20100;2A272;"41.61805555555556 , 8.969166666666666";41°37'5''N 8°58'9''E;En service
43972;BOUYGUES TELECOM;590337;LTE 700;2023-04-05;02A;2A272;4G;2026-03-19T15:15:24;02A2750191;26;13;72;TOMBES;Collo - Quartier Pallaone;N 196;;20100;2A272;"41.61805555555556 , 8.969166666666666";41°37'5''N 8°58'9''E;En service
43973;BOUYGUES TELECOM;590337;LTE 800;2016-10-14;02A;2A272;4G;2026-03-19T15:15:24;02A2750191;26;13;72;TOMBES;Collo - Quartier Pallaone;N 196;;20100;2A272;"41.61805555555556 , 8.969166666666666";41°37'5''N 8°58'9''E;En service
43974;BOUYGUES TELECOM;590337;UMTS 900;2016-10-14;02A;2A272;3G;2026-03-19T15:15:24;02A2750191;26;13;72;TOMBES;Collo - Quartier Pallaone;N 196;;20100;2A272;"41.61805555555556 , 8.969166666666666";41°37'5''N 8°58'9''E;En service
44635;BOUYGUES TELECOM;595159;LTE 700;2023-05-24;02A;2A200;4G;2026-03-19T15:15:24;02A2750131;48;33;32;;MAISON FORESTIERE DE ST ANTOINE;;;20134;2A200;"41.96388888888889 , 9.19111111111111";41°57'50''N 9°11'28''E;En service
44636;BOUYGUES TELECOM;595159;LTE 800;2021-08-31;02A;2A200;4G;2026-03-19T15:15:24;02A2750131;48;33;32;;MAISON FORESTIERE DE ST ANTOINE;;;20134;2A200;"41.96388888888889 , 9.19111111111111";41°57'50''N 9°11'28''E;En service
44637;BOUYGUES TELECOM;595159;UMTS 900;2017-03-24;02A;2A200;3G;2026-03-19T15:15:24;02A2750131;48;33;32;;MAISON FORESTIERE DE ST ANTOINE;;;20134;2A200;"41.96388888888889 , 9.19111111111111";41°57'50''N 9°11'28''E;En service
46769;BOUYGUES TELECOM;609326;5G NR 2100;2025-04-03;02A;2A041;5G;2026-03-19T15:15:24;02A2750244;23;27;74;MONTE CORBU;;;;20169;2A041;"41.42333333333333 , 9.138055555555555";41°25'24''N 9°8'17''E;Techniquement opérationnel
46770;BOUYGUES TELECOM;609326;GSM 900;2024-02-05;02A;2A041;2G;2026-03-19T15:15:24;02A2750244;23;27;74;MONTE CORBU;;;;20169;2A041;"41.42333333333333 , 9.138055555555555";41°25'24''N 9°8'17''E;En service
46771;BOUYGUES TELECOM;609326;LTE 1800;;02A;2A041;4G;2026-03-19T15:15:24;02A2750244;23;27;74;MONTE CORBU;;;;20169;2A041;"41.42333333333333 , 9.138055555555555";41°25'24''N 9°8'17''E;Projet approuvé
46772;BOUYGUES TELECOM;609326;LTE 2100;2025-04-03;02A;2A041;4G;2026-03-19T15:15:24;02A2750244;23;27;74;MONTE CORBU;;;;20169;2A041;"41.42333333333333 , 9.138055555555555";41°25'24''N 9°8'17''E;En service
46773;BOUYGUES TELECOM;609326;LTE 2600;2025-04-03;02A;2A041;4G;2026-03-19T15:15:24;02A2750244;23;27;74;MONTE CORBU;;;;20169;2A041;"41.42333333333333 , 9.138055555555555";41°25'24''N 9°8'17''E;En service
46774;BOUYGUES TELECOM;609326;LTE 700;2025-04-03;02A;2A041;4G;2026-03-19T15:15:24;02A2750244;23;27;74;MONTE CORBU;;;;20169;2A041;"41.42333333333333 , 9.138055555555555";41°25'24''N 9°8'17''E;En service
46775;BOUYGUES TELECOM;609326;LTE 800;2024-02-05;02A;2A041;4G;2026-03-19T15:15:24;02A2750244;23;27;74;MONTE CORBU;;;;20169;2A041;"41.42333333333333 , 9.138055555555555";41°25'24''N 9°8'17''E;En service
46776;BOUYGUES TELECOM;609326;UMTS 900;2024-02-05;02A;2A041;3G;2026-03-19T15:15:24;02A2750244;23;27;74;MONTE CORBU;;;;20169;2A041;"41.42333333333333 , 9.138055555555555";41°25'24''N 9°8'17''E;En service
48896;BOUYGUES TELECOM;625782;5G NR 2100;2022-09-23;02A;2A103;5G;2026-03-19T15:15:24;02A2750143;38;"26,6";22;CASARIMACCIU;Hôtel 'SOL E MONTE';;;20167;2A103;"41.98861111111111 , 8.909166666666668";41°59'19''N 8°54'33''E;Techniquement opérationnel
48897;BOUYGUES TELECOM;625782;GSM 900;2016-05-24;02A;2A103;2G;2026-03-19T15:15:24;02A2750143;38;"26,6";22;CASARIMACCIU;Hôtel 'SOL E MONTE';;;20167;2A103;"41.98861111111111 , 8.909166666666668";41°59'19''N 8°54'33''E;En service
48898;BOUYGUES TELECOM;625782;LTE 1800;2018-10-04;02A;2A103;4G;2026-03-19T15:15:24;02A2750143;38;"26,6";22;CASARIMACCIU;Hôtel 'SOL E MONTE';;;20167;2A103;"41.98861111111111 , 8.909166666666668";41°59'19''N 8°54'33''E;En service
48899;BOUYGUES TELECOM;625782;LTE 2100;2022-09-23;02A;2A103;4G;2026-03-19T15:15:24;02A2750143;38;"26,6";22;CASARIMACCIU;Hôtel 'SOL E MONTE';;;20167;2A103;"41.98861111111111 , 8.909166666666668";41°59'19''N 8°54'33''E;En service
48900;BOUYGUES TELECOM;625782;LTE 700;2022-09-23;02A;2A103;4G;2026-03-19T15:15:24;02A2750143;38;"26,6";22;CASARIMACCIU;Hôtel 'SOL E MONTE';;;20167;2A103;"41.98861111111111 , 8.909166666666668";41°59'19''N 8°54'33''E;En service
48901;BOUYGUES TELECOM;625782;LTE 800;2016-05-24;02A;2A103;4G;2026-03-19T15:15:24;02A2750143;38;"26,6";22;CASARIMACCIU;Hôtel 'SOL E MONTE';;;20167;2A103;"41.98861111111111 , 8.909166666666668";41°59'19''N 8°54'33''E;En service
48902;BOUYGUES TELECOM;625782;UMTS 900;2016-05-24;02A;2A103;3G;2026-03-19T15:15:24;02A2750143;38;"26,6";22;CASARIMACCIU;Hôtel 'SOL E MONTE';;;20167;2A103;"41.98861111111111 , 8.909166666666668";41°59'19''N 8°54'33''E;En service
49359;BOUYGUES TELECOM;629970;5G NR 2100;2023-12-28;02A;2A041;5G;2026-03-19T15:15:24;02A2750024;23;27;65;SUARTONE;PRES DE LA RD158;;;20169;2A041;"41.48277777777778 , 9.24472222222222";41°28'58''N 9°14'41''E;Techniquement opérationnel
49360;BOUYGUES TELECOM;629970;5G NR 3500;2023-12-28;02A;2A041;5G;2026-03-19T15:15:24;02A2750024;23;27;65;SUARTONE;PRES DE LA RD158;;;20169;2A041;"41.48277777777778 , 9.24472222222222";41°28'58''N 9°14'41''E;Techniquement opérationnel
49361;BOUYGUES TELECOM;629970;GSM 900;1999-08-05;02A;2A041;2G;2026-03-19T15:15:24;02A2750024;23;27;65;SUARTONE;PRES DE LA RD158;;;20169;2A041;"41.48277777777778 , 9.24472222222222";41°28'58''N 9°14'41''E;En service
49362;BOUYGUES TELECOM;629970;LTE 1800;2022-12-28;02A;2A041;4G;2026-03-19T15:15:24;02A2750024;23;27;65;SUARTONE;PRES DE LA RD158;;;20169;2A041;"41.48277777777778 , 9.24472222222222";41°28'58''N 9°14'41''E;En service
49363;BOUYGUES TELECOM;629970;LTE 2100;2022-04-12;02A;2A041;4G;2026-03-19T15:15:24;02A2750024;23;27;65;SUARTONE;PRES DE LA RD158;;;20169;2A041;"41.48277777777778 , 9.24472222222222";41°28'58''N 9°14'41''E;En service
49364;BOUYGUES TELECOM;629970;LTE 2600;2022-04-12;02A;2A041;4G;2026-03-19T15:15:24;02A2750024;23;27;65;SUARTONE;PRES DE LA RD158;;;20169;2A041;"41.48277777777778 , 9.24472222222222";41°28'58''N 9°14'41''E;En service
49365;BOUYGUES TELECOM;629970;LTE 700;2023-12-28;02A;2A041;4G;2026-03-19T15:15:24;02A2750024;23;27;65;SUARTONE;PRES DE LA RD158;;;20169;2A041;"41.48277777777778 , 9.24472222222222";41°28'58''N 9°14'41''E;En service
49366;BOUYGUES TELECOM;629970;LTE 800;2018-06-26;02A;2A041;4G;2026-03-19T15:15:24;02A2750024;23;27;65;SUARTONE;PRES DE LA RD158;;;20169;2A041;"41.48277777777778 , 9.24472222222222";41°28'58''N 9°14'41''E;En service
49367;BOUYGUES TELECOM;629970;UMTS 900;2018-06-26;02A;2A041;3G;2026-03-19T15:15:24;02A2750024;23;27;65;SUARTONE;PRES DE LA RD158;;;20169;2A041;"41.48277777777778 , 9.24472222222222";41°28'58''N 9°14'41''E;En service
51447;BOUYGUES TELECOM;650067;GSM 900;2017-05-23;02A;2A028;2G;2026-03-19T15:15:24;02A2750180;26;40;32;Punta di Tragunatu;;;;20160;2A028;"42.17722222222222 , 8.793055555555556";42°10'38''N 8°47'35''E;En service
51448;BOUYGUES TELECOM;650067;LTE 1800;2018-12-07;02A;2A028;4G;2026-03-19T15:15:24;02A2750180;26;40;32;Punta di Tragunatu;;;;20160;2A028;"42.17722222222222 , 8.793055555555556";42°10'38''N 8°47'35''E;En service
51449;BOUYGUES TELECOM;650067;LTE 2600;2018-12-10;02A;2A028;4G;2026-03-19T15:15:24;02A2750180;26;40;32;Punta di Tragunatu;;;;20160;2A028;"42.17722222222222 , 8.793055555555556";42°10'38''N 8°47'35''E;En service
51450;BOUYGUES TELECOM;650067;LTE 800;2017-05-23;02A;2A028;4G;2026-03-19T15:15:24;02A2750180;26;40;32;Punta di Tragunatu;;;;20160;2A028;"42.17722222222222 , 8.793055555555556";42°10'38''N 8°47'35''E;En service
51451;BOUYGUES TELECOM;650067;UMTS 2100;2017-05-23;02A;2A028;3G;2026-03-19T15:15:24;02A2750180;26;40;32;Punta di Tragunatu;;;;20160;2A028;"42.17722222222222 , 8.793055555555556";42°10'38''N 8°47'35''E;En service
51452;BOUYGUES TELECOM;650067;UMTS 900;2017-05-23;02A;2A028;3G;2026-03-19T15:15:24;02A2750180;26;40;32;Punta di Tragunatu;;;;20160;2A028;"42.17722222222222 , 8.793055555555556";42°10'38''N 8°47'35''E;En service
53196;BOUYGUES TELECOM;666457;5G NR 2100;2024-10-31;02A;2A271;5G;2026-03-19T15:15:24;02A2750185;23;16;74;Mezzavia;Pernicaggio;Garage  RN 194;;20167;2A271;"41.952222222222225 , 8.788055555555555";41°57'8''N 8°47'17''E;Techniquement opérationnel
53197;BOUYGUES TELECOM;666457;GSM 900;2017-11-15;02A;2A271;2G;2026-03-19T15:15:24;02A2750185;23;16;74;Mezzavia;Pernicaggio;Garage  RN 194;;20167;2A271;"41.952222222222225 , 8.788055555555555";41°57'8''N 8°47'17''E;En service
53198;BOUYGUES TELECOM;666457;LTE 1800;2022-02-16;02A;2A271;4G;2026-03-19T15:15:24;02A2750185;23;16;74;Mezzavia;Pernicaggio;Garage  RN 194;;20167;2A271;"41.952222222222225 , 8.788055555555555";41°57'8''N 8°47'17''E;En service
53199;BOUYGUES TELECOM;666457;LTE 2100;2024-10-30;02A;2A271;4G;2026-03-19T15:15:24;02A2750185;23;16;74;Mezzavia;Pernicaggio;Garage  RN 194;;20167;2A271;"41.952222222222225 , 8.788055555555555";41°57'8''N 8°47'17''E;En service
53200;BOUYGUES TELECOM;666457;LTE 700;2024-10-30;02A;2A271;4G;2026-03-19T15:15:24;02A2750185;23;16;74;Mezzavia;Pernicaggio;Garage  RN 194;;20167;2A271;"41.952222222222225 , 8.788055555555555";41°57'8''N 8°47'17''E;En service
53201;BOUYGUES TELECOM;666457;LTE 800;2017-11-15;02A;2A271;4G;2026-03-19T15:15:24;02A2750185;23;16;74;Mezzavia;Pernicaggio;Garage  RN 194;;20167;2A271;"41.952222222222225 , 8.788055555555555";41°57'8''N 8°47'17''E;En service
53202;BOUYGUES TELECOM;666457;UMTS 900;2017-11-15;02A;2A271;3G;2026-03-19T15:15:24;02A2750185;23;16;74;Mezzavia;Pernicaggio;Garage  RN 194;;20167;2A271;"41.952222222222225 , 8.788055555555555";41°57'8''N 8°47'17''E;En service
53212;BOUYGUES TELECOM;666487;5G NR 2100;2024-10-31;02A;2A288;5G;2026-03-19T15:15:24;02A2750085;26;12;4;TOMASCIO;;;;20146;2A288;"41.57138888888889 , 9.161111111111111";41°34'17''N 9°9'40''E;Techniquement opérationnel
53213;BOUYGUES TELECOM;666487;GSM 900;2004-07-30;02A;2A288;2G;2026-03-19T15:15:24;02A2750085;26;12;4;TOMASCIO;;;;20146;2A288;"41.57138888888889 , 9.161111111111111";41°34'17''N 9°9'40''E;En service
53214;BOUYGUES TELECOM;666487;LTE 1800;2022-02-16;02A;2A288;4G;2026-03-19T15:15:24;02A2750085;26;12;4;TOMASCIO;;;;20146;2A288;"41.57138888888889 , 9.161111111111111";41°34'17''N 9°9'40''E;En service
53215;BOUYGUES TELECOM;666487;LTE 2100;2024-10-30;02A;2A288;4G;2026-03-19T15:15:24;02A2750085;26;12;4;TOMASCIO;;;;20146;2A288;"41.57138888888889 , 9.161111111111111";41°34'17''N 9°9'40''E;En service
53216;BOUYGUES TELECOM;666487;LTE 2600;2022-02-16;02A;2A288;4G;2026-03-19T15:15:24;02A2750085;26;12;4;TOMASCIO;;;;20146;2A288;"41.57138888888889 , 9.161111111111111";41°34'17''N 9°9'40''E;En service
53217;BOUYGUES TELECOM;666487;LTE 700;2024-10-30;02A;2A288;4G;2026-03-19T15:15:24;02A2750085;26;12;4;TOMASCIO;;;;20146;2A288;"41.57138888888889 , 9.161111111111111";41°34'17''N 9°9'40''E;En service
53218;BOUYGUES TELECOM;666487;LTE 800;2016-10-26;02A;2A288;4G;2026-03-19T15:15:24;02A2750085;26;12;4;TOMASCIO;;;;20146;2A288;"41.57138888888889 , 9.161111111111111";41°34'17''N 9°9'40''E;En service
53219;BOUYGUES TELECOM;666487;UMTS 900;2011-03-15;02A;2A288;3G;2026-03-19T15:15:24;02A2750085;26;12;4;TOMASCIO;;;;20146;2A288;"41.57138888888889 , 9.161111111111111";41°34'17''N 9°9'40''E;En service
53819;BOUYGUES TELECOM;671234;5G NR 2100;2025-04-03;02A;2A041;5G;2026-03-19T15:15:24;02A2750132;23;15;72;Gallo;Compo Longo;RD 260;;20169;2A041;"41.37916666666667 , 9.197777777777778";41°22'45''N 9°11'52''E;Techniquement opérationnel
53820;BOUYGUES TELECOM;671234;5G NR 3500;2025-04-01;02A;2A041;5G;2026-03-19T15:15:24;02A2750132;23;15;72;Gallo;Compo Longo;RD 260;;20169;2A041;"41.37916666666667 , 9.197777777777778";41°22'45''N 9°11'52''E;Techniquement opérationnel
53821;BOUYGUES TELECOM;671234;GSM 900;2000-05-17;02A;2A041;2G;2026-03-19T15:15:24;02A2750132;23;15;72;Gallo;Compo Longo;RD 260;;20169;2A041;"41.37916666666667 , 9.197777777777778";41°22'45''N 9°11'52''E;En service
53822;BOUYGUES TELECOM;671234;LTE 1800;2017-04-27;02A;2A041;4G;2026-03-19T15:15:24;02A2750132;23;15;72;Gallo;Compo Longo;RD 260;;20169;2A041;"41.37916666666667 , 9.197777777777778";41°22'45''N 9°11'52''E;En service
53823;BOUYGUES TELECOM;671234;LTE 2100;2025-04-01;02A;2A041;4G;2026-03-19T15:15:24;02A2750132;23;15;72;Gallo;Compo Longo;RD 260;;20169;2A041;"41.37916666666667 , 9.197777777777778";41°22'45''N 9°11'52''E;En service
53824;BOUYGUES TELECOM;671234;LTE 2600;2025-04-03;02A;2A041;4G;2026-03-19T15:15:24;02A2750132;23;15;72;Gallo;Compo Longo;RD 260;;20169;2A041;"41.37916666666667 , 9.197777777777778";41°22'45''N 9°11'52''E;En service
53825;BOUYGUES TELECOM;671234;LTE 700;2021-07-20;02A;2A041;4G;2026-03-19T15:15:24;02A2750132;23;15;72;Gallo;Compo Longo;RD 260;;20169;2A041;"41.37916666666667 , 9.197777777777778";41°22'45''N 9°11'52''E;En service
53826;BOUYGUES TELECOM;671234;LTE 800;2017-04-27;02A;2A041;4G;2026-03-19T15:15:24;02A2750132;23;15;72;Gallo;Compo Longo;RD 260;;20169;2A041;"41.37916666666667 , 9.197777777777778";41°22'45''N 9°11'52''E;En service
53827;BOUYGUES TELECOM;671234;UMTS 900;2017-04-27;02A;2A041;3G;2026-03-19T15:15:24;02A2750132;23;15;72;Gallo;Compo Longo;RD 260;;20169;2A041;"41.37916666666667 , 9.197777777777778";41°22'45''N 9°11'52''E;En service
54125;BOUYGUES TELECOM;674287;5G NR 2100;2022-12-28;02A;2A247;5G;2026-03-19T15:15:24;02A2750093;17;"7,6";22;Cuncaccia;Rte de Palombaggia;;;20137;2A247;"41.56055555555555 , 9.318055555555555";41°33'38''N 9°19'5''E;Techniquement opérationnel
54126;BOUYGUES TELECOM;674287;5G NR 3500;2022-12-28;02A;2A247;5G;2026-03-19T15:15:24;02A2750093;17;"7,6";22;Cuncaccia;Rte de Palombaggia;;;20137;2A247;"41.56055555555555 , 9.318055555555555";41°33'38''N 9°19'5''E;Techniquement opérationnel
54127;BOUYGUES TELECOM;674287;GSM 900;2005-01-26;02A;2A247;2G;2026-03-19T15:15:24;02A2750093;17;"7,6";22;Cuncaccia;Rte de Palombaggia;;;20137;2A247;"41.56055555555555 , 9.318055555555555";41°33'38''N 9°19'5''E;En service
54128;BOUYGUES TELECOM;674287;LTE 1800;2016-12-20;02A;2A247;4G;2026-03-19T15:15:24;02A2750093;17;"7,6";22;Cuncaccia;Rte de Palombaggia;;;20137;2A247;"41.56055555555555 , 9.318055555555555";41°33'38''N 9°19'5''E;En service
54129;BOUYGUES TELECOM;674287;LTE 2100;2022-12-28;02A;2A247;4G;2026-03-19T15:15:24;02A2750093;17;"7,6";22;Cuncaccia;Rte de Palombaggia;;;20137;2A247;"41.56055555555555 , 9.318055555555555";41°33'38''N 9°19'5''E;En service
54130;BOUYGUES TELECOM;674287;LTE 2600;2018-12-10;02A;2A247;4G;2026-03-19T15:15:24;02A2750093;17;"7,6";22;Cuncaccia;Rte de Palombaggia;;;20137;2A247;"41.56055555555555 , 9.318055555555555";41°33'38''N 9°19'5''E;En service
54131;BOUYGUES TELECOM;674287;LTE 700;2022-12-28;02A;2A247;4G;2026-03-19T15:15:24;02A2750093;17;"7,6";22;Cuncaccia;Rte de Palombaggia;;;20137;2A247;"41.56055555555555 , 9.318055555555555";41°33'38''N 9°19'5''E;En service
54132;BOUYGUES TELECOM;674287;LTE 800;2016-12-20;02A;2A247;4G;2026-03-19T15:15:24;02A2750093;17;"7,6";22;Cuncaccia;Rte de Palombaggia;;;20137;2A247;"41.56055555555555 , 9.318055555555555";41°33'38''N 9°19'5''E;En service
54133;BOUYGUES TELECOM;674287;UMTS 900;2016-12-20;02A;2A247;3G;2026-03-19T15:15:24;02A2750093;17;"7,6";22;Cuncaccia;Rte de Palombaggia;;;20137;2A247;"41.56055555555555 , 9.318055555555555";41°33'38''N 9°19'5''E;En service
55699;BOUYGUES TELECOM;687275;5G NR 2100;2022-08-12;02A;2A048;5G;2026-03-19T15:15:24;02A2750144;23;12;72;Marijanca;;;;20111;2A048;"42.02833333333333 , 8.751944444444444";42°1'42''N 8°45'7''E;Techniquement opérationnel
55700;BOUYGUES TELECOM;687275;5G NR 3500;2022-07-22;02A;2A048;5G;2026-03-19T15:15:24;02A2750144;23;12;72;Marijanca;;;;20111;2A048;"42.02833333333333 , 8.751944444444444";42°1'42''N 8°45'7''E;Techniquement opérationnel
55701;BOUYGUES TELECOM;687275;GSM 900;2016-05-24;02A;2A048;2G;2026-03-19T15:15:24;02A2750144;23;12;72;Marijanca;;;;20111;2A048;"42.02833333333333 , 8.751944444444444";42°1'42''N 8°45'7''E;En service
55702;BOUYGUES TELECOM;687275;LTE 1800;2016-05-24;02A;2A048;4G;2026-03-19T15:15:24;02A2750144;23;12;72;Marijanca;;;;20111;2A048;"42.02833333333333 , 8.751944444444444";42°1'42''N 8°45'7''E;En service
55703;BOUYGUES TELECOM;687275;LTE 2100;2020-07-28;02A;2A048;4G;2026-03-19T15:15:24;02A2750144;23;12;72;Marijanca;;;;20111;2A048;"42.02833333333333 , 8.751944444444444";42°1'42''N 8°45'7''E;En service
55704;BOUYGUES TELECOM;687275;LTE 2600;2018-12-10;02A;2A048;4G;2026-03-19T15:15:24;02A2750144;23;12;72;Marijanca;;;;20111;2A048;"42.02833333333333 , 8.751944444444444";42°1'42''N 8°45'7''E;En service
55705;BOUYGUES TELECOM;687275;LTE 700;2022-08-12;02A;2A048;4G;2026-03-19T15:15:24;02A2750144;23;12;72;Marijanca;;;;20111;2A048;"42.02833333333333 , 8.751944444444444";42°1'42''N 8°45'7''E;En service
55706;BOUYGUES TELECOM;687275;LTE 800;2016-05-24;02A;2A048;4G;2026-03-19T15:15:24;02A2750144;23;12;72;Marijanca;;;;20111;2A048;"42.02833333333333 , 8.751944444444444";42°1'42''N 8°45'7''E;En service
55707;BOUYGUES TELECOM;687275;UMTS 900;2016-05-24;02A;2A048;3G;2026-03-19T15:15:24;02A2750144;23;12;72;Marijanca;;;;20111;2A048;"42.02833333333333 , 8.751944444444444";42°1'42''N 8°45'7''E;En service
59943;BOUYGUES TELECOM;714558;5G NR 2100;2022-07-28;02A;2A198;5G;2026-03-19T15:15:24;02A2750033;23;33;32;Marine de Porto;Lenzana;Pylone TDF;;20150;2A198;"42.26916666666666 , 8.696666666666667";42°16'9''N 8°41'48''E;Techniquement opérationnel
59944;BOUYGUES TELECOM;714558;5G NR 3500;2022-07-28;02A;2A198;5G;2026-03-19T15:15:24;02A2750033;23;33;32;Marine de Porto;Lenzana;Pylone TDF;;20150;2A198;"42.26916666666666 , 8.696666666666667";42°16'9''N 8°41'48''E;Techniquement opérationnel
59945;BOUYGUES TELECOM;714558;GSM 900;2018-05-30;02A;2A198;2G;2026-03-19T15:15:24;02A2750033;23;33;32;Marine de Porto;Lenzana;Pylone TDF;;20150;2A198;"42.26916666666666 , 8.696666666666667";42°16'9''N 8°41'48''E;En service
59946;BOUYGUES TELECOM;714558;LTE 1800;2016-05-15;02A;2A198;4G;2026-03-19T15:15:24;02A2750033;23;33;32;Marine de Porto;Lenzana;Pylone TDF;;20150;2A198;"42.26916666666666 , 8.696666666666667";42°16'9''N 8°41'48''E;En service
59947;BOUYGUES TELECOM;714558;LTE 2100;2022-07-06;02A;2A198;4G;2026-03-19T15:15:24;02A2750033;23;33;32;Marine de Porto;Lenzana;Pylone TDF;;20150;2A198;"42.26916666666666 , 8.696666666666667";42°16'9''N 8°41'48''E;En service
59948;BOUYGUES TELECOM;714558;LTE 2600;2022-07-06;02A;2A198;4G;2026-03-19T15:15:24;02A2750033;23;33;32;Marine de Porto;Lenzana;Pylone TDF;;20150;2A198;"42.26916666666666 , 8.696666666666667";42°16'9''N 8°41'48''E;En service
59949;BOUYGUES TELECOM;714558;LTE 700;2022-07-06;02A;2A198;4G;2026-03-19T15:15:24;02A2750033;23;33;32;Marine de Porto;Lenzana;Pylone TDF;;20150;2A198;"42.26916666666666 , 8.696666666666667";42°16'9''N 8°41'48''E;En service
59950;BOUYGUES TELECOM;714558;LTE 800;2016-05-24;02A;2A198;4G;2026-03-19T15:15:24;02A2750033;23;33;32;Marine de Porto;Lenzana;Pylone TDF;;20150;2A198;"42.26916666666666 , 8.696666666666667";42°16'9''N 8°41'48''E;En service
59951;BOUYGUES TELECOM;714558;UMTS 900;2023-01-12;02A;2A198;3G;2026-03-19T15:15:24;02A2750033;23;33;32;Marine de Porto;Lenzana;Pylone TDF;;20150;2A198;"42.26916666666666 , 8.696666666666667";42°16'9''N 8°41'48''E;En service
63867;BOUYGUES TELECOM;754375;GSM 900;2011-11-02;02A;2A360;2G;2026-03-19T15:15:24;02A2750133;23;"26,3";74;Pinia;N.196;;;20190;2A360;"41.83583333333333 , 8.964166666666666";41°50'9''N 8°57'51''E;En service
63868;BOUYGUES TELECOM;754375;LTE 800;2020-02-05;02A;2A360;4G;2026-03-19T15:15:24;02A2750133;23;"26,3";74;Pinia;N.196;;;20190;2A360;"41.83583333333333 , 8.964166666666666";41°50'9''N 8°57'51''E;En service
63869;BOUYGUES TELECOM;754375;UMTS 900;2011-11-22;02A;2A360;3G;2026-03-19T15:15:24;02A2750133;23;"26,3";74;Pinia;N.196;;;20190;2A360;"41.83583333333333 , 8.964166666666666";41°50'9''N 8°57'51''E;En service
66688;BOUYGUES TELECOM;774659;5G NR 2100;2023-05-24;02A;2A272;5G;2026-03-19T15:15:24;02A2750170;23;16;74;Cacciabello;Hameau de Cacciabello;;;20100;2A272;"41.599722222222226 , 8.9275";41°35'59''N 8°55'39''E;Techniquement opérationnel
66689;BOUYGUES TELECOM;774659;GSM 900;2017-05-04;02A;2A272;2G;2026-03-19T15:15:24;02A2750170;23;16;74;Cacciabello;Hameau de Cacciabello;;;20100;2A272;"41.599722222222226 , 8.9275";41°35'59''N 8°55'39''E;En service
66690;BOUYGUES TELECOM;774659;LTE 1800;2023-05-24;02A;2A272;4G;2026-03-19T15:15:24;02A2750170;23;16;74;Cacciabello;Hameau de Cacciabello;;;20100;2A272;"41.599722222222226 , 8.9275";41°35'59''N 8°55'39''E;En service
66691;BOUYGUES TELECOM;774659;LTE 2100;2023-05-24;02A;2A272;4G;2026-03-19T15:15:24;02A2750170;23;16;74;Cacciabello;Hameau de Cacciabello;;;20100;2A272;"41.599722222222226 , 8.9275";41°35'59''N 8°55'39''E;En service
66692;BOUYGUES TELECOM;774659;LTE 800;2017-05-04;02A;2A272;4G;2026-03-19T15:15:24;02A2750170;23;16;74;Cacciabello;Hameau de Cacciabello;;;20100;2A272;"41.599722222222226 , 8.9275";41°35'59''N 8°55'39''E;En service
66693;BOUYGUES TELECOM;774659;UMTS 900;2017-05-04;02A;2A272;3G;2026-03-19T15:15:24;02A2750170;23;16;74;Cacciabello;Hameau de Cacciabello;;;20100;2A272;"41.599722222222226 , 8.9275";41°35'59''N 8°55'39''E;En service
66694;BOUYGUES TELECOM;774669;5G NR 2100;2024-09-27;02A;2A288;5G;2026-03-19T15:15:24;02A2750198;23;"22,6";72;PietraLonga-Salvini;Réservoir de PietraLonga-Salvini;;;20146;2A288;"41.50833333333333 , 9.235";41°30'30''N 9°14'6''E;Techniquement opérationnel
66695;BOUYGUES TELECOM;774669;5G NR 3500;2024-09-27;02A;2A288;5G;2026-03-19T15:15:24;02A2750198;23;"22,6";72;PietraLonga-Salvini;Réservoir de PietraLonga-Salvini;;;20146;2A288;"41.50833333333333 , 9.235";41°30'30''N 9°14'6''E;Techniquement opérationnel
66696;BOUYGUES TELECOM;774669;GSM 900;2016-10-31;02A;2A288;2G;2026-03-19T15:15:24;02A2750198;23;"22,6";72;PietraLonga-Salvini;Réservoir de PietraLonga-Salvini;;;20146;2A288;"41.50833333333333 , 9.235";41°30'30''N 9°14'6''E;En service
66697;BOUYGUES TELECOM;774669;LTE 1800;2016-10-31;02A;2A288;4G;2026-03-19T15:15:24;02A2750198;23;"22,6";72;PietraLonga-Salvini;Réservoir de PietraLonga-Salvini;;;20146;2A288;"41.50833333333333 , 9.235";41°30'30''N 9°14'6''E;En service
66698;BOUYGUES TELECOM;774669;LTE 2100;2022-02-16;02A;2A288;4G;2026-03-19T15:15:24;02A2750198;23;"22,6";72;PietraLonga-Salvini;Réservoir de PietraLonga-Salvini;;;20146;2A288;"41.50833333333333 , 9.235";41°30'30''N 9°14'6''E;En service
66699;BOUYGUES TELECOM;774669;LTE 2600;2019-06-21;02A;2A288;4G;2026-03-19T15:15:24;02A2750198;23;"22,6";72;PietraLonga-Salvini;Réservoir de PietraLonga-Salvini;;;20146;2A288;"41.50833333333333 , 9.235";41°30'30''N 9°14'6''E;En service
66700;BOUYGUES TELECOM;774669;LTE 700;2024-09-27;02A;2A288;4G;2026-03-19T15:15:24;02A2750198;23;"22,6";72;PietraLonga-Salvini;Réservoir de PietraLonga-Salvini;;;20146;2A288;"41.50833333333333 , 9.235";41°30'30''N 9°14'6''E;En service
66701;BOUYGUES TELECOM;774669;LTE 800;2016-10-31;02A;2A288;4G;2026-03-19T15:15:24;02A2750198;23;"22,6";72;PietraLonga-Salvini;Réservoir de PietraLonga-Salvini;;;20146;2A288;"41.50833333333333 , 9.235";41°30'30''N 9°14'6''E;En service
66702;BOUYGUES TELECOM;774669;UMTS 900;2016-10-31;02A;2A288;3G;2026-03-19T15:15:24;02A2750198;23;"22,6";72;PietraLonga-Salvini;Réservoir de PietraLonga-Salvini;;;20146;2A288;"41.50833333333333 , 9.235";41°30'30''N 9°14'6''E;En service
66703;BOUYGUES TELECOM;774712;5G NR 2100;;02A;2A004;5G;2026-03-19T15:15:24;02A2750149;17;25;9;;18 Bd Danielle Casanova;;;20000;2A004;"41.916666666666664 , 8.738888888888889";41°55'0''N 8°44'20''E;Projet approuvé
66704;BOUYGUES TELECOM;774712;5G NR 3500;;02A;2A004;5G;2026-03-19T15:15:24;02A2750149;17;25;9;;18 Bd Danielle Casanova;;;20000;2A004;"41.916666666666664 , 8.738888888888889";41°55'0''N 8°44'20''E;Projet approuvé
66705;BOUYGUES TELECOM;774712;GSM 900;2018-05-30;02A;2A004;2G;2026-03-19T15:15:24;02A2750149;17;25;9;;18 Bd Danielle Casanova;;;20000;2A004;"41.916666666666664 , 8.738888888888889";41°55'0''N 8°44'20''E;En service
66706;BOUYGUES TELECOM;774712;LTE 1800;2016-04-25;02A;2A004;4G;2026-03-19T15:15:24;02A2750149;17;25;9;;18 Bd Danielle Casanova;;;20000;2A004;"41.916666666666664 , 8.738888888888889";41°55'0''N 8°44'20''E;En service
66707;BOUYGUES TELECOM;774712;LTE 2100;2022-02-16;02A;2A004;4G;2026-03-19T15:15:24;02A2750149;17;25;9;;18 Bd Danielle Casanova;;;20000;2A004;"41.916666666666664 , 8.738888888888889";41°55'0''N 8°44'20''E;En service
66708;BOUYGUES TELECOM;774712;LTE 2600;2018-12-10;02A;2A004;4G;2026-03-19T15:15:24;02A2750149;17;25;9;;18 Bd Danielle Casanova;;;20000;2A004;"41.916666666666664 , 8.738888888888889";41°55'0''N 8°44'20''E;En service
66709;BOUYGUES TELECOM;774712;LTE 700;;02A;2A004;4G;2026-03-19T15:15:24;02A2750149;17;25;9;;18 Bd Danielle Casanova;;;20000;2A004;"41.916666666666664 , 8.738888888888889";41°55'0''N 8°44'20''E;Projet approuvé
66710;BOUYGUES TELECOM;774712;LTE 800;2016-04-25;02A;2A004;4G;2026-03-19T15:15:24;02A2750149;17;25;9;;18 Bd Danielle Casanova;;;20000;2A004;"41.916666666666664 , 8.738888888888889";41°55'0''N 8°44'20''E;En service
66711;BOUYGUES TELECOM;774712;UMTS 900;2019-05-27;02A;2A004;3G;2026-03-19T15:15:24;02A2750149;17;25;9;;18 Bd Danielle Casanova;;;20000;2A004;"41.916666666666664 , 8.738888888888889";41°55'0''N 8°44'20''E;En service
66777;BOUYGUES TELECOM;775275;5G NR 2100;2022-07-28;02A;2A357;5G;2026-03-19T15:15:24;02A2750069;23;24;32;BOCA DI A TANA;;StationTDF;;20116;2A357;"41.763333333333335 , 9.042777777777777";41°45'48''N 9°2'34''E;Techniquement opérationnel
66778;BOUYGUES TELECOM;775275;GSM 900;2001-01-03;02A;2A357;2G;2026-03-19T15:15:24;02A2750069;23;24;32;BOCA DI A TANA;;StationTDF;;20116;2A357;"41.763333333333335 , 9.042777777777777";41°45'48''N 9°2'34''E;En service
66779;BOUYGUES TELECOM;775275;LTE 1800;2021-08-31;02A;2A357;4G;2026-03-19T15:15:24;02A2750069;23;24;32;BOCA DI A TANA;;StationTDF;;20116;2A357;"41.763333333333335 , 9.042777777777777";41°45'48''N 9°2'34''E;En service
66780;BOUYGUES TELECOM;775275;LTE 2100;2021-08-31;02A;2A357;4G;2026-03-19T15:15:24;02A2750069;23;24;32;BOCA DI A TANA;;StationTDF;;20116;2A357;"41.763333333333335 , 9.042777777777777";41°45'48''N 9°2'34''E;En service
66781;BOUYGUES TELECOM;775275;LTE 2600;2023-08-09;02A;2A357;4G;2026-03-19T15:15:24;02A2750069;23;24;32;BOCA DI A TANA;;StationTDF;;20116;2A357;"41.763333333333335 , 9.042777777777777";41°45'48''N 9°2'34''E;En service
66782;BOUYGUES TELECOM;775275;LTE 800;2016-10-27;02A;2A357;4G;2026-03-19T15:15:24;02A2750069;23;24;32;BOCA DI A TANA;;StationTDF;;20116;2A357;"41.763333333333335 , 9.042777777777777";41°45'48''N 9°2'34''E;En service
66783;BOUYGUES TELECOM;775275;UMTS 900;2016-10-27;02A;2A357;3G;2026-03-19T15:15:24;02A2750069;23;24;32;BOCA DI A TANA;;StationTDF;;20116;2A357;"41.763333333333335 , 9.042777777777777";41°45'48''N 9°2'34''E;En service
66875;BOUYGUES TELECOM;776421;5G NR 2100;2022-12-28;02A;2A247;5G;2026-03-19T15:15:24;02A2750181;39;"9,5";27;Bocca di l'oru;;;;20137;2A247;"41.546388888888885 , 9.295555555555556";41°32'47''N 9°17'44''E;Techniquement opérationnel
66876;BOUYGUES TELECOM;776421;5G NR 3500;2022-12-28;02A;2A247;5G;2026-03-19T15:15:24;02A2750181;39;"9,5";27;Bocca di l'oru;;;;20137;2A247;"41.546388888888885 , 9.295555555555556";41°32'47''N 9°17'44''E;Techniquement opérationnel
66877;BOUYGUES TELECOM;776421;GSM 900;2016-10-27;02A;2A247;2G;2026-03-19T15:15:24;02A2750181;39;"9,5";27;Bocca di l'oru;;;;20137;2A247;"41.546388888888885 , 9.295555555555556";41°32'47''N 9°17'44''E;En service
66878;BOUYGUES TELECOM;776421;LTE 1800;2016-10-27;02A;2A247;4G;2026-03-19T15:15:24;02A2750181;39;"9,5";27;Bocca di l'oru;;;;20137;2A247;"41.546388888888885 , 9.295555555555556";41°32'47''N 9°17'44''E;En service
66879;BOUYGUES TELECOM;776421;LTE 2100;2020-06-05;02A;2A247;4G;2026-03-19T15:15:24;02A2750181;39;"9,5";27;Bocca di l'oru;;;;20137;2A247;"41.546388888888885 , 9.295555555555556";41°32'47''N 9°17'44''E;En service
66880;BOUYGUES TELECOM;776421;LTE 2600;2019-01-11;02A;2A247;4G;2026-03-19T15:15:24;02A2750181;39;"9,5";27;Bocca di l'oru;;;;20137;2A247;"41.546388888888885 , 9.295555555555556";41°32'47''N 9°17'44''E;En service
66881;BOUYGUES TELECOM;776421;LTE 700;2022-12-28;02A;2A247;4G;2026-03-19T15:15:24;02A2750181;39;"9,5";27;Bocca di l'oru;;;;20137;2A247;"41.546388888888885 , 9.295555555555556";41°32'47''N 9°17'44''E;En service
66882;BOUYGUES TELECOM;776421;LTE 800;2016-10-27;02A;2A247;4G;2026-03-19T15:15:24;02A2750181;39;"9,5";27;Bocca di l'oru;;;;20137;2A247;"41.546388888888885 , 9.295555555555556";41°32'47''N 9°17'44''E;En service
66883;BOUYGUES TELECOM;776421;UMTS 900;2016-10-27;02A;2A247;3G;2026-03-19T15:15:24;02A2750181;39;"9,5";27;Bocca di l'oru;;;;20137;2A247;"41.546388888888885 , 9.295555555555556";41°32'47''N 9°17'44''E;En service
67996;BOUYGUES TELECOM;785242;GSM 900;2017-01-11;02A;2A211;2G;2026-03-19T15:15:24;02A2750195;23;20;74;Santa Barbara;;;;20140;2A211;"41.785555555555554 , 8.973333333333333";41°47'8''N 8°58'24''E;En service
67997;BOUYGUES TELECOM;785242;LTE 800;2017-01-11;02A;2A211;4G;2026-03-19T15:15:24;02A2750195;23;20;74;Santa Barbara;;;;20140;2A211;"41.785555555555554 , 8.973333333333333";41°47'8''N 8°58'24''E;En service
67998;BOUYGUES TELECOM;785242;UMTS 900;2017-01-11;02A;2A211;3G;2026-03-19T15:15:24;02A2750195;23;20;74;Santa Barbara;;;;20140;2A211;"41.785555555555554 , 8.973333333333333";41°47'8''N 8°58'24''E;En service
74485;BOUYGUES TELECOM;829166;5G NR 2100;2022-07-28;02A;2A004;5G;2026-03-19T15:15:24;02A2750001;38;59;9;;9 AV DE LA LIBERATION;IMM LE BELVEDERE;;20000;2A004;"41.92111111111111 , 8.730555555555556";41°55'16''N 8°43'50''E;Techniquement opérationnel
74486;BOUYGUES TELECOM;829166;5G NR 3500;2023-08-02;02A;2A004;5G;2026-03-19T15:15:24;02A2750001;38;59;9;;9 AV DE LA LIBERATION;IMM LE BELVEDERE;;20000;2A004;"41.92111111111111 , 8.730555555555556";41°55'16''N 8°43'50''E;Techniquement opérationnel
74487;BOUYGUES TELECOM;829166;GSM 900;1998-07-01;02A;2A004;2G;2026-03-19T15:15:24;02A2750001;38;59;9;;9 AV DE LA LIBERATION;IMM LE BELVEDERE;;20000;2A004;"41.92111111111111 , 8.730555555555556";41°55'16''N 8°43'50''E;En service
74488;BOUYGUES TELECOM;829166;LTE 1800;2013-10-01;02A;2A004;4G;2026-03-19T15:15:24;02A2750001;38;59;9;;9 AV DE LA LIBERATION;IMM LE BELVEDERE;;20000;2A004;"41.92111111111111 , 8.730555555555556";41°55'16''N 8°43'50''E;En service
74489;BOUYGUES TELECOM;829166;LTE 2100;2021-09-29;02A;2A004;4G;2026-03-19T15:15:24;02A2750001;38;59;9;;9 AV DE LA LIBERATION;IMM LE BELVEDERE;;20000;2A004;"41.92111111111111 , 8.730555555555556";41°55'16''N 8°43'50''E;En service
74490;BOUYGUES TELECOM;829166;LTE 2600;2018-10-26;02A;2A004;4G;2026-03-19T15:15:24;02A2750001;38;59;9;;9 AV DE LA LIBERATION;IMM LE BELVEDERE;;20000;2A004;"41.92111111111111 , 8.730555555555556";41°55'16''N 8°43'50''E;En service
74491;BOUYGUES TELECOM;829166;LTE 700;2023-08-02;02A;2A004;4G;2026-03-19T15:15:24;02A2750001;38;59;9;;9 AV DE LA LIBERATION;IMM LE BELVEDERE;;20000;2A004;"41.92111111111111 , 8.730555555555556";41°55'16''N 8°43'50''E;En service
74492;BOUYGUES TELECOM;829166;LTE 800;2016-09-21;02A;2A004;4G;2026-03-19T15:15:24;02A2750001;38;59;9;;9 AV DE LA LIBERATION;IMM LE BELVEDERE;;20000;2A004;"41.92111111111111 , 8.730555555555556";41°55'16''N 8°43'50''E;En service
74493;BOUYGUES TELECOM;829166;UMTS 900;2016-09-21;02A;2A004;3G;2026-03-19T15:15:24;02A2750001;38;59;9;;9 AV DE LA LIBERATION;IMM LE BELVEDERE;;20000;2A004;"41.92111111111111 , 8.730555555555556";41°55'16''N 8°43'50''E;En service
74494;BOUYGUES TELECOM;829193;LTE 700;2022-07-06;02A;2A100;4G;2026-03-19T15:15:24;02A2750068;23;41;32;COL DE SEVI;TDF EVISA;;;20126;2A100;"42.22555555555556 , 8.82638888888889";42°13'32''N 8°49'35''E;En service
74495;BOUYGUES TELECOM;829193;LTE 800;2021-01-26;02A;2A100;4G;2026-03-19T15:15:24;02A2750068;23;41;32;COL DE SEVI;TDF EVISA;;;20126;2A100;"42.22555555555556 , 8.82638888888889";42°13'32''N 8°49'35''E;En service
74496;BOUYGUES TELECOM;829193;UMTS 900;2019-08-26;02A;2A100;3G;2026-03-19T15:15:24;02A2750068;23;41;32;COL DE SEVI;TDF EVISA;;;20126;2A100;"42.22555555555556 , 8.82638888888889";42°13'32''N 8°49'35''E;En service
74497;BOUYGUES TELECOM;829202;5G NR 2100;;02A;2A118;5G;2026-03-19T15:15:24;02A2750115;23;45;32;PUNTA SAVAZIGLIA;;;;20143;2A118;"41.68194444444444 , 8.9675";41°40'55''N 8°58'3''E;Projet approuvé
74498;BOUYGUES TELECOM;829202;GSM 900;2018-06-26;02A;2A118;2G;2026-03-19T15:15:24;02A2750115;23;45;32;PUNTA SAVAZIGLIA;;;;20143;2A118;"41.68194444444444 , 8.9675";41°40'55''N 8°58'3''E;En service
74499;BOUYGUES TELECOM;829202;LTE 1800;2022-02-16;02A;2A118;4G;2026-03-19T15:15:24;02A2750115;23;45;32;PUNTA SAVAZIGLIA;;;;20143;2A118;"41.68194444444444 , 8.9675";41°40'55''N 8°58'3''E;En service
74500;BOUYGUES TELECOM;829202;LTE 2100;;02A;2A118;4G;2026-03-19T15:15:24;02A2750115;23;45;32;PUNTA SAVAZIGLIA;;;;20143;2A118;"41.68194444444444 , 8.9675";41°40'55''N 8°58'3''E;Projet approuvé
74501;BOUYGUES TELECOM;829202;LTE 700;2024-08-19;02A;2A118;4G;2026-03-19T15:15:24;02A2750115;23;45;32;PUNTA SAVAZIGLIA;;;;20143;2A118;"41.68194444444444 , 8.9675";41°40'55''N 8°58'3''E;En service
74502;BOUYGUES TELECOM;829202;LTE 800;2018-06-26;02A;2A118;4G;2026-03-19T15:15:24;02A2750115;23;45;32;PUNTA SAVAZIGLIA;;;;20143;2A118;"41.68194444444444 , 8.9675";41°40'55''N 8°58'3''E;En service
74503;BOUYGUES TELECOM;829202;UMTS 900;2018-06-26;02A;2A118;3G;2026-03-19T15:15:24;02A2750115;23;45;32;PUNTA SAVAZIGLIA;;;;20143;2A118;"41.68194444444444 , 8.9675";41°40'55''N 8°58'3''E;En service
78526;BOUYGUES TELECOM;859322;5G NR 2100;2024-07-04;02A;2A017;5G;2026-03-19T15:15:24;02A2750218;23;14;32;;Chapelle San Chirgu;;;20167;2A017;"42.01027777777778 , 8.769166666666667";42°0'37''N 8°46'9''E;Techniquement opérationnel
78527;BOUYGUES TELECOM;859322;GSM 900;2023-06-13;02A;2A017;2G;2026-03-19T15:15:24;02A2750218;23;14;32;;Chapelle San Chirgu;;;20167;2A017;"42.01027777777778 , 8.769166666666667";42°0'37''N 8°46'9''E;En service
78528;BOUYGUES TELECOM;859322;LTE 1800;2023-06-13;02A;2A017;4G;2026-03-19T15:15:24;02A2750218;23;14;32;;Chapelle San Chirgu;;;20167;2A017;"42.01027777777778 , 8.769166666666667";42°0'37''N 8°46'9''E;En service
78529;BOUYGUES TELECOM;859322;LTE 2100;2024-07-04;02A;2A017;4G;2026-03-19T15:15:24;02A2750218;23;14;32;;Chapelle San Chirgu;;;20167;2A017;"42.01027777777778 , 8.769166666666667";42°0'37''N 8°46'9''E;En service
78530;BOUYGUES TELECOM;859322;LTE 2600;2024-07-04;02A;2A017;4G;2026-03-19T15:15:24;02A2750218;23;14;32;;Chapelle San Chirgu;;;20167;2A017;"42.01027777777778 , 8.769166666666667";42°0'37''N 8°46'9''E;En service
78531;BOUYGUES TELECOM;859322;LTE 700;2024-07-04;02A;2A017;4G;2026-03-19T15:15:24;02A2750218;23;14;32;;Chapelle San Chirgu;;;20167;2A017;"42.01027777777778 , 8.769166666666667";42°0'37''N 8°46'9''E;En service
78532;BOUYGUES TELECOM;859322;LTE 800;2023-06-13;02A;2A017;4G;2026-03-19T15:15:24;02A2750218;23;14;32;;Chapelle San Chirgu;;;20167;2A017;"42.01027777777778 , 8.769166666666667";42°0'37''N 8°46'9''E;En service
78533;BOUYGUES TELECOM;859322;UMTS 900;2023-06-13;02A;2A017;3G;2026-03-19T15:15:24;02A2750218;23;14;32;;Chapelle San Chirgu;;;20167;2A017;"42.01027777777778 , 8.769166666666667";42°0'37''N 8°46'9''E;En service
85213;BOUYGUES TELECOM;1405513;LTE 700;2023-05-24;02A;2A363;4G;2026-03-19T15:15:24;02A2750204;23;22;32;Cherchiaja;Chemin communal ;Réservoir d'eau;;20112;2A363;"41.715 , 9.070277777777777";41°42'54''N 9°4'13''E;En service
85214;BOUYGUES TELECOM;1405513;LTE 800;2023-04-20;02A;2A363;4G;2026-03-19T15:15:24;02A2750204;23;22;32;Cherchiaja;Chemin communal ;Réservoir d'eau;;20112;2A363;"41.715 , 9.070277777777777";41°42'54''N 9°4'13''E;En service
85215;BOUYGUES TELECOM;1405513;UMTS 900;2016-09-07;02A;2A363;3G;2026-03-19T15:15:24;02A2750204;23;22;32;Cherchiaja;Chemin communal ;Réservoir d'eau;;20112;2A363;"41.715 , 9.070277777777777";41°42'54''N 9°4'13''E;En service
88729;BOUYGUES TELECOM;1463977;5G NR 2100;;02A;2A271;5G;2026-03-19T15:15:24;02A2750159;23;"22,5";74;Colombina;Route des Vignes;;;20167;2A271;"41.967222222222226 , 8.810833333333335";41°58'2''N 8°48'39''E;Projet approuvé
88730;BOUYGUES TELECOM;1463977;GSM 900;2016-12-20;02A;2A271;2G;2026-03-19T15:15:24;02A2750159;23;"22,5";74;Colombina;Route des Vignes;;;20167;2A271;"41.967222222222226 , 8.810833333333335";41°58'2''N 8°48'39''E;En service
88731;BOUYGUES TELECOM;1463977;LTE 1800;2021-10-11;02A;2A271;4G;2026-03-19T15:15:24;02A2750159;23;"22,5";74;Colombina;Route des Vignes;;;20167;2A271;"41.967222222222226 , 8.810833333333335";41°58'2''N 8°48'39''E;En service
88732;BOUYGUES TELECOM;1463977;LTE 2100;;02A;2A271;4G;2026-03-19T15:15:24;02A2750159;23;"22,5";74;Colombina;Route des Vignes;;;20167;2A271;"41.967222222222226 , 8.810833333333335";41°58'2''N 8°48'39''E;Projet approuvé
88733;BOUYGUES TELECOM;1463977;LTE 700;;02A;2A271;4G;2026-03-19T15:15:24;02A2750159;23;"22,5";74;Colombina;Route des Vignes;;;20167;2A271;"41.967222222222226 , 8.810833333333335";41°58'2''N 8°48'39''E;Projet approuvé
721167;SFR;1676337;5G NR 2100;2024-05-17;02A;2A127;5G;2026-03-19T15:15:24;02A2700078;23;"21,5";72;Acquella;RTE RVOIR DE GIUNCHETTO;;;20100;2A127;"41.58972222222222 , 8.9575";41°35'23''N 8°57'27''E;Techniquement opérationnel
721168;SFR;1676337;GSM 900;2005-04-22;02A;2A127;2G;2026-03-19T15:15:24;02A2700078;23;"21,5";72;Acquella;RTE RVOIR DE GIUNCHETTO;;;20100;2A127;"41.58972222222222 , 8.9575";41°35'23''N 8°57'27''E;En service
721169;SFR;1676337;LTE 1800;2020-11-09;02A;2A127;4G;2026-03-19T15:15:24;02A2700078;23;"21,5";72;Acquella;RTE RVOIR DE GIUNCHETTO;;;20100;2A127;"41.58972222222222 , 8.9575";41°35'23''N 8°57'27''E;En service
721170;SFR;1676337;LTE 2100;2020-11-09;02A;2A127;4G;2026-03-19T15:15:24;02A2700078;23;"21,5";72;Acquella;RTE RVOIR DE GIUNCHETTO;;;20100;2A127;"41.58972222222222 , 8.9575";41°35'23''N 8°57'27''E;En service
721171;SFR;1676337;LTE 700;2024-05-17;02A;2A127;4G;2026-03-19T15:15:24;02A2700078;23;"21,5";72;Acquella;RTE RVOIR DE GIUNCHETTO;;;20100;2A127;"41.58972222222222 , 8.9575";41°35'23''N 8°57'27''E;En service
721172;SFR;1676337;LTE 800;2020-11-09;02A;2A127;4G;2026-03-19T15:15:24;02A2700078;23;"21,5";72;Acquella;RTE RVOIR DE GIUNCHETTO;;;20100;2A127;"41.58972222222222 , 8.9575";41°35'23''N 8°57'27''E;En service
721173;SFR;1676337;UMTS 900;2017-04-12;02A;2A127;3G;2026-03-19T15:15:24;02A2700078;23;"21,5";72;Acquella;RTE RVOIR DE GIUNCHETTO;;;20100;2A127;"41.58972222222222 , 8.9575";41°35'23''N 8°57'27''E;En service
721183;SFR;1676351;GSM 900;2002-07-29;02A;2A308;2G;2026-03-19T15:15:24;02A2700220;23;17;72;Monte Piane Maggiore;CASTAGNETO SANT'ANDREA;;;20112;2A308;"41.69944444444444 , 9.068333333333333";41°41'58''N 9°4'6''E;En service
721184;SFR;1676351;LTE 1800;2023-04-14;02A;2A308;4G;2026-03-19T15:15:24;02A2700220;23;17;72;Monte Piane Maggiore;CASTAGNETO SANT'ANDREA;;;20112;2A308;"41.69944444444444 , 9.068333333333333";41°41'58''N 9°4'6''E;En service
721185;SFR;1676351;LTE 2100;2020-04-08;02A;2A308;4G;2026-03-19T15:15:24;02A2700220;23;17;72;Monte Piane Maggiore;CASTAGNETO SANT'ANDREA;;;20112;2A308;"41.69944444444444 , 9.068333333333333";41°41'58''N 9°4'6''E;En service
721186;SFR;1676351;LTE 2600;2018-12-12;02A;2A308;4G;2026-03-19T15:15:24;02A2700220;23;17;72;Monte Piane Maggiore;CASTAGNETO SANT'ANDREA;;;20112;2A308;"41.69944444444444 , 9.068333333333333";41°41'58''N 9°4'6''E;En service
721187;SFR;1676351;LTE 800;2016-06-27;02A;2A308;4G;2026-03-19T15:15:24;02A2700220;23;17;72;Monte Piane Maggiore;CASTAGNETO SANT'ANDREA;;;20112;2A308;"41.69944444444444 , 9.068333333333333";41°41'58''N 9°4'6''E;En service
721188;SFR;1676351;UMTS 900;2015-07-01;02A;2A308;3G;2026-03-19T15:15:24;02A2700220;23;17;72;Monte Piane Maggiore;CASTAGNETO SANT'ANDREA;;;20112;2A308;"41.69944444444444 , 9.068333333333333";41°41'58''N 9°4'6''E;En service
721217;SFR;1676419;5G NR 2100;2021-12-07;02A;2A249;5G;2026-03-19T15:15:24;02A2700104;23;15;72;Turicciola;RESIDENCE LES HAMEAUX;;;20110;2A249;"41.666666666666664 , 8.908611111111112";41°40'0''N 8°54'31''E;Techniquement opérationnel
721218;SFR;1676419;5G NR 3500;2022-06-14;02A;2A249;5G;2026-03-19T15:15:24;02A2700104;23;15;72;Turicciola;RESIDENCE LES HAMEAUX;;;20110;2A249;"41.666666666666664 , 8.908611111111112";41°40'0''N 8°54'31''E;Techniquement opérationnel
721219;SFR;1676419;GSM 900;2004-06-17;02A;2A249;2G;2026-03-19T15:15:24;02A2700104;23;15;72;Turicciola;RESIDENCE LES HAMEAUX;;;20110;2A249;"41.666666666666664 , 8.908611111111112";41°40'0''N 8°54'31''E;En service
721220;SFR;1676419;LTE 1800;2016-06-30;02A;2A249;4G;2026-03-19T15:15:24;02A2700104;23;15;72;Turicciola;RESIDENCE LES HAMEAUX;;;20110;2A249;"41.666666666666664 , 8.908611111111112";41°40'0''N 8°54'31''E;En service
721221;SFR;1676419;LTE 2100;2020-06-19;02A;2A249;4G;2026-03-19T15:15:24;02A2700104;23;15;72;Turicciola;RESIDENCE LES HAMEAUX;;;20110;2A249;"41.666666666666664 , 8.908611111111112";41°40'0''N 8°54'31''E;En service
721222;SFR;1676419;LTE 2600;2019-10-14;02A;2A249;4G;2026-03-19T15:15:24;02A2700104;23;15;72;Turicciola;RESIDENCE LES HAMEAUX;;;20110;2A249;"41.666666666666664 , 8.908611111111112";41°40'0''N 8°54'31''E;En service
721223;SFR;1676419;LTE 700;2022-06-14;02A;2A249;4G;2026-03-19T15:15:24;02A2700104;23;15;72;Turicciola;RESIDENCE LES HAMEAUX;;;20110;2A249;"41.666666666666664 , 8.908611111111112";41°40'0''N 8°54'31''E;En service
721224;SFR;1676419;LTE 800;2016-06-20;02A;2A249;4G;2026-03-19T15:15:24;02A2700104;23;15;72;Turicciola;RESIDENCE LES HAMEAUX;;;20110;2A249;"41.666666666666664 , 8.908611111111112";41°40'0''N 8°54'31''E;En service
721225;SFR;1676419;UMTS 900;2016-07-22;02A;2A249;3G;2026-03-19T15:15:24;02A2700104;23;15;72;Turicciola;RESIDENCE LES HAMEAUX;;;20110;2A249;"41.666666666666664 , 8.908611111111112";41°40'0''N 8°54'31''E;En service
721244;SFR;1677017;5G NR 2100;2021-05-21;02A;2A247;5G;2026-03-19T15:15:24;02A2700105;23;22;72;;rte de l'ospelade;Quartier Poretta;;20137;2A247;"41.60138888888889 , 9.2725";41°36'5''N 9°16'21''E;Techniquement opérationnel
721245;SFR;1677017;5G NR 3500;2024-12-10;02A;2A247;5G;2026-03-19T15:15:24;02A2700105;23;22;72;;rte de l'ospelade;Quartier Poretta;;20137;2A247;"41.60138888888889 , 9.2725";41°36'5''N 9°16'21''E;Techniquement opérationnel
721246;SFR;1677017;GSM 900;2000-08-23;02A;2A247;2G;2026-03-19T15:15:24;02A2700105;23;22;72;;rte de l'ospelade;Quartier Poretta;;20137;2A247;"41.60138888888889 , 9.2725";41°36'5''N 9°16'21''E;En service
721247;SFR;1677017;LTE 1800;2016-07-21;02A;2A247;4G;2026-03-19T15:15:24;02A2700105;23;22;72;;rte de l'ospelade;Quartier Poretta;;20137;2A247;"41.60138888888889 , 9.2725";41°36'5''N 9°16'21''E;En service
721248;SFR;1677017;LTE 2100;2019-07-12;02A;2A247;4G;2026-03-19T15:15:24;02A2700105;23;22;72;;rte de l'ospelade;Quartier Poretta;;20137;2A247;"41.60138888888889 , 9.2725";41°36'5''N 9°16'21''E;En service
721249;SFR;1677017;LTE 2600;2019-02-01;02A;2A247;4G;2026-03-19T15:15:24;02A2700105;23;22;72;;rte de l'ospelade;Quartier Poretta;;20137;2A247;"41.60138888888889 , 9.2725";41°36'5''N 9°16'21''E;En service
721250;SFR;1677017;LTE 700;2023-07-26;02A;2A247;4G;2026-03-19T15:15:24;02A2700105;23;22;72;;rte de l'ospelade;Quartier Poretta;;20137;2A247;"41.60138888888889 , 9.2725";41°36'5''N 9°16'21''E;En service
721251;SFR;1677017;LTE 800;2016-07-07;02A;2A247;4G;2026-03-19T15:15:24;02A2700105;23;22;72;;rte de l'ospelade;Quartier Poretta;;20137;2A247;"41.60138888888889 , 9.2725";41°36'5''N 9°16'21''E;En service
721252;SFR;1677017;UMTS 900;2016-07-07;02A;2A247;3G;2026-03-19T15:15:24;02A2700105;23;22;72;;rte de l'ospelade;Quartier Poretta;;20137;2A247;"41.60138888888889 , 9.2725";41°36'5''N 9°16'21''E;En service
721253;SFR;1677021;5G NR 2100;2021-12-21;02A;2A247;5G;2026-03-19T15:15:24;02A2700011;26;25;72;Chiarella;;;;20137;2A247;"41.651666666666664 , 9.191944444444445";41°39'6''N 9°11'31''E;Techniquement opérationnel
721254;SFR;1677021;5G NR 3500;2024-12-11;02A;2A247;5G;2026-03-19T15:15:24;02A2700011;26;25;72;Chiarella;;;;20137;2A247;"41.651666666666664 , 9.191944444444445";41°39'6''N 9°11'31''E;Techniquement opérationnel
721255;SFR;1677021;GSM 900;2002-01-04;02A;2A247;2G;2026-03-19T15:15:24;02A2700011;26;25;72;Chiarella;;;;20137;2A247;"41.651666666666664 , 9.191944444444445";41°39'6''N 9°11'31''E;En service
721256;SFR;1677021;LTE 1800;2016-07-21;02A;2A247;4G;2026-03-19T15:15:24;02A2700011;26;25;72;Chiarella;;;;20137;2A247;"41.651666666666664 , 9.191944444444445";41°39'6''N 9°11'31''E;En service
721257;SFR;1677021;LTE 2100;2020-06-02;02A;2A247;4G;2026-03-19T15:15:24;02A2700011;26;25;72;Chiarella;;;;20137;2A247;"41.651666666666664 , 9.191944444444445";41°39'6''N 9°11'31''E;En service
721258;SFR;1677021;LTE 2600;2020-06-02;02A;2A247;4G;2026-03-19T15:15:24;02A2700011;26;25;72;Chiarella;;;;20137;2A247;"41.651666666666664 , 9.191944444444445";41°39'6''N 9°11'31''E;En service
721259;SFR;1677021;LTE 700;2024-12-11;02A;2A247;4G;2026-03-19T15:15:24;02A2700011;26;25;72;Chiarella;;;;20137;2A247;"41.651666666666664 , 9.191944444444445";41°39'6''N 9°11'31''E;En service
721260;SFR;1677021;LTE 800;2016-07-05;02A;2A247;4G;2026-03-19T15:15:24;02A2700011;26;25;72;Chiarella;;;;20137;2A247;"41.651666666666664 , 9.191944444444445";41°39'6''N 9°11'31''E;En service
721261;SFR;1677021;UMTS 900;2016-07-29;02A;2A247;3G;2026-03-19T15:15:24;02A2700011;26;25;72;Chiarella;;;;20137;2A247;"41.651666666666664 , 9.191944444444445";41°39'6''N 9°11'31''E;En service
721272;SFR;1677041;5G NR 2100;;02A;2A041;5G;2026-03-19T15:15:24;02A2700062;23;7;72;Gurgazo;L'Epave;;;20169;2A041;"41.40472222222222 , 9.225277777777778";41°24'17''N 9°13'31''E;Projet approuvé
721273;SFR;1677041;5G NR 3500;;02A;2A041;5G;2026-03-19T15:15:24;02A2700062;23;7;72;Gurgazo;L'Epave;;;20169;2A041;"41.40472222222222 , 9.225277777777778";41°24'17''N 9°13'31''E;Projet approuvé
721274;SFR;1677041;GSM 900;2006-11-24;02A;2A041;2G;2026-03-19T15:15:24;02A2700062;23;7;72;Gurgazo;L'Epave;;;20169;2A041;"41.40472222222222 , 9.225277777777778";41°24'17''N 9°13'31''E;En service
721275;SFR;1677041;LTE 1800;2020-07-15;02A;2A041;4G;2026-03-19T15:15:24;02A2700062;23;7;72;Gurgazo;L'Epave;;;20169;2A041;"41.40472222222222 , 9.225277777777778";41°24'17''N 9°13'31''E;En service
721276;SFR;1677041;LTE 2100;2020-07-16;02A;2A041;4G;2026-03-19T15:15:24;02A2700062;23;7;72;Gurgazo;L'Epave;;;20169;2A041;"41.40472222222222 , 9.225277777777778";41°24'17''N 9°13'31''E;En service
721277;SFR;1677041;LTE 2600;2020-07-16;02A;2A041;4G;2026-03-19T15:15:24;02A2700062;23;7;72;Gurgazo;L'Epave;;;20169;2A041;"41.40472222222222 , 9.225277777777778";41°24'17''N 9°13'31''E;En service
721278;SFR;1677041;LTE 700;;02A;2A041;4G;2026-03-19T15:15:24;02A2700062;23;7;72;Gurgazo;L'Epave;;;20169;2A041;"41.40472222222222 , 9.225277777777778";41°24'17''N 9°13'31''E;Projet approuvé
721279;SFR;1677041;LTE 800;2016-12-02;02A;2A041;4G;2026-03-19T15:15:24;02A2700062;23;7;72;Gurgazo;L'Epave;;;20169;2A041;"41.40472222222222 , 9.225277777777778";41°24'17''N 9°13'31''E;En service
721280;SFR;1677041;UMTS 900;2010-12-02;02A;2A041;3G;2026-03-19T15:15:24;02A2700062;23;7;72;Gurgazo;L'Epave;;;20169;2A041;"41.40472222222222 , 9.225277777777778";41°24'17''N 9°13'31''E;En service
721281;SFR;1677047;5G NR 2100;2024-11-14;02A;2A041;5G;2026-03-19T15:15:24;02A2700044;38;22;29;Giovasole;Quai Jérôme Comparetti;Hôtel Solemare;;20169;2A041;"41.38944444444444 , 9.163055555555555";41°23'22''N 9°9'47''E;Techniquement opérationnel
721282;SFR;1677047;5G NR 3500;2024-11-14;02A;2A041;5G;2026-03-19T15:15:24;02A2700044;38;22;29;Giovasole;Quai Jérôme Comparetti;Hôtel Solemare;;20169;2A041;"41.38944444444444 , 9.163055555555555";41°23'22''N 9°9'47''E;Techniquement opérationnel
721283;SFR;1677047;GSM 900;2005-04-22;02A;2A041;2G;2026-03-19T15:15:24;02A2700044;38;22;29;Giovasole;Quai Jérôme Comparetti;Hôtel Solemare;;20169;2A041;"41.38944444444444 , 9.163055555555555";41°23'22''N 9°9'47''E;En service
721284;SFR;1677047;LTE 1800;2017-03-06;02A;2A041;4G;2026-03-19T15:15:24;02A2700044;38;22;29;Giovasole;Quai Jérôme Comparetti;Hôtel Solemare;;20169;2A041;"41.38944444444444 , 9.163055555555555";41°23'22''N 9°9'47''E;En service
721285;SFR;1677047;LTE 2100;2019-11-27;02A;2A041;4G;2026-03-19T15:15:24;02A2700044;38;22;29;Giovasole;Quai Jérôme Comparetti;Hôtel Solemare;;20169;2A041;"41.38944444444444 , 9.163055555555555";41°23'22''N 9°9'47''E;En service
721286;SFR;1677047;LTE 2600;2019-11-27;02A;2A041;4G;2026-03-19T15:15:24;02A2700044;38;22;29;Giovasole;Quai Jérôme Comparetti;Hôtel Solemare;;20169;2A041;"41.38944444444444 , 9.163055555555555";41°23'22''N 9°9'47''E;En service
721287;SFR;1677047;LTE 700;2024-11-14;02A;2A041;4G;2026-03-19T15:15:24;02A2700044;38;22;29;Giovasole;Quai Jérôme Comparetti;Hôtel Solemare;;20169;2A041;"41.38944444444444 , 9.163055555555555";41°23'22''N 9°9'47''E;En service
721288;SFR;1677047;LTE 800;2017-03-03;02A;2A041;4G;2026-03-19T15:15:24;02A2700044;38;22;29;Giovasole;Quai Jérôme Comparetti;Hôtel Solemare;;20169;2A041;"41.38944444444444 , 9.163055555555555";41°23'22''N 9°9'47''E;En service
721289;SFR;1677047;UMTS 900;2017-03-03;02A;2A041;3G;2026-03-19T15:15:24;02A2700044;38;22;29;Giovasole;Quai Jérôme Comparetti;Hôtel Solemare;;20169;2A041;"41.38944444444444 , 9.163055555555555";41°23'22''N 9°9'47''E;En service
721317;SFR;1677759;5G NR 2100;2023-11-29;02A;2A041;5G;2026-03-19T15:15:24;02A2700075;17;7;29;L'insetuni;;;;20169;2A041;"41.43222222222222 , 9.214444444444444";41°25'56''N 9°12'52''E;Techniquement opérationnel
721318;SFR;1677759;5G NR 3500;2023-11-29;02A;2A041;5G;2026-03-19T15:15:24;02A2700075;17;7;29;L'insetuni;;;;20169;2A041;"41.43222222222222 , 9.214444444444444";41°25'56''N 9°12'52''E;Techniquement opérationnel
721319;SFR;1677759;GSM 900;2005-01-21;02A;2A041;2G;2026-03-19T15:15:24;02A2700075;17;7;29;L'insetuni;;;;20169;2A041;"41.43222222222222 , 9.214444444444444";41°25'56''N 9°12'52''E;En service
721320;SFR;1677759;LTE 1800;2017-03-08;02A;2A041;4G;2026-03-19T15:15:24;02A2700075;17;7;29;L'insetuni;;;;20169;2A041;"41.43222222222222 , 9.214444444444444";41°25'56''N 9°12'52''E;En service
721321;SFR;1677759;LTE 2100;2023-11-29;02A;2A041;4G;2026-03-19T15:15:24;02A2700075;17;7;29;L'insetuni;;;;20169;2A041;"41.43222222222222 , 9.214444444444444";41°25'56''N 9°12'52''E;En service
721322;SFR;1677759;LTE 2600;2023-11-29;02A;2A041;4G;2026-03-19T15:15:24;02A2700075;17;7;29;L'insetuni;;;;20169;2A041;"41.43222222222222 , 9.214444444444444";41°25'56''N 9°12'52''E;En service
721323;SFR;1677759;LTE 700;2023-11-29;02A;2A041;4G;2026-03-19T15:15:24;02A2700075;17;7;29;L'insetuni;;;;20169;2A041;"41.43222222222222 , 9.214444444444444";41°25'56''N 9°12'52''E;En service
721324;SFR;1677759;LTE 800;2017-03-08;02A;2A041;4G;2026-03-19T15:15:24;02A2700075;17;7;29;L'insetuni;;;;20169;2A041;"41.43222222222222 , 9.214444444444444";41°25'56''N 9°12'52''E;En service
721325;SFR;1677759;UMTS 900;2010-07-16;02A;2A041;3G;2026-03-19T15:15:24;02A2700075;17;7;29;L'insetuni;;;;20169;2A041;"41.43222222222222 , 9.214444444444444";41°25'56''N 9°12'52''E;En service
721494;SFR;1679074;5G NR 2100;2022-01-28;02A;2A114;5G;2026-03-19T15:15:24;02A2700106;26;"12,7";72;Mufrone;;;;20114;2A114;"41.49777777777778 , 9.124444444444444";41°29'52''N 9°7'28''E;Techniquement opérationnel
721495;SFR;1679074;5G NR 3500;2024-10-10;02A;2A114;5G;2026-03-19T15:15:24;02A2700106;26;"12,7";72;Mufrone;;;;20114;2A114;"41.49777777777778 , 9.124444444444444";41°29'52''N 9°7'28''E;Techniquement opérationnel
721496;SFR;1679074;GSM 900;2007-12-28;02A;2A114;2G;2026-03-19T15:15:24;02A2700106;26;"12,7";72;Mufrone;;;;20114;2A114;"41.49777777777778 , 9.124444444444444";41°29'52''N 9°7'28''E;En service
721497;SFR;1679074;LTE 1800;2019-07-18;02A;2A114;4G;2026-03-19T15:15:24;02A2700106;26;"12,7";72;Mufrone;;;;20114;2A114;"41.49777777777778 , 9.124444444444444";41°29'52''N 9°7'28''E;En service
721498;SFR;1679074;LTE 2100;2020-05-15;02A;2A114;4G;2026-03-19T15:15:24;02A2700106;26;"12,7";72;Mufrone;;;;20114;2A114;"41.49777777777778 , 9.124444444444444";41°29'52''N 9°7'28''E;En service
721499;SFR;1679074;LTE 2600;2019-07-18;02A;2A114;4G;2026-03-19T15:15:24;02A2700106;26;"12,7";72;Mufrone;;;;20114;2A114;"41.49777777777778 , 9.124444444444444";41°29'52''N 9°7'28''E;En service
721500;SFR;1679074;LTE 700;2024-10-10;02A;2A114;4G;2026-03-19T15:15:24;02A2700106;26;"12,7";72;Mufrone;;;;20114;2A114;"41.49777777777778 , 9.124444444444444";41°29'52''N 9°7'28''E;En service
721501;SFR;1679074;LTE 800;2016-09-28;02A;2A114;4G;2026-03-19T15:15:24;02A2700106;26;"12,7";72;Mufrone;;;;20114;2A114;"41.49777777777778 , 9.124444444444444";41°29'52''N 9°7'28''E;En service
721502;SFR;1679074;UMTS 900;2016-09-28;02A;2A114;3G;2026-03-19T15:15:24;02A2700106;26;"12,7";72;Mufrone;;;;20114;2A114;"41.49777777777778 , 9.124444444444444";41°29'52''N 9°7'28''E;En service
723034;SFR;1691473;5G NR 2100;2021-12-21;02A;2A247;5G;2026-03-19T15:15:24;02A2700257;26;12;65;HAMEAU DE TORRA ARGHIOLA;COLONNA D'ISTRIA;;;20137;2A247;"41.64222222222222 , 9.319444444444445";41°38'32''N 9°19'10''E;Techniquement opérationnel
723035;SFR;1691473;5G NR 3500;2024-10-21;02A;2A247;5G;2026-03-19T15:15:24;02A2700257;26;12;65;HAMEAU DE TORRA ARGHIOLA;COLONNA D'ISTRIA;;;20137;2A247;"41.64222222222222 , 9.319444444444445";41°38'32''N 9°19'10''E;Techniquement opérationnel
723036;SFR;1691473;GSM 900;2016-12-21;02A;2A247;2G;2026-03-19T15:15:24;02A2700257;26;12;65;HAMEAU DE TORRA ARGHIOLA;COLONNA D'ISTRIA;;;20137;2A247;"41.64222222222222 , 9.319444444444445";41°38'32''N 9°19'10''E;En service
723037;SFR;1691473;LTE 1800;2016-12-21;02A;2A247;4G;2026-03-19T15:15:24;02A2700257;26;12;65;HAMEAU DE TORRA ARGHIOLA;COLONNA D'ISTRIA;;;20137;2A247;"41.64222222222222 , 9.319444444444445";41°38'32''N 9°19'10''E;En service
723038;SFR;1691473;LTE 2100;2020-05-05;02A;2A247;4G;2026-03-19T15:15:24;02A2700257;26;12;65;HAMEAU DE TORRA ARGHIOLA;COLONNA D'ISTRIA;;;20137;2A247;"41.64222222222222 , 9.319444444444445";41°38'32''N 9°19'10''E;En service
723039;SFR;1691473;LTE 2600;2020-05-05;02A;2A247;4G;2026-03-19T15:15:24;02A2700257;26;12;65;HAMEAU DE TORRA ARGHIOLA;COLONNA D'ISTRIA;;;20137;2A247;"41.64222222222222 , 9.319444444444445";41°38'32''N 9°19'10''E;En service
723040;SFR;1691473;LTE 700;2024-10-21;02A;2A247;4G;2026-03-19T15:15:24;02A2700257;26;12;65;HAMEAU DE TORRA ARGHIOLA;COLONNA D'ISTRIA;;;20137;2A247;"41.64222222222222 , 9.319444444444445";41°38'32''N 9°19'10''E;En service
723041;SFR;1691473;LTE 800;2016-12-21;02A;2A247;4G;2026-03-19T15:15:24;02A2700257;26;12;65;HAMEAU DE TORRA ARGHIOLA;COLONNA D'ISTRIA;;;20137;2A247;"41.64222222222222 , 9.319444444444445";41°38'32''N 9°19'10''E;En service
723042;SFR;1691473;UMTS 900;2016-12-21;02A;2A247;3G;2026-03-19T15:15:24;02A2700257;26;12;65;HAMEAU DE TORRA ARGHIOLA;COLONNA D'ISTRIA;;;20137;2A247;"41.64222222222222 , 9.319444444444445";41°38'32''N 9°19'10''E;En service
723596;SFR;1695644;GSM 900;2007-02-13;02A;2A212;2G;2026-03-19T15:15:24;02A2700077;26;6;72;San Martinu;D81;;;20115;2A212;"42.217222222222226 , 8.642222222222221";42°13'2''N 8°38'32''E;En service
723597;SFR;1695644;LTE 1800;2020-10-06;02A;2A212;4G;2026-03-19T15:15:24;02A2700077;26;6;72;San Martinu;D81;;;20115;2A212;"42.217222222222226 , 8.642222222222221";42°13'2''N 8°38'32''E;En service
723598;SFR;1695644;LTE 2100;2020-10-06;02A;2A212;4G;2026-03-19T15:15:24;02A2700077;26;6;72;San Martinu;D81;;;20115;2A212;"42.217222222222226 , 8.642222222222221";42°13'2''N 8°38'32''E;En service
723599;SFR;1695644;LTE 800;2020-10-06;02A;2A212;4G;2026-03-19T15:15:24;02A2700077;26;6;72;San Martinu;D81;;;20115;2A212;"42.217222222222226 , 8.642222222222221";42°13'2''N 8°38'32''E;En service
723600;SFR;1695644;UMTS 2100;2016-12-07;02A;2A212;3G;2026-03-19T15:15:24;02A2700077;26;6;72;San Martinu;D81;;;20115;2A212;"42.217222222222226 , 8.642222222222221";42°13'2''N 8°38'32''E;En service
723601;SFR;1695644;UMTS 900;2011-10-27;02A;2A212;3G;2026-03-19T15:15:24;02A2700077;26;6;72;San Martinu;D81;;;20115;2A212;"42.217222222222226 , 8.642222222222221";42°13'2''N 8°38'32''E;En service
724018;SFR;1697440;GSM 900;2005-04-08;02A;2A004;2G;2026-03-19T15:15:24;02A2700043;38;"18,2";9;;4 av pascal paoli;;;20000;2A004;"41.925555555555555 , 8.737777777777778";41°55'32''N 8°44'16''E;En service
724019;SFR;1697440;LTE 2100;2023-09-04;02A;2A004;4G;2026-03-19T15:15:24;02A2700043;38;"18,2";9;;4 av pascal paoli;;;20000;2A004;"41.925555555555555 , 8.737777777777778";41°55'32''N 8°44'16''E;En service
724020;SFR;1697440;LTE 800;2016-09-12;02A;2A004;4G;2026-03-19T15:15:24;02A2700043;38;"18,2";9;;4 av pascal paoli;;;20000;2A004;"41.925555555555555 , 8.737777777777778";41°55'32''N 8°44'16''E;En service
724021;SFR;1697440;UMTS 900;2016-09-12;02A;2A004;3G;2026-03-19T15:15:24;02A2700043;38;"18,2";9;;4 av pascal paoli;;;20000;2A004;"41.925555555555555 , 8.737777777777778";41°55'32''N 8°44'16''E;En service
725476;SFR;1707423;5G NR 2100;2021-12-21;02A;2A142;5G;2026-03-19T15:15:24;02A2700025;23;18;72;Canapala;RTE DU PIANU;;;20170;2A142;"41.715833333333336 , 9.096944444444444";41°42'57''N 9°5'49''E;Techniquement opérationnel
725477;SFR;1707423;5G NR 3500;2023-07-26;02A;2A142;5G;2026-03-19T15:15:24;02A2700025;23;18;72;Canapala;RTE DU PIANU;;;20170;2A142;"41.715833333333336 , 9.096944444444444";41°42'57''N 9°5'49''E;Techniquement opérationnel
725478;SFR;1707423;GSM 900;2009-12-11;02A;2A142;2G;2026-03-19T15:15:24;02A2700025;23;18;72;Canapala;RTE DU PIANU;;;20170;2A142;"41.715833333333336 , 9.096944444444444";41°42'57''N 9°5'49''E;En service
725479;SFR;1707423;LTE 1800;2019-10-04;02A;2A142;4G;2026-03-19T15:15:24;02A2700025;23;18;72;Canapala;RTE DU PIANU;;;20170;2A142;"41.715833333333336 , 9.096944444444444";41°42'57''N 9°5'49''E;En service
725480;SFR;1707423;LTE 2100;2019-10-04;02A;2A142;4G;2026-03-19T15:15:24;02A2700025;23;18;72;Canapala;RTE DU PIANU;;;20170;2A142;"41.715833333333336 , 9.096944444444444";41°42'57''N 9°5'49''E;En service
725481;SFR;1707423;LTE 2600;2019-10-04;02A;2A142;4G;2026-03-19T15:15:24;02A2700025;23;18;72;Canapala;RTE DU PIANU;;;20170;2A142;"41.715833333333336 , 9.096944444444444";41°42'57''N 9°5'49''E;En service
725482;SFR;1707423;LTE 700;2023-07-26;02A;2A142;4G;2026-03-19T15:15:24;02A2700025;23;18;72;Canapala;RTE DU PIANU;;;20170;2A142;"41.715833333333336 , 9.096944444444444";41°42'57''N 9°5'49''E;En service
725483;SFR;1707423;LTE 800;2016-06-22;02A;2A142;4G;2026-03-19T15:15:24;02A2700025;23;18;72;Canapala;RTE DU PIANU;;;20170;2A142;"41.715833333333336 , 9.096944444444444";41°42'57''N 9°5'49''E;En service
725484;SFR;1707423;UMTS 900;2016-06-22;02A;2A142;3G;2026-03-19T15:15:24;02A2700025;23;18;72;Canapala;RTE DU PIANU;;;20170;2A142;"41.715833333333336 , 9.096944444444444";41°42'57''N 9°5'49''E;En service
726886;SFR;1715295;5G NR 2100;2023-10-20;02A;2A004;5G;2026-03-19T15:15:24;02A2700255;17;15;15;;QUAI L'HERMINIER;Chambre de Commerce et d'Industrie;;20000;2A004;"41.921388888888885 , 8.739166666666666";41°55'17''N 8°44'21''E;Techniquement opérationnel
726887;SFR;1715295;GSM 900;2016-09-05;02A;2A004;2G;2026-03-19T15:15:24;02A2700255;17;15;15;;QUAI L'HERMINIER;Chambre de Commerce et d'Industrie;;20000;2A004;"41.921388888888885 , 8.739166666666666";41°55'17''N 8°44'21''E;En service
726888;SFR;1715295;LTE 2100;2021-09-07;02A;2A004;4G;2026-03-19T15:15:24;02A2700255;17;15;15;;QUAI L'HERMINIER;Chambre de Commerce et d'Industrie;;20000;2A004;"41.921388888888885 , 8.739166666666666";41°55'17''N 8°44'21''E;En service
726889;SFR;1715295;LTE 800;2016-09-05;02A;2A004;4G;2026-03-19T15:15:24;02A2700255;17;15;15;;QUAI L'HERMINIER;Chambre de Commerce et d'Industrie;;20000;2A004;"41.921388888888885 , 8.739166666666666";41°55'17''N 8°44'21''E;En service
726890;SFR;1715295;UMTS 900;2016-09-05;02A;2A004;3G;2026-03-19T15:15:24;02A2700255;17;15;15;;QUAI L'HERMINIER;Chambre de Commerce et d'Industrie;;20000;2A004;"41.921388888888885 , 8.739166666666666";41°55'17''N 8°44'21''E;En service
727227;SFR;1717978;GSM 900;2016-09-09;02A;2A004;2G;2026-03-19T15:15:24;02A2700087;23;13;72;Béthanie ;;;;20000;2A004;"41.95472222222222 , 8.728055555555555";41°57'17''N 8°43'41''E;En service
727228;SFR;1717978;LTE 1800;2016-09-23;02A;2A004;4G;2026-03-19T15:15:24;02A2700087;23;13;72;Béthanie ;;;;20000;2A004;"41.95472222222222 , 8.728055555555555";41°57'17''N 8°43'41''E;En service
727229;SFR;1717978;LTE 800;2016-09-09;02A;2A004;4G;2026-03-19T15:15:24;02A2700087;23;13;72;Béthanie ;;;;20000;2A004;"41.95472222222222 , 8.728055555555555";41°57'17''N 8°43'41''E;En service
727230;SFR;1717978;UMTS 2100;2007-03-21;02A;2A004;3G;2026-03-19T15:15:24;02A2700087;23;13;72;Béthanie ;;;;20000;2A004;"41.95472222222222 , 8.728055555555555";41°57'17''N 8°43'41''E;En service
727231;SFR;1717978;UMTS 900;2016-09-09;02A;2A004;3G;2026-03-19T15:15:24;02A2700087;23;13;72;Béthanie ;;;;20000;2A004;"41.95472222222222 , 8.728055555555555";41°57'17''N 8°43'41''E;En service
727540;SFR;1719365;GSM 1800;2016-09-02;02A;2A041;2G;2026-03-19T15:15:24;02A2700031;26;13;72;;BD RN 198 - DISCOTHÈQUE;;;20169;2A041;"41.471111111111114 , 9.223611111111111";41°28'16''N 9°13'25''E;En service
727541;SFR;1719365;GSM 900;1999-07-01;02A;2A041;2G;2026-03-19T15:15:24;02A2700031;26;13;72;;BD RN 198 - DISCOTHÈQUE;;;20169;2A041;"41.471111111111114 , 9.223611111111111";41°28'16''N 9°13'25''E;En service
727542;SFR;1719365;LTE 1800;2016-10-25;02A;2A041;4G;2026-03-19T15:15:24;02A2700031;26;13;72;;BD RN 198 - DISCOTHÈQUE;;;20169;2A041;"41.471111111111114 , 9.223611111111111";41°28'16''N 9°13'25''E;En service
727543;SFR;1719365;LTE 800;2016-09-21;02A;2A041;4G;2026-03-19T15:15:24;02A2700031;26;13;72;;BD RN 198 - DISCOTHÈQUE;;;20169;2A041;"41.471111111111114 , 9.223611111111111";41°28'16''N 9°13'25''E;En service
727544;SFR;1719365;UMTS 2100;2010-10-29;02A;2A041;3G;2026-03-19T15:15:24;02A2700031;26;13;72;;BD RN 198 - DISCOTHÈQUE;;;20169;2A041;"41.471111111111114 , 9.223611111111111";41°28'16''N 9°13'25''E;En service
727545;SFR;1719365;UMTS 900;2016-10-27;02A;2A041;3G;2026-03-19T15:15:24;02A2700031;26;13;72;;BD RN 198 - DISCOTHÈQUE;;;20169;2A041;"41.471111111111114 , 9.223611111111111";41°28'16''N 9°13'25''E;En service
727937;SFR;1721787;5G NR 2100;2021-12-07;02A;2A362;5G;2026-03-19T15:15:24;02A2700081;4;5;34;Vallicone;chem de cirendino ;;;20124;2A362;"41.653055555555554 , 9.363055555555555";41°39'11''N 9°21'47''E;Techniquement opérationnel
727938;SFR;1721787;5G NR 3500;2023-01-27;02A;2A362;5G;2026-03-19T15:15:24;02A2700081;4;5;34;Vallicone;chem de cirendino ;;;20124;2A362;"41.653055555555554 , 9.363055555555555";41°39'11''N 9°21'47''E;Techniquement opérationnel
727939;SFR;1721787;GSM 900;2016-06-21;02A;2A362;2G;2026-03-19T15:15:24;02A2700081;4;5;34;Vallicone;chem de cirendino ;;;20124;2A362;"41.653055555555554 , 9.363055555555555";41°39'11''N 9°21'47''E;En service
727940;SFR;1721787;LTE 1800;2016-07-12;02A;2A362;4G;2026-03-19T15:15:24;02A2700081;4;5;34;Vallicone;chem de cirendino ;;;20124;2A362;"41.653055555555554 , 9.363055555555555";41°39'11''N 9°21'47''E;En service
727941;SFR;1721787;LTE 2100;2020-03-17;02A;2A362;4G;2026-03-19T15:15:24;02A2700081;4;5;34;Vallicone;chem de cirendino ;;;20124;2A362;"41.653055555555554 , 9.363055555555555";41°39'11''N 9°21'47''E;En service
727942;SFR;1721787;LTE 2600;2020-03-17;02A;2A362;4G;2026-03-19T15:15:24;02A2700081;4;5;34;Vallicone;chem de cirendino ;;;20124;2A362;"41.653055555555554 , 9.363055555555555";41°39'11''N 9°21'47''E;En service
727943;SFR;1721787;LTE 700;2023-01-18;02A;2A362;4G;2026-03-19T15:15:24;02A2700081;4;5;34;Vallicone;chem de cirendino ;;;20124;2A362;"41.653055555555554 , 9.363055555555555";41°39'11''N 9°21'47''E;En service
727944;SFR;1721787;LTE 800;2016-06-21;02A;2A362;4G;2026-03-19T15:15:24;02A2700081;4;5;34;Vallicone;chem de cirendino ;;;20124;2A362;"41.653055555555554 , 9.363055555555555";41°39'11''N 9°21'47''E;En service
727945;SFR;1721787;UMTS 900;2016-06-21;02A;2A362;3G;2026-03-19T15:15:24;02A2700081;4;5;34;Vallicone;chem de cirendino ;;;20124;2A362;"41.653055555555554 , 9.363055555555555";41°39'11''N 9°21'47''E;En service
731868;SFR;1749403;5G NR 2100;2021-12-21;02A;2A008;5G;2026-03-19T15:15:24;02A2700046;26;12;22;Colleta di Beraldino;;;;20128;2A008;"41.86277777777778 , 8.791944444444445";41°51'46''N 8°47'31''E;Techniquement opérationnel
731869;SFR;1749403;5G NR 3500;2024-10-18;02A;2A008;5G;2026-03-19T15:15:24;02A2700046;26;12;22;Colleta di Beraldino;;;;20128;2A008;"41.86277777777778 , 8.791944444444445";41°51'46''N 8°47'31''E;Techniquement opérationnel
731870;SFR;1749403;GSM 900;2006-07-24;02A;2A008;2G;2026-03-19T15:15:24;02A2700046;26;12;22;Colleta di Beraldino;;;;20128;2A008;"41.86277777777778 , 8.791944444444445";41°51'46''N 8°47'31''E;En service
731871;SFR;1749403;LTE 1800;2016-07-05;02A;2A008;4G;2026-03-19T15:15:24;02A2700046;26;12;22;Colleta di Beraldino;;;;20128;2A008;"41.86277777777778 , 8.791944444444445";41°51'46''N 8°47'31''E;En service
731872;SFR;1749403;LTE 2100;2019-07-12;02A;2A008;4G;2026-03-19T15:15:24;02A2700046;26;12;22;Colleta di Beraldino;;;;20128;2A008;"41.86277777777778 , 8.791944444444445";41°51'46''N 8°47'31''E;En service
731873;SFR;1749403;LTE 2600;2018-08-03;02A;2A008;4G;2026-03-19T15:15:24;02A2700046;26;12;22;Colleta di Beraldino;;;;20128;2A008;"41.86277777777778 , 8.791944444444445";41°51'46''N 8°47'31''E;En service
731874;SFR;1749403;LTE 700;2024-10-18;02A;2A008;4G;2026-03-19T15:15:24;02A2700046;26;12;22;Colleta di Beraldino;;;;20128;2A008;"41.86277777777778 , 8.791944444444445";41°51'46''N 8°47'31''E;En service
731875;SFR;1749403;LTE 800;2016-07-05;02A;2A008;4G;2026-03-19T15:15:24;02A2700046;26;12;22;Colleta di Beraldino;;;;20128;2A008;"41.86277777777778 , 8.791944444444445";41°51'46''N 8°47'31''E;En service
731876;SFR;1749403;UMTS 900;2016-05-16;02A;2A008;3G;2026-03-19T15:15:24;02A2700046;26;12;22;Colleta di Beraldino;;;;20128;2A008;"41.86277777777778 , 8.791944444444445";41°51'46''N 8°47'31''E;En service
732716;SFR;1756321;GSM 900;2016-08-22;02A;2A004;2G;2026-03-19T15:15:24;02A2700253;38;"19,5";9;;1 rue Emmanuel Arène;;;20000;2A004;"41.91888888888889 , 8.736388888888888";41°55'8''N 8°44'11''E;En service
732717;SFR;1756321;LTE 2100;2021-09-07;02A;2A004;4G;2026-03-19T15:15:24;02A2700253;38;"19,5";9;;1 rue Emmanuel Arène;;;20000;2A004;"41.91888888888889 , 8.736388888888888";41°55'8''N 8°44'11''E;En service
732718;SFR;1756321;LTE 800;2016-09-02;02A;2A004;4G;2026-03-19T15:15:24;02A2700253;38;"19,5";9;;1 rue Emmanuel Arène;;;20000;2A004;"41.91888888888889 , 8.736388888888888";41°55'8''N 8°44'11''E;En service
732719;SFR;1756321;UMTS 900;2016-09-02;02A;2A004;3G;2026-03-19T15:15:24;02A2700253;38;"19,5";9;;1 rue Emmanuel Arène;;;20000;2A004;"41.91888888888889 , 8.736388888888888";41°55'8''N 8°44'11''E;En service
732720;SFR;1756326;GSM 900;2016-09-05;02A;2A004;2G;2026-03-19T15:15:24;02A2700254;38;27;9;;9 crs Général Leclerc;;;20000;2A004;"41.9175 , 8.729722222222222";41°55'3''N 8°43'47''E;En service
732721;SFR;1756326;LTE 2100;2021-09-17;02A;2A004;4G;2026-03-19T15:15:24;02A2700254;38;27;9;;9 crs Général Leclerc;;;20000;2A004;"41.9175 , 8.729722222222222";41°55'3''N 8°43'47''E;En service
732722;SFR;1756326;LTE 800;2016-09-05;02A;2A004;4G;2026-03-19T15:15:24;02A2700254;38;27;9;;9 crs Général Leclerc;;;20000;2A004;"41.9175 , 8.729722222222222";41°55'3''N 8°43'47''E;En service
732723;SFR;1756326;UMTS 900;2016-09-05;02A;2A004;3G;2026-03-19T15:15:24;02A2700254;38;27;9;;9 crs Général Leclerc;;;20000;2A004;"41.9175 , 8.729722222222222";41°55'3''N 8°43'47''E;En service
733282;SFR;1763390;5G NR 2100;2023-11-15;02A;2A098;5G;2026-03-19T15:15:24;02A2700003;23;24;72;Barbuzza;;;;20138;2A098;"41.76777777777777 , 8.768611111111111";41°46'4''N 8°46'7''E;Techniquement opérationnel
733283;SFR;1763390;5G NR 3500;2023-11-15;02A;2A098;5G;2026-03-19T15:15:24;02A2700003;23;24;72;Barbuzza;;;;20138;2A098;"41.76777777777777 , 8.768611111111111";41°46'4''N 8°46'7''E;Techniquement opérationnel
733284;SFR;1763390;GSM 900;1996-10-01;02A;2A098;2G;2026-03-19T15:15:24;02A2700003;23;24;72;Barbuzza;;;;20138;2A098;"41.76777777777777 , 8.768611111111111";41°46'4''N 8°46'7''E;En service
733285;SFR;1763390;LTE 1800;2016-12-21;02A;2A098;4G;2026-03-19T15:15:24;02A2700003;23;24;72;Barbuzza;;;;20138;2A098;"41.76777777777777 , 8.768611111111111";41°46'4''N 8°46'7''E;En service
733286;SFR;1763390;LTE 2100;2021-05-12;02A;2A098;4G;2026-03-19T15:15:24;02A2700003;23;24;72;Barbuzza;;;;20138;2A098;"41.76777777777777 , 8.768611111111111";41°46'4''N 8°46'7''E;En service
733287;SFR;1763390;LTE 2600;2021-05-12;02A;2A098;4G;2026-03-19T15:15:24;02A2700003;23;24;72;Barbuzza;;;;20138;2A098;"41.76777777777777 , 8.768611111111111";41°46'4''N 8°46'7''E;En service
733288;SFR;1763390;LTE 700;2023-11-15;02A;2A098;4G;2026-03-19T15:15:24;02A2700003;23;24;72;Barbuzza;;;;20138;2A098;"41.76777777777777 , 8.768611111111111";41°46'4''N 8°46'7''E;En service
733289;SFR;1763390;LTE 800;2016-10-31;02A;2A098;4G;2026-03-19T15:15:24;02A2700003;23;24;72;Barbuzza;;;;20138;2A098;"41.76777777777777 , 8.768611111111111";41°46'4''N 8°46'7''E;En service
733290;SFR;1763390;UMTS 900;2016-10-31;02A;2A098;3G;2026-03-19T15:15:24;02A2700003;23;24;72;Barbuzza;;;;20138;2A098;"41.76777777777777 , 8.768611111111111";41°46'4''N 8°46'7''E;En service
733533;SFR;1766847;GSM 900;2016-04-18;02A;2A115;2G;2026-03-19T15:15:24;02A2700101;23;"35,4";72;Maggiolo;Route de Vignalella;D 265;;20100;2A115;"41.62833333333333 , 9.067499999999999";41°37'42''N 9°4'3''E;En service
733534;SFR;1766847;LTE 700;2022-05-30;02A;2A115;4G;2026-03-19T15:15:24;02A2700101;23;"35,4";72;Maggiolo;Route de Vignalella;D 265;;20100;2A115;"41.62833333333333 , 9.067499999999999";41°37'42''N 9°4'3''E;En service
733535;SFR;1766847;LTE 800;2020-12-23;02A;2A115;4G;2026-03-19T15:15:24;02A2700101;23;"35,4";72;Maggiolo;Route de Vignalella;D 265;;20100;2A115;"41.62833333333333 , 9.067499999999999";41°37'42''N 9°4'3''E;En service
733536;SFR;1766847;UMTS 900;2016-10-28;02A;2A115;3G;2026-03-19T15:15:24;02A2700101;23;"35,4";72;Maggiolo;Route de Vignalella;D 265;;20100;2A115;"41.62833333333333 , 9.067499999999999";41°37'42''N 9°4'3''E;En service
745064;SFR;1907517;5G NR 2100;2024-09-18;02A;2A103;5G;2026-03-19T15:15:24;02A2700076;23;20;32;pedi morella;Station TDF de Cuttoli Corticchiato;;;20167;2A103;"41.97972222222222 , 8.892777777777777";41°58'47''N 8°53'34''E;Techniquement opérationnel
745065;SFR;1907517;GSM 900;2005-08-12;02A;2A103;2G;2026-03-19T15:15:24;02A2700076;23;20;32;pedi morella;Station TDF de Cuttoli Corticchiato;;;20167;2A103;"41.97972222222222 , 8.892777777777777";41°58'47''N 8°53'34''E;En service
745066;SFR;1907517;LTE 1800;2018-09-13;02A;2A103;4G;2026-03-19T15:15:24;02A2700076;23;20;32;pedi morella;Station TDF de Cuttoli Corticchiato;;;20167;2A103;"41.97972222222222 , 8.892777777777777";41°58'47''N 8°53'34''E;En service
745067;SFR;1907517;LTE 2100;2024-09-18;02A;2A103;4G;2026-03-19T15:15:24;02A2700076;23;20;32;pedi morella;Station TDF de Cuttoli Corticchiato;;;20167;2A103;"41.97972222222222 , 8.892777777777777";41°58'47''N 8°53'34''E;En service
745068;SFR;1907517;LTE 800;2018-09-13;02A;2A103;4G;2026-03-19T15:15:24;02A2700076;23;20;32;pedi morella;Station TDF de Cuttoli Corticchiato;;;20167;2A103;"41.97972222222222 , 8.892777777777777";41°58'47''N 8°53'34''E;En service
745069;SFR;1907517;UMTS 900;2010-11-05;02A;2A103;3G;2026-03-19T15:15:24;02A2700076;23;20;32;pedi morella;Station TDF de Cuttoli Corticchiato;;;20167;2A103;"41.97972222222222 , 8.892777777777777";41°58'47''N 8°53'34''E;En service
748532;SFR;2025842;5G NR 2100;2024-05-30;02A;2A098;5G;2026-03-19T15:15:24;02A2700260;26;10;65;SAN SISTRO;route DE LA CASTAGNE;;;20138;2A098;"41.80361111111111 , 8.7525";41°48'13''N 8°45'9''E;Techniquement opérationnel
748533;SFR;2025842;GSM 900;2018-12-20;02A;2A098;2G;2026-03-19T15:15:24;02A2700260;26;10;65;SAN SISTRO;route DE LA CASTAGNE;;;20138;2A098;"41.80361111111111 , 8.7525";41°48'13''N 8°45'9''E;En service
748534;SFR;2025842;LTE 1800;2018-12-20;02A;2A098;4G;2026-03-19T15:15:24;02A2700260;26;10;65;SAN SISTRO;route DE LA CASTAGNE;;;20138;2A098;"41.80361111111111 , 8.7525";41°48'13''N 8°45'9''E;En service
748535;SFR;2025842;LTE 2100;2024-05-30;02A;2A098;4G;2026-03-19T15:15:24;02A2700260;26;10;65;SAN SISTRO;route DE LA CASTAGNE;;;20138;2A098;"41.80361111111111 , 8.7525";41°48'13''N 8°45'9''E;En service
748536;SFR;2025842;LTE 700;2024-05-30;02A;2A098;4G;2026-03-19T15:15:24;02A2700260;26;10;65;SAN SISTRO;route DE LA CASTAGNE;;;20138;2A098;"41.80361111111111 , 8.7525";41°48'13''N 8°45'9''E;En service
748537;SFR;2025842;LTE 800;2018-12-20;02A;2A098;4G;2026-03-19T15:15:24;02A2700260;26;10;65;SAN SISTRO;route DE LA CASTAGNE;;;20138;2A098;"41.80361111111111 , 8.7525";41°48'13''N 8°45'9''E;En service
748538;SFR;2025842;UMTS 900;2018-12-20;02A;2A098;3G;2026-03-19T15:15:24;02A2700260;26;10;65;SAN SISTRO;route DE LA CASTAGNE;;;20138;2A098;"41.80361111111111 , 8.7525";41°48'13''N 8°45'9''E;En service
748864;SFR;2032736;5G NR 2100;2025-03-06;02A;2A004;5G;2026-03-19T15:15:24;02A2700261;26;15;22;;Chemin de la Carosaccia;;;20000;2A004;"41.93694444444444 , 8.730833333333333";41°56'13''N 8°43'51''E;Techniquement opérationnel
748865;SFR;2032736;5G NR 3500;2025-03-06;02A;2A004;5G;2026-03-19T15:15:24;02A2700261;26;15;22;;Chemin de la Carosaccia;;;20000;2A004;"41.93694444444444 , 8.730833333333333";41°56'13''N 8°43'51''E;Techniquement opérationnel
748866;SFR;2032736;GSM 900;2019-08-07;02A;2A004;2G;2026-03-19T15:15:24;02A2700261;26;15;22;;Chemin de la Carosaccia;;;20000;2A004;"41.93694444444444 , 8.730833333333333";41°56'13''N 8°43'51''E;En service
748867;SFR;2032736;LTE 1800;2019-08-07;02A;2A004;4G;2026-03-19T15:15:24;02A2700261;26;15;22;;Chemin de la Carosaccia;;;20000;2A004;"41.93694444444444 , 8.730833333333333";41°56'13''N 8°43'51''E;En service
748868;SFR;2032736;LTE 2100;2025-03-06;02A;2A004;4G;2026-03-19T15:15:24;02A2700261;26;15;22;;Chemin de la Carosaccia;;;20000;2A004;"41.93694444444444 , 8.730833333333333";41°56'13''N 8°43'51''E;En service
748869;SFR;2032736;LTE 2600;2025-03-06;02A;2A004;4G;2026-03-19T15:15:24;02A2700261;26;15;22;;Chemin de la Carosaccia;;;20000;2A004;"41.93694444444444 , 8.730833333333333";41°56'13''N 8°43'51''E;En service
748870;SFR;2032736;LTE 700;2025-03-06;02A;2A004;4G;2026-03-19T15:15:24;02A2700261;26;15;22;;Chemin de la Carosaccia;;;20000;2A004;"41.93694444444444 , 8.730833333333333";41°56'13''N 8°43'51''E;En service
748871;SFR;2032736;LTE 800;2019-08-07;02A;2A004;4G;2026-03-19T15:15:24;02A2700261;26;15;22;;Chemin de la Carosaccia;;;20000;2A004;"41.93694444444444 , 8.730833333333333";41°56'13''N 8°43'51''E;En service
748872;SFR;2032736;UMTS 900;2019-08-07;02A;2A004;3G;2026-03-19T15:15:24;02A2700261;26;15;22;;Chemin de la Carosaccia;;;20000;2A004;"41.93694444444444 , 8.730833333333333";41°56'13''N 8°43'51''E;En service
754919;SFR;2232827;LTE 700;2022-09-20;02A;2A362;4G;2026-03-19T15:15:24;02A2700265;23;15;74;Costa Del Pergolo;;;;20124;2A362;"41.717777777777776 , 9.299166666666666";41°43'4''N 9°17'57''E;En service
754920;SFR;2232827;LTE 800;2020-07-17;02A;2A362;4G;2026-03-19T15:15:24;02A2700265;23;15;74;Costa Del Pergolo;;;;20124;2A362;"41.717777777777776 , 9.299166666666666";41°43'4''N 9°17'57''E;En service
754921;SFR;2232827;UMTS 900;2020-07-17;02A;2A362;3G;2026-03-19T15:15:24;02A2700265;23;15;74;Costa Del Pergolo;;;;20124;2A362;"41.717777777777776 , 9.299166666666666";41°43'4''N 9°17'57''E;En service
757654;SFR;2312725;LTE 1800;2023-02-01;02A;2A130;4G;2026-03-19T15:15:24;02A2700266;23;24;32;POZZI;T40  cimetiere;;;20128;2A130;"41.86638888888889 , 8.964444444444444";41°51'59''N 8°57'52''E;En service
757655;SFR;2312725;LTE 800;2023-02-01;02A;2A130;4G;2026-03-19T15:15:24;02A2700266;23;24;32;POZZI;T40  cimetiere;;;20128;2A130;"41.86638888888889 , 8.964444444444444";41°51'59''N 8°57'52''E;En service
757656;SFR;2312725;UMTS 900;2023-02-01;02A;2A130;3G;2026-03-19T15:15:24;02A2700266;23;24;32;POZZI;T40  cimetiere;;;20128;2A130;"41.86638888888889 , 8.964444444444444";41°51'59''N 8°57'52''E;En service
758045;SFR;2322475;LTE 700;2023-05-12;02A;2A240;4G;2026-03-19T15:15:24;02A2700268;23;24;65;Valdarone;Sant' Anoria;Campivu;;20125;2A240;"42.17805555555555 , 8.896944444444443";42°10'41''N 8°53'49''E;En service
758046;SFR;2322475;LTE 800;2021-03-18;02A;2A240;4G;2026-03-19T15:15:24;02A2700268;23;24;65;Valdarone;Sant' Anoria;Campivu;;20125;2A240;"42.17805555555555 , 8.896944444444443";42°10'41''N 8°53'49''E;En service
758047;SFR;2322475;UMTS 900;2021-03-15;02A;2A240;3G;2026-03-19T15:15:24;02A2700268;23;24;65;Valdarone;Sant' Anoria;Campivu;;20125;2A240;"42.17805555555555 , 8.896944444444443";42°10'41''N 8°53'49''E;En service
758063;SFR;2322626;GSM 900;1998-12-24;02A;2A130;2G;2026-03-19T15:15:24;02A2700018;23;18;72;COL ST GEORGES;;;;20128;2A130;"41.87694444444445 , 8.935555555555556";41°52'37''N 8°56'8''E;En service
758064;SFR;2322626;LTE 1800;2016-07-05;02A;2A130;4G;2026-03-19T15:15:24;02A2700018;23;18;72;COL ST GEORGES;;;;20128;2A130;"41.87694444444445 , 8.935555555555556";41°52'37''N 8°56'8''E;En service
758065;SFR;2322626;LTE 800;2016-06-16;02A;2A130;4G;2026-03-19T15:15:24;02A2700018;23;18;72;COL ST GEORGES;;;;20128;2A130;"41.87694444444445 , 8.935555555555556";41°52'37''N 8°56'8''E;En service
758066;SFR;2322626;UMTS 900;2010-07-06;02A;2A130;3G;2026-03-19T15:15:24;02A2700018;23;18;72;COL ST GEORGES;;;;20128;2A130;"41.87694444444445 , 8.935555555555556";41°52'37''N 8°56'8''E;En service
760064;SFR;2403761;LTE 700;2022-07-21;02A;2A189;4G;2026-03-19T15:15:24;02A2700273;23;45;75;MILUCCIA;LECCIALTE;;;20113;2A189;"41.72972222222222 , 8.913333333333334";41°43'47''N 8°54'48''E;En service
760065;SFR;2403761;LTE 800;2021-06-04;02A;2A189;4G;2026-03-19T15:15:24;02A2700273;23;45;75;MILUCCIA;LECCIALTE;;;20113;2A189;"41.72972222222222 , 8.913333333333334";41°43'47''N 8°54'48''E;En service
760066;SFR;2403761;UMTS 900;2021-06-15;02A;2A189;3G;2026-03-19T15:15:24;02A2700273;23;45;75;MILUCCIA;LECCIALTE;;;20113;2A189;"41.72972222222222 , 8.913333333333334";41°43'47''N 8°54'48''E;En service
760331;SFR;2410610;5G NR 2100;2024-04-12;02A;2A139;5G;2026-03-19T15:15:24;02A2700271;23;42;72;Mulinacciu;;;;20137;2A139;"41.671388888888885 , 9.300833333333333";41°40'17''N 9°18'3''E;Techniquement opérationnel
760332;SFR;2410610;5G NR 3500;2024-04-12;02A;2A139;5G;2026-03-19T15:15:24;02A2700271;23;42;72;Mulinacciu;;;;20137;2A139;"41.671388888888885 , 9.300833333333333";41°40'17''N 9°18'3''E;Techniquement opérationnel
760333;SFR;2410610;LTE 1800;2023-01-02;02A;2A139;4G;2026-03-19T15:15:24;02A2700271;23;42;72;Mulinacciu;;;;20137;2A139;"41.671388888888885 , 9.300833333333333";41°40'17''N 9°18'3''E;En service
760334;SFR;2410610;LTE 2100;2023-01-02;02A;2A139;4G;2026-03-19T15:15:24;02A2700271;23;42;72;Mulinacciu;;;;20137;2A139;"41.671388888888885 , 9.300833333333333";41°40'17''N 9°18'3''E;En service
760335;SFR;2410610;LTE 2600;2024-04-15;02A;2A139;4G;2026-03-19T15:15:24;02A2700271;23;42;72;Mulinacciu;;;;20137;2A139;"41.671388888888885 , 9.300833333333333";41°40'17''N 9°18'3''E;En service
760336;SFR;2410610;LTE 700;2024-04-12;02A;2A139;4G;2026-03-19T15:15:24;02A2700271;23;42;72;Mulinacciu;;;;20137;2A139;"41.671388888888885 , 9.300833333333333";41°40'17''N 9°18'3''E;En service
760337;SFR;2410610;LTE 800;2023-01-02;02A;2A139;4G;2026-03-19T15:15:24;02A2700271;23;42;72;Mulinacciu;;;;20137;2A139;"41.671388888888885 , 9.300833333333333";41°40'17''N 9°18'3''E;En service
760338;SFR;2410610;UMTS 900;2023-01-02;02A;2A139;3G;2026-03-19T15:15:24;02A2700271;23;42;72;Mulinacciu;;;;20137;2A139;"41.671388888888885 , 9.300833333333333";41°40'17''N 9°18'3''E;En service
760382;SFR;2411047;LTE 1800;2023-01-31;02A;2A071;4G;2026-03-19T15:15:24;02A2700272;23;42;72;San andria;T40;San Andria;;20140;2A071;"41.74277777777778 , 8.9325";41°44'34''N 8°55'57''E;En service
760383;SFR;2411047;LTE 2100;2023-01-31;02A;2A071;4G;2026-03-19T15:15:24;02A2700272;23;42;72;San andria;T40;San Andria;;20140;2A071;"41.74277777777778 , 8.9325";41°44'34''N 8°55'57''E;En service
760384;SFR;2411047;LTE 800;2023-01-31;02A;2A071;4G;2026-03-19T15:15:24;02A2700272;23;42;72;San andria;T40;San Andria;;20140;2A071;"41.74277777777778 , 8.9325";41°44'34''N 8°55'57''E;En service
760385;SFR;2411047;UMTS 900;2023-01-31;02A;2A071;3G;2026-03-19T15:15:24;02A2700272;23;42;72;San andria;T40;San Andria;;20140;2A071;"41.74277777777778 , 8.9325";41°44'34''N 8°55'57''E;En service
760971;SFR;2430842;LTE 700;2022-07-21;02A;2A254;4G;2026-03-19T15:15:24;02A2700274;23;33;75;Ucelli;Hameau de Bavella;;;20122;2A254;"41.797777777777775 , 9.222777777777777";41°47'52''N 9°13'22''E;En service
760972;SFR;2430842;LTE 800;2021-08-13;02A;2A254;4G;2026-03-19T15:15:24;02A2700274;23;33;75;Ucelli;Hameau de Bavella;;;20122;2A254;"41.797777777777775 , 9.222777777777777";41°47'52''N 9°13'22''E;En service
760973;SFR;2430842;UMTS 900;2021-08-13;02A;2A254;3G;2026-03-19T15:15:24;02A2700274;23;33;75;Ucelli;Hameau de Bavella;;;20122;2A254;"41.797777777777775 , 9.222777777777777";41°47'52''N 9°13'22''E;En service
762031;SFR;2466649;LTE 700;2023-05-12;02A;2A098;4G;2026-03-19T15:15:24;02A2700275;23;20;65;TERRA ROSSA;Carpina;;;20138;2A098;"41.745555555555555 , 8.696111111111112";41°44'44''N 8°41'46''E;En service
762032;SFR;2466649;LTE 800;2022-03-23;02A;2A098;4G;2026-03-19T15:15:24;02A2700275;23;20;65;TERRA ROSSA;Carpina;;;20138;2A098;"41.745555555555555 , 8.696111111111112";41°44'44''N 8°41'46''E;En service
762033;SFR;2466649;UMTS 900;2022-03-20;02A;2A098;3G;2026-03-19T15:15:24;02A2700275;23;20;65;TERRA ROSSA;Carpina;;;20138;2A098;"41.745555555555555 , 8.696111111111112";41°44'44''N 8°41'46''E;En service
764501;SFR;2535873;5G NR 2100;;02A;2A060;5G;2026-03-19T15:15:24;02A2700278;23;36;27;pujolo;;;;20151;2A060;"42.05138888888889 , 8.818888888888889";42°3'5''N 8°49'8''E;Projet approuvé
764502;SFR;2535873;GSM 900;2022-01-31;02A;2A060;2G;2026-03-19T15:15:24;02A2700278;23;36;27;pujolo;;;;20151;2A060;"42.05138888888889 , 8.818888888888889";42°3'5''N 8°49'8''E;En service
764503;SFR;2535873;LTE 1800;2022-01-31;02A;2A060;4G;2026-03-19T15:15:24;02A2700278;23;36;27;pujolo;;;;20151;2A060;"42.05138888888889 , 8.818888888888889";42°3'5''N 8°49'8''E;En service
764504;SFR;2535873;LTE 2100;2022-01-31;02A;2A060;4G;2026-03-19T15:15:24;02A2700278;23;36;27;pujolo;;;;20151;2A060;"42.05138888888889 , 8.818888888888889";42°3'5''N 8°49'8''E;En service
764505;SFR;2535873;LTE 700;2023-09-01;02A;2A060;4G;2026-03-19T15:15:24;02A2700278;23;36;27;pujolo;;;;20151;2A060;"42.05138888888889 , 8.818888888888889";42°3'5''N 8°49'8''E;En service
764506;SFR;2535873;LTE 800;2022-01-31;02A;2A060;4G;2026-03-19T15:15:24;02A2700278;23;36;27;pujolo;;;;20151;2A060;"42.05138888888889 , 8.818888888888889";42°3'5''N 8°49'8''E;En service
764507;SFR;2535873;UMTS 900;2022-01-31;02A;2A060;3G;2026-03-19T15:15:24;02A2700278;23;36;27;pujolo;;;;20151;2A060;"42.05138888888889 , 8.818888888888889";42°3'5''N 8°49'8''E;En service
764670;SFR;2538301;LTE 700;2023-04-21;02A;2A360;4G;2026-03-19T15:15:24;02A2700276;23;42;27;Costa;;;;20190;2A360;"41.84861111111111 , 8.991666666666665";41°50'55''N 8°59'30''E;En service
764671;SFR;2538301;LTE 800;2023-01-31;02A;2A360;4G;2026-03-19T15:15:24;02A2700276;23;42;27;Costa;;;;20190;2A360;"41.84861111111111 , 8.991666666666665";41°50'55''N 8°59'30''E;En service
764672;SFR;2538301;UMTS 900;2023-02-01;02A;2A360;3G;2026-03-19T15:15:24;02A2700276;23;42;27;Costa;;;;20190;2A360;"41.84861111111111 , 8.991666666666665";41°50'55''N 8°59'30''E;En service
767246;SFR;2598920;LTE 700;2023-05-12;02A;2A031;4G;2026-03-19T15:15:24;02A2700286;23;24;65;Lucciolaja;Cauro Bastelica;;;20119;2A031;"41.95777777777778 , 8.995277777777776";41°57'28''N 8°59'43''E;En service
767247;SFR;2598920;LTE 800;2022-10-17;02A;2A031;4G;2026-03-19T15:15:24;02A2700286;23;24;65;Lucciolaja;Cauro Bastelica;;;20119;2A031;"41.95777777777778 , 8.995277777777776";41°57'28''N 8°59'43''E;En service
767248;SFR;2598920;UMTS 900;2022-10-17;02A;2A031;3G;2026-03-19T15:15:24;02A2700286;23;24;65;Lucciolaja;Cauro Bastelica;;;20119;2A031;"41.95777777777778 , 8.995277777777776";41°57'28''N 8°59'43''E;En service
769537;SFR;2638785;LTE 700;2023-06-16;02A;2A026;4G;2026-03-19T15:15:24;02A2700293;23;24;74;Matre;;;;20190;2A026;"41.86416666666667 , 9.016944444444444";41°51'51''N 9°1'1''E;En service
769538;SFR;2638785;LTE 800;2023-03-03;02A;2A026;4G;2026-03-19T15:15:24;02A2700293;23;24;74;Matre;;;;20190;2A026;"41.86416666666667 , 9.016944444444444";41°51'51''N 9°1'1''E;En service
769539;SFR;2638785;UMTS 900;2023-03-04;02A;2A026;3G;2026-03-19T15:15:24;02A2700293;23;24;74;Matre;;;;20190;2A026;"41.86416666666667 , 9.016944444444444";41°51'51''N 9°1'1''E;En service
769686;SFR;2640911;LTE 700;2023-12-15;02A;2A269;4G;2026-03-19T15:15:24;02A2700292;23;24;74;GAGLIOLI - TRAMUTA;rte de Bavella;Ch d'expl près D268;;20145;2A269;"41.83277777777778 , 9.320833333333333";41°49'58''N 9°19'15''E;En service
769687;SFR;2640911;LTE 800;2023-04-17;02A;2A269;4G;2026-03-19T15:15:24;02A2700292;23;24;74;GAGLIOLI - TRAMUTA;rte de Bavella;Ch d'expl près D268;;20145;2A269;"41.83277777777778 , 9.320833333333333";41°49'58''N 9°19'15''E;En service
769688;SFR;2640911;UMTS 900;2023-04-18;02A;2A269;3G;2026-03-19T15:15:24;02A2700292;23;24;74;GAGLIOLI - TRAMUTA;rte de Bavella;Ch d'expl près D268;;20145;2A269;"41.83277777777778 , 9.320833333333333";41°49'58''N 9°19'15''E;En service
771174;SFR;2662081;LTE 700;2023-12-15;02A;2A186;4G;2026-03-19T15:15:24;02A2700299;23;"18,4";65;Valdo;;;;20140;2A186;"41.844722222222224 , 9.061944444444444";41°50'41''N 9°3'43''E;En service
771175;SFR;2662081;LTE 800;2023-05-26;02A;2A186;4G;2026-03-19T15:15:24;02A2700299;23;"18,4";65;Valdo;;;;20140;2A186;"41.844722222222224 , 9.061944444444444";41°50'41''N 9°3'43''E;En service
771176;SFR;2662081;UMTS 900;2023-05-26;02A;2A186;3G;2026-03-19T15:15:24;02A2700299;23;"18,4";65;Valdo;;;;20140;2A186;"41.844722222222224 , 9.061944444444444";41°50'41''N 9°3'43''E;En service
772788;SFR;2691322;LTE 700;2023-05-05;02A;2A132;4G;2026-03-19T15:15:24;02A2700288;26;18;32;;RUE CAMPIANI;;;20128;2A132;"41.83555555555556 , 8.924444444444443";41°50'8''N 8°55'28''E;En service
772789;SFR;2691322;LTE 800;2023-05-05;02A;2A132;4G;2026-03-19T15:15:24;02A2700288;26;18;32;;RUE CAMPIANI;;;20128;2A132;"41.83555555555556 , 8.924444444444443";41°50'8''N 8°55'28''E;En service
772790;SFR;2691322;UMTS 900;2023-05-05;02A;2A132;3G;2026-03-19T15:15:24;02A2700288;26;18;32;;RUE CAMPIANI;;;20128;2A132;"41.83555555555556 , 8.924444444444443";41°50'8''N 8°55'28''E;En service
772791;SFR;2691324;LTE 700;2023-05-12;02A;2A014;4G;2026-03-19T15:15:24;02A2700289;23;21;32;;Chemin d'Ambiegna;;;20151;2A014;"42.08444444444444 , 8.796111111111111";42°5'4''N 8°47'46''E;En service
772792;SFR;2691324;LTE 800;2023-05-12;02A;2A014;4G;2026-03-19T15:15:24;02A2700289;23;21;32;;Chemin d'Ambiegna;;;20151;2A014;"42.08444444444444 , 8.796111111111111";42°5'4''N 8°47'46''E;En service
772793;SFR;2691324;UMTS 900;2023-05-12;02A;2A014;3G;2026-03-19T15:15:24;02A2700289;23;21;32;;Chemin d'Ambiegna;;;20151;2A014;"42.08444444444444 , 8.796111111111111";42°5'4''N 8°47'46''E;En service
772955;SFR;2695041;LTE 700;2023-07-18;02A;2A163;4G;2026-03-19T15:15:24;02A2700290;23;21;32;Giannuccio;Proche TADU;;;20171;2A163;"41.5625 , 9.041666666666666";41°33'45''N 9°2'30''E;En service
772956;SFR;2695041;LTE 800;2023-07-18;02A;2A163;4G;2026-03-19T15:15:24;02A2700290;23;21;32;Giannuccio;Proche TADU;;;20171;2A163;"41.5625 , 9.041666666666666";41°33'45''N 9°2'30''E;En service
772957;SFR;2695041;UMTS 900;2023-07-18;02A;2A163;3G;2026-03-19T15:15:24;02A2700290;23;21;32;Giannuccio;Proche TADU;;;20171;2A163;"41.5625 , 9.041666666666666";41°33'45''N 9°2'30''E;En service
773125;SFR;2697896;LTE 1800;2024-12-05;02A;2A091;4G;2026-03-19T15:15:24;02A2700291;23;36;27;Pialtellu;Proche de D55;;;20123;2A091;"41.806666666666665 , 8.849166666666667";41°48'24''N 8°50'57''E;En service
773126;SFR;2697896;LTE 2100;2024-12-05;02A;2A091;4G;2026-03-19T15:15:24;02A2700291;23;36;27;Pialtellu;Proche de D55;;;20123;2A091;"41.806666666666665 , 8.849166666666667";41°48'24''N 8°50'57''E;En service
773127;SFR;2697896;LTE 800;2024-12-05;02A;2A091;4G;2026-03-19T15:15:24;02A2700291;23;36;27;Pialtellu;Proche de D55;;;20123;2A091;"41.806666666666665 , 8.849166666666667";41°48'24''N 8°50'57''E;En service
773128;SFR;2697896;UMTS 900;2024-12-05;02A;2A091;3G;2026-03-19T15:15:24;02A2700291;23;36;27;Pialtellu;Proche de D55;;;20123;2A091;"41.806666666666665 , 8.849166666666667";41°48'24''N 8°50'57''E;En service
774256;SFR;2716443;5G NR 2100;2022-11-08;02A;2A279;5G;2026-03-19T15:15:24;02A2700281;23;42;27;;MAIRIE DE SERRIERA;;;20147;2A279;"42.30222222222222 , 8.711388888888887";42°18'8''N 8°42'41''E;Techniquement opérationnel
774257;SFR;2716443;GSM 900;2022-11-08;02A;2A279;2G;2026-03-19T15:15:24;02A2700281;23;42;27;;MAIRIE DE SERRIERA;;;20147;2A279;"42.30222222222222 , 8.711388888888887";42°18'8''N 8°42'41''E;En service
774258;SFR;2716443;LTE 1800;2022-11-08;02A;2A279;4G;2026-03-19T15:15:24;02A2700281;23;42;27;;MAIRIE DE SERRIERA;;;20147;2A279;"42.30222222222222 , 8.711388888888887";42°18'8''N 8°42'41''E;En service
774259;SFR;2716443;LTE 2100;2022-11-08;02A;2A279;4G;2026-03-19T15:15:24;02A2700281;23;42;27;;MAIRIE DE SERRIERA;;;20147;2A279;"42.30222222222222 , 8.711388888888887";42°18'8''N 8°42'41''E;En service
774260;SFR;2716443;LTE 800;2022-11-08;02A;2A279;4G;2026-03-19T15:15:24;02A2700281;23;42;27;;MAIRIE DE SERRIERA;;;20147;2A279;"42.30222222222222 , 8.711388888888887";42°18'8''N 8°42'41''E;En service
774261;SFR;2716443;UMTS 900;2022-11-08;02A;2A279;3G;2026-03-19T15:15:24;02A2700281;23;42;27;;MAIRIE DE SERRIERA;;;20147;2A279;"42.30222222222222 , 8.711388888888887";42°18'8''N 8°42'41''E;En service
775624;SFR;2743017;LTE 700;2023-07-17;02A;2A142;4G;2026-03-19T15:15:24;02A2700296;23;30;32;FILOMOZZO;Route de Tirolo à Carpolitano;;;20170;2A142;"41.64944444444444 , 9.104722222222222";41°38'58''N 9°6'17''E;En service
775625;SFR;2743017;LTE 800;2023-07-17;02A;2A142;4G;2026-03-19T15:15:24;02A2700296;23;30;32;FILOMOZZO;Route de Tirolo à Carpolitano;;;20170;2A142;"41.64944444444444 , 9.104722222222222";41°38'58''N 9°6'17''E;En service
775626;SFR;2743017;UMTS 900;2023-06-23;02A;2A142;3G;2026-03-19T15:15:24;02A2700296;23;30;32;FILOMOZZO;Route de Tirolo à Carpolitano;;;20170;2A142;"41.64944444444444 , 9.104722222222222";41°38'58''N 9°6'17''E;En service
777180;SFR;2773430;LTE 700;2024-05-27;02A;2A114;4G;2026-03-19T15:15:24;02A2700402;23;27;42;Punta di Turricciola;Hameau de Santa Lucia.;;;20114;2A114;"41.48111111111111 , 9.157777777777778";41°28'52''N 9°9'28''E;En service
777181;SFR;2773430;LTE 800;2024-05-27;02A;2A114;4G;2026-03-19T15:15:24;02A2700402;23;27;42;Punta di Turricciola;Hameau de Santa Lucia.;;;20114;2A114;"41.48111111111111 , 9.157777777777778";41°28'52''N 9°9'28''E;En service
777182;SFR;2773430;UMTS 900;2024-05-27;02A;2A114;3G;2026-03-19T15:15:24;02A2700402;23;27;42;Punta di Turricciola;Hameau de Santa Lucia.;;;20114;2A114;"41.48111111111111 , 9.157777777777778";41°28'52''N 9°9'28''E;En service
778983;SFR;2803186;LTE 700;2024-10-31;02A;2A204;4G;2026-03-19T15:15:24;02A2700301;23;24;74;Canalelle;;;;20121;2A204;"42.13305555555556 , 8.974722222222223";42°7'59''N 8°58'29''E;En service
778984;SFR;2803186;LTE 800;2024-10-31;02A;2A204;4G;2026-03-19T15:15:24;02A2700301;23;24;74;Canalelle;;;;20121;2A204;"42.13305555555556 , 8.974722222222223";42°7'59''N 8°58'29''E;En service
778985;SFR;2803186;UMTS 900;2024-06-18;02A;2A204;3G;2026-03-19T15:15:24;02A2700301;23;24;74;Canalelle;;;;20121;2A204;"42.13305555555556 , 8.974722222222223";42°7'59''N 8°58'29''E;En service
778986;SFR;2803196;LTE 700;2025-01-10;02A;2A204;4G;2026-03-19T15:15:24;02A2700324;23;24;74;;FRASSETU;;;20121;2A204;"42.12833333333333 , 8.986944444444443";42°7'42''N 8°59'13''E;En service
778987;SFR;2803196;LTE 800;2025-01-02;02A;2A204;4G;2026-03-19T15:15:24;02A2700324;23;24;74;;FRASSETU;;;20121;2A204;"42.12833333333333 , 8.986944444444443";42°7'42''N 8°59'13''E;En service
778988;SFR;2803196;UMTS 900;2024-12-18;02A;2A204;3G;2026-03-19T15:15:24;02A2700324;23;24;74;;FRASSETU;;;20121;2A204;"42.12833333333333 , 8.986944444444443";42°7'42''N 8°59'13''E;En service
779184;SFR;2806719;LTE 700;;02A;2A262;4G;2026-03-19T15:15:24;02A2700432;23;12;74;LUCU;RD4 - Proche de Muna;;;20121;2A262;"42.13583333333333 , 8.846388888888889";42°8'9''N 8°50'47''E;Projet approuvé
779185;SFR;2806719;LTE 800;;02A;2A262;4G;2026-03-19T15:15:24;02A2700432;23;12;74;LUCU;RD4 - Proche de Muna;;;20121;2A262;"42.13583333333333 , 8.846388888888889";42°8'9''N 8°50'47''E;Projet approuvé
779186;SFR;2806719;UMTS 900;2026-02-09;02A;2A262;3G;2026-03-19T15:15:24;02A2700432;23;12;74;LUCU;RD4 - Proche de Muna;;;20121;2A262;"42.13583333333333 , 8.846388888888889";42°8'9''N 8°50'47''E;En service
779995;SFR;2824886;LTE 700;2023-12-22;02A;2A119;4G;2026-03-19T15:15:24;02A2700314;20;"27,7";34;;Place de l'Eglise;;;20157;2A119;"41.89555555555555 , 9.021944444444445";41°53'44''N 9°1'19''E;En service
779996;SFR;2824886;LTE 800;2023-12-12;02A;2A119;4G;2026-03-19T15:15:24;02A2700314;20;"27,7";34;;Place de l'Eglise;;;20157;2A119;"41.89555555555555 , 9.021944444444445";41°53'44''N 9°1'19''E;En service
779997;SFR;2824886;UMTS 900;2023-12-22;02A;2A119;3G;2026-03-19T15:15:24;02A2700314;20;"27,7";34;;Place de l'Eglise;;;20157;2A119;"41.89555555555555 , 9.021944444444445";41°53'44''N 9°1'19''E;En service
781187;SFR;2843685;LTE 700;2023-08-21;02A;2A129;4G;2026-03-19T15:15:24;02A2700302;23;18;27;Santo;SPALLA;ancien chemin de tivolaggio à Grossa;;20100;2A129;"41.61194444444445 , 8.875";41°36'43''N 8°52'30''E;En service
781188;SFR;2843685;LTE 800;2023-08-21;02A;2A129;4G;2026-03-19T15:15:24;02A2700302;23;18;27;Santo;SPALLA;ancien chemin de tivolaggio à Grossa;;20100;2A129;"41.61194444444445 , 8.875";41°36'43''N 8°52'30''E;En service
781189;SFR;2843685;UMTS 900;2023-08-10;02A;2A129;3G;2026-03-19T15:15:24;02A2700302;23;18;27;Santo;SPALLA;ancien chemin de tivolaggio à Grossa;;20100;2A129;"41.61194444444445 , 8.875";41°36'43''N 8°52'30''E;En service
781444;SFR;2848458;LTE 700;2024-01-15;02A;2A203;4G;2026-03-19T15:15:24;02A2700305;23;12;42;Sarra Mandriaccia;Rte du cimetière;;;20147;2A203;"42.31055555555555 , 8.686111111111112";42°18'38''N 8°41'10''E;En service
781445;SFR;2848458;LTE 800;2024-01-15;02A;2A203;4G;2026-03-19T15:15:24;02A2700305;23;12;42;Sarra Mandriaccia;Rte du cimetière;;;20147;2A203;"42.31055555555555 , 8.686111111111112";42°18'38''N 8°41'10''E;En service
781446;SFR;2848458;UMTS 900;2024-01-28;02A;2A203;3G;2026-03-19T15:15:24;02A2700305;23;12;42;Sarra Mandriaccia;Rte du cimetière;;;20147;2A203;"42.31055555555555 , 8.686111111111112";42°18'38''N 8°41'10''E;En service
782381;SFR;2858457;LTE 700;;02A;2A031;4G;2026-03-19T15:15:24;02A2700413;23;30;74;Alzitella;D 27;;;20119;2A031;"42.01 , 9.038611111111111";42°0'36''N 9°2'19''E;Projet approuvé
782382;SFR;2858457;LTE 800;;02A;2A031;4G;2026-03-19T15:15:24;02A2700413;23;30;74;Alzitella;D 27;;;20119;2A031;"42.01 , 9.038611111111111";42°0'36''N 9°2'19''E;Projet approuvé
782383;SFR;2858457;UMTS 900;;02A;2A031;3G;2026-03-19T15:15:24;02A2700413;23;30;74;Alzitella;D 27;;;20119;2A031;"42.01 , 9.038611111111111";42°0'36''N 9°2'19''E;Projet approuvé
782506;SFR;2860764;LTE 700;;02A;2A359;4G;2026-03-19T15:15:24;02A2700403;23;"9,9";42;PUNTA TOZZARELLA VALLICIONCA;PLATEAU DU COSCIONE;;;20132;2A359;"41.85416666666667 , 9.17611111111111";41°51'15''N 9°10'34''E;Projet approuvé
782507;SFR;2860764;LTE 800;;02A;2A359;4G;2026-03-19T15:15:24;02A2700403;23;"9,9";42;PUNTA TOZZARELLA VALLICIONCA;PLATEAU DU COSCIONE;;;20132;2A359;"41.85416666666667 , 9.17611111111111";41°51'15''N 9°10'34''E;Projet approuvé
782508;SFR;2860764;UMTS 900;;02A;2A359;3G;2026-03-19T15:15:24;02A2700403;23;"9,9";42;PUNTA TOZZARELLA VALLICIONCA;PLATEAU DU COSCIONE;;;20132;2A359;"41.85416666666667 , 9.17611111111111";41°51'15''N 9°10'34''E;Projet approuvé
784245;SFR;2879405;5G NR 2100;2023-09-22;02A;2A006;5G;2026-03-19T15:15:24;02A2700304;24;"18,2";27;L'ESCAJOLA;Route Départementale 561;;;20167;2A006;"41.97416666666667 , 8.688055555555556";41°58'27''N 8°41'17''E;Techniquement opérationnel
784246;SFR;2879405;LTE 1800;2023-09-22;02A;2A006;4G;2026-03-19T15:15:24;02A2700304;24;"18,2";27;L'ESCAJOLA;Route Départementale 561;;;20167;2A006;"41.97416666666667 , 8.688055555555556";41°58'27''N 8°41'17''E;En service
784247;SFR;2879405;LTE 2100;2023-09-22;02A;2A006;4G;2026-03-19T15:15:24;02A2700304;24;"18,2";27;L'ESCAJOLA;Route Départementale 561;;;20167;2A006;"41.97416666666667 , 8.688055555555556";41°58'27''N 8°41'17''E;En service
784248;SFR;2879405;LTE 700;2023-09-22;02A;2A006;4G;2026-03-19T15:15:24;02A2700304;24;"18,2";27;L'ESCAJOLA;Route Départementale 561;;;20167;2A006;"41.97416666666667 , 8.688055555555556";41°58'27''N 8°41'17''E;En service
784249;SFR;2879405;LTE 800;2023-09-22;02A;2A006;4G;2026-03-19T15:15:24;02A2700304;24;"18,2";27;L'ESCAJOLA;Route Départementale 561;;;20167;2A006;"41.97416666666667 , 8.688055555555556";41°58'27''N 8°41'17''E;En service
784250;SFR;2879405;UMTS 900;2023-09-22;02A;2A006;3G;2026-03-19T15:15:24;02A2700304;24;"18,2";27;L'ESCAJOLA;Route Départementale 561;;;20167;2A006;"41.97416666666667 , 8.688055555555556";41°58'27''N 8°41'17''E;En service
785428;SFR;2889326;LTE 700;2024-12-22;02A;2A019;4G;2026-03-19T15:15:24;02A2700321;23;18;74;SAMBUGHELLE ;Chemein d'arbori;;;20160;2A019;"42.14388888888889 , 8.802222222222223";42°8'38''N 8°48'8''E;En service
785429;SFR;2889326;LTE 800;2024-12-22;02A;2A019;4G;2026-03-19T15:15:24;02A2700321;23;18;74;SAMBUGHELLE ;Chemein d'arbori;;;20160;2A019;"42.14388888888889 , 8.802222222222223";42°8'38''N 8°48'8''E;En service
785430;SFR;2889326;UMTS 900;2024-11-13;02A;2A019;3G;2026-03-19T15:15:24;02A2700321;23;18;74;SAMBUGHELLE ;Chemein d'arbori;;;20160;2A019;"42.14388888888889 , 8.802222222222223";42°8'38''N 8°48'8''E;En service
785660;SFR;2890760;LTE 700;;02A;2A348;4G;2026-03-19T15:15:24;02A2700306;23;24;27;Poggio;RD 56 Frasso;;;20160;2A348;"42.152499999999996 , 8.774444444444445";42°9'9''N 8°46'28''E;Projet approuvé
785661;SFR;2890760;LTE 800;;02A;2A348;4G;2026-03-19T15:15:24;02A2700306;23;24;27;Poggio;RD 56 Frasso;;;20160;2A348;"42.152499999999996 , 8.774444444444445";42°9'9''N 8°46'28''E;Projet approuvé
785662;SFR;2890760;UMTS 900;;02A;2A348;3G;2026-03-19T15:15:24;02A2700306;23;24;27;Poggio;RD 56 Frasso;;;20160;2A348;"42.152499999999996 , 8.774444444444445";42°9'9''N 8°46'28''E;Projet approuvé
785861;SFR;2892620;LTE 700;2025-05-05;02A;2A324;4G;2026-03-19T15:15:24;02A2700323;23;"18,4";74;CIOFELLO;CASARACCA - PRUNICCIA;D127;;20163;2A324;"42.06666666666667 , 9.020000000000001";42°4'0''N 9°1'12''E;En service
785862;SFR;2892620;LTE 800;2025-05-05;02A;2A324;4G;2026-03-19T15:15:24;02A2700323;23;"18,4";74;CIOFELLO;CASARACCA - PRUNICCIA;D127;;20163;2A324;"42.06666666666667 , 9.020000000000001";42°4'0''N 9°1'12''E;En service
785863;SFR;2892620;UMTS 900;2025-04-23;02A;2A324;3G;2026-03-19T15:15:24;02A2700323;23;"18,4";74;CIOFELLO;CASARACCA - PRUNICCIA;D127;;20163;2A324;"42.06666666666667 , 9.020000000000001";42°4'0''N 9°1'12''E;En service
786005;SFR;2893919;LTE 700;2024-12-22;02A;2A090;4G;2026-03-19T15:15:24;02A2700322;23;"18,4";74;RONDINAJA;Sorbolonne;;;20118;2A090;"42.12166666666667 , 8.748333333333333";42°7'18''N 8°44'54''E;En service
786006;SFR;2893919;LTE 800;2024-12-22;02A;2A090;4G;2026-03-19T15:15:24;02A2700322;23;"18,4";74;RONDINAJA;Sorbolonne;;;20118;2A090;"42.12166666666667 , 8.748333333333333";42°7'18''N 8°44'54''E;En service
786007;SFR;2893919;UMTS 900;2024-12-22;02A;2A090;3G;2026-03-19T15:15:24;02A2700322;23;"18,4";74;RONDINAJA;Sorbolonne;;;20118;2A090;"42.12166666666667 , 8.748333333333333";42°7'18''N 8°44'54''E;En service
786018;SFR;2894003;LTE 700;2024-12-22;02A;2A154;4G;2026-03-19T15:15:24;02A2700406;23;30;74;Monte Maggiore ;Près de la route Piano Maggiore;;;20141;2A154;"42.233333333333334 , 8.791944444444445";42°14'0''N 8°47'31''E;En service
786019;SFR;2894003;LTE 800;2024-12-22;02A;2A154;4G;2026-03-19T15:15:24;02A2700406;23;30;74;Monte Maggiore ;Près de la route Piano Maggiore;;;20141;2A154;"42.233333333333334 , 8.791944444444445";42°14'0''N 8°47'31''E;En service
786020;SFR;2894003;UMTS 900;2024-12-22;02A;2A154;3G;2026-03-19T15:15:24;02A2700406;23;30;74;Monte Maggiore ;Près de la route Piano Maggiore;;;20141;2A154;"42.233333333333334 , 8.791944444444445";42°14'0''N 8°47'31''E;En service
787195;SFR;2903885;LTE 700;2024-02-09;02A;2A022;4G;2026-03-19T15:15:24;02A2700310;23;24;27;MURONE;Chemin de San Chirgo;;;20151;2A022;"42.09777777777778 , 8.808611111111112";42°5'52''N 8°48'31''E;En service
787196;SFR;2903885;LTE 800;2024-02-09;02A;2A022;4G;2026-03-19T15:15:24;02A2700310;23;24;27;MURONE;Chemin de San Chirgo;;;20151;2A022;"42.09777777777778 , 8.808611111111112";42°5'52''N 8°48'31''E;En service
787197;SFR;2903885;UMTS 900;2024-02-09;02A;2A022;3G;2026-03-19T15:15:24;02A2700310;23;24;27;MURONE;Chemin de San Chirgo;;;20151;2A022;"42.09777777777778 , 8.808611111111112";42°5'52''N 8°48'31''E;En service
787709;SFR;2908160;5G NR 2100;;02A;2A247;5G;2026-03-19T15:15:24;02A2700318;23;36;27;PIANO;Chemin rural N°49;Proche de chemin de sunivorsu;;20137;2A247;"41.634166666666665 , 9.265277777777778";41°38'3''N 9°15'55''E;Projet approuvé
787710;SFR;2908160;LTE 1800;;02A;2A247;4G;2026-03-19T15:15:24;02A2700318;23;36;27;PIANO;Chemin rural N°49;Proche de chemin de sunivorsu;;20137;2A247;"41.634166666666665 , 9.265277777777778";41°38'3''N 9°15'55''E;Projet approuvé
787711;SFR;2908160;LTE 2100;;02A;2A247;4G;2026-03-19T15:15:24;02A2700318;23;36;27;PIANO;Chemin rural N°49;Proche de chemin de sunivorsu;;20137;2A247;"41.634166666666665 , 9.265277777777778";41°38'3''N 9°15'55''E;Projet approuvé
787712;SFR;2908160;LTE 2600;;02A;2A247;4G;2026-03-19T15:15:24;02A2700318;23;36;27;PIANO;Chemin rural N°49;Proche de chemin de sunivorsu;;20137;2A247;"41.634166666666665 , 9.265277777777778";41°38'3''N 9°15'55''E;Projet approuvé
787713;SFR;2908160;LTE 700;;02A;2A247;4G;2026-03-19T15:15:24;02A2700318;23;36;27;PIANO;Chemin rural N°49;Proche de chemin de sunivorsu;;20137;2A247;"41.634166666666665 , 9.265277777777778";41°38'3''N 9°15'55''E;Projet approuvé
787714;SFR;2908160;LTE 800;;02A;2A247;4G;2026-03-19T15:15:24;02A2700318;23;36;27;PIANO;Chemin rural N°49;Proche de chemin de sunivorsu;;20137;2A247;"41.634166666666665 , 9.265277777777778";41°38'3''N 9°15'55''E;Projet approuvé
787715;SFR;2908160;UMTS 900;;02A;2A247;3G;2026-03-19T15:15:24;02A2700318;23;36;27;PIANO;Chemin rural N°49;Proche de chemin de sunivorsu;;20137;2A247;"41.634166666666665 , 9.265277777777778";41°38'3''N 9°15'55''E;Projet approuvé
788174;SFR;2914020;LTE 700;2023-12-22;02A;2A258;4G;2026-03-19T15:15:24;02A2700319;23;26;27;PINO;Proche de Route départementale N°70;;;20160;2A258;"42.21083333333333 , 8.8225";42°12'39''N 8°49'21''E;En service
788175;SFR;2914020;LTE 800;2023-12-22;02A;2A258;4G;2026-03-19T15:15:24;02A2700319;23;26;27;PINO;Proche de Route départementale N°70;;;20160;2A258;"42.21083333333333 , 8.8225";42°12'39''N 8°49'21''E;En service
788176;SFR;2914020;UMTS 900;2023-12-22;02A;2A258;3G;2026-03-19T15:15:24;02A2700319;23;26;27;PINO;Proche de Route départementale N°70;;;20160;2A258;"42.21083333333333 , 8.8225";42°12'39''N 8°49'21''E;En service
788338;SFR;2914550;LTE 700;2023-12-28;02A;2A160;4G;2026-03-19T15:15:24;02A2700317;23;"20,7";27;COTONE;PILINGARDO;;;20140;2A160;"41.809999999999995 , 9.010833333333334";41°48'36''N 9°0'39''E;En service
788339;SFR;2914550;LTE 800;2023-12-28;02A;2A160;4G;2026-03-19T15:15:24;02A2700317;23;"20,7";27;COTONE;PILINGARDO;;;20140;2A160;"41.809999999999995 , 9.010833333333334";41°48'36''N 9°0'39''E;En service
788340;SFR;2914550;UMTS 900;2023-12-29;02A;2A160;3G;2026-03-19T15:15:24;02A2700317;23;"20,7";27;COTONE;PILINGARDO;;;20140;2A160;"41.809999999999995 , 9.010833333333334";41°48'36''N 9°0'39''E;En service
788603;SFR;2917608;LTE 700;2025-01-02;02A;2A142;4G;2026-03-19T15:15:24;02A2700325;23;18;74;;450 Petra  Pinzuta; près de la Coletta;;20170;2A142;"41.659166666666664 , 9.105833333333333";41°39'33''N 9°6'21''E;En service
788604;SFR;2917608;LTE 800;2025-01-02;02A;2A142;4G;2026-03-19T15:15:24;02A2700325;23;18;74;;450 Petra  Pinzuta; près de la Coletta;;20170;2A142;"41.659166666666664 , 9.105833333333333";41°39'33''N 9°6'21''E;En service
788605;SFR;2917608;UMTS 900;2024-11-06;02A;2A142;3G;2026-03-19T15:15:24;02A2700325;23;18;74;;450 Petra  Pinzuta; près de la Coletta;;20170;2A142;"41.659166666666664 , 9.105833333333333";41°39'33''N 9°6'21''E;En service
793451;SFR;2971809;5G NR 2100;2024-09-04;02A;2A090;5G;2026-03-19T15:15:24;02A2700401;23;30;32;FAVALELLO;D56;;;20118;2A090;"42.09777777777778 , 8.724722222222223";42°5'52''N 8°43'29''E;Techniquement opérationnel
793452;SFR;2971809;LTE 1800;2024-09-04;02A;2A090;4G;2026-03-19T15:15:24;02A2700401;23;30;32;FAVALELLO;D56;;;20118;2A090;"42.09777777777778 , 8.724722222222223";42°5'52''N 8°43'29''E;En service
793453;SFR;2971809;LTE 2100;2024-09-04;02A;2A090;4G;2026-03-19T15:15:24;02A2700401;23;30;32;FAVALELLO;D56;;;20118;2A090;"42.09777777777778 , 8.724722222222223";42°5'52''N 8°43'29''E;En service
793454;SFR;2971809;LTE 700;2024-08-29;02A;2A090;4G;2026-03-19T15:15:24;02A2700401;23;30;32;FAVALELLO;D56;;;20118;2A090;"42.09777777777778 , 8.724722222222223";42°5'52''N 8°43'29''E;En service
793455;SFR;2971809;LTE 800;2024-08-29;02A;2A090;4G;2026-03-19T15:15:24;02A2700401;23;30;32;FAVALELLO;D56;;;20118;2A090;"42.09777777777778 , 8.724722222222223";42°5'52''N 8°43'29''E;En service
793456;SFR;2971809;UMTS 900;2024-08-29;02A;2A090;3G;2026-03-19T15:15:24;02A2700401;23;30;32;FAVALELLO;D56;;;20118;2A090;"42.09777777777778 , 8.724722222222223";42°5'52''N 8°43'29''E;En service
793985;SFR;2975056;LTE 700;2025-03-27;02A;2A066;4G;2026-03-19T15:15:24;02A2700405;23;"20,3";42;La Rocca;Station AEP de Cargiaca;;;20164;2A066;"41.733333333333334 , 9.05388888888889";41°44'0''N 9°3'14''E;En service
793986;SFR;2975056;LTE 800;2025-03-27;02A;2A066;4G;2026-03-19T15:15:24;02A2700405;23;"20,3";42;La Rocca;Station AEP de Cargiaca;;;20164;2A066;"41.733333333333334 , 9.05388888888889";41°44'0''N 9°3'14''E;En service
793987;SFR;2975056;UMTS 900;2025-04-09;02A;2A066;3G;2026-03-19T15:15:24;02A2700405;23;"20,3";42;La Rocca;Station AEP de Cargiaca;;;20164;2A066;"41.733333333333334 , 9.05388888888889";41°44'0''N 9°3'14''E;En service
795263;SFR;2991583;5G NR 2100;2024-09-30;02A;2A139;5G;2026-03-19T15:15:24;02A2700404;26;18;27;;169 Strada di Suartonu;;;20137;2A139;"41.640277777777776 , 9.336388888888889";41°38'25''N 9°20'11''E;Techniquement opérationnel
795264;SFR;2991583;5G NR 3500;2024-09-30;02A;2A139;5G;2026-03-19T15:15:24;02A2700404;26;18;27;;169 Strada di Suartonu;;;20137;2A139;"41.640277777777776 , 9.336388888888889";41°38'25''N 9°20'11''E;Techniquement opérationnel
795265;SFR;2991583;LTE 1800;2024-09-30;02A;2A139;4G;2026-03-19T15:15:24;02A2700404;26;18;27;;169 Strada di Suartonu;;;20137;2A139;"41.640277777777776 , 9.336388888888889";41°38'25''N 9°20'11''E;En service
795266;SFR;2991583;LTE 2100;2024-09-30;02A;2A139;4G;2026-03-19T15:15:24;02A2700404;26;18;27;;169 Strada di Suartonu;;;20137;2A139;"41.640277777777776 , 9.336388888888889";41°38'25''N 9°20'11''E;En service
795267;SFR;2991583;LTE 2600;2024-09-30;02A;2A139;4G;2026-03-19T15:15:24;02A2700404;26;18;27;;169 Strada di Suartonu;;;20137;2A139;"41.640277777777776 , 9.336388888888889";41°38'25''N 9°20'11''E;En service
795268;SFR;2991583;LTE 700;2024-09-30;02A;2A139;4G;2026-03-19T15:15:24;02A2700404;26;18;27;;169 Strada di Suartonu;;;20137;2A139;"41.640277777777776 , 9.336388888888889";41°38'25''N 9°20'11''E;En service
795269;SFR;2991583;LTE 800;2024-09-30;02A;2A139;4G;2026-03-19T15:15:24;02A2700404;26;18;27;;169 Strada di Suartonu;;;20137;2A139;"41.640277777777776 , 9.336388888888889";41°38'25''N 9°20'11''E;En service
795270;SFR;2991583;UMTS 900;2024-09-30;02A;2A139;3G;2026-03-19T15:15:24;02A2700404;26;18;27;;169 Strada di Suartonu;;;20137;2A139;"41.640277777777776 , 9.336388888888889";41°38'25''N 9°20'11''E;En service
799951;SFR;3036084;5G NR 2100;;02A;2A004;5G;2026-03-19T15:15:24;02A2700407;38;"25,9";9;;7 Chemin de Pietralba;Résidence Valle Serena-BT1;;20000;2A004;"41.94027777777777 , 8.761111111111111";41°56'25''N 8°45'40''E;Projet approuvé
799952;SFR;3036084;5G NR 3500;;02A;2A004;5G;2026-03-19T15:15:24;02A2700407;38;"25,9";9;;7 Chemin de Pietralba;Résidence Valle Serena-BT1;;20000;2A004;"41.94027777777777 , 8.761111111111111";41°56'25''N 8°45'40''E;Projet approuvé
799953;SFR;3036084;LTE 1800;;02A;2A004;4G;2026-03-19T15:15:24;02A2700407;38;"25,9";9;;7 Chemin de Pietralba;Résidence Valle Serena-BT1;;20000;2A004;"41.94027777777777 , 8.761111111111111";41°56'25''N 8°45'40''E;Projet approuvé
799954;SFR;3036084;LTE 2100;;02A;2A004;4G;2026-03-19T15:15:24;02A2700407;38;"25,9";9;;7 Chemin de Pietralba;Résidence Valle Serena-BT1;;20000;2A004;"41.94027777777777 , 8.761111111111111";41°56'25''N 8°45'40''E;Projet approuvé
799955;SFR;3036084;LTE 2600;;02A;2A004;4G;2026-03-19T15:15:24;02A2700407;38;"25,9";9;;7 Chemin de Pietralba;Résidence Valle Serena-BT1;;20000;2A004;"41.94027777777777 , 8.761111111111111";41°56'25''N 8°45'40''E;Projet approuvé
799956;SFR;3036084;LTE 700;;02A;2A004;4G;2026-03-19T15:15:24;02A2700407;38;"25,9";9;;7 Chemin de Pietralba;Résidence Valle Serena-BT1;;20000;2A004;"41.94027777777777 , 8.761111111111111";41°56'25''N 8°45'40''E;Projet approuvé
799957;SFR;3036084;LTE 800;;02A;2A004;4G;2026-03-19T15:15:24;02A2700407;38;"25,9";9;;7 Chemin de Pietralba;Résidence Valle Serena-BT1;;20000;2A004;"41.94027777777777 , 8.761111111111111";41°56'25''N 8°45'40''E;Projet approuvé
799958;SFR;3036084;UMTS 900;;02A;2A004;3G;2026-03-19T15:15:24;02A2700407;38;"25,9";9;;7 Chemin de Pietralba;Résidence Valle Serena-BT1;;20000;2A004;"41.94027777777777 , 8.761111111111111";41°56'25''N 8°45'40''E;Projet approuvé
802167;SFR;3056107;5G NR 2100;;02A;2A247;5G;2026-03-19T15:15:24;02A2700409;26;16;27;;5 Rue Fontana Vecchia;;;20137;2A247;"41.58916666666667 , 9.27888888888889";41°35'21''N 9°16'44''E;Projet approuvé
802168;SFR;3056107;5G NR 3500;;02A;2A247;5G;2026-03-19T15:15:24;02A2700409;26;16;27;;5 Rue Fontana Vecchia;;;20137;2A247;"41.58916666666667 , 9.27888888888889";41°35'21''N 9°16'44''E;Projet approuvé
802169;SFR;3056107;LTE 1800;;02A;2A247;4G;2026-03-19T15:15:24;02A2700409;26;16;27;;5 Rue Fontana Vecchia;;;20137;2A247;"41.58916666666667 , 9.27888888888889";41°35'21''N 9°16'44''E;Projet approuvé
802170;SFR;3056107;LTE 2100;;02A;2A247;4G;2026-03-19T15:15:24;02A2700409;26;16;27;;5 Rue Fontana Vecchia;;;20137;2A247;"41.58916666666667 , 9.27888888888889";41°35'21''N 9°16'44''E;Projet approuvé
802171;SFR;3056107;LTE 2600;;02A;2A247;4G;2026-03-19T15:15:24;02A2700409;26;16;27;;5 Rue Fontana Vecchia;;;20137;2A247;"41.58916666666667 , 9.27888888888889";41°35'21''N 9°16'44''E;Projet approuvé
802172;SFR;3056107;LTE 700;;02A;2A247;4G;2026-03-19T15:15:24;02A2700409;26;16;27;;5 Rue Fontana Vecchia;;;20137;2A247;"41.58916666666667 , 9.27888888888889";41°35'21''N 9°16'44''E;Projet approuvé
802173;SFR;3056107;LTE 800;;02A;2A247;4G;2026-03-19T15:15:24;02A2700409;26;16;27;;5 Rue Fontana Vecchia;;;20137;2A247;"41.58916666666667 , 9.27888888888889";41°35'21''N 9°16'44''E;Projet approuvé
802174;SFR;3056107;UMTS 900;;02A;2A247;3G;2026-03-19T15:15:24;02A2700409;26;16;27;;5 Rue Fontana Vecchia;;;20137;2A247;"41.58916666666667 , 9.27888888888889";41°35'21''N 9°16'44''E;Projet approuvé
802580;SFR;3062686;LTE 700;;02A;2A027;4G;2026-03-19T15:15:24;02A2700415;23;18;74;Chianovella;Proche D4 ;;;20121;2A027;"42.11805555555556 , 8.929166666666665";42°7'5''N 8°55'45''E;Projet approuvé
802581;SFR;3062686;LTE 800;;02A;2A027;4G;2026-03-19T15:15:24;02A2700415;23;18;74;Chianovella;Proche D4 ;;;20121;2A027;"42.11805555555556 , 8.929166666666665";42°7'5''N 8°55'45''E;Projet approuvé
802582;SFR;3062686;UMTS 900;;02A;2A027;3G;2026-03-19T15:15:24;02A2700415;23;18;74;Chianovella;Proche D4 ;;;20121;2A027;"42.11805555555556 , 8.929166666666665";42°7'5''N 8°55'45''E;Projet approuvé
803400;SFR;3074825;5G NR 2100;2025-03-27;02A;2A272;5G;2026-03-19T15:15:24;02A2700412;23;"18,2";27;;9 Ldt Stantari;;;20100;2A272;"41.64944444444444 , 8.944166666666668";41°38'58''N 8°56'39''E;Techniquement opérationnel
803401;SFR;3074825;LTE 1800;2025-03-27;02A;2A272;4G;2026-03-19T15:15:24;02A2700412;23;"18,2";27;;9 Ldt Stantari;;;20100;2A272;"41.64944444444444 , 8.944166666666668";41°38'58''N 8°56'39''E;En service
803402;SFR;3074825;LTE 2100;2025-03-27;02A;2A272;4G;2026-03-19T15:15:24;02A2700412;23;"18,2";27;;9 Ldt Stantari;;;20100;2A272;"41.64944444444444 , 8.944166666666668";41°38'58''N 8°56'39''E;En service
803403;SFR;3074825;LTE 2600;2025-03-27;02A;2A272;4G;2026-03-19T15:15:24;02A2700412;23;"18,2";27;;9 Ldt Stantari;;;20100;2A272;"41.64944444444444 , 8.944166666666668";41°38'58''N 8°56'39''E;En service
803404;SFR;3074825;LTE 700;2025-03-27;02A;2A272;4G;2026-03-19T15:15:24;02A2700412;23;"18,2";27;;9 Ldt Stantari;;;20100;2A272;"41.64944444444444 , 8.944166666666668";41°38'58''N 8°56'39''E;En service
803405;SFR;3074825;LTE 800;2025-03-27;02A;2A272;4G;2026-03-19T15:15:24;02A2700412;23;"18,2";27;;9 Ldt Stantari;;;20100;2A272;"41.64944444444444 , 8.944166666666668";41°38'58''N 8°56'39''E;En service
803406;SFR;3074825;UMTS 900;2025-03-27;02A;2A272;3G;2026-03-19T15:15:24;02A2700412;23;"18,2";27;;9 Ldt Stantari;;;20100;2A272;"41.64944444444444 , 8.944166666666668";41°38'58''N 8°56'39''E;En service
804347;SFR;3091272;5G NR 2100;;02A;2A362;5G;2026-03-19T15:15:24;02A2700416;23;21;27;Molendino;Route Territoriale 10;Centre commerciale SUPER U;;20144;2A362;"41.696666666666665 , 9.346666666666668";41°41'48''N 9°20'48''E;Projet approuvé
804348;SFR;3091272;5G NR 3500;;02A;2A362;5G;2026-03-19T15:15:24;02A2700416;23;21;27;Molendino;Route Territoriale 10;Centre commerciale SUPER U;;20144;2A362;"41.696666666666665 , 9.346666666666668";41°41'48''N 9°20'48''E;Projet approuvé
804349;SFR;3091272;LTE 1800;;02A;2A362;4G;2026-03-19T15:15:24;02A2700416;23;21;27;Molendino;Route Territoriale 10;Centre commerciale SUPER U;;20144;2A362;"41.696666666666665 , 9.346666666666668";41°41'48''N 9°20'48''E;Projet approuvé
804350;SFR;3091272;LTE 2100;;02A;2A362;4G;2026-03-19T15:15:24;02A2700416;23;21;27;Molendino;Route Territoriale 10;Centre commerciale SUPER U;;20144;2A362;"41.696666666666665 , 9.346666666666668";41°41'48''N 9°20'48''E;Projet approuvé
804351;SFR;3091272;LTE 2600;;02A;2A362;4G;2026-03-19T15:15:24;02A2700416;23;21;27;Molendino;Route Territoriale 10;Centre commerciale SUPER U;;20144;2A362;"41.696666666666665 , 9.346666666666668";41°41'48''N 9°20'48''E;Projet approuvé
804352;SFR;3091272;LTE 700;;02A;2A362;4G;2026-03-19T15:15:24;02A2700416;23;21;27;Molendino;Route Territoriale 10;Centre commerciale SUPER U;;20144;2A362;"41.696666666666665 , 9.346666666666668";41°41'48''N 9°20'48''E;Projet approuvé
804353;SFR;3091272;LTE 800;;02A;2A362;4G;2026-03-19T15:15:24;02A2700416;23;21;27;Molendino;Route Territoriale 10;Centre commerciale SUPER U;;20144;2A362;"41.696666666666665 , 9.346666666666668";41°41'48''N 9°20'48''E;Projet approuvé
804354;SFR;3091272;UMTS 900;;02A;2A362;3G;2026-03-19T15:15:24;02A2700416;23;21;27;Molendino;Route Territoriale 10;Centre commerciale SUPER U;;20144;2A362;"41.696666666666665 , 9.346666666666668";41°41'48''N 9°20'48''E;Projet approuvé
804529;SFR;3094321;LTE 700;2025-04-30;02A;2A268;4G;2026-03-19T15:15:24;02A2700417;23;"20,2";32;Licciola;D28;;;20134;2A268;"41.93083333333333 , 9.113333333333333";41°55'51''N 9°6'48''E;En service
804530;SFR;3094321;LTE 800;2025-04-30;02A;2A268;4G;2026-03-19T15:15:24;02A2700417;23;"20,2";32;Licciola;D28;;;20134;2A268;"41.93083333333333 , 9.113333333333333";41°55'51''N 9°6'48''E;En service
804531;SFR;3094321;UMTS 900;2025-04-30;02A;2A268;3G;2026-03-19T15:15:24;02A2700417;23;"20,2";32;Licciola;D28;;;20134;2A268;"41.93083333333333 , 9.113333333333333";41°55'51''N 9°6'48''E;En service
804763;SFR;3096648;LTE 700;;02A;2A128;4G;2026-03-19T15:15:24;02A2700418;23;24;27;CAPO D'ALZO;D448;;;20100;2A128;"41.64 , 9.0125";41°38'24''N 9°0'45''E;Projet approuvé
804764;SFR;3096648;LTE 800;;02A;2A128;4G;2026-03-19T15:15:24;02A2700418;23;24;27;CAPO D'ALZO;D448;;;20100;2A128;"41.64 , 9.0125";41°38'24''N 9°0'45''E;Projet approuvé
804765;SFR;3096648;UMTS 900;;02A;2A128;3G;2026-03-19T15:15:24;02A2700418;23;24;27;CAPO D'ALZO;D448;;;20100;2A128;"41.64 , 9.0125";41°38'24''N 9°0'45''E;Projet approuvé
805223;SFR;3102635;5G NR 2100;;02A;2A006;5G;2026-03-19T15:15:24;02A2700419;23;15;27;STRIPPICCIA;Proche de San Benedetto;;;20167;2A006;"41.9825 , 8.73611111111111";41°58'57''N 8°44'10''E;Projet approuvé
805224;SFR;3102635;LTE 1800;;02A;2A006;4G;2026-03-19T15:15:24;02A2700419;23;15;27;STRIPPICCIA;Proche de San Benedetto;;;20167;2A006;"41.9825 , 8.73611111111111";41°58'57''N 8°44'10''E;Projet approuvé
805225;SFR;3102635;LTE 2100;;02A;2A006;4G;2026-03-19T15:15:24;02A2700419;23;15;27;STRIPPICCIA;Proche de San Benedetto;;;20167;2A006;"41.9825 , 8.73611111111111";41°58'57''N 8°44'10''E;Projet approuvé
805226;SFR;3102635;LTE 2600;;02A;2A006;4G;2026-03-19T15:15:24;02A2700419;23;15;27;STRIPPICCIA;Proche de San Benedetto;;;20167;2A006;"41.9825 , 8.73611111111111";41°58'57''N 8°44'10''E;Projet approuvé
805227;SFR;3102635;LTE 700;;02A;2A006;4G;2026-03-19T15:15:24;02A2700419;23;15;27;STRIPPICCIA;Proche de San Benedetto;;;20167;2A006;"41.9825 , 8.73611111111111";41°58'57''N 8°44'10''E;Projet approuvé
805228;SFR;3102635;LTE 800;;02A;2A006;4G;2026-03-19T15:15:24;02A2700419;23;15;27;STRIPPICCIA;Proche de San Benedetto;;;20167;2A006;"41.9825 , 8.73611111111111";41°58'57''N 8°44'10''E;Projet approuvé
805229;SFR;3102635;UMTS 900;;02A;2A006;3G;2026-03-19T15:15:24;02A2700419;23;15;27;STRIPPICCIA;Proche de San Benedetto;;;20167;2A006;"41.9825 , 8.73611111111111";41°58'57''N 8°44'10''E;Projet approuvé
807166;SFR;3128320;5G NR 2100;;02A;2A004;5G;2026-03-19T15:15:24;02A2700423;17;"25,2";34;;Chemin de la Sposata;Centre de secours principal d'Ajaccio;;20000;2A004;"41.94583333333333 , 8.756666666666666";41°56'45''N 8°45'24''E;Projet approuvé
807167;SFR;3128320;5G NR 3500;;02A;2A004;5G;2026-03-19T15:15:24;02A2700423;17;"25,2";34;;Chemin de la Sposata;Centre de secours principal d'Ajaccio;;20000;2A004;"41.94583333333333 , 8.756666666666666";41°56'45''N 8°45'24''E;Projet approuvé
807168;SFR;3128320;LTE 1800;;02A;2A004;4G;2026-03-19T15:15:24;02A2700423;17;"25,2";34;;Chemin de la Sposata;Centre de secours principal d'Ajaccio;;20000;2A004;"41.94583333333333 , 8.756666666666666";41°56'45''N 8°45'24''E;Projet approuvé
807169;SFR;3128320;LTE 2100;;02A;2A004;4G;2026-03-19T15:15:24;02A2700423;17;"25,2";34;;Chemin de la Sposata;Centre de secours principal d'Ajaccio;;20000;2A004;"41.94583333333333 , 8.756666666666666";41°56'45''N 8°45'24''E;Projet approuvé
807170;SFR;3128320;LTE 2600;;02A;2A004;4G;2026-03-19T15:15:24;02A2700423;17;"25,2";34;;Chemin de la Sposata;Centre de secours principal d'Ajaccio;;20000;2A004;"41.94583333333333 , 8.756666666666666";41°56'45''N 8°45'24''E;Projet approuvé
807171;SFR;3128320;LTE 700;;02A;2A004;4G;2026-03-19T15:15:24;02A2700423;17;"25,2";34;;Chemin de la Sposata;Centre de secours principal d'Ajaccio;;20000;2A004;"41.94583333333333 , 8.756666666666666";41°56'45''N 8°45'24''E;Projet approuvé
807172;SFR;3128320;LTE 800;;02A;2A004;4G;2026-03-19T15:15:24;02A2700423;17;"25,2";34;;Chemin de la Sposata;Centre de secours principal d'Ajaccio;;20000;2A004;"41.94583333333333 , 8.756666666666666";41°56'45''N 8°45'24''E;Projet approuvé
807654;SFR;3136531;LTE 700;;02A;2A247;4G;2026-03-19T15:15:24;02A2700427;23;"21,5";27;TEPPA BUSCINAJA;D 368;Route de l'Ospedale;;20137;2A247;"41.67666666666666 , 9.207777777777777";41°40'36''N 9°12'28''E;Projet approuvé
807655;SFR;3136531;LTE 800;;02A;2A247;4G;2026-03-19T15:15:24;02A2700427;23;"21,5";27;TEPPA BUSCINAJA;D 368;Route de l'Ospedale;;20137;2A247;"41.67666666666666 , 9.207777777777777";41°40'36''N 9°12'28''E;Projet approuvé
807656;SFR;3136531;UMTS 900;;02A;2A247;3G;2026-03-19T15:15:24;02A2700427;23;"21,5";27;TEPPA BUSCINAJA;D 368;Route de l'Ospedale;;20137;2A247;"41.67666666666666 , 9.207777777777777";41°40'36''N 9°12'28''E;Projet approuvé
807796;SFR;3140687;5G NR 3500;2025-08-04;02A;2A247;5G;2026-03-19T15:15:24;02A2700428;26;18;27;;26 bis  Quai Pascal Paoli;;;20137;2A247;"41.58833333333334 , 9.285833333333333";41°35'18''N 9°17'9''E;Techniquement opérationnel
807797;SFR;3140687;LTE 1800;2025-08-04;02A;2A247;4G;2026-03-19T15:15:24;02A2700428;26;18;27;;26 bis  Quai Pascal Paoli;;;20137;2A247;"41.58833333333334 , 9.285833333333333";41°35'18''N 9°17'9''E;En service
807798;SFR;3140687;LTE 2100;2025-08-04;02A;2A247;4G;2026-03-19T15:15:24;02A2700428;26;18;27;;26 bis  Quai Pascal Paoli;;;20137;2A247;"41.58833333333334 , 9.285833333333333";41°35'18''N 9°17'9''E;En service
807799;SFR;3140687;LTE 2600;2025-08-04;02A;2A247;4G;2026-03-19T15:15:24;02A2700428;26;18;27;;26 bis  Quai Pascal Paoli;;;20137;2A247;"41.58833333333334 , 9.285833333333333";41°35'18''N 9°17'9''E;En service
807967;SFR;3144502;LTE 700;2025-08-08;02A;2A104;4G;2026-03-19T15:15:24;02A2700429;23;21;27;Vincentaju;Chjassu di Vincentaju;;;20117;2A104;"41.924166666666665 , 8.861944444444443";41°55'27''N 8°51'43''E;En service
807968;SFR;3144502;LTE 800;2025-08-08;02A;2A104;4G;2026-03-19T15:15:24;02A2700429;23;21;27;Vincentaju;Chjassu di Vincentaju;;;20117;2A104;"41.924166666666665 , 8.861944444444443";41°55'27''N 8°51'43''E;En service
807969;SFR;3144502;UMTS 900;2025-08-19;02A;2A104;3G;2026-03-19T15:15:24;02A2700429;23;21;27;Vincentaju;Chjassu di Vincentaju;;;20117;2A104;"41.924166666666665 , 8.861944444444443";41°55'27''N 8°51'43''E;En service
809318;SFR;3195747;5G NR 2100;;02A;2A092;5G;2026-03-19T15:15:24;02A2700430;23;42;72;MOZZICONACCIO;RT10;;;20135;2A092;"41.7575 , 9.399166666666666";41°45'27''N 9°23'57''E;Projet approuvé
809319;SFR;3195747;LTE 1800;;02A;2A092;4G;2026-03-19T15:15:24;02A2700430;23;42;72;MOZZICONACCIO;RT10;;;20135;2A092;"41.7575 , 9.399166666666666";41°45'27''N 9°23'57''E;Projet approuvé
809320;SFR;3195747;LTE 2100;;02A;2A092;4G;2026-03-19T15:15:24;02A2700430;23;42;72;MOZZICONACCIO;RT10;;;20135;2A092;"41.7575 , 9.399166666666666";41°45'27''N 9°23'57''E;Projet approuvé
809321;SFR;3195747;LTE 2600;;02A;2A092;4G;2026-03-19T15:15:24;02A2700430;23;42;72;MOZZICONACCIO;RT10;;;20135;2A092;"41.7575 , 9.399166666666666";41°45'27''N 9°23'57''E;Projet approuvé
809322;SFR;3195747;LTE 700;;02A;2A092;4G;2026-03-19T15:15:24;02A2700430;23;42;72;MOZZICONACCIO;RT10;;;20135;2A092;"41.7575 , 9.399166666666666";41°45'27''N 9°23'57''E;Projet approuvé
809323;SFR;3195747;LTE 800;;02A;2A092;4G;2026-03-19T15:15:24;02A2700430;23;42;72;MOZZICONACCIO;RT10;;;20135;2A092;"41.7575 , 9.399166666666666";41°45'27''N 9°23'57''E;Projet approuvé
810117;SFR;3228555;LTE 700;;02A;2A228;4G;2026-03-19T15:15:24;02A2700431;23;21;27;;220  Strada di a Chjesa Vechja;;;20166;2A228;"41.838055555555556 , 8.84388888888889";41°50'17''N 8°50'38''E;Projet approuvé
810118;SFR;3228555;LTE 800;;02A;2A228;4G;2026-03-19T15:15:24;02A2700431;23;21;27;;220  Strada di a Chjesa Vechja;;;20166;2A228;"41.838055555555556 , 8.84388888888889";41°50'17''N 8°50'38''E;Projet approuvé
810119;SFR;3228555;UMTS 900;;02A;2A228;3G;2026-03-19T15:15:24;02A2700431;23;21;27;;220  Strada di a Chjesa Vechja;;;20166;2A228;"41.838055555555556 , 8.84388888888889";41°50'17''N 8°50'38''E;Projet approuvé
88734;BOUYGUES TELECOM;1463977;LTE 800;2016-12-20;02A;2A271;4G;2026-03-19T15:15:24;02A2750159;23;"22,5";74;Colombina;Route des Vignes;;;20167;2A271;"41.967222222222226 , 8.810833333333335";41°58'2''N 8°48'39''E;En service
88735;BOUYGUES TELECOM;1463977;UMTS 900;2016-12-20;02A;2A271;3G;2026-03-19T15:15:24;02A2750159;23;"22,5";74;Colombina;Route des Vignes;;;20167;2A271;"41.967222222222226 , 8.810833333333335";41°58'2''N 8°48'39''E;En service
92394;BOUYGUES TELECOM;1525151;5G NR 2100;2022-07-28;02A;2A004;5G;2026-03-19T15:15:24;02A2750005;38;"50,6";9;;Avenue du Marechal Juin;Res les Dahlias;;20000;2A004;"41.94027777777777 , 8.749722222222221";41°56'25''N 8°44'59''E;Techniquement opérationnel
92395;BOUYGUES TELECOM;1525151;5G NR 3500;2023-01-12;02A;2A004;5G;2026-03-19T15:15:24;02A2750005;38;"50,6";9;;Avenue du Marechal Juin;Res les Dahlias;;20000;2A004;"41.94027777777777 , 8.749722222222221";41°56'25''N 8°44'59''E;Techniquement opérationnel
92396;BOUYGUES TELECOM;1525151;GSM 900;1998-07-01;02A;2A004;2G;2026-03-19T15:15:24;02A2750005;38;"50,6";9;;Avenue du Marechal Juin;Res les Dahlias;;20000;2A004;"41.94027777777777 , 8.749722222222221";41°56'25''N 8°44'59''E;En service
92397;BOUYGUES TELECOM;1525151;LTE 1800;2013-10-01;02A;2A004;4G;2026-03-19T15:15:24;02A2750005;38;"50,6";9;;Avenue du Marechal Juin;Res les Dahlias;;20000;2A004;"41.94027777777777 , 8.749722222222221";41°56'25''N 8°44'59''E;En service
92398;BOUYGUES TELECOM;1525151;LTE 2100;2021-09-29;02A;2A004;4G;2026-03-19T15:15:24;02A2750005;38;"50,6";9;;Avenue du Marechal Juin;Res les Dahlias;;20000;2A004;"41.94027777777777 , 8.749722222222221";41°56'25''N 8°44'59''E;En service
92399;BOUYGUES TELECOM;1525151;LTE 2600;2018-10-26;02A;2A004;4G;2026-03-19T15:15:24;02A2750005;38;"50,6";9;;Avenue du Marechal Juin;Res les Dahlias;;20000;2A004;"41.94027777777777 , 8.749722222222221";41°56'25''N 8°44'59''E;En service
92400;BOUYGUES TELECOM;1525151;LTE 700;;02A;2A004;4G;2026-03-19T15:15:24;02A2750005;38;"50,6";9;;Avenue du Marechal Juin;Res les Dahlias;;20000;2A004;"41.94027777777777 , 8.749722222222221";41°56'25''N 8°44'59''E;Projet approuvé
92401;BOUYGUES TELECOM;1525151;LTE 800;2016-09-21;02A;2A004;4G;2026-03-19T15:15:24;02A2750005;38;"50,6";9;;Avenue du Marechal Juin;Res les Dahlias;;20000;2A004;"41.94027777777777 , 8.749722222222221";41°56'25''N 8°44'59''E;En service
92402;BOUYGUES TELECOM;1525151;UMTS 900;2016-09-21;02A;2A004;3G;2026-03-19T15:15:24;02A2750005;38;"50,6";9;;Avenue du Marechal Juin;Res les Dahlias;;20000;2A004;"41.94027777777777 , 8.749722222222221";41°56'25''N 8°44'59''E;En service
93043;BOUYGUES TELECOM;1542705;5G NR 2100;2022-07-28;02A;2A004;5G;2026-03-19T15:15:24;02A2750002;38;27;9;;cours Napoleon;;;20000;2A004;"41.92111111111111 , 8.737222222222222";41°55'16''N 8°44'14''E;Techniquement opérationnel
93044;BOUYGUES TELECOM;1542705;5G NR 3500;2023-01-12;02A;2A004;5G;2026-03-19T15:15:24;02A2750002;38;27;9;;cours Napoleon;;;20000;2A004;"41.92111111111111 , 8.737222222222222";41°55'16''N 8°44'14''E;Techniquement opérationnel
93045;BOUYGUES TELECOM;1542705;GSM 900;2016-09-21;02A;2A004;2G;2026-03-19T15:15:24;02A2750002;38;27;9;;cours Napoleon;;;20000;2A004;"41.92111111111111 , 8.737222222222222";41°55'16''N 8°44'14''E;En service
93046;BOUYGUES TELECOM;1542705;LTE 1800;2013-10-01;02A;2A004;4G;2026-03-19T15:15:24;02A2750002;38;27;9;;cours Napoleon;;;20000;2A004;"41.92111111111111 , 8.737222222222222";41°55'16''N 8°44'14''E;En service
93047;BOUYGUES TELECOM;1542705;LTE 2100;2020-06-05;02A;2A004;4G;2026-03-19T15:15:24;02A2750002;38;27;9;;cours Napoleon;;;20000;2A004;"41.92111111111111 , 8.737222222222222";41°55'16''N 8°44'14''E;En service
93048;BOUYGUES TELECOM;1542705;LTE 2600;2018-12-10;02A;2A004;4G;2026-03-19T15:15:24;02A2750002;38;27;9;;cours Napoleon;;;20000;2A004;"41.92111111111111 , 8.737222222222222";41°55'16''N 8°44'14''E;En service
93049;BOUYGUES TELECOM;1542705;LTE 700;2021-07-20;02A;2A004;4G;2026-03-19T15:15:24;02A2750002;38;27;9;;cours Napoleon;;;20000;2A004;"41.92111111111111 , 8.737222222222222";41°55'16''N 8°44'14''E;En service
93050;BOUYGUES TELECOM;1542705;LTE 800;2016-09-21;02A;2A004;4G;2026-03-19T15:15:24;02A2750002;38;27;9;;cours Napoleon;;;20000;2A004;"41.92111111111111 , 8.737222222222222";41°55'16''N 8°44'14''E;En service
93051;BOUYGUES TELECOM;1542705;UMTS 900;2009-11-20;02A;2A004;3G;2026-03-19T15:15:24;02A2750002;38;27;9;;cours Napoleon;;;20000;2A004;"41.92111111111111 , 8.737222222222222";41°55'16''N 8°44'14''E;En service
99391;BOUYGUES TELECOM;1625380;5G NR 2100;2022-07-28;02A;2A209;5G;2026-03-19T15:15:24;02A2750127;23;30;68;CHIOSU CUMMUNU;PLAINE DE PERI;RN 193;;20167;2A209;"42.00944444444445 , 8.878055555555555";42°0'34''N 8°52'41''E;Techniquement opérationnel
99392;BOUYGUES TELECOM;1625380;GSM 900;2008-10-10;02A;2A209;2G;2026-03-19T15:15:24;02A2750127;23;30;68;CHIOSU CUMMUNU;PLAINE DE PERI;RN 193;;20167;2A209;"42.00944444444445 , 8.878055555555555";42°0'34''N 8°52'41''E;En service
99393;BOUYGUES TELECOM;1625380;LTE 1800;2019-03-15;02A;2A209;4G;2026-03-19T15:15:24;02A2750127;23;30;68;CHIOSU CUMMUNU;PLAINE DE PERI;RN 193;;20167;2A209;"42.00944444444445 , 8.878055555555555";42°0'34''N 8°52'41''E;En service
99394;BOUYGUES TELECOM;1625380;LTE 2100;2022-02-16;02A;2A209;4G;2026-03-19T15:15:24;02A2750127;23;30;68;CHIOSU CUMMUNU;PLAINE DE PERI;RN 193;;20167;2A209;"42.00944444444445 , 8.878055555555555";42°0'34''N 8°52'41''E;En service
99395;BOUYGUES TELECOM;1625380;LTE 2600;;02A;2A209;4G;2026-03-19T15:15:24;02A2750127;23;30;68;CHIOSU CUMMUNU;PLAINE DE PERI;RN 193;;20167;2A209;"42.00944444444445 , 8.878055555555555";42°0'34''N 8°52'41''E;Projet approuvé
99396;BOUYGUES TELECOM;1625380;LTE 700;;02A;2A209;4G;2026-03-19T15:15:24;02A2750127;23;30;68;CHIOSU CUMMUNU;PLAINE DE PERI;RN 193;;20167;2A209;"42.00944444444445 , 8.878055555555555";42°0'34''N 8°52'41''E;Projet approuvé
99397;BOUYGUES TELECOM;1625380;LTE 800;2016-05-25;02A;2A209;4G;2026-03-19T15:15:24;02A2750127;23;30;68;CHIOSU CUMMUNU;PLAINE DE PERI;RN 193;;20167;2A209;"42.00944444444445 , 8.878055555555555";42°0'34''N 8°52'41''E;En service
99398;BOUYGUES TELECOM;1625380;UMTS 900;2019-04-29;02A;2A209;3G;2026-03-19T15:15:24;02A2750127;23;30;68;CHIOSU CUMMUNU;PLAINE DE PERI;RN 193;;20167;2A209;"42.00944444444445 , 8.878055555555555";42°0'34''N 8°52'41''E;En service
99399;BOUYGUES TELECOM;1625387;5G NR 2100;2022-12-28;02A;2A326;5G;2026-03-19T15:15:24;02A2750094;42;"10,5";65;BOCCA DEL MERCUJO;;;;20117;2A326;"41.966944444444444 , 8.96111111111111";41°58'1''N 8°57'40''E;Techniquement opérationnel
99400;BOUYGUES TELECOM;1625387;GSM 900;2021-04-13;02A;2A326;2G;2026-03-19T15:15:24;02A2750094;42;"10,5";65;BOCCA DEL MERCUJO;;;;20117;2A326;"41.966944444444444 , 8.96111111111111";41°58'1''N 8°57'40''E;En service
99401;BOUYGUES TELECOM;1625387;LTE 1800;2022-12-28;02A;2A326;4G;2026-03-19T15:15:24;02A2750094;42;"10,5";65;BOCCA DEL MERCUJO;;;;20117;2A326;"41.966944444444444 , 8.96111111111111";41°58'1''N 8°57'40''E;En service
99402;BOUYGUES TELECOM;1625387;LTE 2100;2022-12-28;02A;2A326;4G;2026-03-19T15:15:24;02A2750094;42;"10,5";65;BOCCA DEL MERCUJO;;;;20117;2A326;"41.966944444444444 , 8.96111111111111";41°58'1''N 8°57'40''E;En service
99403;BOUYGUES TELECOM;1625387;LTE 800;2021-04-13;02A;2A326;4G;2026-03-19T15:15:24;02A2750094;42;"10,5";65;BOCCA DEL MERCUJO;;;;20117;2A326;"41.966944444444444 , 8.96111111111111";41°58'1''N 8°57'40''E;En service
99404;BOUYGUES TELECOM;1625387;UMTS 900;2021-04-13;02A;2A326;3G;2026-03-19T15:15:24;02A2750094;42;"10,5";65;BOCCA DEL MERCUJO;;;;20117;2A326;"41.966944444444444 , 8.96111111111111";41°58'1''N 8°57'40''E;En service
99674;BOUYGUES TELECOM;1628055;5G NR 2100;2022-07-28;02A;2A004;5G;2026-03-19T15:15:24;02A2750136;17;27;14;;Hospice Eugenie;av Pascal Rossini;;20000;2A004;"41.915 , 8.729444444444445";41°54'54''N 8°43'46''E;Techniquement opérationnel
99675;BOUYGUES TELECOM;1628055;5G NR 3500;2023-04-05;02A;2A004;5G;2026-03-19T15:15:24;02A2750136;17;27;14;;Hospice Eugenie;av Pascal Rossini;;20000;2A004;"41.915 , 8.729444444444445";41°54'54''N 8°43'46''E;Techniquement opérationnel
99676;BOUYGUES TELECOM;1628055;GSM 900;2018-05-30;02A;2A004;2G;2026-03-19T15:15:24;02A2750136;17;27;14;;Hospice Eugenie;av Pascal Rossini;;20000;2A004;"41.915 , 8.729444444444445";41°54'54''N 8°43'46''E;En service
99677;BOUYGUES TELECOM;1628055;LTE 1800;2016-04-25;02A;2A004;4G;2026-03-19T15:15:24;02A2750136;17;27;14;;Hospice Eugenie;av Pascal Rossini;;20000;2A004;"41.915 , 8.729444444444445";41°54'54''N 8°43'46''E;En service
99678;BOUYGUES TELECOM;1628055;LTE 2100;2022-02-16;02A;2A004;4G;2026-03-19T15:15:24;02A2750136;17;27;14;;Hospice Eugenie;av Pascal Rossini;;20000;2A004;"41.915 , 8.729444444444445";41°54'54''N 8°43'46''E;En service
99679;BOUYGUES TELECOM;1628055;LTE 2600;2021-10-31;02A;2A004;4G;2026-03-19T15:15:24;02A2750136;17;27;14;;Hospice Eugenie;av Pascal Rossini;;20000;2A004;"41.915 , 8.729444444444445";41°54'54''N 8°43'46''E;En service
99680;BOUYGUES TELECOM;1628055;LTE 700;2023-04-05;02A;2A004;4G;2026-03-19T15:15:24;02A2750136;17;27;14;;Hospice Eugenie;av Pascal Rossini;;20000;2A004;"41.915 , 8.729444444444445";41°54'54''N 8°43'46''E;En service
99681;BOUYGUES TELECOM;1628055;LTE 800;2016-04-25;02A;2A004;4G;2026-03-19T15:15:24;02A2750136;17;27;14;;Hospice Eugenie;av Pascal Rossini;;20000;2A004;"41.915 , 8.729444444444445";41°54'54''N 8°43'46''E;En service
99682;BOUYGUES TELECOM;1628055;UMTS 900;2019-05-27;02A;2A004;3G;2026-03-19T15:15:24;02A2750136;17;27;14;;Hospice Eugenie;av Pascal Rossini;;20000;2A004;"41.915 , 8.729444444444445";41°54'54''N 8°43'46''E;En service
99683;BOUYGUES TELECOM;1628061;GSM 900;2018-05-30;02A;2A004;2G;2026-03-19T15:15:24;02A2750138;17;8;29;;quartier St Joseph;Cours Prince Impérial;;20000;2A004;"41.93416666666666 , 8.75361111111111";41°56'3''N 8°45'13''E;En service
99684;BOUYGUES TELECOM;1628061;LTE 1800;2016-04-25;02A;2A004;4G;2026-03-19T15:15:24;02A2750138;17;8;29;;quartier St Joseph;Cours Prince Impérial;;20000;2A004;"41.93416666666666 , 8.75361111111111";41°56'3''N 8°45'13''E;En service
99685;BOUYGUES TELECOM;1628061;LTE 800;2016-04-25;02A;2A004;4G;2026-03-19T15:15:24;02A2750138;17;8;29;;quartier St Joseph;Cours Prince Impérial;;20000;2A004;"41.93416666666666 , 8.75361111111111";41°56'3''N 8°45'13''E;En service
99686;BOUYGUES TELECOM;1628061;UMTS 900;2019-05-27;02A;2A004;3G;2026-03-19T15:15:24;02A2750138;17;8;29;;quartier St Joseph;Cours Prince Impérial;;20000;2A004;"41.93416666666666 , 8.75361111111111";41°56'3''N 8°45'13''E;En service
99687;BOUYGUES TELECOM;1628067;5G NR 2100;;02A;2A004;5G;2026-03-19T15:15:24;02A2750139;17;9;34;;Cours Napoléon;pl de la gare;;20000;2A004;"41.92972222222222 , 8.739444444444443";41°55'47''N 8°44'22''E;Projet approuvé
99688;BOUYGUES TELECOM;1628067;5G NR 3500;2025-09-26;02A;2A004;5G;2026-03-19T15:15:24;02A2750139;17;9;34;;Cours Napoléon;pl de la gare;;20000;2A004;"41.92972222222222 , 8.739444444444443";41°55'47''N 8°44'22''E;Techniquement opérationnel
99689;BOUYGUES TELECOM;1628067;GSM 900;2018-05-30;02A;2A004;2G;2026-03-19T15:15:24;02A2750139;17;9;34;;Cours Napoléon;pl de la gare;;20000;2A004;"41.92972222222222 , 8.739444444444443";41°55'47''N 8°44'22''E;En service
99690;BOUYGUES TELECOM;1628067;LTE 2100;;02A;2A004;4G;2026-03-19T15:15:24;02A2750139;17;9;34;;Cours Napoléon;pl de la gare;;20000;2A004;"41.92972222222222 , 8.739444444444443";41°55'47''N 8°44'22''E;Projet approuvé
99691;BOUYGUES TELECOM;1628067;LTE 2600;;02A;2A004;4G;2026-03-19T15:15:24;02A2750139;17;9;34;;Cours Napoléon;pl de la gare;;20000;2A004;"41.92972222222222 , 8.739444444444443";41°55'47''N 8°44'22''E;Projet approuvé
99692;BOUYGUES TELECOM;1628067;LTE 700;;02A;2A004;4G;2026-03-19T15:15:24;02A2750139;17;9;34;;Cours Napoléon;pl de la gare;;20000;2A004;"41.92972222222222 , 8.739444444444443";41°55'47''N 8°44'22''E;Projet approuvé
99693;BOUYGUES TELECOM;1628067;LTE 800;2016-04-25;02A;2A004;4G;2026-03-19T15:15:24;02A2750139;17;9;34;;Cours Napoléon;pl de la gare;;20000;2A004;"41.92972222222222 , 8.739444444444443";41°55'47''N 8°44'22''E;En service
99694;BOUYGUES TELECOM;1628067;UMTS 900;2019-05-27;02A;2A004;3G;2026-03-19T15:15:24;02A2750139;17;9;34;;Cours Napoléon;pl de la gare;;20000;2A004;"41.92972222222222 , 8.739444444444443";41°55'47''N 8°44'22''E;En service
99695;BOUYGUES TELECOM;1628074;5G NR 2100;2023-02-02;02A;2A004;5G;2026-03-19T15:15:24;02A2750140;26;"16,6";72;;Aéroport Campo Dell'Oro;Aéroclub;;20000;2A004;"41.92222222222222 , 8.793888888888889";41°55'20''N 8°47'38''E;Techniquement opérationnel
99696;BOUYGUES TELECOM;1628074;5G NR 3500;2023-02-02;02A;2A004;5G;2026-03-19T15:15:24;02A2750140;26;"16,6";72;;Aéroport Campo Dell'Oro;Aéroclub;;20000;2A004;"41.92222222222222 , 8.793888888888889";41°55'20''N 8°47'38''E;Techniquement opérationnel
99697;BOUYGUES TELECOM;1628074;GSM 900;2016-09-21;02A;2A004;2G;2026-03-19T15:15:24;02A2750140;26;"16,6";72;;Aéroport Campo Dell'Oro;Aéroclub;;20000;2A004;"41.92222222222222 , 8.793888888888889";41°55'20''N 8°47'38''E;En service
99698;BOUYGUES TELECOM;1628074;LTE 1800;2016-09-21;02A;2A004;4G;2026-03-19T15:15:24;02A2750140;26;"16,6";72;;Aéroport Campo Dell'Oro;Aéroclub;;20000;2A004;"41.92222222222222 , 8.793888888888889";41°55'20''N 8°47'38''E;En service
99699;BOUYGUES TELECOM;1628074;LTE 2100;2023-02-02;02A;2A004;4G;2026-03-19T15:15:24;02A2750140;26;"16,6";72;;Aéroport Campo Dell'Oro;Aéroclub;;20000;2A004;"41.92222222222222 , 8.793888888888889";41°55'20''N 8°47'38''E;En service
99700;BOUYGUES TELECOM;1628074;LTE 2600;2023-02-02;02A;2A004;4G;2026-03-19T15:15:24;02A2750140;26;"16,6";72;;Aéroport Campo Dell'Oro;Aéroclub;;20000;2A004;"41.92222222222222 , 8.793888888888889";41°55'20''N 8°47'38''E;En service
99701;BOUYGUES TELECOM;1628074;LTE 700;2023-02-02;02A;2A004;4G;2026-03-19T15:15:24;02A2750140;26;"16,6";72;;Aéroport Campo Dell'Oro;Aéroclub;;20000;2A004;"41.92222222222222 , 8.793888888888889";41°55'20''N 8°47'38''E;En service
99702;BOUYGUES TELECOM;1628074;LTE 800;2016-09-21;02A;2A004;4G;2026-03-19T15:15:24;02A2750140;26;"16,6";72;;Aéroport Campo Dell'Oro;Aéroclub;;20000;2A004;"41.92222222222222 , 8.793888888888889";41°55'20''N 8°47'38''E;En service
99703;BOUYGUES TELECOM;1628074;UMTS 900;2016-09-21;02A;2A004;3G;2026-03-19T15:15:24;02A2750140;26;"16,6";72;;Aéroport Campo Dell'Oro;Aéroclub;;20000;2A004;"41.92222222222222 , 8.793888888888889";41°55'20''N 8°47'38''E;En service
99704;BOUYGUES TELECOM;1628082;5G NR 2100;;02A;2A004;5G;2026-03-19T15:15:24;02A2750142;38;19;9;;r Sylvestre Frasseto;Résidence Belvedere Paccosi;;20000;2A004;"41.92055555555555 , 8.733055555555556";41°55'14''N 8°43'59''E;Projet approuvé
99705;BOUYGUES TELECOM;1628082;5G NR 3500;;02A;2A004;5G;2026-03-19T15:15:24;02A2750142;38;19;9;;r Sylvestre Frasseto;Résidence Belvedere Paccosi;;20000;2A004;"41.92055555555555 , 8.733055555555556";41°55'14''N 8°43'59''E;Projet approuvé
99706;BOUYGUES TELECOM;1628082;GSM 900;2018-05-30;02A;2A004;2G;2026-03-19T15:15:24;02A2750142;38;19;9;;r Sylvestre Frasseto;Résidence Belvedere Paccosi;;20000;2A004;"41.92055555555555 , 8.733055555555556";41°55'14''N 8°43'59''E;En service
99707;BOUYGUES TELECOM;1628082;LTE 1800;2016-04-25;02A;2A004;4G;2026-03-19T15:15:24;02A2750142;38;19;9;;r Sylvestre Frasseto;Résidence Belvedere Paccosi;;20000;2A004;"41.92055555555555 , 8.733055555555556";41°55'14''N 8°43'59''E;En service
99708;BOUYGUES TELECOM;1628082;LTE 2100;2022-02-16;02A;2A004;4G;2026-03-19T15:15:24;02A2750142;38;19;9;;r Sylvestre Frasseto;Résidence Belvedere Paccosi;;20000;2A004;"41.92055555555555 , 8.733055555555556";41°55'14''N 8°43'59''E;En service
99709;BOUYGUES TELECOM;1628082;LTE 2600;2018-03-19;02A;2A004;4G;2026-03-19T15:15:24;02A2750142;38;19;9;;r Sylvestre Frasseto;Résidence Belvedere Paccosi;;20000;2A004;"41.92055555555555 , 8.733055555555556";41°55'14''N 8°43'59''E;En service
99710;BOUYGUES TELECOM;1628082;LTE 700;;02A;2A004;4G;2026-03-19T15:15:24;02A2750142;38;19;9;;r Sylvestre Frasseto;Résidence Belvedere Paccosi;;20000;2A004;"41.92055555555555 , 8.733055555555556";41°55'14''N 8°43'59''E;Projet approuvé
99711;BOUYGUES TELECOM;1628082;LTE 800;2016-04-25;02A;2A004;4G;2026-03-19T15:15:24;02A2750142;38;19;9;;r Sylvestre Frasseto;Résidence Belvedere Paccosi;;20000;2A004;"41.92055555555555 , 8.733055555555556";41°55'14''N 8°43'59''E;En service
99712;BOUYGUES TELECOM;1628082;UMTS 900;2019-05-27;02A;2A004;3G;2026-03-19T15:15:24;02A2750142;38;19;9;;r Sylvestre Frasseto;Résidence Belvedere Paccosi;;20000;2A004;"41.92055555555555 , 8.733055555555556";41°55'14''N 8°43'59''E;En service
99816;BOUYGUES TELECOM;1628559;5G NR 2100;2022-07-28;02A;2A006;5G;2026-03-19T15:15:24;02A2750137;23;21;72;l'Escajola;;;;20167;2A006;"41.97416666666667 , 8.688055555555556";41°58'27''N 8°41'17''E;Techniquement opérationnel
99817;BOUYGUES TELECOM;1628559;5G NR 3500;2022-07-28;02A;2A006;5G;2026-03-19T15:15:24;02A2750137;23;21;72;l'Escajola;;;;20167;2A006;"41.97416666666667 , 8.688055555555556";41°58'27''N 8°41'17''E;Techniquement opérationnel
99818;BOUYGUES TELECOM;1628559;GSM 900;2018-05-30;02A;2A006;2G;2026-03-19T15:15:24;02A2750137;23;21;72;l'Escajola;;;;20167;2A006;"41.97416666666667 , 8.688055555555556";41°58'27''N 8°41'17''E;En service
99819;BOUYGUES TELECOM;1628559;LTE 1800;2016-04-25;02A;2A006;4G;2026-03-19T15:15:24;02A2750137;23;21;72;l'Escajola;;;;20167;2A006;"41.97416666666667 , 8.688055555555556";41°58'27''N 8°41'17''E;En service
99820;BOUYGUES TELECOM;1628559;LTE 2100;2022-07-06;02A;2A006;4G;2026-03-19T15:15:24;02A2750137;23;21;72;l'Escajola;;;;20167;2A006;"41.97416666666667 , 8.688055555555556";41°58'27''N 8°41'17''E;En service
99821;BOUYGUES TELECOM;1628559;LTE 2600;2018-12-10;02A;2A006;4G;2026-03-19T15:15:24;02A2750137;23;21;72;l'Escajola;;;;20167;2A006;"41.97416666666667 , 8.688055555555556";41°58'27''N 8°41'17''E;En service
99822;BOUYGUES TELECOM;1628559;LTE 700;2022-07-06;02A;2A006;4G;2026-03-19T15:15:24;02A2750137;23;21;72;l'Escajola;;;;20167;2A006;"41.97416666666667 , 8.688055555555556";41°58'27''N 8°41'17''E;En service
99823;BOUYGUES TELECOM;1628559;LTE 800;2016-04-25;02A;2A006;4G;2026-03-19T15:15:24;02A2750137;23;21;72;l'Escajola;;;;20167;2A006;"41.97416666666667 , 8.688055555555556";41°58'27''N 8°41'17''E;En service
99824;BOUYGUES TELECOM;1628559;UMTS 900;2019-05-27;02A;2A006;3G;2026-03-19T15:15:24;02A2750137;23;21;72;l'Escajola;;;;20167;2A006;"41.97416666666667 , 8.688055555555556";41°58'27''N 8°41'17''E;En service
100215;BOUYGUES TELECOM;1632739;5G NR 2100;2022-07-28;02A;2A130;5G;2026-03-19T15:15:24;02A2750152;4;"6,4";34;Marina Viva;Hôtel Club Marina Viva;;;20128;2A130;"41.894444444444446 , 8.81";41°53'40''N 8°48'36''E;Techniquement opérationnel
100216;BOUYGUES TELECOM;1632739;5G NR 3500;2023-04-20;02A;2A130;5G;2026-03-19T15:15:24;02A2750152;4;"6,4";34;Marina Viva;Hôtel Club Marina Viva;;;20128;2A130;"41.894444444444446 , 8.81";41°53'40''N 8°48'36''E;Techniquement opérationnel
100217;BOUYGUES TELECOM;1632739;GSM 900;2016-12-20;02A;2A130;2G;2026-03-19T15:15:24;02A2750152;4;"6,4";34;Marina Viva;Hôtel Club Marina Viva;;;20128;2A130;"41.894444444444446 , 8.81";41°53'40''N 8°48'36''E;En service
100218;BOUYGUES TELECOM;1632739;LTE 1800;2016-12-20;02A;2A130;4G;2026-03-19T15:15:24;02A2750152;4;"6,4";34;Marina Viva;Hôtel Club Marina Viva;;;20128;2A130;"41.894444444444446 , 8.81";41°53'40''N 8°48'36''E;En service
100219;BOUYGUES TELECOM;1632739;LTE 2100;2021-12-30;02A;2A130;4G;2026-03-19T15:15:24;02A2750152;4;"6,4";34;Marina Viva;Hôtel Club Marina Viva;;;20128;2A130;"41.894444444444446 , 8.81";41°53'40''N 8°48'36''E;En service
100220;BOUYGUES TELECOM;1632739;LTE 2600;2018-10-26;02A;2A130;4G;2026-03-19T15:15:24;02A2750152;4;"6,4";34;Marina Viva;Hôtel Club Marina Viva;;;20128;2A130;"41.894444444444446 , 8.81";41°53'40''N 8°48'36''E;En service
100221;BOUYGUES TELECOM;1632739;LTE 700;2024-02-28;02A;2A130;4G;2026-03-19T15:15:24;02A2750152;4;"6,4";34;Marina Viva;Hôtel Club Marina Viva;;;20128;2A130;"41.894444444444446 , 8.81";41°53'40''N 8°48'36''E;En service
100222;BOUYGUES TELECOM;1632739;LTE 800;2016-12-20;02A;2A130;4G;2026-03-19T15:15:24;02A2750152;4;"6,4";34;Marina Viva;Hôtel Club Marina Viva;;;20128;2A130;"41.894444444444446 , 8.81";41°53'40''N 8°48'36''E;En service
100223;BOUYGUES TELECOM;1632739;UMTS 900;2016-12-20;02A;2A130;3G;2026-03-19T15:15:24;02A2750152;4;"6,4";34;Marina Viva;Hôtel Club Marina Viva;;;20128;2A130;"41.894444444444446 , 8.81";41°53'40''N 8°48'36''E;En service
100228;BOUYGUES TELECOM;1632760;5G NR 2100;2022-07-28;02A;2A001;5G;2026-03-19T15:15:24;02A2750146;26;19;27;Casa Martino;RTE DU STADE;;;20167;2A001;"41.98777777777778 , 8.799722222222222";41°59'16''N 8°47'59''E;Techniquement opérationnel
100229;BOUYGUES TELECOM;1632760;GSM 900;2016-04-25;02A;2A001;2G;2026-03-19T15:15:24;02A2750146;26;19;27;Casa Martino;RTE DU STADE;;;20167;2A001;"41.98777777777778 , 8.799722222222222";41°59'16''N 8°47'59''E;En service
100230;BOUYGUES TELECOM;1632760;LTE 1800;2019-03-11;02A;2A001;4G;2026-03-19T15:15:24;02A2750146;26;19;27;Casa Martino;RTE DU STADE;;;20167;2A001;"41.98777777777778 , 8.799722222222222";41°59'16''N 8°47'59''E;En service
100231;BOUYGUES TELECOM;1632760;LTE 2100;2022-02-16;02A;2A001;4G;2026-03-19T15:15:24;02A2750146;26;19;27;Casa Martino;RTE DU STADE;;;20167;2A001;"41.98777777777778 , 8.799722222222222";41°59'16''N 8°47'59''E;En service
100232;BOUYGUES TELECOM;1632760;LTE 2600;2019-03-11;02A;2A001;4G;2026-03-19T15:15:24;02A2750146;26;19;27;Casa Martino;RTE DU STADE;;;20167;2A001;"41.98777777777778 , 8.799722222222222";41°59'16''N 8°47'59''E;En service
100233;BOUYGUES TELECOM;1632760;LTE 700;2022-02-16;02A;2A001;4G;2026-03-19T15:15:24;02A2750146;26;19;27;Casa Martino;RTE DU STADE;;;20167;2A001;"41.98777777777778 , 8.799722222222222";41°59'16''N 8°47'59''E;En service
100234;BOUYGUES TELECOM;1632760;LTE 800;2016-04-21;02A;2A001;4G;2026-03-19T15:15:24;02A2750146;26;19;27;Casa Martino;RTE DU STADE;;;20167;2A001;"41.98777777777778 , 8.799722222222222";41°59'16''N 8°47'59''E;En service
100235;BOUYGUES TELECOM;1632760;UMTS 900;2016-04-25;02A;2A001;3G;2026-03-19T15:15:24;02A2750146;26;19;27;Casa Martino;RTE DU STADE;;;20167;2A001;"41.98777777777778 , 8.799722222222222";41°59'16''N 8°47'59''E;En service
100246;BOUYGUES TELECOM;1632784;5G NR 2100;2023-03-08;02A;2A189;5G;2026-03-19T15:15:24;02A2750006;23;17;4;CAGINA;PRES DE LA D157-RESERVOIR;;;20113;2A189;"41.69361111111111 , 8.898333333333333";41°41'37''N 8°53'54''E;Techniquement opérationnel
100247;BOUYGUES TELECOM;1632784;5G NR 3500;2023-03-08;02A;2A189;5G;2026-03-19T15:15:24;02A2750006;23;17;4;CAGINA;PRES DE LA D157-RESERVOIR;;;20113;2A189;"41.69361111111111 , 8.898333333333333";41°41'37''N 8°53'54''E;Techniquement opérationnel
100248;BOUYGUES TELECOM;1632784;GSM 900;2016-10-14;02A;2A189;2G;2026-03-19T15:15:24;02A2750006;23;17;4;CAGINA;PRES DE LA D157-RESERVOIR;;;20113;2A189;"41.69361111111111 , 8.898333333333333";41°41'37''N 8°53'54''E;En service
100249;BOUYGUES TELECOM;1632784;LTE 1800;2016-10-14;02A;2A189;4G;2026-03-19T15:15:24;02A2750006;23;17;4;CAGINA;PRES DE LA D157-RESERVOIR;;;20113;2A189;"41.69361111111111 , 8.898333333333333";41°41'37''N 8°53'54''E;En service
100250;BOUYGUES TELECOM;1632784;LTE 2100;2022-12-28;02A;2A189;4G;2026-03-19T15:15:24;02A2750006;23;17;4;CAGINA;PRES DE LA D157-RESERVOIR;;;20113;2A189;"41.69361111111111 , 8.898333333333333";41°41'37''N 8°53'54''E;En service
100251;BOUYGUES TELECOM;1632784;LTE 2600;2016-09-22;02A;2A189;4G;2026-03-19T15:15:24;02A2750006;23;17;4;CAGINA;PRES DE LA D157-RESERVOIR;;;20113;2A189;"41.69361111111111 , 8.898333333333333";41°41'37''N 8°53'54''E;En service
100252;BOUYGUES TELECOM;1632784;LTE 700;2022-12-28;02A;2A189;4G;2026-03-19T15:15:24;02A2750006;23;17;4;CAGINA;PRES DE LA D157-RESERVOIR;;;20113;2A189;"41.69361111111111 , 8.898333333333333";41°41'37''N 8°53'54''E;En service
100253;BOUYGUES TELECOM;1632784;LTE 800;2016-10-14;02A;2A189;4G;2026-03-19T15:15:24;02A2750006;23;17;4;CAGINA;PRES DE LA D157-RESERVOIR;;;20113;2A189;"41.69361111111111 , 8.898333333333333";41°41'37''N 8°53'54''E;En service
100254;BOUYGUES TELECOM;1632784;UMTS 900;2011-09-27;02A;2A189;3G;2026-03-19T15:15:24;02A2750006;23;17;4;CAGINA;PRES DE LA D157-RESERVOIR;;;20113;2A189;"41.69361111111111 , 8.898333333333333";41°41'37''N 8°53'54''E;En service
100259;BOUYGUES TELECOM;1632799;5G NR 2100;2022-11-23;02A;2A006;5G;2026-03-19T15:15:24;02A2750153;23;"17,8";72;SAN GUAVINO;Terrain Ferrucci;;;20167;2A006;"41.97222222222222 , 8.713888888888889";41°58'20''N 8°42'50''E;Techniquement opérationnel
100260;BOUYGUES TELECOM;1632799;GSM 900;2016-04-25;02A;2A006;2G;2026-03-19T15:15:24;02A2750153;23;"17,8";72;SAN GUAVINO;Terrain Ferrucci;;;20167;2A006;"41.97222222222222 , 8.713888888888889";41°58'20''N 8°42'50''E;En service
100261;BOUYGUES TELECOM;1632799;LTE 1800;2022-11-23;02A;2A006;4G;2026-03-19T15:15:24;02A2750153;23;"17,8";72;SAN GUAVINO;Terrain Ferrucci;;;20167;2A006;"41.97222222222222 , 8.713888888888889";41°58'20''N 8°42'50''E;En service
100262;BOUYGUES TELECOM;1632799;LTE 2100;2022-11-23;02A;2A006;4G;2026-03-19T15:15:24;02A2750153;23;"17,8";72;SAN GUAVINO;Terrain Ferrucci;;;20167;2A006;"41.97222222222222 , 8.713888888888889";41°58'20''N 8°42'50''E;En service
100263;BOUYGUES TELECOM;1632799;LTE 700;2024-11-14;02A;2A006;4G;2026-03-19T15:15:24;02A2750153;23;"17,8";72;SAN GUAVINO;Terrain Ferrucci;;;20167;2A006;"41.97222222222222 , 8.713888888888889";41°58'20''N 8°42'50''E;En service
100264;BOUYGUES TELECOM;1632799;LTE 800;2016-04-21;02A;2A006;4G;2026-03-19T15:15:24;02A2750153;23;"17,8";72;SAN GUAVINO;Terrain Ferrucci;;;20167;2A006;"41.97222222222222 , 8.713888888888889";41°58'20''N 8°42'50''E;En service
100265;BOUYGUES TELECOM;1632799;UMTS 900;2016-04-25;02A;2A006;3G;2026-03-19T15:15:24;02A2750153;23;"17,8";72;SAN GUAVINO;Terrain Ferrucci;;;20167;2A006;"41.97222222222222 , 8.713888888888889";41°58'20''N 8°42'50''E;En service
100303;BOUYGUES TELECOM;1632872;5G NR 2100;2022-09-15;02A;2A004;5G;2026-03-19T15:15:24;02A2750145;23;29;27;Le Belvédère;CHEM USINE DE SALARIO;;;20000;2A004;"41.92388888888889 , 8.730277777777777";41°55'26''N 8°43'49''E;Techniquement opérationnel
100304;BOUYGUES TELECOM;1632872;5G NR 3500;2022-09-15;02A;2A004;5G;2026-03-19T15:15:24;02A2750145;23;29;27;Le Belvédère;CHEM USINE DE SALARIO;;;20000;2A004;"41.92388888888889 , 8.730277777777777";41°55'26''N 8°43'49''E;Techniquement opérationnel
100305;BOUYGUES TELECOM;1632872;GSM 900;2018-05-30;02A;2A004;2G;2026-03-19T15:15:24;02A2750145;23;29;27;Le Belvédère;CHEM USINE DE SALARIO;;;20000;2A004;"41.92388888888889 , 8.730277777777777";41°55'26''N 8°43'49''E;En service
100306;BOUYGUES TELECOM;1632872;LTE 1800;2016-04-25;02A;2A004;4G;2026-03-19T15:15:24;02A2750145;23;29;27;Le Belvédère;CHEM USINE DE SALARIO;;;20000;2A004;"41.92388888888889 , 8.730277777777777";41°55'26''N 8°43'49''E;En service
100307;BOUYGUES TELECOM;1632872;LTE 2100;2022-09-15;02A;2A004;4G;2026-03-19T15:15:24;02A2750145;23;29;27;Le Belvédère;CHEM USINE DE SALARIO;;;20000;2A004;"41.92388888888889 , 8.730277777777777";41°55'26''N 8°43'49''E;En service
100308;BOUYGUES TELECOM;1632872;LTE 2600;2019-02-05;02A;2A004;4G;2026-03-19T15:15:24;02A2750145;23;29;27;Le Belvédère;CHEM USINE DE SALARIO;;;20000;2A004;"41.92388888888889 , 8.730277777777777";41°55'26''N 8°43'49''E;En service
100309;BOUYGUES TELECOM;1632872;LTE 700;2022-09-15;02A;2A004;4G;2026-03-19T15:15:24;02A2750145;23;29;27;Le Belvédère;CHEM USINE DE SALARIO;;;20000;2A004;"41.92388888888889 , 8.730277777777777";41°55'26''N 8°43'49''E;En service
100310;BOUYGUES TELECOM;1632872;LTE 800;2016-04-25;02A;2A004;4G;2026-03-19T15:15:24;02A2750145;23;29;27;Le Belvédère;CHEM USINE DE SALARIO;;;20000;2A004;"41.92388888888889 , 8.730277777777777";41°55'26''N 8°43'49''E;En service
100311;BOUYGUES TELECOM;1632872;UMTS 900;2019-05-27;02A;2A004;3G;2026-03-19T15:15:24;02A2750145;23;29;27;Le Belvédère;CHEM USINE DE SALARIO;;;20000;2A004;"41.92388888888889 , 8.730277777777777";41°55'26''N 8°43'49''E;En service
100312;BOUYGUES TELECOM;1632879;5G NR 2100;2022-07-28;02A;2A004;5G;2026-03-19T15:15:24;02A2750147;26;14;74;Caniccio;rte des Sanguinaires;;;20000;2A004;"41.91027777777778 , 8.705";41°54'37''N 8°42'18''E;Techniquement opérationnel
100313;BOUYGUES TELECOM;1632879;GSM 900;2018-05-30;02A;2A004;2G;2026-03-19T15:15:24;02A2750147;26;14;74;Caniccio;rte des Sanguinaires;;;20000;2A004;"41.91027777777778 , 8.705";41°54'37''N 8°42'18''E;En service
100314;BOUYGUES TELECOM;1632879;LTE 1800;2016-04-25;02A;2A004;4G;2026-03-19T15:15:24;02A2750147;26;14;74;Caniccio;rte des Sanguinaires;;;20000;2A004;"41.91027777777778 , 8.705";41°54'37''N 8°42'18''E;En service
100315;BOUYGUES TELECOM;1632879;LTE 2100;2022-02-16;02A;2A004;4G;2026-03-19T15:15:24;02A2750147;26;14;74;Caniccio;rte des Sanguinaires;;;20000;2A004;"41.91027777777778 , 8.705";41°54'37''N 8°42'18''E;En service
100316;BOUYGUES TELECOM;1632879;LTE 2600;2019-01-11;02A;2A004;4G;2026-03-19T15:15:24;02A2750147;26;14;74;Caniccio;rte des Sanguinaires;;;20000;2A004;"41.91027777777778 , 8.705";41°54'37''N 8°42'18''E;En service
100317;BOUYGUES TELECOM;1632879;LTE 800;2016-04-25;02A;2A004;4G;2026-03-19T15:15:24;02A2750147;26;14;74;Caniccio;rte des Sanguinaires;;;20000;2A004;"41.91027777777778 , 8.705";41°54'37''N 8°42'18''E;En service
100318;BOUYGUES TELECOM;1632879;UMTS 900;2019-05-27;02A;2A004;3G;2026-03-19T15:15:24;02A2750147;26;14;74;Caniccio;rte des Sanguinaires;;;20000;2A004;"41.91027777777778 , 8.705";41°54'37''N 8°42'18''E;En service
100319;BOUYGUES TELECOM;1632885;5G NR 2100;2022-07-28;02A;2A004;5G;2026-03-19T15:15:24;02A2750148;23;18;72;Porcelone;CHEM DE RANOCHIETTO;PÉPINIÈRE DU BOIS FLEURI;;20000;2A004;"41.952222222222225 , 8.768611111111111";41°57'8''N 8°46'7''E;Techniquement opérationnel
100320;BOUYGUES TELECOM;1632885;GSM 900;2016-03-24;02A;2A004;2G;2026-03-19T15:15:24;02A2750148;23;18;72;Porcelone;CHEM DE RANOCHIETTO;PÉPINIÈRE DU BOIS FLEURI;;20000;2A004;"41.952222222222225 , 8.768611111111111";41°57'8''N 8°46'7''E;En service
100321;BOUYGUES TELECOM;1632885;LTE 1800;2016-03-24;02A;2A004;4G;2026-03-19T15:15:24;02A2750148;23;18;72;Porcelone;CHEM DE RANOCHIETTO;PÉPINIÈRE DU BOIS FLEURI;;20000;2A004;"41.952222222222225 , 8.768611111111111";41°57'8''N 8°46'7''E;En service
100322;BOUYGUES TELECOM;1632885;LTE 2100;2021-07-21;02A;2A004;4G;2026-03-19T15:15:24;02A2750148;23;18;72;Porcelone;CHEM DE RANOCHIETTO;PÉPINIÈRE DU BOIS FLEURI;;20000;2A004;"41.952222222222225 , 8.768611111111111";41°57'8''N 8°46'7''E;En service
100323;BOUYGUES TELECOM;1632885;LTE 2600;2021-09-28;02A;2A004;4G;2026-03-19T15:15:24;02A2750148;23;18;72;Porcelone;CHEM DE RANOCHIETTO;PÉPINIÈRE DU BOIS FLEURI;;20000;2A004;"41.952222222222225 , 8.768611111111111";41°57'8''N 8°46'7''E;En service
100324;BOUYGUES TELECOM;1632885;LTE 700;2024-09-18;02A;2A004;4G;2026-03-19T15:15:24;02A2750148;23;18;72;Porcelone;CHEM DE RANOCHIETTO;PÉPINIÈRE DU BOIS FLEURI;;20000;2A004;"41.952222222222225 , 8.768611111111111";41°57'8''N 8°46'7''E;En service
100325;BOUYGUES TELECOM;1632885;LTE 800;2016-03-24;02A;2A004;4G;2026-03-19T15:15:24;02A2750148;23;18;72;Porcelone;CHEM DE RANOCHIETTO;PÉPINIÈRE DU BOIS FLEURI;;20000;2A004;"41.952222222222225 , 8.768611111111111";41°57'8''N 8°46'7''E;En service
100326;BOUYGUES TELECOM;1632885;UMTS 900;2016-03-24;02A;2A004;3G;2026-03-19T15:15:24;02A2750148;23;18;72;Porcelone;CHEM DE RANOCHIETTO;PÉPINIÈRE DU BOIS FLEURI;;20000;2A004;"41.952222222222225 , 8.768611111111111";41°57'8''N 8°46'7''E;En service
100327;BOUYGUES TELECOM;1632898;5G NR 2100;2022-12-28;02A;2A004;5G;2026-03-19T15:15:24;02A2750150;38;12;29;;RTE DU VAZZIO - LOT DU RICANTO;;;20000;2A004;"41.92916666666667 , 8.773888888888889";41°55'45''N 8°46'26''E;Techniquement opérationnel
100328;BOUYGUES TELECOM;1632898;5G NR 3500;2022-12-28;02A;2A004;5G;2026-03-19T15:15:24;02A2750150;38;12;29;;RTE DU VAZZIO - LOT DU RICANTO;;;20000;2A004;"41.92916666666667 , 8.773888888888889";41°55'45''N 8°46'26''E;Techniquement opérationnel
100329;BOUYGUES TELECOM;1632898;GSM 900;2018-05-30;02A;2A004;2G;2026-03-19T15:15:24;02A2750150;38;12;29;;RTE DU VAZZIO - LOT DU RICANTO;;;20000;2A004;"41.92916666666667 , 8.773888888888889";41°55'45''N 8°46'26''E;En service
100330;BOUYGUES TELECOM;1632898;LTE 1800;2016-04-25;02A;2A004;4G;2026-03-19T15:15:24;02A2750150;38;12;29;;RTE DU VAZZIO - LOT DU RICANTO;;;20000;2A004;"41.92916666666667 , 8.773888888888889";41°55'45''N 8°46'26''E;En service
100331;BOUYGUES TELECOM;1632898;LTE 2100;2022-12-28;02A;2A004;4G;2026-03-19T15:15:24;02A2750150;38;12;29;;RTE DU VAZZIO - LOT DU RICANTO;;;20000;2A004;"41.92916666666667 , 8.773888888888889";41°55'45''N 8°46'26''E;En service
100332;BOUYGUES TELECOM;1632898;LTE 2600;2022-12-28;02A;2A004;4G;2026-03-19T15:15:24;02A2750150;38;12;29;;RTE DU VAZZIO - LOT DU RICANTO;;;20000;2A004;"41.92916666666667 , 8.773888888888889";41°55'45''N 8°46'26''E;En service
100333;BOUYGUES TELECOM;1632898;LTE 700;2022-12-28;02A;2A004;4G;2026-03-19T15:15:24;02A2750150;38;12;29;;RTE DU VAZZIO - LOT DU RICANTO;;;20000;2A004;"41.92916666666667 , 8.773888888888889";41°55'45''N 8°46'26''E;En service
100334;BOUYGUES TELECOM;1632898;LTE 800;2016-04-25;02A;2A004;4G;2026-03-19T15:15:24;02A2750150;38;12;29;;RTE DU VAZZIO - LOT DU RICANTO;;;20000;2A004;"41.92916666666667 , 8.773888888888889";41°55'45''N 8°46'26''E;En service
100335;BOUYGUES TELECOM;1632898;UMTS 900;2019-05-27;02A;2A004;3G;2026-03-19T15:15:24;02A2750150;38;12;29;;RTE DU VAZZIO - LOT DU RICANTO;;;20000;2A004;"41.92916666666667 , 8.773888888888889";41°55'45''N 8°46'26''E;En service
100336;BOUYGUES TELECOM;1632904;GSM 1800;2016-03-24;02A;2A004;2G;2026-03-19T15:15:24;02A2750151;39;"7,1";27;;rte de st antoine;Villa Orca;;20000;2A004;"41.925 , 8.711666666666666";41°55'30''N 8°42'42''E;En service
100337;BOUYGUES TELECOM;1632904;GSM 900;2018-05-30;02A;2A004;2G;2026-03-19T15:15:24;02A2750151;39;"7,1";27;;rte de st antoine;Villa Orca;;20000;2A004;"41.925 , 8.711666666666666";41°55'30''N 8°42'42''E;En service
100338;BOUYGUES TELECOM;1632904;LTE 1800;2016-04-25;02A;2A004;4G;2026-03-19T15:15:24;02A2750151;39;"7,1";27;;rte de st antoine;Villa Orca;;20000;2A004;"41.925 , 8.711666666666666";41°55'30''N 8°42'42''E;En service
100339;BOUYGUES TELECOM;1632904;LTE 800;2016-04-25;02A;2A004;4G;2026-03-19T15:15:24;02A2750151;39;"7,1";27;;rte de st antoine;Villa Orca;;20000;2A004;"41.925 , 8.711666666666666";41°55'30''N 8°42'42''E;En service
100340;BOUYGUES TELECOM;1632904;UMTS 2100;2019-05-27;02A;2A004;3G;2026-03-19T15:15:24;02A2750151;39;"7,1";27;;rte de st antoine;Villa Orca;;20000;2A004;"41.925 , 8.711666666666666";41°55'30''N 8°42'42''E;En service
100341;BOUYGUES TELECOM;1632904;UMTS 900;2019-05-27;02A;2A004;3G;2026-03-19T15:15:24;02A2750151;39;"7,1";27;;rte de st antoine;Villa Orca;;20000;2A004;"41.925 , 8.711666666666666";41°55'30''N 8°42'42''E;En service
100485;BOUYGUES TELECOM;1634565;5G NR 2100;2022-12-28;02A;2A348;5G;2026-03-19T15:15:24;02A2750155;26;"9,5";27;Liscia;;;;20160;2A348;"42.11666666666667 , 8.676944444444445";42°7'0''N 8°40'37''E;Techniquement opérationnel
100486;BOUYGUES TELECOM;1634565;5G NR 3500;2022-12-28;02A;2A348;5G;2026-03-19T15:15:24;02A2750155;26;"9,5";27;Liscia;;;;20160;2A348;"42.11666666666667 , 8.676944444444445";42°7'0''N 8°40'37''E;Techniquement opérationnel
100487;BOUYGUES TELECOM;1634565;GSM 900;2016-05-24;02A;2A348;2G;2026-03-19T15:15:24;02A2750155;26;"9,5";27;Liscia;;;;20160;2A348;"42.11666666666667 , 8.676944444444445";42°7'0''N 8°40'37''E;En service
100488;BOUYGUES TELECOM;1634565;LTE 1800;2016-05-24;02A;2A348;4G;2026-03-19T15:15:24;02A2750155;26;"9,5";27;Liscia;;;;20160;2A348;"42.11666666666667 , 8.676944444444445";42°7'0''N 8°40'37''E;En service
100489;BOUYGUES TELECOM;1634565;LTE 2100;2020-08-25;02A;2A348;4G;2026-03-19T15:15:24;02A2750155;26;"9,5";27;Liscia;;;;20160;2A348;"42.11666666666667 , 8.676944444444445";42°7'0''N 8°40'37''E;En service
100490;BOUYGUES TELECOM;1634565;LTE 2600;2019-06-21;02A;2A348;4G;2026-03-19T15:15:24;02A2750155;26;"9,5";27;Liscia;;;;20160;2A348;"42.11666666666667 , 8.676944444444445";42°7'0''N 8°40'37''E;En service
100491;BOUYGUES TELECOM;1634565;LTE 700;2022-12-28;02A;2A348;4G;2026-03-19T15:15:24;02A2750155;26;"9,5";27;Liscia;;;;20160;2A348;"42.11666666666667 , 8.676944444444445";42°7'0''N 8°40'37''E;En service
100492;BOUYGUES TELECOM;1634565;LTE 800;2016-05-24;02A;2A348;4G;2026-03-19T15:15:24;02A2750155;26;"9,5";27;Liscia;;;;20160;2A348;"42.11666666666667 , 8.676944444444445";42°7'0''N 8°40'37''E;En service
100493;BOUYGUES TELECOM;1634565;UMTS 900;2016-05-24;02A;2A348;3G;2026-03-19T15:15:24;02A2750155;26;"9,5";27;Liscia;;;;20160;2A348;"42.11666666666667 , 8.676944444444445";42°7'0''N 8°40'37''E;En service
100582;BOUYGUES TELECOM;1635136;GSM 900;2018-05-30;02A;2A040;2G;2026-03-19T15:15:24;02A2750035;23;30;32;Stollo;rte du Stade;Près du Cimetière de de la RN 193;;20136;2A040;"42.085 , 9.050277777777778";42°5'6''N 9°3'1''E;En service
100583;BOUYGUES TELECOM;1635136;LTE 800;2016-05-24;02A;2A040;4G;2026-03-19T15:15:24;02A2750035;23;30;32;Stollo;rte du Stade;Près du Cimetière de de la RN 193;;20136;2A040;"42.085 , 9.050277777777778";42°5'6''N 9°3'1''E;En service
100584;BOUYGUES TELECOM;1635136;UMTS 900;2019-04-29;02A;2A040;3G;2026-03-19T15:15:24;02A2750035;23;30;32;Stollo;rte du Stade;Près du Cimetière de de la RN 193;;20136;2A040;"42.085 , 9.050277777777778";42°5'6''N 9°3'1''E;En service
100925;BOUYGUES TELECOM;1637394;GSM 900;2016-05-24;02A;2A198;2G;2026-03-19T15:15:24;02A2750161;20;26;27;;QUARTIER CAPO SOTTANO - EGLISE D'OTA;;;20150;2A198;"42.25805555555556 , 8.74472222222222";42°15'29''N 8°44'41''E;En service
100926;BOUYGUES TELECOM;1637394;LTE 1800;2018-10-30;02A;2A198;4G;2026-03-19T15:15:24;02A2750161;20;26;27;;QUARTIER CAPO SOTTANO - EGLISE D'OTA;;;20150;2A198;"42.25805555555556 , 8.74472222222222";42°15'29''N 8°44'41''E;En service
100927;BOUYGUES TELECOM;1637394;LTE 2600;2018-10-26;02A;2A198;4G;2026-03-19T15:15:24;02A2750161;20;26;27;;QUARTIER CAPO SOTTANO - EGLISE D'OTA;;;20150;2A198;"42.25805555555556 , 8.74472222222222";42°15'29''N 8°44'41''E;En service
100928;BOUYGUES TELECOM;1637394;LTE 800;2016-05-24;02A;2A198;4G;2026-03-19T15:15:24;02A2750161;20;26;27;;QUARTIER CAPO SOTTANO - EGLISE D'OTA;;;20150;2A198;"42.25805555555556 , 8.74472222222222";42°15'29''N 8°44'41''E;En service
100929;BOUYGUES TELECOM;1637394;UMTS 900;2016-05-24;02A;2A198;3G;2026-03-19T15:15:24;02A2750161;20;26;27;;QUARTIER CAPO SOTTANO - EGLISE D'OTA;;;20150;2A198;"42.25805555555556 , 8.74472222222222";42°15'29''N 8°44'41''E;En service
100943;BOUYGUES TELECOM;1637429;5G NR 2100;2024-10-11;02A;2A103;5G;2026-03-19T15:15:24;02A2750160;17;"8,7";27;Pozzo Rosso;Villa Labesse - Apietto;;;20167;2A103;"41.97694444444445 , 8.842222222222222";41°58'37''N 8°50'32''E;Techniquement opérationnel
100944;BOUYGUES TELECOM;1637429;GSM 900;2016-09-21;02A;2A103;2G;2026-03-19T15:15:24;02A2750160;17;"8,7";27;Pozzo Rosso;Villa Labesse - Apietto;;;20167;2A103;"41.97694444444445 , 8.842222222222222";41°58'37''N 8°50'32''E;En service
100945;BOUYGUES TELECOM;1637429;LTE 1800;2020-08-25;02A;2A103;4G;2026-03-19T15:15:24;02A2750160;17;"8,7";27;Pozzo Rosso;Villa Labesse - Apietto;;;20167;2A103;"41.97694444444445 , 8.842222222222222";41°58'37''N 8°50'32''E;En service
100946;BOUYGUES TELECOM;1637429;LTE 2100;2024-10-11;02A;2A103;4G;2026-03-19T15:15:24;02A2750160;17;"8,7";27;Pozzo Rosso;Villa Labesse - Apietto;;;20167;2A103;"41.97694444444445 , 8.842222222222222";41°58'37''N 8°50'32''E;En service
100947;BOUYGUES TELECOM;1637429;LTE 2600;2020-08-25;02A;2A103;4G;2026-03-19T15:15:24;02A2750160;17;"8,7";27;Pozzo Rosso;Villa Labesse - Apietto;;;20167;2A103;"41.97694444444445 , 8.842222222222222";41°58'37''N 8°50'32''E;En service
100948;BOUYGUES TELECOM;1637429;LTE 700;2024-10-11;02A;2A103;4G;2026-03-19T15:15:24;02A2750160;17;"8,7";27;Pozzo Rosso;Villa Labesse - Apietto;;;20167;2A103;"41.97694444444445 , 8.842222222222222";41°58'37''N 8°50'32''E;En service
100949;BOUYGUES TELECOM;1637429;LTE 800;2016-09-21;02A;2A103;4G;2026-03-19T15:15:24;02A2750160;17;"8,7";27;Pozzo Rosso;Villa Labesse - Apietto;;;20167;2A103;"41.97694444444445 , 8.842222222222222";41°58'37''N 8°50'32''E;En service
100950;BOUYGUES TELECOM;1637429;UMTS 900;2016-09-21;02A;2A103;3G;2026-03-19T15:15:24;02A2750160;17;"8,7";27;Pozzo Rosso;Villa Labesse - Apietto;;;20167;2A103;"41.97694444444445 , 8.842222222222222";41°58'37''N 8°50'32''E;En service
101832;BOUYGUES TELECOM;1646860;5G NR 2100;2024-06-27;02A;2A041;5G;2026-03-19T15:15:24;02A2750134;23;10;68;;DOMAINE MARINA DI FIORI;;;20169;2A041;"41.403888888888886 , 9.243611111111111";41°24'14''N 9°14'37''E;Techniquement opérationnel
101833;BOUYGUES TELECOM;1646860;5G NR 3500;2024-06-27;02A;2A041;5G;2026-03-19T15:15:24;02A2750134;23;10;68;;DOMAINE MARINA DI FIORI;;;20169;2A041;"41.403888888888886 , 9.243611111111111";41°24'14''N 9°14'37''E;Techniquement opérationnel
101834;BOUYGUES TELECOM;1646860;GSM 900;2011-07-21;02A;2A041;2G;2026-03-19T15:15:24;02A2750134;23;10;68;;DOMAINE MARINA DI FIORI;;;20169;2A041;"41.403888888888886 , 9.243611111111111";41°24'14''N 9°14'37''E;En service
101835;BOUYGUES TELECOM;1646860;LTE 1800;2017-05-04;02A;2A041;4G;2026-03-19T15:15:24;02A2750134;23;10;68;;DOMAINE MARINA DI FIORI;;;20169;2A041;"41.403888888888886 , 9.243611111111111";41°24'14''N 9°14'37''E;En service
101836;BOUYGUES TELECOM;1646860;LTE 2100;2024-06-27;02A;2A041;4G;2026-03-19T15:15:24;02A2750134;23;10;68;;DOMAINE MARINA DI FIORI;;;20169;2A041;"41.403888888888886 , 9.243611111111111";41°24'14''N 9°14'37''E;En service
101837;BOUYGUES TELECOM;1646860;LTE 2600;2024-06-27;02A;2A041;4G;2026-03-19T15:15:24;02A2750134;23;10;68;;DOMAINE MARINA DI FIORI;;;20169;2A041;"41.403888888888886 , 9.243611111111111";41°24'14''N 9°14'37''E;En service
101838;BOUYGUES TELECOM;1646860;LTE 700;2024-06-27;02A;2A041;4G;2026-03-19T15:15:24;02A2750134;23;10;68;;DOMAINE MARINA DI FIORI;;;20169;2A041;"41.403888888888886 , 9.243611111111111";41°24'14''N 9°14'37''E;En service
101839;BOUYGUES TELECOM;1646860;LTE 800;2017-05-04;02A;2A041;4G;2026-03-19T15:15:24;02A2750134;23;10;68;;DOMAINE MARINA DI FIORI;;;20169;2A041;"41.403888888888886 , 9.243611111111111";41°24'14''N 9°14'37''E;En service
101840;BOUYGUES TELECOM;1646860;UMTS 900;2017-05-04;02A;2A041;3G;2026-03-19T15:15:24;02A2750134;23;10;68;;DOMAINE MARINA DI FIORI;;;20169;2A041;"41.403888888888886 , 9.243611111111111";41°24'14''N 9°14'37''E;En service
101915;BOUYGUES TELECOM;1647190;GSM 900;2016-09-21;02A;2A359;2G;2026-03-19T15:15:24;02A2750166;23;"21,4";72;Porcareccia;;;;20132;2A359;"41.88805555555555 , 9.105277777777777";41°53'17''N 9°6'19''E;En service
101916;BOUYGUES TELECOM;1647190;LTE 800;2016-09-21;02A;2A359;4G;2026-03-19T15:15:24;02A2750166;23;"21,4";72;Porcareccia;;;;20132;2A359;"41.88805555555555 , 9.105277777777777";41°53'17''N 9°6'19''E;En service
101917;BOUYGUES TELECOM;1647190;UMTS 900;2016-09-21;02A;2A359;3G;2026-03-19T15:15:24;02A2750166;23;"21,4";72;Porcareccia;;;;20132;2A359;"41.88805555555555 , 9.105277777777777";41°53'17''N 9°6'19''E;En service
101918;BOUYGUES TELECOM;1647213;5G NR 2100;2023-01-12;02A;2A276;5G;2026-03-19T15:15:24;02A2750165;4;"12,5";17;Contra Grossa;NATIONALE RVOIR DE SERRA DI FERRO;;;20140;2A276;"41.72361111111111 , 8.794166666666667";41°43'25''N 8°47'39''E;Techniquement opérationnel
101919;BOUYGUES TELECOM;1647213;5G NR 3500;2023-01-12;02A;2A276;5G;2026-03-19T15:15:24;02A2750165;4;"12,5";17;Contra Grossa;NATIONALE RVOIR DE SERRA DI FERRO;;;20140;2A276;"41.72361111111111 , 8.794166666666667";41°43'25''N 8°47'39''E;Techniquement opérationnel
101920;BOUYGUES TELECOM;1647213;GSM 900;2016-09-21;02A;2A276;2G;2026-03-19T15:15:24;02A2750165;4;"12,5";17;Contra Grossa;NATIONALE RVOIR DE SERRA DI FERRO;;;20140;2A276;"41.72361111111111 , 8.794166666666667";41°43'25''N 8°47'39''E;En service
101921;BOUYGUES TELECOM;1647213;LTE 1800;2016-09-21;02A;2A276;4G;2026-03-19T15:15:24;02A2750165;4;"12,5";17;Contra Grossa;NATIONALE RVOIR DE SERRA DI FERRO;;;20140;2A276;"41.72361111111111 , 8.794166666666667";41°43'25''N 8°47'39''E;En service
101922;BOUYGUES TELECOM;1647213;LTE 2100;2020-08-25;02A;2A276;4G;2026-03-19T15:15:24;02A2750165;4;"12,5";17;Contra Grossa;NATIONALE RVOIR DE SERRA DI FERRO;;;20140;2A276;"41.72361111111111 , 8.794166666666667";41°43'25''N 8°47'39''E;En service
101923;BOUYGUES TELECOM;1647213;LTE 2600;2019-10-18;02A;2A276;4G;2026-03-19T15:15:24;02A2750165;4;"12,5";17;Contra Grossa;NATIONALE RVOIR DE SERRA DI FERRO;;;20140;2A276;"41.72361111111111 , 8.794166666666667";41°43'25''N 8°47'39''E;En service
101924;BOUYGUES TELECOM;1647213;LTE 700;2023-01-12;02A;2A276;4G;2026-03-19T15:15:24;02A2750165;4;"12,5";17;Contra Grossa;NATIONALE RVOIR DE SERRA DI FERRO;;;20140;2A276;"41.72361111111111 , 8.794166666666667";41°43'25''N 8°47'39''E;En service
101925;BOUYGUES TELECOM;1647213;LTE 800;2016-09-21;02A;2A276;4G;2026-03-19T15:15:24;02A2750165;4;"12,5";17;Contra Grossa;NATIONALE RVOIR DE SERRA DI FERRO;;;20140;2A276;"41.72361111111111 , 8.794166666666667";41°43'25''N 8°47'39''E;En service
101926;BOUYGUES TELECOM;1647213;UMTS 900;2016-09-21;02A;2A276;3G;2026-03-19T15:15:24;02A2750165;4;"12,5";17;Contra Grossa;NATIONALE RVOIR DE SERRA DI FERRO;;;20140;2A276;"41.72361111111111 , 8.794166666666667";41°43'25''N 8°47'39''E;En service
101945;BOUYGUES TELECOM;1647254;GSM 900;2016-09-21;02A;2A061;2G;2026-03-19T15:15:24;02A2750164;42;"6,6";27;Piantarella;RTE DÉPART. RD 59 - ORONE;;;20170;2A061;"41.66861111111111 , 9.144166666666667";41°40'7''N 9°8'39''E;En service
101946;BOUYGUES TELECOM;1647254;LTE 1800;2018-10-04;02A;2A061;4G;2026-03-19T15:15:24;02A2750164;42;"6,6";27;Piantarella;RTE DÉPART. RD 59 - ORONE;;;20170;2A061;"41.66861111111111 , 9.144166666666667";41°40'7''N 9°8'39''E;En service
101947;BOUYGUES TELECOM;1647254;LTE 2600;2018-10-08;02A;2A061;4G;2026-03-19T15:15:24;02A2750164;42;"6,6";27;Piantarella;RTE DÉPART. RD 59 - ORONE;;;20170;2A061;"41.66861111111111 , 9.144166666666667";41°40'7''N 9°8'39''E;En service
101948;BOUYGUES TELECOM;1647254;LTE 800;2016-09-21;02A;2A061;4G;2026-03-19T15:15:24;02A2750164;42;"6,6";27;Piantarella;RTE DÉPART. RD 59 - ORONE;;;20170;2A061;"41.66861111111111 , 9.144166666666667";41°40'7''N 9°8'39''E;En service
101949;BOUYGUES TELECOM;1647254;UMTS 900;2016-09-21;02A;2A061;3G;2026-03-19T15:15:24;02A2750164;42;"6,6";27;Piantarella;RTE DÉPART. RD 59 - ORONE;;;20170;2A061;"41.66861111111111 , 9.144166666666667";41°40'7''N 9°8'39''E;En service
101950;BOUYGUES TELECOM;1647262;5G NR 2100;2023-01-12;02A;2A228;5G;2026-03-19T15:15:24;02A2750163;26;8;72;Maccutello;CHEM D'ACCELASCA;;;20166;2A228;"41.82555555555556 , 8.784722222222221";41°49'32''N 8°47'5''E;Techniquement opérationnel
101951;BOUYGUES TELECOM;1647262;5G NR 3500;2023-01-12;02A;2A228;5G;2026-03-19T15:15:24;02A2750163;26;8;72;Maccutello;CHEM D'ACCELASCA;;;20166;2A228;"41.82555555555556 , 8.784722222222221";41°49'32''N 8°47'5''E;Techniquement opérationnel
101952;BOUYGUES TELECOM;1647262;GSM 900;2017-05-04;02A;2A228;2G;2026-03-19T15:15:24;02A2750163;26;8;72;Maccutello;CHEM D'ACCELASCA;;;20166;2A228;"41.82555555555556 , 8.784722222222221";41°49'32''N 8°47'5''E;En service
101953;BOUYGUES TELECOM;1647262;LTE 1800;2017-05-04;02A;2A228;4G;2026-03-19T15:15:24;02A2750163;26;8;72;Maccutello;CHEM D'ACCELASCA;;;20166;2A228;"41.82555555555556 , 8.784722222222221";41°49'32''N 8°47'5''E;En service
101954;BOUYGUES TELECOM;1647262;LTE 2100;2023-01-12;02A;2A228;4G;2026-03-19T15:15:24;02A2750163;26;8;72;Maccutello;CHEM D'ACCELASCA;;;20166;2A228;"41.82555555555556 , 8.784722222222221";41°49'32''N 8°47'5''E;En service
101955;BOUYGUES TELECOM;1647262;LTE 2600;2023-01-12;02A;2A228;4G;2026-03-19T15:15:24;02A2750163;26;8;72;Maccutello;CHEM D'ACCELASCA;;;20166;2A228;"41.82555555555556 , 8.784722222222221";41°49'32''N 8°47'5''E;En service
101956;BOUYGUES TELECOM;1647262;LTE 700;2023-01-12;02A;2A228;4G;2026-03-19T15:15:24;02A2750163;26;8;72;Maccutello;CHEM D'ACCELASCA;;;20166;2A228;"41.82555555555556 , 8.784722222222221";41°49'32''N 8°47'5''E;En service
101957;BOUYGUES TELECOM;1647262;LTE 800;2017-05-04;02A;2A228;4G;2026-03-19T15:15:24;02A2750163;26;8;72;Maccutello;CHEM D'ACCELASCA;;;20166;2A228;"41.82555555555556 , 8.784722222222221";41°49'32''N 8°47'5''E;En service
101958;BOUYGUES TELECOM;1647262;UMTS 900;2017-05-04;02A;2A228;3G;2026-03-19T15:15:24;02A2750163;26;8;72;Maccutello;CHEM D'ACCELASCA;;;20166;2A228;"41.82555555555556 , 8.784722222222221";41°49'32''N 8°47'5''E;En service
102015;BOUYGUES TELECOM;1648188;5G NR 2100;2022-07-28;02A;2A228;5G;2026-03-19T15:15:24;02A2750107;26;8;65;CASTELLO ROSSO;CHEMIN DE TAMBONU;;;20166;2A228;"41.83972222222222 , 8.79111111111111";41°50'23''N 8°47'28''E;Techniquement opérationnel
102016;BOUYGUES TELECOM;1648188;5G NR 3500;2024-11-14;02A;2A228;5G;2026-03-19T15:15:24;02A2750107;26;8;65;CASTELLO ROSSO;CHEMIN DE TAMBONU;;;20166;2A228;"41.83972222222222 , 8.79111111111111";41°50'23''N 8°47'28''E;Techniquement opérationnel
102017;BOUYGUES TELECOM;1648188;GSM 900;2008-07-24;02A;2A228;2G;2026-03-19T15:15:24;02A2750107;26;8;65;CASTELLO ROSSO;CHEMIN DE TAMBONU;;;20166;2A228;"41.83972222222222 , 8.79111111111111";41°50'23''N 8°47'28''E;En service
102018;BOUYGUES TELECOM;1648188;LTE 1800;2016-12-20;02A;2A228;4G;2026-03-19T15:15:24;02A2750107;26;8;65;CASTELLO ROSSO;CHEMIN DE TAMBONU;;;20166;2A228;"41.83972222222222 , 8.79111111111111";41°50'23''N 8°47'28''E;En service
102019;BOUYGUES TELECOM;1648188;LTE 2100;2022-02-16;02A;2A228;4G;2026-03-19T15:15:24;02A2750107;26;8;65;CASTELLO ROSSO;CHEMIN DE TAMBONU;;;20166;2A228;"41.83972222222222 , 8.79111111111111";41°50'23''N 8°47'28''E;En service
102020;BOUYGUES TELECOM;1648188;LTE 2600;2024-11-14;02A;2A228;4G;2026-03-19T15:15:24;02A2750107;26;8;65;CASTELLO ROSSO;CHEMIN DE TAMBONU;;;20166;2A228;"41.83972222222222 , 8.79111111111111";41°50'23''N 8°47'28''E;En service
102021;BOUYGUES TELECOM;1648188;LTE 700;2024-11-14;02A;2A228;4G;2026-03-19T15:15:24;02A2750107;26;8;65;CASTELLO ROSSO;CHEMIN DE TAMBONU;;;20166;2A228;"41.83972222222222 , 8.79111111111111";41°50'23''N 8°47'28''E;En service
102022;BOUYGUES TELECOM;1648188;LTE 800;2015-07-22;02A;2A228;4G;2026-03-19T15:15:24;02A2750107;26;8;65;CASTELLO ROSSO;CHEMIN DE TAMBONU;;;20166;2A228;"41.83972222222222 , 8.79111111111111";41°50'23''N 8°47'28''E;En service
102023;BOUYGUES TELECOM;1648188;UMTS 900;2016-12-20;02A;2A228;3G;2026-03-19T15:15:24;02A2750107;26;8;65;CASTELLO ROSSO;CHEMIN DE TAMBONU;;;20166;2A228;"41.83972222222222 , 8.79111111111111";41°50'23''N 8°47'28''E;En service
102164;BOUYGUES TELECOM;1649513;5G NR 2100;2022-07-28;02A;2A247;5G;2026-03-19T15:15:24;02A2750119;26;21;65;SANTA GIULIA_DURABILE;ROUTE DE BONIFACIO;;;20137;2A247;"41.5225 , 9.255277777777778";41°31'21''N 9°15'19''E;Techniquement opérationnel
102165;BOUYGUES TELECOM;1649513;5G NR 3500;2023-10-25;02A;2A247;5G;2026-03-19T15:15:24;02A2750119;26;21;65;SANTA GIULIA_DURABILE;ROUTE DE BONIFACIO;;;20137;2A247;"41.5225 , 9.255277777777778";41°31'21''N 9°15'19''E;Techniquement opérationnel
102166;BOUYGUES TELECOM;1649513;GSM 900;2007-11-27;02A;2A247;2G;2026-03-19T15:15:24;02A2750119;26;21;65;SANTA GIULIA_DURABILE;ROUTE DE BONIFACIO;;;20137;2A247;"41.5225 , 9.255277777777778";41°31'21''N 9°15'19''E;En service
102167;BOUYGUES TELECOM;1649513;LTE 1800;2016-12-20;02A;2A247;4G;2026-03-19T15:15:24;02A2750119;26;21;65;SANTA GIULIA_DURABILE;ROUTE DE BONIFACIO;;;20137;2A247;"41.5225 , 9.255277777777778";41°31'21''N 9°15'19''E;En service
102168;BOUYGUES TELECOM;1649513;LTE 2100;2022-02-16;02A;2A247;4G;2026-03-19T15:15:24;02A2750119;26;21;65;SANTA GIULIA_DURABILE;ROUTE DE BONIFACIO;;;20137;2A247;"41.5225 , 9.255277777777778";41°31'21''N 9°15'19''E;En service
102169;BOUYGUES TELECOM;1649513;LTE 2600;2022-02-16;02A;2A247;4G;2026-03-19T15:15:24;02A2750119;26;21;65;SANTA GIULIA_DURABILE;ROUTE DE BONIFACIO;;;20137;2A247;"41.5225 , 9.255277777777778";41°31'21''N 9°15'19''E;En service
102170;BOUYGUES TELECOM;1649513;LTE 700;2021-07-20;02A;2A247;4G;2026-03-19T15:15:24;02A2750119;26;21;65;SANTA GIULIA_DURABILE;ROUTE DE BONIFACIO;;;20137;2A247;"41.5225 , 9.255277777777778";41°31'21''N 9°15'19''E;En service
102171;BOUYGUES TELECOM;1649513;LTE 800;2016-12-20;02A;2A247;4G;2026-03-19T15:15:24;02A2750119;26;21;65;SANTA GIULIA_DURABILE;ROUTE DE BONIFACIO;;;20137;2A247;"41.5225 , 9.255277777777778";41°31'21''N 9°15'19''E;En service
102172;BOUYGUES TELECOM;1649513;UMTS 900;2016-12-20;02A;2A247;3G;2026-03-19T15:15:24;02A2750119;26;21;65;SANTA GIULIA_DURABILE;ROUTE DE BONIFACIO;;;20137;2A247;"41.5225 , 9.255277777777778";41°31'21''N 9°15'19''E;En service
102631;BOUYGUES TELECOM;1652595;5G NR 2100;2022-07-28;02A;2A004;5G;2026-03-19T15:15:24;02A2750168;38;34;9;;Av de la Grande Armée;Résidence Le Napoléon - Les Jardins de l'Empereur;;20000;2A004;"41.92638888888889 , 8.72861111111111";41°55'35''N 8°43'43''E;Techniquement opérationnel
102632;BOUYGUES TELECOM;1652595;5G NR 3500;2022-12-28;02A;2A004;5G;2026-03-19T15:15:24;02A2750168;38;34;9;;Av de la Grande Armée;Résidence Le Napoléon - Les Jardins de l'Empereur;;20000;2A004;"41.92638888888889 , 8.72861111111111";41°55'35''N 8°43'43''E;Techniquement opérationnel
102633;BOUYGUES TELECOM;1652595;GSM 900;2018-05-30;02A;2A004;2G;2026-03-19T15:15:24;02A2750168;38;34;9;;Av de la Grande Armée;Résidence Le Napoléon - Les Jardins de l'Empereur;;20000;2A004;"41.92638888888889 , 8.72861111111111";41°55'35''N 8°43'43''E;En service
102634;BOUYGUES TELECOM;1652595;LTE 1800;2016-06-19;02A;2A004;4G;2026-03-19T15:15:24;02A2750168;38;34;9;;Av de la Grande Armée;Résidence Le Napoléon - Les Jardins de l'Empereur;;20000;2A004;"41.92638888888889 , 8.72861111111111";41°55'35''N 8°43'43''E;En service
102635;BOUYGUES TELECOM;1652595;LTE 2100;2022-02-16;02A;2A004;4G;2026-03-19T15:15:24;02A2750168;38;34;9;;Av de la Grande Armée;Résidence Le Napoléon - Les Jardins de l'Empereur;;20000;2A004;"41.92638888888889 , 8.72861111111111";41°55'35''N 8°43'43''E;En service
102636;BOUYGUES TELECOM;1652595;LTE 2600;2019-01-11;02A;2A004;4G;2026-03-19T15:15:24;02A2750168;38;34;9;;Av de la Grande Armée;Résidence Le Napoléon - Les Jardins de l'Empereur;;20000;2A004;"41.92638888888889 , 8.72861111111111";41°55'35''N 8°43'43''E;En service
102637;BOUYGUES TELECOM;1652595;LTE 700;2022-12-28;02A;2A004;4G;2026-03-19T15:15:24;02A2750168;38;34;9;;Av de la Grande Armée;Résidence Le Napoléon - Les Jardins de l'Empereur;;20000;2A004;"41.92638888888889 , 8.72861111111111";41°55'35''N 8°43'43''E;En service
102638;BOUYGUES TELECOM;1652595;LTE 800;2016-05-30;02A;2A004;4G;2026-03-19T15:15:24;02A2750168;38;34;9;;Av de la Grande Armée;Résidence Le Napoléon - Les Jardins de l'Empereur;;20000;2A004;"41.92638888888889 , 8.72861111111111";41°55'35''N 8°43'43''E;En service
102639;BOUYGUES TELECOM;1652595;UMTS 900;2019-05-27;02A;2A004;3G;2026-03-19T15:15:24;02A2750168;38;34;9;;Av de la Grande Armée;Résidence Le Napoléon - Les Jardins de l'Empereur;;20000;2A004;"41.92638888888889 , 8.72861111111111";41°55'35''N 8°43'43''E;En service
103690;BOUYGUES TELECOM;1663201;5G NR 2100;;02A;2A272;5G;2026-03-19T15:15:24;02A2750101;17;14;22;Col de Roccapina;RN 196 ;L'Oasis du Lion;;20100;2A272;"41.49888888888889 , 8.94888888888889";41°29'56''N 8°56'56''E;Projet approuvé
103691;BOUYGUES TELECOM;1663201;GSM 900;2006-12-18;02A;2A272;2G;2026-03-19T15:15:24;02A2750101;17;14;22;Col de Roccapina;RN 196 ;L'Oasis du Lion;;20100;2A272;"41.49888888888889 , 8.94888888888889";41°29'56''N 8°56'56''E;En service
103692;BOUYGUES TELECOM;1663201;LTE 1800;2022-02-16;02A;2A272;4G;2026-03-19T15:15:24;02A2750101;17;14;22;Col de Roccapina;RN 196 ;L'Oasis du Lion;;20100;2A272;"41.49888888888889 , 8.94888888888889";41°29'56''N 8°56'56''E;En service
103693;BOUYGUES TELECOM;1663201;LTE 2100;;02A;2A272;4G;2026-03-19T15:15:24;02A2750101;17;14;22;Col de Roccapina;RN 196 ;L'Oasis du Lion;;20100;2A272;"41.49888888888889 , 8.94888888888889";41°29'56''N 8°56'56''E;Projet approuvé
103694;BOUYGUES TELECOM;1663201;LTE 700;;02A;2A272;4G;2026-03-19T15:15:24;02A2750101;17;14;22;Col de Roccapina;RN 196 ;L'Oasis du Lion;;20100;2A272;"41.49888888888889 , 8.94888888888889";41°29'56''N 8°56'56''E;Projet approuvé
103695;BOUYGUES TELECOM;1663201;LTE 800;2017-05-04;02A;2A272;4G;2026-03-19T15:15:24;02A2750101;17;14;22;Col de Roccapina;RN 196 ;L'Oasis du Lion;;20100;2A272;"41.49888888888889 , 8.94888888888889";41°29'56''N 8°56'56''E;En service
103696;BOUYGUES TELECOM;1663201;UMTS 900;2023-08-09;02A;2A272;3G;2026-03-19T15:15:24;02A2750101;17;14;22;Col de Roccapina;RN 196 ;L'Oasis du Lion;;20100;2A272;"41.49888888888889 , 8.94888888888889";41°29'56''N 8°56'56''E;En service
105368;BOUYGUES TELECOM;1676337;5G NR 2100;2024-05-27;02A;2A127;5G;2026-03-19T15:15:24;02A2750171;23;"21,5";72;Acquella;RTE RVOIR DE GIUNCHETTO;;;20100;2A127;"41.58972222222222 , 8.9575";41°35'23''N 8°57'27''E;Techniquement opérationnel
105369;BOUYGUES TELECOM;1676337;GSM 900;2017-05-04;02A;2A127;2G;2026-03-19T15:15:24;02A2750171;23;"21,5";72;Acquella;RTE RVOIR DE GIUNCHETTO;;;20100;2A127;"41.58972222222222 , 8.9575";41°35'23''N 8°57'27''E;En service
105370;BOUYGUES TELECOM;1676337;LTE 1800;2022-02-16;02A;2A127;4G;2026-03-19T15:15:24;02A2750171;23;"21,5";72;Acquella;RTE RVOIR DE GIUNCHETTO;;;20100;2A127;"41.58972222222222 , 8.9575";41°35'23''N 8°57'27''E;En service
105371;BOUYGUES TELECOM;1676337;LTE 2100;2024-05-27;02A;2A127;4G;2026-03-19T15:15:24;02A2750171;23;"21,5";72;Acquella;RTE RVOIR DE GIUNCHETTO;;;20100;2A127;"41.58972222222222 , 8.9575";41°35'23''N 8°57'27''E;En service
105372;BOUYGUES TELECOM;1676337;LTE 700;2024-05-27;02A;2A127;4G;2026-03-19T15:15:24;02A2750171;23;"21,5";72;Acquella;RTE RVOIR DE GIUNCHETTO;;;20100;2A127;"41.58972222222222 , 8.9575";41°35'23''N 8°57'27''E;En service
105373;BOUYGUES TELECOM;1676337;LTE 800;2017-05-04;02A;2A127;4G;2026-03-19T15:15:24;02A2750171;23;"21,5";72;Acquella;RTE RVOIR DE GIUNCHETTO;;;20100;2A127;"41.58972222222222 , 8.9575";41°35'23''N 8°57'27''E;En service
105374;BOUYGUES TELECOM;1676337;UMTS 900;2017-05-04;02A;2A127;3G;2026-03-19T15:15:24;02A2750171;23;"21,5";72;Acquella;RTE RVOIR DE GIUNCHETTO;;;20100;2A127;"41.58972222222222 , 8.9575";41°35'23''N 8°57'27''E;En service
105384;BOUYGUES TELECOM;1676351;GSM 900;2016-09-21;02A;2A308;2G;2026-03-19T15:15:24;02A2750169;23;17;72;Monte Piane Maggiore;CASTAGNETO SANT'ANDREA;;;20112;2A308;"41.69944444444444 , 9.068333333333333";41°41'58''N 9°4'6''E;En service
105385;BOUYGUES TELECOM;1676351;LTE 1800;2019-02-01;02A;2A308;4G;2026-03-19T15:15:24;02A2750169;23;17;72;Monte Piane Maggiore;CASTAGNETO SANT'ANDREA;;;20112;2A308;"41.69944444444444 , 9.068333333333333";41°41'58''N 9°4'6''E;En service
105386;BOUYGUES TELECOM;1676351;LTE 2600;2019-02-07;02A;2A308;4G;2026-03-19T15:15:24;02A2750169;23;17;72;Monte Piane Maggiore;CASTAGNETO SANT'ANDREA;;;20112;2A308;"41.69944444444444 , 9.068333333333333";41°41'58''N 9°4'6''E;En service
105387;BOUYGUES TELECOM;1676351;LTE 800;2016-09-21;02A;2A308;4G;2026-03-19T15:15:24;02A2750169;23;17;72;Monte Piane Maggiore;CASTAGNETO SANT'ANDREA;;;20112;2A308;"41.69944444444444 , 9.068333333333333";41°41'58''N 9°4'6''E;En service
105388;BOUYGUES TELECOM;1676351;UMTS 900;2016-09-21;02A;2A308;3G;2026-03-19T15:15:24;02A2750169;23;17;72;Monte Piane Maggiore;CASTAGNETO SANT'ANDREA;;;20112;2A308;"41.69944444444444 , 9.068333333333333";41°41'58''N 9°4'6''E;En service
105435;BOUYGUES TELECOM;1676419;5G NR 2100;2022-07-28;02A;2A249;5G;2026-03-19T15:15:24;02A2750172;23;15;72;Turicciola;RESIDENCE LES HAMEAUX;;;20110;2A249;"41.666666666666664 , 8.908611111111112";41°40'0''N 8°54'31''E;Techniquement opérationnel
105436;BOUYGUES TELECOM;1676419;5G NR 3500;2022-07-28;02A;2A249;5G;2026-03-19T15:15:24;02A2750172;23;15;72;Turicciola;RESIDENCE LES HAMEAUX;;;20110;2A249;"41.666666666666664 , 8.908611111111112";41°40'0''N 8°54'31''E;Techniquement opérationnel
105437;BOUYGUES TELECOM;1676419;GSM 900;2016-09-21;02A;2A249;2G;2026-03-19T15:15:24;02A2750172;23;15;72;Turicciola;RESIDENCE LES HAMEAUX;;;20110;2A249;"41.666666666666664 , 8.908611111111112";41°40'0''N 8°54'31''E;En service
105438;BOUYGUES TELECOM;1676419;LTE 1800;2016-09-21;02A;2A249;4G;2026-03-19T15:15:24;02A2750172;23;15;72;Turicciola;RESIDENCE LES HAMEAUX;;;20110;2A249;"41.666666666666664 , 8.908611111111112";41°40'0''N 8°54'31''E;En service
105439;BOUYGUES TELECOM;1676419;LTE 2100;2020-07-28;02A;2A249;4G;2026-03-19T15:15:24;02A2750172;23;15;72;Turicciola;RESIDENCE LES HAMEAUX;;;20110;2A249;"41.666666666666664 , 8.908611111111112";41°40'0''N 8°54'31''E;En service
105440;BOUYGUES TELECOM;1676419;LTE 2600;2019-06-21;02A;2A249;4G;2026-03-19T15:15:24;02A2750172;23;15;72;Turicciola;RESIDENCE LES HAMEAUX;;;20110;2A249;"41.666666666666664 , 8.908611111111112";41°40'0''N 8°54'31''E;En service
105441;BOUYGUES TELECOM;1676419;LTE 700;;02A;2A249;4G;2026-03-19T15:15:24;02A2750172;23;15;72;Turicciola;RESIDENCE LES HAMEAUX;;;20110;2A249;"41.666666666666664 , 8.908611111111112";41°40'0''N 8°54'31''E;Projet approuvé
105442;BOUYGUES TELECOM;1676419;LTE 800;2016-09-21;02A;2A249;4G;2026-03-19T15:15:24;02A2750172;23;15;72;Turicciola;RESIDENCE LES HAMEAUX;;;20110;2A249;"41.666666666666664 , 8.908611111111112";41°40'0''N 8°54'31''E;En service
105443;BOUYGUES TELECOM;1676419;UMTS 900;2016-09-21;02A;2A249;3G;2026-03-19T15:15:24;02A2750172;23;15;72;Turicciola;RESIDENCE LES HAMEAUX;;;20110;2A249;"41.666666666666664 , 8.908611111111112";41°40'0''N 8°54'31''E;En service
105462;BOUYGUES TELECOM;1677017;5G NR 2100;2022-07-28;02A;2A247;5G;2026-03-19T15:15:24;02A2750176;23;22;72;;rte de l'ospelade;Quartier Poretta;;20137;2A247;"41.60138888888889 , 9.2725";41°36'5''N 9°16'21''E;Techniquement opérationnel
105463;BOUYGUES TELECOM;1677017;5G NR 3500;2024-12-19;02A;2A247;5G;2026-03-19T15:15:24;02A2750176;23;22;72;;rte de l'ospelade;Quartier Poretta;;20137;2A247;"41.60138888888889 , 9.2725";41°36'5''N 9°16'21''E;Techniquement opérationnel
105464;BOUYGUES TELECOM;1677017;GSM 900;2016-10-27;02A;2A247;2G;2026-03-19T15:15:24;02A2750176;23;22;72;;rte de l'ospelade;Quartier Poretta;;20137;2A247;"41.60138888888889 , 9.2725";41°36'5''N 9°16'21''E;En service
105465;BOUYGUES TELECOM;1677017;LTE 1800;2016-10-27;02A;2A247;4G;2026-03-19T15:15:24;02A2750176;23;22;72;;rte de l'ospelade;Quartier Poretta;;20137;2A247;"41.60138888888889 , 9.2725";41°36'5''N 9°16'21''E;En service
105466;BOUYGUES TELECOM;1677017;LTE 2100;2021-07-21;02A;2A247;4G;2026-03-19T15:15:24;02A2750176;23;22;72;;rte de l'ospelade;Quartier Poretta;;20137;2A247;"41.60138888888889 , 9.2725";41°36'5''N 9°16'21''E;En service
105467;BOUYGUES TELECOM;1677017;LTE 2600;2019-03-11;02A;2A247;4G;2026-03-19T15:15:24;02A2750176;23;22;72;;rte de l'ospelade;Quartier Poretta;;20137;2A247;"41.60138888888889 , 9.2725";41°36'5''N 9°16'21''E;En service
105468;BOUYGUES TELECOM;1677017;LTE 700;2023-08-24;02A;2A247;4G;2026-03-19T15:15:24;02A2750176;23;22;72;;rte de l'ospelade;Quartier Poretta;;20137;2A247;"41.60138888888889 , 9.2725";41°36'5''N 9°16'21''E;En service
105469;BOUYGUES TELECOM;1677017;LTE 800;2016-10-27;02A;2A247;4G;2026-03-19T15:15:24;02A2750176;23;22;72;;rte de l'ospelade;Quartier Poretta;;20137;2A247;"41.60138888888889 , 9.2725";41°36'5''N 9°16'21''E;En service
105470;BOUYGUES TELECOM;1677017;UMTS 900;2016-10-27;02A;2A247;3G;2026-03-19T15:15:24;02A2750176;23;22;72;;rte de l'ospelade;Quartier Poretta;;20137;2A247;"41.60138888888889 , 9.2725";41°36'5''N 9°16'21''E;En service
105471;BOUYGUES TELECOM;1677021;5G NR 2100;2022-07-28;02A;2A247;5G;2026-03-19T15:15:24;02A2750174;26;25;72;Chiarella;;;;20137;2A247;"41.651666666666664 , 9.191944444444445";41°39'6''N 9°11'31''E;Techniquement opérationnel
105472;BOUYGUES TELECOM;1677021;5G NR 3500;2024-12-19;02A;2A247;5G;2026-03-19T15:15:24;02A2750174;26;25;72;Chiarella;;;;20137;2A247;"41.651666666666664 , 9.191944444444445";41°39'6''N 9°11'31''E;Techniquement opérationnel
105473;BOUYGUES TELECOM;1677021;GSM 900;2016-10-27;02A;2A247;2G;2026-03-19T15:15:24;02A2750174;26;25;72;Chiarella;;;;20137;2A247;"41.651666666666664 , 9.191944444444445";41°39'6''N 9°11'31''E;En service
105474;BOUYGUES TELECOM;1677021;LTE 1800;2021-12-30;02A;2A247;4G;2026-03-19T15:15:24;02A2750174;26;25;72;Chiarella;;;;20137;2A247;"41.651666666666664 , 9.191944444444445";41°39'6''N 9°11'31''E;En service
105475;BOUYGUES TELECOM;1677021;LTE 2100;2021-12-30;02A;2A247;4G;2026-03-19T15:15:24;02A2750174;26;25;72;Chiarella;;;;20137;2A247;"41.651666666666664 , 9.191944444444445";41°39'6''N 9°11'31''E;En service
105476;BOUYGUES TELECOM;1677021;LTE 2600;2021-12-30;02A;2A247;4G;2026-03-19T15:15:24;02A2750174;26;25;72;Chiarella;;;;20137;2A247;"41.651666666666664 , 9.191944444444445";41°39'6''N 9°11'31''E;En service
105477;BOUYGUES TELECOM;1677021;LTE 700;2025-06-13;02A;2A247;4G;2026-03-19T15:15:24;02A2750174;26;25;72;Chiarella;;;;20137;2A247;"41.651666666666664 , 9.191944444444445";41°39'6''N 9°11'31''E;En service
105478;BOUYGUES TELECOM;1677021;LTE 800;2016-10-27;02A;2A247;4G;2026-03-19T15:15:24;02A2750174;26;25;72;Chiarella;;;;20137;2A247;"41.651666666666664 , 9.191944444444445";41°39'6''N 9°11'31''E;En service
105479;BOUYGUES TELECOM;1677021;UMTS 900;2016-10-27;02A;2A247;3G;2026-03-19T15:15:24;02A2750174;26;25;72;Chiarella;;;;20137;2A247;"41.651666666666664 , 9.191944444444445";41°39'6''N 9°11'31''E;En service
105489;BOUYGUES TELECOM;1677041;5G NR 2100;;02A;2A041;5G;2026-03-19T15:15:24;02A2750175;23;7;72;Gurgazo;L'Epave;;;20169;2A041;"41.40472222222222 , 9.225277777777778";41°24'17''N 9°13'31''E;Projet approuvé
105490;BOUYGUES TELECOM;1677041;5G NR 3500;;02A;2A041;5G;2026-03-19T15:15:24;02A2750175;23;7;72;Gurgazo;L'Epave;;;20169;2A041;"41.40472222222222 , 9.225277777777778";41°24'17''N 9°13'31''E;Projet approuvé
105491;BOUYGUES TELECOM;1677041;GSM 900;2016-12-20;02A;2A041;2G;2026-03-19T15:15:24;02A2750175;23;7;72;Gurgazo;L'Epave;;;20169;2A041;"41.40472222222222 , 9.225277777777778";41°24'17''N 9°13'31''E;En service
105492;BOUYGUES TELECOM;1677041;LTE 1800;2020-05-18;02A;2A041;4G;2026-03-19T15:15:24;02A2750175;23;7;72;Gurgazo;L'Epave;;;20169;2A041;"41.40472222222222 , 9.225277777777778";41°24'17''N 9°13'31''E;En service
105493;BOUYGUES TELECOM;1677041;LTE 2100;2022-02-28;02A;2A041;4G;2026-03-19T15:15:24;02A2750175;23;7;72;Gurgazo;L'Epave;;;20169;2A041;"41.40472222222222 , 9.225277777777778";41°24'17''N 9°13'31''E;En service
105494;BOUYGUES TELECOM;1677041;LTE 2600;2022-02-16;02A;2A041;4G;2026-03-19T15:15:24;02A2750175;23;7;72;Gurgazo;L'Epave;;;20169;2A041;"41.40472222222222 , 9.225277777777778";41°24'17''N 9°13'31''E;En service
105495;BOUYGUES TELECOM;1677041;LTE 700;;02A;2A041;4G;2026-03-19T15:15:24;02A2750175;23;7;72;Gurgazo;L'Epave;;;20169;2A041;"41.40472222222222 , 9.225277777777778";41°24'17''N 9°13'31''E;Projet approuvé
105496;BOUYGUES TELECOM;1677041;LTE 800;2016-12-20;02A;2A041;4G;2026-03-19T15:15:24;02A2750175;23;7;72;Gurgazo;L'Epave;;;20169;2A041;"41.40472222222222 , 9.225277777777778";41°24'17''N 9°13'31''E;En service
105497;BOUYGUES TELECOM;1677041;UMTS 900;2016-12-20;02A;2A041;3G;2026-03-19T15:15:24;02A2750175;23;7;72;Gurgazo;L'Epave;;;20169;2A041;"41.40472222222222 , 9.225277777777778";41°24'17''N 9°13'31''E;En service
105498;BOUYGUES TELECOM;1677047;5G NR 2100;2024-11-27;02A;2A041;5G;2026-03-19T15:15:24;02A2750177;38;22;29;Giovasole;Quai Jérôme Comparetti;Hôtel Solemare;;20169;2A041;"41.38944444444444 , 9.163055555555555";41°23'22''N 9°9'47''E;Techniquement opérationnel
105499;BOUYGUES TELECOM;1677047;5G NR 3500;2024-11-27;02A;2A041;5G;2026-03-19T15:15:24;02A2750177;38;22;29;Giovasole;Quai Jérôme Comparetti;Hôtel Solemare;;20169;2A041;"41.38944444444444 , 9.163055555555555";41°23'22''N 9°9'47''E;Techniquement opérationnel
105500;BOUYGUES TELECOM;1677047;GSM 900;2017-05-04;02A;2A041;2G;2026-03-19T15:15:24;02A2750177;38;22;29;Giovasole;Quai Jérôme Comparetti;Hôtel Solemare;;20169;2A041;"41.38944444444444 , 9.163055555555555";41°23'22''N 9°9'47''E;En service
105501;BOUYGUES TELECOM;1677047;LTE 1800;2017-05-04;02A;2A041;4G;2026-03-19T15:15:24;02A2750177;38;22;29;Giovasole;Quai Jérôme Comparetti;Hôtel Solemare;;20169;2A041;"41.38944444444444 , 9.163055555555555";41°23'22''N 9°9'47''E;En service
105502;BOUYGUES TELECOM;1677047;LTE 2100;2019-11-27;02A;2A041;4G;2026-03-19T15:15:24;02A2750177;38;22;29;Giovasole;Quai Jérôme Comparetti;Hôtel Solemare;;20169;2A041;"41.38944444444444 , 9.163055555555555";41°23'22''N 9°9'47''E;En service
105503;BOUYGUES TELECOM;1677047;LTE 2600;2019-11-27;02A;2A041;4G;2026-03-19T15:15:24;02A2750177;38;22;29;Giovasole;Quai Jérôme Comparetti;Hôtel Solemare;;20169;2A041;"41.38944444444444 , 9.163055555555555";41°23'22''N 9°9'47''E;En service
105504;BOUYGUES TELECOM;1677047;LTE 700;2024-11-27;02A;2A041;4G;2026-03-19T15:15:24;02A2750177;38;22;29;Giovasole;Quai Jérôme Comparetti;Hôtel Solemare;;20169;2A041;"41.38944444444444 , 9.163055555555555";41°23'22''N 9°9'47''E;En service
105505;BOUYGUES TELECOM;1677047;LTE 800;2017-05-04;02A;2A041;4G;2026-03-19T15:15:24;02A2750177;38;22;29;Giovasole;Quai Jérôme Comparetti;Hôtel Solemare;;20169;2A041;"41.38944444444444 , 9.163055555555555";41°23'22''N 9°9'47''E;En service
105506;BOUYGUES TELECOM;1677047;UMTS 900;2017-05-04;02A;2A041;3G;2026-03-19T15:15:24;02A2750177;38;22;29;Giovasole;Quai Jérôme Comparetti;Hôtel Solemare;;20169;2A041;"41.38944444444444 , 9.163055555555555";41°23'22''N 9°9'47''E;En service
105533;BOUYGUES TELECOM;1677759;5G NR 2100;2023-12-11;02A;2A041;5G;2026-03-19T15:15:24;02A2750178;17;7;29;L'insetuni;;;;20169;2A041;"41.43222222222222 , 9.214444444444444";41°25'56''N 9°12'52''E;Techniquement opérationnel
105534;BOUYGUES TELECOM;1677759;5G NR 3500;2023-12-11;02A;2A041;5G;2026-03-19T15:15:24;02A2750178;17;7;29;L'insetuni;;;;20169;2A041;"41.43222222222222 , 9.214444444444444";41°25'56''N 9°12'52''E;Techniquement opérationnel
105535;BOUYGUES TELECOM;1677759;GSM 900;2017-05-04;02A;2A041;2G;2026-03-19T15:15:24;02A2750178;17;7;29;L'insetuni;;;;20169;2A041;"41.43222222222222 , 9.214444444444444";41°25'56''N 9°12'52''E;En service
105536;BOUYGUES TELECOM;1677759;LTE 1800;2017-05-04;02A;2A041;4G;2026-03-19T15:15:24;02A2750178;17;7;29;L'insetuni;;;;20169;2A041;"41.43222222222222 , 9.214444444444444";41°25'56''N 9°12'52''E;En service
105537;BOUYGUES TELECOM;1677759;LTE 2100;2023-12-11;02A;2A041;4G;2026-03-19T15:15:24;02A2750178;17;7;29;L'insetuni;;;;20169;2A041;"41.43222222222222 , 9.214444444444444";41°25'56''N 9°12'52''E;En service
105538;BOUYGUES TELECOM;1677759;LTE 2600;2023-12-11;02A;2A041;4G;2026-03-19T15:15:24;02A2750178;17;7;29;L'insetuni;;;;20169;2A041;"41.43222222222222 , 9.214444444444444";41°25'56''N 9°12'52''E;En service
105539;BOUYGUES TELECOM;1677759;LTE 700;2023-12-11;02A;2A041;4G;2026-03-19T15:15:24;02A2750178;17;7;29;L'insetuni;;;;20169;2A041;"41.43222222222222 , 9.214444444444444";41°25'56''N 9°12'52''E;En service
105540;BOUYGUES TELECOM;1677759;LTE 800;2017-05-04;02A;2A041;4G;2026-03-19T15:15:24;02A2750178;17;7;29;L'insetuni;;;;20169;2A041;"41.43222222222222 , 9.214444444444444";41°25'56''N 9°12'52''E;En service
105541;BOUYGUES TELECOM;1677759;UMTS 900;2017-05-04;02A;2A041;3G;2026-03-19T15:15:24;02A2750178;17;7;29;L'insetuni;;;;20169;2A041;"41.43222222222222 , 9.214444444444444";41°25'56''N 9°12'52''E;En service
105699;BOUYGUES TELECOM;1679074;5G NR 2100;2022-12-28;02A;2A114;5G;2026-03-19T15:15:24;02A2750179;26;"12,7";72;Mufrone;;;;20114;2A114;"41.49777777777778 , 9.124444444444444";41°29'52''N 9°7'28''E;Techniquement opérationnel
105700;BOUYGUES TELECOM;1679074;5G NR 3500;2024-10-30;02A;2A114;5G;2026-03-19T15:15:24;02A2750179;26;"12,7";72;Mufrone;;;;20114;2A114;"41.49777777777778 , 9.124444444444444";41°29'52''N 9°7'28''E;Techniquement opérationnel
105701;BOUYGUES TELECOM;1679074;GSM 900;2016-10-27;02A;2A114;2G;2026-03-19T15:15:24;02A2750179;26;"12,7";72;Mufrone;;;;20114;2A114;"41.49777777777778 , 9.124444444444444";41°29'52''N 9°7'28''E;En service
105702;BOUYGUES TELECOM;1679074;LTE 1800;2019-06-21;02A;2A114;4G;2026-03-19T15:15:24;02A2750179;26;"12,7";72;Mufrone;;;;20114;2A114;"41.49777777777778 , 9.124444444444444";41°29'52''N 9°7'28''E;En service
105703;BOUYGUES TELECOM;1679074;LTE 2100;2020-07-28;02A;2A114;4G;2026-03-19T15:15:24;02A2750179;26;"12,7";72;Mufrone;;;;20114;2A114;"41.49777777777778 , 9.124444444444444";41°29'52''N 9°7'28''E;En service
105704;BOUYGUES TELECOM;1679074;LTE 2600;2019-06-21;02A;2A114;4G;2026-03-19T15:15:24;02A2750179;26;"12,7";72;Mufrone;;;;20114;2A114;"41.49777777777778 , 9.124444444444444";41°29'52''N 9°7'28''E;En service
105705;BOUYGUES TELECOM;1679074;LTE 700;2024-10-30;02A;2A114;4G;2026-03-19T15:15:24;02A2750179;26;"12,7";72;Mufrone;;;;20114;2A114;"41.49777777777778 , 9.124444444444444";41°29'52''N 9°7'28''E;En service
105706;BOUYGUES TELECOM;1679074;LTE 800;2016-10-27;02A;2A114;4G;2026-03-19T15:15:24;02A2750179;26;"12,7";72;Mufrone;;;;20114;2A114;"41.49777777777778 , 9.124444444444444";41°29'52''N 9°7'28''E;En service
105707;BOUYGUES TELECOM;1679074;UMTS 900;2016-10-27;02A;2A114;3G;2026-03-19T15:15:24;02A2750179;26;"12,7";72;Mufrone;;;;20114;2A114;"41.49777777777778 , 9.124444444444444";41°29'52''N 9°7'28''E;En service
107171;BOUYGUES TELECOM;1691473;5G NR 2100;2022-07-28;02A;2A247;5G;2026-03-19T15:15:24;02A2750084;26;12;65;HAMEAU DE TORRA ARGHIOLA;COLONNA D'ISTRIA;;;20137;2A247;"41.64222222222222 , 9.319444444444445";41°38'32''N 9°19'10''E;Techniquement opérationnel
107172;BOUYGUES TELECOM;1691473;5G NR 3500;2022-07-28;02A;2A247;5G;2026-03-19T15:15:24;02A2750084;26;12;65;HAMEAU DE TORRA ARGHIOLA;COLONNA D'ISTRIA;;;20137;2A247;"41.64222222222222 , 9.319444444444445";41°38'32''N 9°19'10''E;Techniquement opérationnel
107173;BOUYGUES TELECOM;1691473;GSM 900;2004-02-04;02A;2A247;2G;2026-03-19T15:15:24;02A2750084;26;12;65;HAMEAU DE TORRA ARGHIOLA;COLONNA D'ISTRIA;;;20137;2A247;"41.64222222222222 , 9.319444444444445";41°38'32''N 9°19'10''E;En service
107174;BOUYGUES TELECOM;1691473;LTE 1800;2017-01-11;02A;2A247;4G;2026-03-19T15:15:24;02A2750084;26;12;65;HAMEAU DE TORRA ARGHIOLA;COLONNA D'ISTRIA;;;20137;2A247;"41.64222222222222 , 9.319444444444445";41°38'32''N 9°19'10''E;En service
107175;BOUYGUES TELECOM;1691473;LTE 2100;2020-06-05;02A;2A247;4G;2026-03-19T15:15:24;02A2750084;26;12;65;HAMEAU DE TORRA ARGHIOLA;COLONNA D'ISTRIA;;;20137;2A247;"41.64222222222222 , 9.319444444444445";41°38'32''N 9°19'10''E;En service
107176;BOUYGUES TELECOM;1691473;LTE 2600;2020-07-28;02A;2A247;4G;2026-03-19T15:15:24;02A2750084;26;12;65;HAMEAU DE TORRA ARGHIOLA;COLONNA D'ISTRIA;;;20137;2A247;"41.64222222222222 , 9.319444444444445";41°38'32''N 9°19'10''E;En service
107177;BOUYGUES TELECOM;1691473;LTE 700;2024-10-30;02A;2A247;4G;2026-03-19T15:15:24;02A2750084;26;12;65;HAMEAU DE TORRA ARGHIOLA;COLONNA D'ISTRIA;;;20137;2A247;"41.64222222222222 , 9.319444444444445";41°38'32''N 9°19'10''E;En service
107178;BOUYGUES TELECOM;1691473;LTE 800;2015-07-21;02A;2A247;4G;2026-03-19T15:15:24;02A2750084;26;12;65;HAMEAU DE TORRA ARGHIOLA;COLONNA D'ISTRIA;;;20137;2A247;"41.64222222222222 , 9.319444444444445";41°38'32''N 9°19'10''E;En service
107179;BOUYGUES TELECOM;1691473;UMTS 900;2017-01-11;02A;2A247;3G;2026-03-19T15:15:24;02A2750084;26;12;65;HAMEAU DE TORRA ARGHIOLA;COLONNA D'ISTRIA;;;20137;2A247;"41.64222222222222 , 9.319444444444445";41°38'32''N 9°19'10''E;En service
107755;BOUYGUES TELECOM;1695644;GSM 900;2016-12-20;02A;2A212;2G;2026-03-19T15:15:24;02A2750183;26;6;72;San Martinu;D81;;;20115;2A212;"42.217222222222226 , 8.642222222222221";42°13'2''N 8°38'32''E;En service
107756;BOUYGUES TELECOM;1695644;LTE 1800;2022-02-28;02A;2A212;4G;2026-03-19T15:15:24;02A2750183;26;6;72;San Martinu;D81;;;20115;2A212;"42.217222222222226 , 8.642222222222221";42°13'2''N 8°38'32''E;En service
107757;BOUYGUES TELECOM;1695644;LTE 800;2016-12-20;02A;2A212;4G;2026-03-19T15:15:24;02A2750183;26;6;72;San Martinu;D81;;;20115;2A212;"42.217222222222226 , 8.642222222222221";42°13'2''N 8°38'32''E;En service
107758;BOUYGUES TELECOM;1695644;UMTS 900;2016-12-20;02A;2A212;3G;2026-03-19T15:15:24;02A2750183;26;6;72;San Martinu;D81;;;20115;2A212;"42.217222222222226 , 8.642222222222221";42°13'2''N 8°38'32''E;En service
108169;BOUYGUES TELECOM;1697440;5G NR 2100;2021-12-20;02A;2A004;5G;2026-03-19T15:15:24;02A2750182;38;"18,2";9;;4 av pascal paoli;;;20000;2A004;"41.925555555555555 , 8.737777777777778";41°55'32''N 8°44'16''E;Techniquement opérationnel
108170;BOUYGUES TELECOM;1697440;GSM 900;2016-09-21;02A;2A004;2G;2026-03-19T15:15:24;02A2750182;38;"18,2";9;;4 av pascal paoli;;;20000;2A004;"41.925555555555555 , 8.737777777777778";41°55'32''N 8°44'16''E;En service
108171;BOUYGUES TELECOM;1697440;LTE 1800;2016-09-21;02A;2A004;4G;2026-03-19T15:15:24;02A2750182;38;"18,2";9;;4 av pascal paoli;;;20000;2A004;"41.925555555555555 , 8.737777777777778";41°55'32''N 8°44'16''E;En service
108172;BOUYGUES TELECOM;1697440;LTE 2100;2021-12-20;02A;2A004;4G;2026-03-19T15:15:24;02A2750182;38;"18,2";9;;4 av pascal paoli;;;20000;2A004;"41.925555555555555 , 8.737777777777778";41°55'32''N 8°44'16''E;En service
108173;BOUYGUES TELECOM;1697440;LTE 800;2016-09-21;02A;2A004;4G;2026-03-19T15:15:24;02A2750182;38;"18,2";9;;4 av pascal paoli;;;20000;2A004;"41.925555555555555 , 8.737777777777778";41°55'32''N 8°44'16''E;En service
108174;BOUYGUES TELECOM;1697440;UMTS 900;2016-09-21;02A;2A004;3G;2026-03-19T15:15:24;02A2750182;38;"18,2";9;;4 av pascal paoli;;;20000;2A004;"41.925555555555555 , 8.737777777777778";41°55'32''N 8°44'16''E;En service
109626;BOUYGUES TELECOM;1707423;5G NR 2100;2022-07-28;02A;2A142;5G;2026-03-19T15:15:24;02A2750189;23;18;72;Canapala;RTE DU PIANU;;;20170;2A142;"41.715833333333336 , 9.096944444444444";41°42'57''N 9°5'49''E;Techniquement opérationnel
109627;BOUYGUES TELECOM;1707423;5G NR 3500;2023-08-24;02A;2A142;5G;2026-03-19T15:15:24;02A2750189;23;18;72;Canapala;RTE DU PIANU;;;20170;2A142;"41.715833333333336 , 9.096944444444444";41°42'57''N 9°5'49''E;Techniquement opérationnel
109628;BOUYGUES TELECOM;1707423;GSM 900;2016-10-14;02A;2A142;2G;2026-03-19T15:15:24;02A2750189;23;18;72;Canapala;RTE DU PIANU;;;20170;2A142;"41.715833333333336 , 9.096944444444444";41°42'57''N 9°5'49''E;En service
109629;BOUYGUES TELECOM;1707423;LTE 1800;2018-10-04;02A;2A142;4G;2026-03-19T15:15:24;02A2750189;23;18;72;Canapala;RTE DU PIANU;;;20170;2A142;"41.715833333333336 , 9.096944444444444";41°42'57''N 9°5'49''E;En service
109630;BOUYGUES TELECOM;1707423;LTE 2100;2021-12-30;02A;2A142;4G;2026-03-19T15:15:24;02A2750189;23;18;72;Canapala;RTE DU PIANU;;;20170;2A142;"41.715833333333336 , 9.096944444444444";41°42'57''N 9°5'49''E;En service
109631;BOUYGUES TELECOM;1707423;LTE 2600;2018-10-08;02A;2A142;4G;2026-03-19T15:15:24;02A2750189;23;18;72;Canapala;RTE DU PIANU;;;20170;2A142;"41.715833333333336 , 9.096944444444444";41°42'57''N 9°5'49''E;En service
109632;BOUYGUES TELECOM;1707423;LTE 700;2023-08-24;02A;2A142;4G;2026-03-19T15:15:24;02A2750189;23;18;72;Canapala;RTE DU PIANU;;;20170;2A142;"41.715833333333336 , 9.096944444444444";41°42'57''N 9°5'49''E;En service
109633;BOUYGUES TELECOM;1707423;LTE 800;2016-10-14;02A;2A142;4G;2026-03-19T15:15:24;02A2750189;23;18;72;Canapala;RTE DU PIANU;;;20170;2A142;"41.715833333333336 , 9.096944444444444";41°42'57''N 9°5'49''E;En service
109634;BOUYGUES TELECOM;1707423;UMTS 900;2016-10-14;02A;2A142;3G;2026-03-19T15:15:24;02A2750189;23;18;72;Canapala;RTE DU PIANU;;;20170;2A142;"41.715833333333336 , 9.096944444444444";41°42'57''N 9°5'49''E;En service
110987;BOUYGUES TELECOM;1715295;5G NR 2100;2021-12-20;02A;2A004;5G;2026-03-19T15:15:24;02A2750187;17;15;15;;QUAI L'HERMINIER;Chambre de Commerce et d'Industrie;;20000;2A004;"41.921388888888885 , 8.739166666666666";41°55'17''N 8°44'21''E;Techniquement opérationnel
110988;BOUYGUES TELECOM;1715295;GSM 900;2016-10-20;02A;2A004;2G;2026-03-19T15:15:24;02A2750187;17;15;15;;QUAI L'HERMINIER;Chambre de Commerce et d'Industrie;;20000;2A004;"41.921388888888885 , 8.739166666666666";41°55'17''N 8°44'21''E;En service
110989;BOUYGUES TELECOM;1715295;LTE 1800;2016-10-20;02A;2A004;4G;2026-03-19T15:15:24;02A2750187;17;15;15;;QUAI L'HERMINIER;Chambre de Commerce et d'Industrie;;20000;2A004;"41.921388888888885 , 8.739166666666666";41°55'17''N 8°44'21''E;En service
110990;BOUYGUES TELECOM;1715295;LTE 2100;2021-10-11;02A;2A004;4G;2026-03-19T15:15:24;02A2750187;17;15;15;;QUAI L'HERMINIER;Chambre de Commerce et d'Industrie;;20000;2A004;"41.921388888888885 , 8.739166666666666";41°55'17''N 8°44'21''E;En service
110991;BOUYGUES TELECOM;1715295;LTE 800;2016-10-20;02A;2A004;4G;2026-03-19T15:15:24;02A2750187;17;15;15;;QUAI L'HERMINIER;Chambre de Commerce et d'Industrie;;20000;2A004;"41.921388888888885 , 8.739166666666666";41°55'17''N 8°44'21''E;En service
110992;BOUYGUES TELECOM;1715295;UMTS 900;2016-10-20;02A;2A004;3G;2026-03-19T15:15:24;02A2750187;17;15;15;;QUAI L'HERMINIER;Chambre de Commerce et d'Industrie;;20000;2A004;"41.921388888888885 , 8.739166666666666";41°55'17''N 8°44'21''E;En service
111334;BOUYGUES TELECOM;1717978;GSM 900;2016-10-27;02A;2A004;2G;2026-03-19T15:15:24;02A2750197;23;13;72;Béthanie ;;;;20000;2A004;"41.95472222222222 , 8.728055555555555";41°57'17''N 8°43'41''E;En service
111335;BOUYGUES TELECOM;1717978;LTE 1800;2016-10-27;02A;2A004;4G;2026-03-19T15:15:24;02A2750197;23;13;72;Béthanie ;;;;20000;2A004;"41.95472222222222 , 8.728055555555555";41°57'17''N 8°43'41''E;En service
111336;BOUYGUES TELECOM;1717978;LTE 800;2016-10-27;02A;2A004;4G;2026-03-19T15:15:24;02A2750197;23;13;72;Béthanie ;;;;20000;2A004;"41.95472222222222 , 8.728055555555555";41°57'17''N 8°43'41''E;En service
111337;BOUYGUES TELECOM;1717978;UMTS 900;2016-10-27;02A;2A004;3G;2026-03-19T15:15:24;02A2750197;23;13;72;Béthanie ;;;;20000;2A004;"41.95472222222222 , 8.728055555555555";41°57'17''N 8°43'41''E;En service
111631;BOUYGUES TELECOM;1719365;GSM 900;2016-10-31;02A;2A041;2G;2026-03-19T15:15:24;02A2750199;26;13;72;;BD RN 198 - DISCOTHÈQUE;;;20169;2A041;"41.471111111111114 , 9.223611111111111";41°28'16''N 9°13'25''E;En service
111632;BOUYGUES TELECOM;1719365;LTE 1800;2022-02-16;02A;2A041;4G;2026-03-19T15:15:24;02A2750199;26;13;72;;BD RN 198 - DISCOTHÈQUE;;;20169;2A041;"41.471111111111114 , 9.223611111111111";41°28'16''N 9°13'25''E;En service
111633;BOUYGUES TELECOM;1719365;LTE 800;2016-10-31;02A;2A041;4G;2026-03-19T15:15:24;02A2750199;26;13;72;;BD RN 198 - DISCOTHÈQUE;;;20169;2A041;"41.471111111111114 , 9.223611111111111";41°28'16''N 9°13'25''E;En service
111634;BOUYGUES TELECOM;1719365;UMTS 900;2016-10-31;02A;2A041;3G;2026-03-19T15:15:24;02A2750199;26;13;72;;BD RN 198 - DISCOTHÈQUE;;;20169;2A041;"41.471111111111114 , 9.223611111111111";41°28'16''N 9°13'25''E;En service
112037;BOUYGUES TELECOM;1721787;5G NR 2100;2022-07-28;02A;2A362;5G;2026-03-19T15:15:24;02A2750200;4;5;34;Vallicone;chem de cirendino ;;;20124;2A362;"41.653055555555554 , 9.363055555555555";41°39'11''N 9°21'47''E;Techniquement opérationnel
112038;BOUYGUES TELECOM;1721787;5G NR 3500;2023-08-09;02A;2A362;5G;2026-03-19T15:15:24;02A2750200;4;5;34;Vallicone;chem de cirendino ;;;20124;2A362;"41.653055555555554 , 9.363055555555555";41°39'11''N 9°21'47''E;Techniquement opérationnel
112039;BOUYGUES TELECOM;1721787;GSM 900;2016-10-31;02A;2A362;2G;2026-03-19T15:15:24;02A2750200;4;5;34;Vallicone;chem de cirendino ;;;20124;2A362;"41.653055555555554 , 9.363055555555555";41°39'11''N 9°21'47''E;En service
112040;BOUYGUES TELECOM;1721787;LTE 1800;2016-10-31;02A;2A362;4G;2026-03-19T15:15:24;02A2750200;4;5;34;Vallicone;chem de cirendino ;;;20124;2A362;"41.653055555555554 , 9.363055555555555";41°39'11''N 9°21'47''E;En service
112041;BOUYGUES TELECOM;1721787;LTE 2100;2020-04-09;02A;2A362;4G;2026-03-19T15:15:24;02A2750200;4;5;34;Vallicone;chem de cirendino ;;;20124;2A362;"41.653055555555554 , 9.363055555555555";41°39'11''N 9°21'47''E;En service
112042;BOUYGUES TELECOM;1721787;LTE 2600;2019-06-21;02A;2A362;4G;2026-03-19T15:15:24;02A2750200;4;5;34;Vallicone;chem de cirendino ;;;20124;2A362;"41.653055555555554 , 9.363055555555555";41°39'11''N 9°21'47''E;En service
112043;BOUYGUES TELECOM;1721787;LTE 700;2023-08-09;02A;2A362;4G;2026-03-19T15:15:24;02A2750200;4;5;34;Vallicone;chem de cirendino ;;;20124;2A362;"41.653055555555554 , 9.363055555555555";41°39'11''N 9°21'47''E;En service
112044;BOUYGUES TELECOM;1721787;LTE 800;2016-10-31;02A;2A362;4G;2026-03-19T15:15:24;02A2750200;4;5;34;Vallicone;chem de cirendino ;;;20124;2A362;"41.653055555555554 , 9.363055555555555";41°39'11''N 9°21'47''E;En service
112045;BOUYGUES TELECOM;1721787;UMTS 900;2016-10-31;02A;2A362;3G;2026-03-19T15:15:24;02A2750200;4;5;34;Vallicone;chem de cirendino ;;;20124;2A362;"41.653055555555554 , 9.363055555555555";41°39'11''N 9°21'47''E;En service
115898;BOUYGUES TELECOM;1749403;5G NR 2100;2022-07-28;02A;2A008;5G;2026-03-19T15:15:24;02A2750201;26;12;22;Colleta di Beraldino;;;;20128;2A008;"41.86277777777778 , 8.791944444444445";41°51'46''N 8°47'31''E;Techniquement opérationnel
115899;BOUYGUES TELECOM;1749403;5G NR 3500;2024-10-30;02A;2A008;5G;2026-03-19T15:15:24;02A2750201;26;12;22;Colleta di Beraldino;;;;20128;2A008;"41.86277777777778 , 8.791944444444445";41°51'46''N 8°47'31''E;Techniquement opérationnel
115900;BOUYGUES TELECOM;1749403;GSM 900;2017-05-23;02A;2A008;2G;2026-03-19T15:15:24;02A2750201;26;12;22;Colleta di Beraldino;;;;20128;2A008;"41.86277777777778 , 8.791944444444445";41°51'46''N 8°47'31''E;En service
115901;BOUYGUES TELECOM;1749403;LTE 1800;2017-05-23;02A;2A008;4G;2026-03-19T15:15:24;02A2750201;26;12;22;Colleta di Beraldino;;;;20128;2A008;"41.86277777777778 , 8.791944444444445";41°51'46''N 8°47'31''E;En service
115902;BOUYGUES TELECOM;1749403;LTE 2100;2021-12-30;02A;2A008;4G;2026-03-19T15:15:24;02A2750201;26;12;22;Colleta di Beraldino;;;;20128;2A008;"41.86277777777778 , 8.791944444444445";41°51'46''N 8°47'31''E;En service
115903;BOUYGUES TELECOM;1749403;LTE 2600;2018-12-10;02A;2A008;4G;2026-03-19T15:15:24;02A2750201;26;12;22;Colleta di Beraldino;;;;20128;2A008;"41.86277777777778 , 8.791944444444445";41°51'46''N 8°47'31''E;En service
115904;BOUYGUES TELECOM;1749403;LTE 700;2024-10-30;02A;2A008;4G;2026-03-19T15:15:24;02A2750201;26;12;22;Colleta di Beraldino;;;;20128;2A008;"41.86277777777778 , 8.791944444444445";41°51'46''N 8°47'31''E;En service
115905;BOUYGUES TELECOM;1749403;LTE 800;2017-05-23;02A;2A008;4G;2026-03-19T15:15:24;02A2750201;26;12;22;Colleta di Beraldino;;;;20128;2A008;"41.86277777777778 , 8.791944444444445";41°51'46''N 8°47'31''E;En service
115906;BOUYGUES TELECOM;1749403;UMTS 900;2017-05-23;02A;2A008;3G;2026-03-19T15:15:24;02A2750201;26;12;22;Colleta di Beraldino;;;;20128;2A008;"41.86277777777778 , 8.791944444444445";41°51'46''N 8°47'31''E;En service
116734;BOUYGUES TELECOM;1756321;GSM 900;2017-05-23;02A;2A004;2G;2026-03-19T15:15:24;02A2750184;38;"19,5";9;;1 rue Emmanuel Arène;;;20000;2A004;"41.91888888888889 , 8.736388888888888";41°55'8''N 8°44'11''E;En service
116735;BOUYGUES TELECOM;1756321;LTE 1800;2017-05-23;02A;2A004;4G;2026-03-19T15:15:24;02A2750184;38;"19,5";9;;1 rue Emmanuel Arène;;;20000;2A004;"41.91888888888889 , 8.736388888888888";41°55'8''N 8°44'11''E;En service
116736;BOUYGUES TELECOM;1756321;LTE 800;2017-05-23;02A;2A004;4G;2026-03-19T15:15:24;02A2750184;38;"19,5";9;;1 rue Emmanuel Arène;;;20000;2A004;"41.91888888888889 , 8.736388888888888";41°55'8''N 8°44'11''E;En service
116737;BOUYGUES TELECOM;1756321;UMTS 900;2017-05-23;02A;2A004;3G;2026-03-19T15:15:24;02A2750184;38;"19,5";9;;1 rue Emmanuel Arène;;;20000;2A004;"41.91888888888889 , 8.736388888888888";41°55'8''N 8°44'11''E;En service
116738;BOUYGUES TELECOM;1756326;5G NR 2100;;02A;2A004;5G;2026-03-19T15:15:24;02A2750186;38;27;9;;9 crs Général Leclerc;;;20000;2A004;"41.9175 , 8.729722222222222";41°55'3''N 8°43'47''E;Projet approuvé
116739;BOUYGUES TELECOM;1756326;GSM 900;2017-01-11;02A;2A004;2G;2026-03-19T15:15:24;02A2750186;38;27;9;;9 crs Général Leclerc;;;20000;2A004;"41.9175 , 8.729722222222222";41°55'3''N 8°43'47''E;En service
116740;BOUYGUES TELECOM;1756326;LTE 1800;2017-01-11;02A;2A004;4G;2026-03-19T15:15:24;02A2750186;38;27;9;;9 crs Général Leclerc;;;20000;2A004;"41.9175 , 8.729722222222222";41°55'3''N 8°43'47''E;En service
116741;BOUYGUES TELECOM;1756326;LTE 2100;2022-12-28;02A;2A004;4G;2026-03-19T15:15:24;02A2750186;38;27;9;;9 crs Général Leclerc;;;20000;2A004;"41.9175 , 8.729722222222222";41°55'3''N 8°43'47''E;En service
116742;BOUYGUES TELECOM;1756326;LTE 800;2017-01-11;02A;2A004;4G;2026-03-19T15:15:24;02A2750186;38;27;9;;9 crs Général Leclerc;;;20000;2A004;"41.9175 , 8.729722222222222";41°55'3''N 8°43'47''E;En service
116743;BOUYGUES TELECOM;1756326;UMTS 900;2017-01-11;02A;2A004;3G;2026-03-19T15:15:24;02A2750186;38;27;9;;9 crs Général Leclerc;;;20000;2A004;"41.9175 , 8.729722222222222";41°55'3''N 8°43'47''E;En service
117343;BOUYGUES TELECOM;1763390;5G NR 2100;2023-12-11;02A;2A098;5G;2026-03-19T15:15:24;02A2750202;23;24;72;Barbuzza;;;;20138;2A098;"41.76777777777777 , 8.768611111111111";41°46'4''N 8°46'7''E;Techniquement opérationnel
117344;BOUYGUES TELECOM;1763390;5G NR 3500;2023-12-11;02A;2A098;5G;2026-03-19T15:15:24;02A2750202;23;24;72;Barbuzza;;;;20138;2A098;"41.76777777777777 , 8.768611111111111";41°46'4''N 8°46'7''E;Techniquement opérationnel
117345;BOUYGUES TELECOM;1763390;GSM 900;2017-01-18;02A;2A098;2G;2026-03-19T15:15:24;02A2750202;23;24;72;Barbuzza;;;;20138;2A098;"41.76777777777777 , 8.768611111111111";41°46'4''N 8°46'7''E;En service
117346;BOUYGUES TELECOM;1763390;LTE 1800;2017-01-18;02A;2A098;4G;2026-03-19T15:15:24;02A2750202;23;24;72;Barbuzza;;;;20138;2A098;"41.76777777777777 , 8.768611111111111";41°46'4''N 8°46'7''E;En service
117347;BOUYGUES TELECOM;1763390;LTE 2100;2021-06-30;02A;2A098;4G;2026-03-19T15:15:24;02A2750202;23;24;72;Barbuzza;;;;20138;2A098;"41.76777777777777 , 8.768611111111111";41°46'4''N 8°46'7''E;En service
117348;BOUYGUES TELECOM;1763390;LTE 2600;2022-02-16;02A;2A098;4G;2026-03-19T15:15:24;02A2750202;23;24;72;Barbuzza;;;;20138;2A098;"41.76777777777777 , 8.768611111111111";41°46'4''N 8°46'7''E;En service
117349;BOUYGUES TELECOM;1763390;LTE 700;2023-12-11;02A;2A098;4G;2026-03-19T15:15:24;02A2750202;23;24;72;Barbuzza;;;;20138;2A098;"41.76777777777777 , 8.768611111111111";41°46'4''N 8°46'7''E;En service
117350;BOUYGUES TELECOM;1763390;LTE 800;2017-01-18;02A;2A098;4G;2026-03-19T15:15:24;02A2750202;23;24;72;Barbuzza;;;;20138;2A098;"41.76777777777777 , 8.768611111111111";41°46'4''N 8°46'7''E;En service
117351;BOUYGUES TELECOM;1763390;UMTS 900;2017-01-18;02A;2A098;3G;2026-03-19T15:15:24;02A2750202;23;24;72;Barbuzza;;;;20138;2A098;"41.76777777777777 , 8.768611111111111";41°46'4''N 8°46'7''E;En service
117590;BOUYGUES TELECOM;1766847;LTE 700;2022-07-06;02A;2A115;4G;2026-03-19T15:15:24;02A2750206;23;"35,4";72;Maggiolo;Route de Vignalella;D 265;;20100;2A115;"41.62833333333333 , 9.067499999999999";41°37'42''N 9°4'3''E;En service
117591;BOUYGUES TELECOM;1766847;LTE 800;2022-05-09;02A;2A115;4G;2026-03-19T15:15:24;02A2750206;23;"35,4";72;Maggiolo;Route de Vignalella;D 265;;20100;2A115;"41.62833333333333 , 9.067499999999999";41°37'42''N 9°4'3''E;En service
117592;BOUYGUES TELECOM;1766847;UMTS 900;2022-05-09;02A;2A115;3G;2026-03-19T15:15:24;02A2750206;23;"35,4";72;Maggiolo;Route de Vignalella;D 265;;20100;2A115;"41.62833333333333 , 9.067499999999999";41°37'42''N 9°4'3''E;En service
128966;BOUYGUES TELECOM;1907517;5G NR 2100;2024-09-27;02A;2A103;5G;2026-03-19T15:15:24;02A2750241;23;20;32;pedi morella;Station TDF de Cuttoli Corticchiato;;;20167;2A103;"41.97972222222222 , 8.892777777777777";41°58'47''N 8°53'34''E;Techniquement opérationnel
128967;BOUYGUES TELECOM;1907517;GSM 900;2024-09-27;02A;2A103;2G;2026-03-19T15:15:24;02A2750241;23;20;32;pedi morella;Station TDF de Cuttoli Corticchiato;;;20167;2A103;"41.97972222222222 , 8.892777777777777";41°58'47''N 8°53'34''E;En service
128968;BOUYGUES TELECOM;1907517;LTE 1800;2024-09-27;02A;2A103;4G;2026-03-19T15:15:24;02A2750241;23;20;32;pedi morella;Station TDF de Cuttoli Corticchiato;;;20167;2A103;"41.97972222222222 , 8.892777777777777";41°58'47''N 8°53'34''E;En service
128969;BOUYGUES TELECOM;1907517;LTE 2100;2024-09-27;02A;2A103;4G;2026-03-19T15:15:24;02A2750241;23;20;32;pedi morella;Station TDF de Cuttoli Corticchiato;;;20167;2A103;"41.97972222222222 , 8.892777777777777";41°58'47''N 8°53'34''E;En service
128970;BOUYGUES TELECOM;1907517;LTE 800;2024-09-27;02A;2A103;4G;2026-03-19T15:15:24;02A2750241;23;20;32;pedi morella;Station TDF de Cuttoli Corticchiato;;;20167;2A103;"41.97972222222222 , 8.892777777777777";41°58'47''N 8°53'34''E;En service
128971;BOUYGUES TELECOM;1907517;UMTS 900;2024-09-27;02A;2A103;3G;2026-03-19T15:15:24;02A2750241;23;20;32;pedi morella;Station TDF de Cuttoli Corticchiato;;;20167;2A103;"41.97972222222222 , 8.892777777777777";41°58'47''N 8°53'34''E;En service
133390;BOUYGUES TELECOM;2025842;5G NR 2100;2024-06-10;02A;2A098;5G;2026-03-19T15:15:24;02A2750105;26;10;65;SAN SISTRO;route DE LA CASTAGNE;;;20138;2A098;"41.80361111111111 , 8.7525";41°48'13''N 8°45'9''E;Techniquement opérationnel
133391;BOUYGUES TELECOM;2025842;GSM 900;2007-06-13;02A;2A098;2G;2026-03-19T15:15:24;02A2750105;26;10;65;SAN SISTRO;route DE LA CASTAGNE;;;20138;2A098;"41.80361111111111 , 8.7525";41°48'13''N 8°45'9''E;En service
133392;BOUYGUES TELECOM;2025842;LTE 1800;2018-12-19;02A;2A098;4G;2026-03-19T15:15:24;02A2750105;26;10;65;SAN SISTRO;route DE LA CASTAGNE;;;20138;2A098;"41.80361111111111 , 8.7525";41°48'13''N 8°45'9''E;En service
133393;BOUYGUES TELECOM;2025842;LTE 2100;2024-06-10;02A;2A098;4G;2026-03-19T15:15:24;02A2750105;26;10;65;SAN SISTRO;route DE LA CASTAGNE;;;20138;2A098;"41.80361111111111 , 8.7525";41°48'13''N 8°45'9''E;En service
133394;BOUYGUES TELECOM;2025842;LTE 700;2024-06-10;02A;2A098;4G;2026-03-19T15:15:24;02A2750105;26;10;65;SAN SISTRO;route DE LA CASTAGNE;;;20138;2A098;"41.80361111111111 , 8.7525";41°48'13''N 8°45'9''E;En service
133395;BOUYGUES TELECOM;2025842;LTE 800;2018-12-19;02A;2A098;4G;2026-03-19T15:15:24;02A2750105;26;10;65;SAN SISTRO;route DE LA CASTAGNE;;;20138;2A098;"41.80361111111111 , 8.7525";41°48'13''N 8°45'9''E;En service
133396;BOUYGUES TELECOM;2025842;UMTS 900;2018-12-19;02A;2A098;3G;2026-03-19T15:15:24;02A2750105;26;10;65;SAN SISTRO;route DE LA CASTAGNE;;;20138;2A098;"41.80361111111111 , 8.7525";41°48'13''N 8°45'9''E;En service
133819;BOUYGUES TELECOM;2032736;5G NR 2100;2025-03-13;02A;2A004;5G;2026-03-19T15:15:24;02A2750208;26;15;22;;Chemin de la Carosaccia;;;20000;2A004;"41.93694444444444 , 8.730833333333333";41°56'13''N 8°43'51''E;Techniquement opérationnel
133820;BOUYGUES TELECOM;2032736;5G NR 3500;2025-03-13;02A;2A004;5G;2026-03-19T15:15:24;02A2750208;26;15;22;;Chemin de la Carosaccia;;;20000;2A004;"41.93694444444444 , 8.730833333333333";41°56'13''N 8°43'51''E;Techniquement opérationnel
133821;BOUYGUES TELECOM;2032736;GSM 900;2019-08-01;02A;2A004;2G;2026-03-19T15:15:24;02A2750208;26;15;22;;Chemin de la Carosaccia;;;20000;2A004;"41.93694444444444 , 8.730833333333333";41°56'13''N 8°43'51''E;En service
133822;BOUYGUES TELECOM;2032736;LTE 1800;2019-08-01;02A;2A004;4G;2026-03-19T15:15:24;02A2750208;26;15;22;;Chemin de la Carosaccia;;;20000;2A004;"41.93694444444444 , 8.730833333333333";41°56'13''N 8°43'51''E;En service
133823;BOUYGUES TELECOM;2032736;LTE 2100;2025-03-13;02A;2A004;4G;2026-03-19T15:15:24;02A2750208;26;15;22;;Chemin de la Carosaccia;;;20000;2A004;"41.93694444444444 , 8.730833333333333";41°56'13''N 8°43'51''E;En service
133824;BOUYGUES TELECOM;2032736;LTE 2600;2025-03-13;02A;2A004;4G;2026-03-19T15:15:24;02A2750208;26;15;22;;Chemin de la Carosaccia;;;20000;2A004;"41.93694444444444 , 8.730833333333333";41°56'13''N 8°43'51''E;En service
133825;BOUYGUES TELECOM;2032736;LTE 700;2025-03-13;02A;2A004;4G;2026-03-19T15:15:24;02A2750208;26;15;22;;Chemin de la Carosaccia;;;20000;2A004;"41.93694444444444 , 8.730833333333333";41°56'13''N 8°43'51''E;En service
133826;BOUYGUES TELECOM;2032736;LTE 800;2019-08-01;02A;2A004;4G;2026-03-19T15:15:24;02A2750208;26;15;22;;Chemin de la Carosaccia;;;20000;2A004;"41.93694444444444 , 8.730833333333333";41°56'13''N 8°43'51''E;En service
133827;BOUYGUES TELECOM;2032736;UMTS 900;2019-08-01;02A;2A004;3G;2026-03-19T15:15:24;02A2750208;26;15;22;;Chemin de la Carosaccia;;;20000;2A004;"41.93694444444444 , 8.730833333333333";41°56'13''N 8°43'51''E;En service
143760;BOUYGUES TELECOM;2232827;LTE 700;2022-08-31;02A;2A362;4G;2026-03-19T15:15:24;02A2750210;23;15;74;Costa Del Pergolo;;;;20124;2A362;"41.717777777777776 , 9.299166666666666";41°43'4''N 9°17'57''E;En service
143761;BOUYGUES TELECOM;2232827;LTE 800;2020-08-11;02A;2A362;4G;2026-03-19T15:15:24;02A2750210;23;15;74;Costa Del Pergolo;;;;20124;2A362;"41.717777777777776 , 9.299166666666666";41°43'4''N 9°17'57''E;En service
143762;BOUYGUES TELECOM;2232827;UMTS 900;2020-08-11;02A;2A362;3G;2026-03-19T15:15:24;02A2750210;23;15;74;Costa Del Pergolo;;;;20124;2A362;"41.717777777777776 , 9.299166666666666";41°43'4''N 9°17'57''E;En service
148257;BOUYGUES TELECOM;2312725;LTE 2100;2025-11-27;02A;2A130;4G;2026-03-19T15:15:24;02A2750221;23;24;32;POZZI;T40  cimetiere;;;20128;2A130;"41.86638888888889 , 8.964444444444444";41°51'59''N 8°57'52''E;En service
148258;BOUYGUES TELECOM;2312725;LTE 800;2023-12-11;02A;2A130;4G;2026-03-19T15:15:24;02A2750221;23;24;32;POZZI;T40  cimetiere;;;20128;2A130;"41.86638888888889 , 8.964444444444444";41°51'59''N 8°57'52''E;En service
148259;BOUYGUES TELECOM;2312725;UMTS 900;2023-12-11;02A;2A130;3G;2026-03-19T15:15:24;02A2750221;23;24;32;POZZI;T40  cimetiere;;;20128;2A130;"41.86638888888889 , 8.964444444444444";41°51'59''N 8°57'52''E;En service
148777;BOUYGUES TELECOM;2322475;LTE 700;2023-08-09;02A;2A240;4G;2026-03-19T15:15:24;02A2750225;23;24;65;Valdarone;Sant' Anoria;Campivu;;20125;2A240;"42.17805555555555 , 8.896944444444443";42°10'41''N 8°53'49''E;En service
148778;BOUYGUES TELECOM;2322475;LTE 800;2023-01-18;02A;2A240;4G;2026-03-19T15:15:24;02A2750225;23;24;65;Valdarone;Sant' Anoria;Campivu;;20125;2A240;"42.17805555555555 , 8.896944444444443";42°10'41''N 8°53'49''E;En service
148779;BOUYGUES TELECOM;2322475;UMTS 900;2023-01-18;02A;2A240;3G;2026-03-19T15:15:24;02A2750225;23;24;65;Valdarone;Sant' Anoria;Campivu;;20125;2A240;"42.17805555555555 , 8.896944444444443";42°10'41''N 8°53'49''E;En service
148814;BOUYGUES TELECOM;2322626;GSM 900;2016-09-21;02A;2A130;2G;2026-03-19T15:15:24;02A2750056;23;18;72;COL ST GEORGES;;;;20128;2A130;"41.87694444444445 , 8.935555555555556";41°52'37''N 8°56'8''E;En service
148815;BOUYGUES TELECOM;2322626;LTE 1800;2022-12-28;02A;2A130;4G;2026-03-19T15:15:24;02A2750056;23;18;72;COL ST GEORGES;;;;20128;2A130;"41.87694444444445 , 8.935555555555556";41°52'37''N 8°56'8''E;En service
148816;BOUYGUES TELECOM;2322626;LTE 800;2016-09-21;02A;2A130;4G;2026-03-19T15:15:24;02A2750056;23;18;72;COL ST GEORGES;;;;20128;2A130;"41.87694444444445 , 8.935555555555556";41°52'37''N 8°56'8''E;En service
148817;BOUYGUES TELECOM;2322626;UMTS 900;2016-09-21;02A;2A130;3G;2026-03-19T15:15:24;02A2750056;23;18;72;COL ST GEORGES;;;;20128;2A130;"41.87694444444445 , 8.935555555555556";41°52'37''N 8°56'8''E;En service
151727;BOUYGUES TELECOM;2403761;LTE 700;2022-07-26;02A;2A189;4G;2026-03-19T15:15:24;02A2750211;23;45;75;MILUCCIA;LECCIALTE;;;20113;2A189;"41.72972222222222 , 8.913333333333334";41°43'47''N 8°54'48''E;En service
151728;BOUYGUES TELECOM;2403761;LTE 800;2021-04-19;02A;2A189;4G;2026-03-19T15:15:24;02A2750211;23;45;75;MILUCCIA;LECCIALTE;;;20113;2A189;"41.72972222222222 , 8.913333333333334";41°43'47''N 8°54'48''E;En service
151729;BOUYGUES TELECOM;2403761;UMTS 900;2021-04-19;02A;2A189;3G;2026-03-19T15:15:24;02A2750211;23;45;75;MILUCCIA;LECCIALTE;;;20113;2A189;"41.72972222222222 , 8.913333333333334";41°43'47''N 8°54'48''E;En service
152282;BOUYGUES TELECOM;2410610;5G NR 2100;;02A;2A139;5G;2026-03-19T15:15:24;02A2750215;23;42;72;Mulinacciu;;;;20137;2A139;"41.671388888888885 , 9.300833333333333";41°40'17''N 9°18'3''E;Projet approuvé
152283;BOUYGUES TELECOM;2410610;5G NR 3500;2024-03-27;02A;2A139;5G;2026-03-19T15:15:24;02A2750215;23;42;72;Mulinacciu;;;;20137;2A139;"41.671388888888885 , 9.300833333333333";41°40'17''N 9°18'3''E;Techniquement opérationnel
152284;BOUYGUES TELECOM;2410610;GSM 900;2023-01-19;02A;2A139;2G;2026-03-19T15:15:24;02A2750215;23;42;72;Mulinacciu;;;;20137;2A139;"41.671388888888885 , 9.300833333333333";41°40'17''N 9°18'3''E;En service
152285;BOUYGUES TELECOM;2410610;LTE 1800;2024-05-21;02A;2A139;4G;2026-03-19T15:15:24;02A2750215;23;42;72;Mulinacciu;;;;20137;2A139;"41.671388888888885 , 9.300833333333333";41°40'17''N 9°18'3''E;En service
152286;BOUYGUES TELECOM;2410610;LTE 2100;;02A;2A139;4G;2026-03-19T15:15:24;02A2750215;23;42;72;Mulinacciu;;;;20137;2A139;"41.671388888888885 , 9.300833333333333";41°40'17''N 9°18'3''E;Projet approuvé
152287;BOUYGUES TELECOM;2410610;LTE 2600;;02A;2A139;4G;2026-03-19T15:15:24;02A2750215;23;42;72;Mulinacciu;;;;20137;2A139;"41.671388888888885 , 9.300833333333333";41°40'17''N 9°18'3''E;Projet approuvé
152288;BOUYGUES TELECOM;2410610;LTE 700;;02A;2A139;4G;2026-03-19T15:15:24;02A2750215;23;42;72;Mulinacciu;;;;20137;2A139;"41.671388888888885 , 9.300833333333333";41°40'17''N 9°18'3''E;Projet approuvé
152289;BOUYGUES TELECOM;2410610;LTE 800;2023-05-16;02A;2A139;4G;2026-03-19T15:15:24;02A2750215;23;42;72;Mulinacciu;;;;20137;2A139;"41.671388888888885 , 9.300833333333333";41°40'17''N 9°18'3''E;En service
152290;BOUYGUES TELECOM;2410610;UMTS 900;2023-05-16;02A;2A139;3G;2026-03-19T15:15:24;02A2750215;23;42;72;Mulinacciu;;;;20137;2A139;"41.671388888888885 , 9.300833333333333";41°40'17''N 9°18'3''E;En service
152312;BOUYGUES TELECOM;2411047;LTE 2100;;02A;2A071;4G;2026-03-19T15:15:24;02A2750216;23;42;72;San andria;T40;San Andria;;20140;2A071;"41.74277777777778 , 8.9325";41°44'34''N 8°55'57''E;Projet approuvé
152313;BOUYGUES TELECOM;2411047;LTE 800;2023-05-16;02A;2A071;4G;2026-03-19T15:15:24;02A2750216;23;42;72;San andria;T40;San Andria;;20140;2A071;"41.74277777777778 , 8.9325";41°44'34''N 8°55'57''E;En service
152314;BOUYGUES TELECOM;2411047;UMTS 900;2023-05-16;02A;2A071;3G;2026-03-19T15:15:24;02A2750216;23;42;72;San andria;T40;San Andria;;20140;2A071;"41.74277777777778 , 8.9325";41°44'34''N 8°55'57''E;En service
153217;BOUYGUES TELECOM;2430842;LTE 700;2022-07-26;02A;2A254;4G;2026-03-19T15:15:24;02A2750212;23;33;75;Ucelli;Hameau de Bavella;;;20122;2A254;"41.797777777777775 , 9.222777777777777";41°47'52''N 9°13'22''E;En service
153218;BOUYGUES TELECOM;2430842;LTE 800;2021-09-20;02A;2A254;4G;2026-03-19T15:15:24;02A2750212;23;33;75;Ucelli;Hameau de Bavella;;;20122;2A254;"41.797777777777775 , 9.222777777777777";41°47'52''N 9°13'22''E;En service
153219;BOUYGUES TELECOM;2430842;UMTS 900;2021-09-20;02A;2A254;3G;2026-03-19T15:15:24;02A2750212;23;33;75;Ucelli;Hameau de Bavella;;;20122;2A254;"41.797777777777775 , 9.222777777777777";41°47'52''N 9°13'22''E;En service
155120;BOUYGUES TELECOM;2466649;LTE 700;2023-08-09;02A;2A098;4G;2026-03-19T15:15:24;02A2750213;23;20;65;TERRA ROSSA;Carpina;;;20138;2A098;"41.745555555555555 , 8.696111111111112";41°44'44''N 8°41'46''E;En service
155121;BOUYGUES TELECOM;2466649;LTE 800;2022-03-21;02A;2A098;4G;2026-03-19T15:15:24;02A2750213;23;20;65;TERRA ROSSA;Carpina;;;20138;2A098;"41.745555555555555 , 8.696111111111112";41°44'44''N 8°41'46''E;En service
155122;BOUYGUES TELECOM;2466649;UMTS 900;2022-03-21;02A;2A098;3G;2026-03-19T15:15:24;02A2750213;23;20;65;TERRA ROSSA;Carpina;;;20138;2A098;"41.745555555555555 , 8.696111111111112";41°44'44''N 8°41'46''E;En service
159006;BOUYGUES TELECOM;2535873;5G NR 2100;;02A;2A060;5G;2026-03-19T15:15:24;02A2750219;23;36;27;pujolo;;;;20151;2A060;"42.05138888888889 , 8.818888888888889";42°3'5''N 8°49'8''E;Projet approuvé
159007;BOUYGUES TELECOM;2535873;GSM 900;2022-11-23;02A;2A060;2G;2026-03-19T15:15:24;02A2750219;23;36;27;pujolo;;;;20151;2A060;"42.05138888888889 , 8.818888888888889";42°3'5''N 8°49'8''E;En service
159008;BOUYGUES TELECOM;2535873;LTE 1800;2022-11-23;02A;2A060;4G;2026-03-19T15:15:24;02A2750219;23;36;27;pujolo;;;;20151;2A060;"42.05138888888889 , 8.818888888888889";42°3'5''N 8°49'8''E;En service
159009;BOUYGUES TELECOM;2535873;LTE 2100;2022-11-23;02A;2A060;4G;2026-03-19T15:15:24;02A2750219;23;36;27;pujolo;;;;20151;2A060;"42.05138888888889 , 8.818888888888889";42°3'5''N 8°49'8''E;En service
159010;BOUYGUES TELECOM;2535873;LTE 700;2022-11-23;02A;2A060;4G;2026-03-19T15:15:24;02A2750219;23;36;27;pujolo;;;;20151;2A060;"42.05138888888889 , 8.818888888888889";42°3'5''N 8°49'8''E;En service
159011;BOUYGUES TELECOM;2535873;LTE 800;2022-11-23;02A;2A060;4G;2026-03-19T15:15:24;02A2750219;23;36;27;pujolo;;;;20151;2A060;"42.05138888888889 , 8.818888888888889";42°3'5''N 8°49'8''E;En service
159012;BOUYGUES TELECOM;2535873;UMTS 900;2022-11-23;02A;2A060;3G;2026-03-19T15:15:24;02A2750219;23;36;27;pujolo;;;;20151;2A060;"42.05138888888889 , 8.818888888888889";42°3'5''N 8°49'8''E;En service
159217;BOUYGUES TELECOM;2538301;LTE 700;2023-05-24;02A;2A360;4G;2026-03-19T15:15:24;02A2750224;23;42;27;Costa;;;;20190;2A360;"41.84861111111111 , 8.991666666666665";41°50'55''N 8°59'30''E;En service
159218;BOUYGUES TELECOM;2538301;LTE 800;2023-02-15;02A;2A360;4G;2026-03-19T15:15:24;02A2750224;23;42;27;Costa;;;;20190;2A360;"41.84861111111111 , 8.991666666666665";41°50'55''N 8°59'30''E;En service
159219;BOUYGUES TELECOM;2538301;UMTS 900;2023-02-15;02A;2A360;3G;2026-03-19T15:15:24;02A2750224;23;42;27;Costa;;;;20190;2A360;"41.84861111111111 , 8.991666666666665";41°50'55''N 8°59'30''E;En service
162768;BOUYGUES TELECOM;2598920;LTE 700;2023-06-22;02A;2A031;4G;2026-03-19T15:15:24;02A2750228;23;24;65;Lucciolaja;Cauro Bastelica;;;20119;2A031;"41.95777777777778 , 8.995277777777776";41°57'28''N 8°59'43''E;En service
162769;BOUYGUES TELECOM;2598920;LTE 800;2023-06-22;02A;2A031;4G;2026-03-19T15:15:24;02A2750228;23;24;65;Lucciolaja;Cauro Bastelica;;;20119;2A031;"41.95777777777778 , 8.995277777777776";41°57'28''N 8°59'43''E;En service
162770;BOUYGUES TELECOM;2598920;UMTS 900;2023-06-22;02A;2A031;3G;2026-03-19T15:15:24;02A2750228;23;24;65;Lucciolaja;Cauro Bastelica;;;20119;2A031;"41.95777777777778 , 8.995277777777776";41°57'28''N 8°59'43''E;En service
165301;BOUYGUES TELECOM;2638785;LTE 700;2023-08-09;02A;2A026;4G;2026-03-19T15:15:24;02A2750226;23;24;74;Matre;;;;20190;2A026;"41.86416666666667 , 9.016944444444444";41°51'51''N 9°1'1''E;En service
165302;BOUYGUES TELECOM;2638785;LTE 800;2023-03-15;02A;2A026;4G;2026-03-19T15:15:24;02A2750226;23;24;74;Matre;;;;20190;2A026;"41.86416666666667 , 9.016944444444444";41°51'51''N 9°1'1''E;En service
165303;BOUYGUES TELECOM;2638785;UMTS 900;2023-03-15;02A;2A026;3G;2026-03-19T15:15:24;02A2750226;23;24;74;Matre;;;;20190;2A026;"41.86416666666667 , 9.016944444444444";41°51'51''N 9°1'1''E;En service
165495;BOUYGUES TELECOM;2640911;LTE 700;2023-12-20;02A;2A269;4G;2026-03-19T15:15:24;02A2750230;23;24;74;GAGLIOLI - TRAMUTA;rte de Bavella;Ch d'expl près D268;;20145;2A269;"41.83277777777778 , 9.320833333333333";41°49'58''N 9°19'15''E;En service
165496;BOUYGUES TELECOM;2640911;LTE 800;2023-06-22;02A;2A269;4G;2026-03-19T15:15:24;02A2750230;23;24;74;GAGLIOLI - TRAMUTA;rte de Bavella;Ch d'expl près D268;;20145;2A269;"41.83277777777778 , 9.320833333333333";41°49'58''N 9°19'15''E;En service
165497;BOUYGUES TELECOM;2640911;UMTS 900;2023-06-22;02A;2A269;3G;2026-03-19T15:15:24;02A2750230;23;24;74;GAGLIOLI - TRAMUTA;rte de Bavella;Ch d'expl près D268;;20145;2A269;"41.83277777777778 , 9.320833333333333";41°49'58''N 9°19'15''E;En service
166900;BOUYGUES TELECOM;2662081;LTE 700;2023-12-20;02A;2A186;4G;2026-03-19T15:15:24;02A2750232;23;"18,4";65;Valdo;;;;20140;2A186;"41.844722222222224 , 9.061944444444444";41°50'41''N 9°3'43''E;En service
166901;BOUYGUES TELECOM;2662081;LTE 800;2023-06-22;02A;2A186;4G;2026-03-19T15:15:24;02A2750232;23;"18,4";65;Valdo;;;;20140;2A186;"41.844722222222224 , 9.061944444444444";41°50'41''N 9°3'43''E;En service
166902;BOUYGUES TELECOM;2662081;UMTS 900;2023-06-22;02A;2A186;3G;2026-03-19T15:15:24;02A2750232;23;"18,4";65;Valdo;;;;20140;2A186;"41.844722222222224 , 9.061944444444444";41°50'41''N 9°3'43''E;En service
168966;BOUYGUES TELECOM;2691322;LTE 700;2025-03-20;02A;2A132;4G;2026-03-19T15:15:24;02A2750235;26;18;32;;RUE CAMPIANI;;;20128;2A132;"41.83555555555556 , 8.924444444444443";41°50'8''N 8°55'28''E;En service
168967;BOUYGUES TELECOM;2691322;LTE 800;2024-04-22;02A;2A132;4G;2026-03-19T15:15:24;02A2750235;26;18;32;;RUE CAMPIANI;;;20128;2A132;"41.83555555555556 , 8.924444444444443";41°50'8''N 8°55'28''E;En service
168968;BOUYGUES TELECOM;2691322;UMTS 900;2024-04-22;02A;2A132;3G;2026-03-19T15:15:24;02A2750235;26;18;32;;RUE CAMPIANI;;;20128;2A132;"41.83555555555556 , 8.924444444444443";41°50'8''N 8°55'28''E;En service
168969;BOUYGUES TELECOM;2691324;LTE 700;;02A;2A014;4G;2026-03-19T15:15:24;02A2750234;23;21;32;;Chemin d'Ambiegna;;;20151;2A014;"42.08444444444444 , 8.796111111111111";42°5'4''N 8°47'46''E;Projet approuvé
168970;BOUYGUES TELECOM;2691324;LTE 800;2024-03-27;02A;2A014;4G;2026-03-19T15:15:24;02A2750234;23;21;32;;Chemin d'Ambiegna;;;20151;2A014;"42.08444444444444 , 8.796111111111111";42°5'4''N 8°47'46''E;En service
168971;BOUYGUES TELECOM;2691324;UMTS 900;2024-03-27;02A;2A014;3G;2026-03-19T15:15:24;02A2750234;23;21;32;;Chemin d'Ambiegna;;;20151;2A014;"42.08444444444444 , 8.796111111111111";42°5'4''N 8°47'46''E;En service
169160;BOUYGUES TELECOM;2695041;LTE 700;2025-03-20;02A;2A163;4G;2026-03-19T15:15:24;02A2750240;23;21;32;Giannuccio;Proche TADU;;;20171;2A163;"41.5625 , 9.041666666666666";41°33'45''N 9°2'30''E;En service
169161;BOUYGUES TELECOM;2695041;LTE 800;2024-04-22;02A;2A163;4G;2026-03-19T15:15:24;02A2750240;23;21;32;Giannuccio;Proche TADU;;;20171;2A163;"41.5625 , 9.041666666666666";41°33'45''N 9°2'30''E;En service
169162;BOUYGUES TELECOM;2695041;UMTS 900;2024-04-22;02A;2A163;3G;2026-03-19T15:15:24;02A2750240;23;21;32;Giannuccio;Proche TADU;;;20171;2A163;"41.5625 , 9.041666666666666";41°33'45''N 9°2'30''E;En service
169344;BOUYGUES TELECOM;2697896;LTE 800;2024-12-17;02A;2A091;4G;2026-03-19T15:15:24;02A2750223;23;36;27;Pialtellu;Proche de D55;;;20123;2A091;"41.806666666666665 , 8.849166666666667";41°48'24''N 8°50'57''E;En service
169345;BOUYGUES TELECOM;2697896;UMTS 900;2024-12-17;02A;2A091;3G;2026-03-19T15:15:24;02A2750223;23;36;27;Pialtellu;Proche de D55;;;20123;2A091;"41.806666666666665 , 8.849166666666667";41°48'24''N 8°50'57''E;En service
170718;BOUYGUES TELECOM;2716443;5G NR 2100;2023-12-04;02A;2A279;5G;2026-03-19T15:15:24;02A2750243;23;42;27;;MAIRIE DE SERRIERA;;;20147;2A279;"42.30222222222222 , 8.711388888888887";42°18'8''N 8°42'41''E;Techniquement opérationnel
170719;BOUYGUES TELECOM;2716443;GSM 900;2023-12-04;02A;2A279;2G;2026-03-19T15:15:24;02A2750243;23;42;27;;MAIRIE DE SERRIERA;;;20147;2A279;"42.30222222222222 , 8.711388888888887";42°18'8''N 8°42'41''E;En service
170720;BOUYGUES TELECOM;2716443;LTE 1800;2023-12-04;02A;2A279;4G;2026-03-19T15:15:24;02A2750243;23;42;27;;MAIRIE DE SERRIERA;;;20147;2A279;"42.30222222222222 , 8.711388888888887";42°18'8''N 8°42'41''E;En service
170721;BOUYGUES TELECOM;2716443;LTE 2100;2023-12-04;02A;2A279;4G;2026-03-19T15:15:24;02A2750243;23;42;27;;MAIRIE DE SERRIERA;;;20147;2A279;"42.30222222222222 , 8.711388888888887";42°18'8''N 8°42'41''E;En service
170722;BOUYGUES TELECOM;2716443;LTE 800;2023-12-04;02A;2A279;4G;2026-03-19T15:15:24;02A2750243;23;42;27;;MAIRIE DE SERRIERA;;;20147;2A279;"42.30222222222222 , 8.711388888888887";42°18'8''N 8°42'41''E;En service
170723;BOUYGUES TELECOM;2716443;UMTS 900;2023-12-04;02A;2A279;3G;2026-03-19T15:15:24;02A2750243;23;42;27;;MAIRIE DE SERRIERA;;;20147;2A279;"42.30222222222222 , 8.711388888888887";42°18'8''N 8°42'41''E;En service
173033;BOUYGUES TELECOM;2743017;LTE 700;2023-11-20;02A;2A142;4G;2026-03-19T15:15:24;02A2750236;23;30;32;FILOMOZZO;Route de Tirolo à Carpolitano;;;20170;2A142;"41.64944444444444 , 9.104722222222222";41°38'58''N 9°6'17''E;En service
173034;BOUYGUES TELECOM;2743017;LTE 800;2023-11-20;02A;2A142;4G;2026-03-19T15:15:24;02A2750236;23;30;32;FILOMOZZO;Route de Tirolo à Carpolitano;;;20170;2A142;"41.64944444444444 , 9.104722222222222";41°38'58''N 9°6'17''E;En service
173035;BOUYGUES TELECOM;2743017;UMTS 900;2023-11-20;02A;2A142;3G;2026-03-19T15:15:24;02A2750236;23;30;32;FILOMOZZO;Route de Tirolo à Carpolitano;;;20170;2A142;"41.64944444444444 , 9.104722222222222";41°38'58''N 9°6'17''E;En service
174995;BOUYGUES TELECOM;2773430;LTE 700;2024-05-21;02A;2A114;4G;2026-03-19T15:15:24;02A2750251;23;27;42;Punta di Turricciola;Hameau de Santa Lucia.;;;20114;2A114;"41.48111111111111 , 9.157777777777778";41°28'52''N 9°9'28''E;En service
174996;BOUYGUES TELECOM;2773430;LTE 800;2024-05-21;02A;2A114;4G;2026-03-19T15:15:24;02A2750251;23;27;42;Punta di Turricciola;Hameau de Santa Lucia.;;;20114;2A114;"41.48111111111111 , 9.157777777777778";41°28'52''N 9°9'28''E;En service
174997;BOUYGUES TELECOM;2773430;UMTS 900;2024-05-21;02A;2A114;3G;2026-03-19T15:15:24;02A2750251;23;27;42;Punta di Turricciola;Hameau de Santa Lucia.;;;20114;2A114;"41.48111111111111 , 9.157777777777778";41°28'52''N 9°9'28''E;En service
176959;BOUYGUES TELECOM;2803186;LTE 700;2024-09-10;02A;2A204;4G;2026-03-19T15:15:24;02A2750231;23;24;74;Canalelle;;;;20121;2A204;"42.13305555555556 , 8.974722222222223";42°7'59''N 8°58'29''E;En service
176960;BOUYGUES TELECOM;2803186;LTE 800;2024-09-10;02A;2A204;4G;2026-03-19T15:15:24;02A2750231;23;24;74;Canalelle;;;;20121;2A204;"42.13305555555556 , 8.974722222222223";42°7'59''N 8°58'29''E;En service
176961;BOUYGUES TELECOM;2803186;UMTS 900;2024-09-10;02A;2A204;3G;2026-03-19T15:15:24;02A2750231;23;24;74;Canalelle;;;;20121;2A204;"42.13305555555556 , 8.974722222222223";42°7'59''N 8°58'29''E;En service
176962;BOUYGUES TELECOM;2803196;LTE 700;2025-01-06;02A;2A204;4G;2026-03-19T15:15:24;02A2750245;23;24;74;;FRASSETU;;;20121;2A204;"42.12833333333333 , 8.986944444444443";42°7'42''N 8°59'13''E;En service
176963;BOUYGUES TELECOM;2803196;LTE 800;2025-01-06;02A;2A204;4G;2026-03-19T15:15:24;02A2750245;23;24;74;;FRASSETU;;;20121;2A204;"42.12833333333333 , 8.986944444444443";42°7'42''N 8°59'13''E;En service
176964;BOUYGUES TELECOM;2803196;UMTS 900;2025-01-06;02A;2A204;3G;2026-03-19T15:15:24;02A2750245;23;24;74;;FRASSETU;;;20121;2A204;"42.12833333333333 , 8.986944444444443";42°7'42''N 8°59'13''E;En service
177108;BOUYGUES TELECOM;2806719;LTE 700;2025-12-29;02A;2A262;4G;2026-03-19T15:15:24;02A2750265;23;12;74;LUCU;RD4 - Proche de Muna;;;20121;2A262;"42.13583333333333 , 8.846388888888889";42°8'9''N 8°50'47''E;En service
177109;BOUYGUES TELECOM;2806719;LTE 800;2025-12-29;02A;2A262;4G;2026-03-19T15:15:24;02A2750265;23;12;74;LUCU;RD4 - Proche de Muna;;;20121;2A262;"42.13583333333333 , 8.846388888888889";42°8'9''N 8°50'47''E;En service
177110;BOUYGUES TELECOM;2806719;UMTS 900;2025-12-29;02A;2A262;3G;2026-03-19T15:15:24;02A2750265;23;12;74;LUCU;RD4 - Proche de Muna;;;20121;2A262;"42.13583333333333 , 8.846388888888889";42°8'9''N 8°50'47''E;En service
178166;BOUYGUES TELECOM;2824886;LTE 700;;02A;2A119;4G;2026-03-19T15:15:24;02A2750238;20;"27,7";34;;Place de l'Eglise;;;20157;2A119;"41.89555555555555 , 9.021944444444445";41°53'44''N 9°1'19''E;Projet approuvé
178167;BOUYGUES TELECOM;2824886;LTE 800;2023-12-20;02A;2A119;4G;2026-03-19T15:15:24;02A2750238;20;"27,7";34;;Place de l'Eglise;;;20157;2A119;"41.89555555555555 , 9.021944444444445";41°53'44''N 9°1'19''E;En service
178168;BOUYGUES TELECOM;2824886;UMTS 900;2023-12-20;02A;2A119;3G;2026-03-19T15:15:24;02A2750238;20;"27,7";34;;Place de l'Eglise;;;20157;2A119;"41.89555555555555 , 9.021944444444445";41°53'44''N 9°1'19''E;En service
179584;BOUYGUES TELECOM;2843685;LTE 700;2023-10-18;02A;2A129;4G;2026-03-19T15:15:24;02A2750237;23;18;27;Santo;SPALLA;ancien chemin de tivolaggio à Grossa;;20100;2A129;"41.61194444444445 , 8.875";41°36'43''N 8°52'30''E;En service
179585;BOUYGUES TELECOM;2843685;LTE 800;2023-10-05;02A;2A129;4G;2026-03-19T15:15:24;02A2750237;23;18;27;Santo;SPALLA;ancien chemin de tivolaggio à Grossa;;20100;2A129;"41.61194444444445 , 8.875";41°36'43''N 8°52'30''E;En service
179586;BOUYGUES TELECOM;2843685;UMTS 900;2023-10-05;02A;2A129;3G;2026-03-19T15:15:24;02A2750237;23;18;27;Santo;SPALLA;ancien chemin de tivolaggio à Grossa;;20100;2A129;"41.61194444444445 , 8.875";41°36'43''N 8°52'30''E;En service
179832;BOUYGUES TELECOM;2848458;LTE 700;2024-01-31;02A;2A203;4G;2026-03-19T15:15:24;02A2750239;23;12;42;Sarra Mandriaccia;Rte du cimetière;;;20147;2A203;"42.31055555555555 , 8.686111111111112";42°18'38''N 8°41'10''E;En service
179833;BOUYGUES TELECOM;2848458;LTE 800;2024-01-31;02A;2A203;4G;2026-03-19T15:15:24;02A2750239;23;12;42;Sarra Mandriaccia;Rte du cimetière;;;20147;2A203;"42.31055555555555 , 8.686111111111112";42°18'38''N 8°41'10''E;En service
179834;BOUYGUES TELECOM;2848458;UMTS 900;2024-01-31;02A;2A203;3G;2026-03-19T15:15:24;02A2750239;23;12;42;Sarra Mandriaccia;Rte du cimetière;;;20147;2A203;"42.31055555555555 , 8.686111111111112";42°18'38''N 8°41'10''E;En service
180670;BOUYGUES TELECOM;2858457;LTE 700;;02A;2A031;4G;2026-03-19T15:15:24;02A2750257;23;30;74;Alzitella;D 27;;;20119;2A031;"42.01 , 9.038611111111111";42°0'36''N 9°2'19''E;Projet approuvé
180671;BOUYGUES TELECOM;2858457;LTE 800;;02A;2A031;4G;2026-03-19T15:15:24;02A2750257;23;30;74;Alzitella;D 27;;;20119;2A031;"42.01 , 9.038611111111111";42°0'36''N 9°2'19''E;Projet approuvé
180672;BOUYGUES TELECOM;2858457;UMTS 900;;02A;2A031;3G;2026-03-19T15:15:24;02A2750257;23;30;74;Alzitella;D 27;;;20119;2A031;"42.01 , 9.038611111111111";42°0'36''N 9°2'19''E;Projet approuvé
180852;BOUYGUES TELECOM;2860764;LTE 700;;02A;2A359;4G;2026-03-19T15:15:24;02A2750252;23;"9,9";42;PUNTA TOZZARELLA VALLICIONCA;PLATEAU DU COSCIONE;;;20132;2A359;"41.85416666666667 , 9.17611111111111";41°51'15''N 9°10'34''E;Projet approuvé
180853;BOUYGUES TELECOM;2860764;LTE 800;;02A;2A359;4G;2026-03-19T15:15:24;02A2750252;23;"9,9";42;PUNTA TOZZARELLA VALLICIONCA;PLATEAU DU COSCIONE;;;20132;2A359;"41.85416666666667 , 9.17611111111111";41°51'15''N 9°10'34''E;Projet approuvé
180854;BOUYGUES TELECOM;2860764;UMTS 900;;02A;2A359;3G;2026-03-19T15:15:24;02A2750252;23;"9,9";42;PUNTA TOZZARELLA VALLICIONCA;PLATEAU DU COSCIONE;;;20132;2A359;"41.85416666666667 , 9.17611111111111";41°51'15''N 9°10'34''E;Projet approuvé
183452;BOUYGUES TELECOM;2889326;LTE 700;2025-05-14;02A;2A019;4G;2026-03-19T15:15:24;02A2750258;23;18;74;SAMBUGHELLE ;Chemein d'arbori;;;20160;2A019;"42.14388888888889 , 8.802222222222223";42°8'38''N 8°48'8''E;En service
183453;BOUYGUES TELECOM;2889326;LTE 800;2025-05-14;02A;2A019;4G;2026-03-19T15:15:24;02A2750258;23;18;74;SAMBUGHELLE ;Chemein d'arbori;;;20160;2A019;"42.14388888888889 , 8.802222222222223";42°8'38''N 8°48'8''E;En service
183454;BOUYGUES TELECOM;2889326;UMTS 900;2025-05-14;02A;2A019;3G;2026-03-19T15:15:24;02A2750258;23;18;74;SAMBUGHELLE ;Chemein d'arbori;;;20160;2A019;"42.14388888888889 , 8.802222222222223";42°8'38''N 8°48'8''E;En service
183674;BOUYGUES TELECOM;2890760;LTE 700;;02A;2A348;4G;2026-03-19T15:15:24;02A2750246;23;24;27;Poggio;RD 56 Frasso;;;20160;2A348;"42.152499999999996 , 8.774444444444445";42°9'9''N 8°46'28''E;Projet approuvé
183675;BOUYGUES TELECOM;2890760;LTE 800;;02A;2A348;4G;2026-03-19T15:15:24;02A2750246;23;24;27;Poggio;RD 56 Frasso;;;20160;2A348;"42.152499999999996 , 8.774444444444445";42°9'9''N 8°46'28''E;Projet approuvé
183676;BOUYGUES TELECOM;2890760;UMTS 900;;02A;2A348;3G;2026-03-19T15:15:24;02A2750246;23;24;27;Poggio;RD 56 Frasso;;;20160;2A348;"42.152499999999996 , 8.774444444444445";42°9'9''N 8°46'28''E;Projet approuvé
183880;BOUYGUES TELECOM;2892620;LTE 700;2025-12-29;02A;2A324;4G;2026-03-19T15:15:24;02A2750264;23;"18,4";74;CIOFELLO;CASARACCA - PRUNICCIA;D127;;20163;2A324;"42.06666666666667 , 9.020000000000001";42°4'0''N 9°1'12''E;En service
183881;BOUYGUES TELECOM;2892620;LTE 800;2025-12-29;02A;2A324;4G;2026-03-19T15:15:24;02A2750264;23;"18,4";74;CIOFELLO;CASARACCA - PRUNICCIA;D127;;20163;2A324;"42.06666666666667 , 9.020000000000001";42°4'0''N 9°1'12''E;En service
183882;BOUYGUES TELECOM;2892620;UMTS 900;2025-12-29;02A;2A324;3G;2026-03-19T15:15:24;02A2750264;23;"18,4";74;CIOFELLO;CASARACCA - PRUNICCIA;D127;;20163;2A324;"42.06666666666667 , 9.020000000000001";42°4'0''N 9°1'12''E;En service
184029;BOUYGUES TELECOM;2893919;LTE 700;2025-05-14;02A;2A090;4G;2026-03-19T15:15:24;02A2750259;23;"18,4";74;RONDINAJA;Sorbolonne;;;20118;2A090;"42.12166666666667 , 8.748333333333333";42°7'18''N 8°44'54''E;En service
184030;BOUYGUES TELECOM;2893919;LTE 800;2025-05-14;02A;2A090;4G;2026-03-19T15:15:24;02A2750259;23;"18,4";74;RONDINAJA;Sorbolonne;;;20118;2A090;"42.12166666666667 , 8.748333333333333";42°7'18''N 8°44'54''E;En service
184031;BOUYGUES TELECOM;2893919;UMTS 900;2025-05-14;02A;2A090;3G;2026-03-19T15:15:24;02A2750259;23;"18,4";74;RONDINAJA;Sorbolonne;;;20118;2A090;"42.12166666666667 , 8.748333333333333";42°7'18''N 8°44'54''E;En service
184041;BOUYGUES TELECOM;2894003;LTE 700;2025-01-06;02A;2A154;4G;2026-03-19T15:15:24;02A2750248;23;30;74;Monte Maggiore ;Près de la route Piano Maggiore;;;20141;2A154;"42.233333333333334 , 8.791944444444445";42°14'0''N 8°47'31''E;En service
184042;BOUYGUES TELECOM;2894003;LTE 800;2025-01-06;02A;2A154;4G;2026-03-19T15:15:24;02A2750248;23;30;74;Monte Maggiore ;Près de la route Piano Maggiore;;;20141;2A154;"42.233333333333334 , 8.791944444444445";42°14'0''N 8°47'31''E;En service
184043;BOUYGUES TELECOM;2894003;UMTS 900;2025-01-06;02A;2A154;3G;2026-03-19T15:15:24;02A2750248;23;30;74;Monte Maggiore ;Près de la route Piano Maggiore;;;20141;2A154;"42.233333333333334 , 8.791944444444445";42°14'0''N 8°47'31''E;En service
185115;BOUYGUES TELECOM;2903885;LTE 700;2024-03-07;02A;2A022;4G;2026-03-19T15:15:24;02A2750247;23;24;27;MURONE;Chemin de San Chirgo;;;20151;2A022;"42.09777777777778 , 8.808611111111112";42°5'52''N 8°48'31''E;En service
185116;BOUYGUES TELECOM;2903885;LTE 800;2024-03-07;02A;2A022;4G;2026-03-19T15:15:24;02A2750247;23;24;27;MURONE;Chemin de San Chirgo;;;20151;2A022;"42.09777777777778 , 8.808611111111112";42°5'52''N 8°48'31''E;En service
185117;BOUYGUES TELECOM;2903885;UMTS 900;2024-03-07;02A;2A022;3G;2026-03-19T15:15:24;02A2750247;23;24;27;MURONE;Chemin de San Chirgo;;;20151;2A022;"42.09777777777778 , 8.808611111111112";42°5'52''N 8°48'31''E;En service
186034;BOUYGUES TELECOM;2914020;LTE 700;2024-02-28;02A;2A258;4G;2026-03-19T15:15:24;02A2750250;23;26;27;PINO;Proche de Route départementale N°70;;;20160;2A258;"42.21083333333333 , 8.8225";42°12'39''N 8°49'21''E;En service
186035;BOUYGUES TELECOM;2914020;LTE 800;2024-02-28;02A;2A258;4G;2026-03-19T15:15:24;02A2750250;23;26;27;PINO;Proche de Route départementale N°70;;;20160;2A258;"42.21083333333333 , 8.8225";42°12'39''N 8°49'21''E;En service
186036;BOUYGUES TELECOM;2914020;UMTS 900;2024-02-28;02A;2A258;3G;2026-03-19T15:15:24;02A2750250;23;26;27;PINO;Proche de Route départementale N°70;;;20160;2A258;"42.21083333333333 , 8.8225";42°12'39''N 8°49'21''E;En service
186119;BOUYGUES TELECOM;2914550;LTE 700;2024-09-10;02A;2A160;4G;2026-03-19T15:15:24;02A2750249;23;"20,7";27;COTONE;PILINGARDO;;;20140;2A160;"41.809999999999995 , 9.010833333333334";41°48'36''N 9°0'39''E;En service
186120;BOUYGUES TELECOM;2914550;LTE 800;2024-09-10;02A;2A160;4G;2026-03-19T15:15:24;02A2750249;23;"20,7";27;COTONE;PILINGARDO;;;20140;2A160;"41.809999999999995 , 9.010833333333334";41°48'36''N 9°0'39''E;En service
186121;BOUYGUES TELECOM;2914550;UMTS 900;2024-09-10;02A;2A160;3G;2026-03-19T15:15:24;02A2750249;23;"20,7";27;COTONE;PILINGARDO;;;20140;2A160;"41.809999999999995 , 9.010833333333334";41°48'36''N 9°0'39''E;En service
186403;BOUYGUES TELECOM;2917608;LTE 700;2025-09-10;02A;2A142;4G;2026-03-19T15:15:24;02A2750260;23;18;74;;450 Petra  Pinzuta; près de la Coletta;;20170;2A142;"41.659166666666664 , 9.105833333333333";41°39'33''N 9°6'21''E;En service
186404;BOUYGUES TELECOM;2917608;LTE 800;2025-09-10;02A;2A142;4G;2026-03-19T15:15:24;02A2750260;23;18;74;;450 Petra  Pinzuta; près de la Coletta;;20170;2A142;"41.659166666666664 , 9.105833333333333";41°39'33''N 9°6'21''E;En service
186405;BOUYGUES TELECOM;2917608;UMTS 900;2025-09-10;02A;2A142;3G;2026-03-19T15:15:24;02A2750260;23;18;74;;450 Petra  Pinzuta; près de la Coletta;;20170;2A142;"41.659166666666664 , 9.105833333333333";41°39'33''N 9°6'21''E;En service
191000;BOUYGUES TELECOM;2971809;5G NR 2100;2024-09-03;02A;2A090;5G;2026-03-19T15:15:24;02A2750253;23;30;32;FAVALELLO;D56;;;20118;2A090;"42.09777777777778 , 8.724722222222223";42°5'52''N 8°43'29''E;Techniquement opérationnel
191001;BOUYGUES TELECOM;2971809;LTE 1800;2024-09-03;02A;2A090;4G;2026-03-19T15:15:24;02A2750253;23;30;32;FAVALELLO;D56;;;20118;2A090;"42.09777777777778 , 8.724722222222223";42°5'52''N 8°43'29''E;En service
191002;BOUYGUES TELECOM;2971809;LTE 2100;2024-09-03;02A;2A090;4G;2026-03-19T15:15:24;02A2750253;23;30;32;FAVALELLO;D56;;;20118;2A090;"42.09777777777778 , 8.724722222222223";42°5'52''N 8°43'29''E;En service
191003;BOUYGUES TELECOM;2971809;LTE 700;2024-09-03;02A;2A090;4G;2026-03-19T15:15:24;02A2750253;23;30;32;FAVALELLO;D56;;;20118;2A090;"42.09777777777778 , 8.724722222222223";42°5'52''N 8°43'29''E;En service
191004;BOUYGUES TELECOM;2971809;LTE 800;2024-09-03;02A;2A090;4G;2026-03-19T15:15:24;02A2750253;23;30;32;FAVALELLO;D56;;;20118;2A090;"42.09777777777778 , 8.724722222222223";42°5'52''N 8°43'29''E;En service
191005;BOUYGUES TELECOM;2971809;UMTS 900;2024-09-03;02A;2A090;3G;2026-03-19T15:15:24;02A2750253;23;30;32;FAVALELLO;D56;;;20118;2A090;"42.09777777777778 , 8.724722222222223";42°5'52''N 8°43'29''E;En service
191372;BOUYGUES TELECOM;2975056;LTE 700;2025-04-17;02A;2A066;4G;2026-03-19T15:15:24;02A2750255;23;"20,3";42;La Rocca;Station AEP de Cargiaca;;;20164;2A066;"41.733333333333334 , 9.05388888888889";41°44'0''N 9°3'14''E;En service
191373;BOUYGUES TELECOM;2975056;LTE 800;2025-04-17;02A;2A066;4G;2026-03-19T15:15:24;02A2750255;23;"20,3";42;La Rocca;Station AEP de Cargiaca;;;20164;2A066;"41.733333333333334 , 9.05388888888889";41°44'0''N 9°3'14''E;En service
191374;BOUYGUES TELECOM;2975056;UMTS 900;2025-04-17;02A;2A066;3G;2026-03-19T15:15:24;02A2750255;23;"20,3";42;La Rocca;Station AEP de Cargiaca;;;20164;2A066;"41.733333333333334 , 9.05388888888889";41°44'0''N 9°3'14''E;En service
192475;BOUYGUES TELECOM;2991583;5G NR 2100;2024-09-27;02A;2A139;5G;2026-03-19T15:15:24;02A2750254;26;18;27;;169 Strada di Suartonu;;;20137;2A139;"41.640277777777776 , 9.336388888888889";41°38'25''N 9°20'11''E;Techniquement opérationnel
192476;BOUYGUES TELECOM;2991583;5G NR 3500;2024-09-27;02A;2A139;5G;2026-03-19T15:15:24;02A2750254;26;18;27;;169 Strada di Suartonu;;;20137;2A139;"41.640277777777776 , 9.336388888888889";41°38'25''N 9°20'11''E;Techniquement opérationnel
192477;BOUYGUES TELECOM;2991583;LTE 1800;2024-09-27;02A;2A139;4G;2026-03-19T15:15:24;02A2750254;26;18;27;;169 Strada di Suartonu;;;20137;2A139;"41.640277777777776 , 9.336388888888889";41°38'25''N 9°20'11''E;En service
192478;BOUYGUES TELECOM;2991583;LTE 2100;2024-09-27;02A;2A139;4G;2026-03-19T15:15:24;02A2750254;26;18;27;;169 Strada di Suartonu;;;20137;2A139;"41.640277777777776 , 9.336388888888889";41°38'25''N 9°20'11''E;En service
192479;BOUYGUES TELECOM;2991583;LTE 2600;2024-09-27;02A;2A139;4G;2026-03-19T15:15:24;02A2750254;26;18;27;;169 Strada di Suartonu;;;20137;2A139;"41.640277777777776 , 9.336388888888889";41°38'25''N 9°20'11''E;En service
192480;BOUYGUES TELECOM;2991583;LTE 700;2024-09-27;02A;2A139;4G;2026-03-19T15:15:24;02A2750254;26;18;27;;169 Strada di Suartonu;;;20137;2A139;"41.640277777777776 , 9.336388888888889";41°38'25''N 9°20'11''E;En service
192481;BOUYGUES TELECOM;2991583;LTE 800;2024-09-27;02A;2A139;4G;2026-03-19T15:15:24;02A2750254;26;18;27;;169 Strada di Suartonu;;;20137;2A139;"41.640277777777776 , 9.336388888888889";41°38'25''N 9°20'11''E;En service
192482;BOUYGUES TELECOM;2991583;UMTS 900;2024-09-27;02A;2A139;3G;2026-03-19T15:15:24;02A2750254;26;18;27;;169 Strada di Suartonu;;;20137;2A139;"41.640277777777776 , 9.336388888888889";41°38'25''N 9°20'11''E;En service
200848;BOUYGUES TELECOM;3074825;5G NR 2100;;02A;2A272;5G;2026-03-19T15:15:24;02A2750256;23;"18,2";27;;9 Ldt Stantari;;;20100;2A272;"41.64944444444444 , 8.944166666666668";41°38'58''N 8°56'39''E;Projet approuvé
200849;BOUYGUES TELECOM;3074825;LTE 1800;;02A;2A272;4G;2026-03-19T15:15:24;02A2750256;23;"18,2";27;;9 Ldt Stantari;;;20100;2A272;"41.64944444444444 , 8.944166666666668";41°38'58''N 8°56'39''E;Projet approuvé
200850;BOUYGUES TELECOM;3074825;LTE 2100;;02A;2A272;4G;2026-03-19T15:15:24;02A2750256;23;"18,2";27;;9 Ldt Stantari;;;20100;2A272;"41.64944444444444 , 8.944166666666668";41°38'58''N 8°56'39''E;Projet approuvé
200851;BOUYGUES TELECOM;3074825;LTE 2600;;02A;2A272;4G;2026-03-19T15:15:24;02A2750256;23;"18,2";27;;9 Ldt Stantari;;;20100;2A272;"41.64944444444444 , 8.944166666666668";41°38'58''N 8°56'39''E;Projet approuvé
200852;BOUYGUES TELECOM;3074825;LTE 700;;02A;2A272;4G;2026-03-19T15:15:24;02A2750256;23;"18,2";27;;9 Ldt Stantari;;;20100;2A272;"41.64944444444444 , 8.944166666666668";41°38'58''N 8°56'39''E;Projet approuvé
200853;BOUYGUES TELECOM;3074825;LTE 800;;02A;2A272;4G;2026-03-19T15:15:24;02A2750256;23;"18,2";27;;9 Ldt Stantari;;;20100;2A272;"41.64944444444444 , 8.944166666666668";41°38'58''N 8°56'39''E;Projet approuvé
201947;BOUYGUES TELECOM;3094321;LTE 700;2025-12-17;02A;2A268;4G;2026-03-19T15:15:24;02A2750263;23;"20,2";32;Licciola;D28;;;20134;2A268;"41.93083333333333 , 9.113333333333333";41°55'51''N 9°6'48''E;En service
201948;BOUYGUES TELECOM;3094321;LTE 800;2025-12-17;02A;2A268;4G;2026-03-19T15:15:24;02A2750263;23;"20,2";32;Licciola;D28;;;20134;2A268;"41.93083333333333 , 9.113333333333333";41°55'51''N 9°6'48''E;En service
201949;BOUYGUES TELECOM;3094321;UMTS 900;2025-12-17;02A;2A268;3G;2026-03-19T15:15:24;02A2750263;23;"20,2";32;Licciola;D28;;;20134;2A268;"41.93083333333333 , 9.113333333333333";41°55'51''N 9°6'48''E;En service
202677;BOUYGUES TELECOM;3102635;5G NR 2100;;02A;2A006;5G;2026-03-19T15:15:24;02A2750261;23;15;27;STRIPPICCIA;Proche de San Benedetto;;;20167;2A006;"41.9825 , 8.73611111111111";41°58'57''N 8°44'10''E;Projet approuvé
202678;BOUYGUES TELECOM;3102635;LTE 1800;;02A;2A006;4G;2026-03-19T15:15:24;02A2750261;23;15;27;STRIPPICCIA;Proche de San Benedetto;;;20167;2A006;"41.9825 , 8.73611111111111";41°58'57''N 8°44'10''E;Projet approuvé
202679;BOUYGUES TELECOM;3102635;LTE 2100;;02A;2A006;4G;2026-03-19T15:15:24;02A2750261;23;15;27;STRIPPICCIA;Proche de San Benedetto;;;20167;2A006;"41.9825 , 8.73611111111111";41°58'57''N 8°44'10''E;Projet approuvé
202680;BOUYGUES TELECOM;3102635;LTE 2600;;02A;2A006;4G;2026-03-19T15:15:24;02A2750261;23;15;27;STRIPPICCIA;Proche de San Benedetto;;;20167;2A006;"41.9825 , 8.73611111111111";41°58'57''N 8°44'10''E;Projet approuvé
202681;BOUYGUES TELECOM;3102635;LTE 700;;02A;2A006;4G;2026-03-19T15:15:24;02A2750261;23;15;27;STRIPPICCIA;Proche de San Benedetto;;;20167;2A006;"41.9825 , 8.73611111111111";41°58'57''N 8°44'10''E;Projet approuvé
202682;BOUYGUES TELECOM;3102635;LTE 800;;02A;2A006;4G;2026-03-19T15:15:24;02A2750261;23;15;27;STRIPPICCIA;Proche de San Benedetto;;;20167;2A006;"41.9825 , 8.73611111111111";41°58'57''N 8°44'10''E;Projet approuvé
206184;BOUYGUES TELECOM;3140687;5G NR 3500;2025-07-10;02A;2A247;5G;2026-03-19T15:15:24;02A2750262;26;18;27;;26 bis  Quai Pascal Paoli;;;20137;2A247;"41.58833333333334 , 9.285833333333333";41°35'18''N 9°17'9''E;Techniquement opérationnel
206185;BOUYGUES TELECOM;3140687;LTE 1800;2025-07-10;02A;2A247;4G;2026-03-19T15:15:24;02A2750262;26;18;27;;26 bis  Quai Pascal Paoli;;;20137;2A247;"41.58833333333334 , 9.285833333333333";41°35'18''N 9°17'9''E;En service
206186;BOUYGUES TELECOM;3140687;LTE 2100;2025-07-10;02A;2A247;4G;2026-03-19T15:15:24;02A2750262;26;18;27;;26 bis  Quai Pascal Paoli;;;20137;2A247;"41.58833333333334 , 9.285833333333333";41°35'18''N 9°17'9''E;En service
206187;BOUYGUES TELECOM;3140687;LTE 2600;2025-07-10;02A;2A247;4G;2026-03-19T15:15:24;02A2750262;26;18;27;;26 bis  Quai Pascal Paoli;;;20137;2A247;"41.58833333333334 , 9.285833333333333";41°35'18''N 9°17'9''E;En service
206432;BOUYGUES TELECOM;3144502;LTE 700;2025-12-05;02A;2A104;4G;2026-03-19T15:15:24;02A2750266;23;21;27;Vincentaju;Chjassu di Vincentaju;;;20117;2A104;"41.924166666666665 , 8.861944444444443";41°55'27''N 8°51'43''E;En service
206433;BOUYGUES TELECOM;3144502;LTE 800;2025-12-05;02A;2A104;4G;2026-03-19T15:15:24;02A2750266;23;21;27;Vincentaju;Chjassu di Vincentaju;;;20117;2A104;"41.924166666666665 , 8.861944444444443";41°55'27''N 8°51'43''E;En service
206434;BOUYGUES TELECOM;3144502;UMTS 900;2025-12-05;02A;2A104;3G;2026-03-19T15:15:24;02A2750266;23;21;27;Vincentaju;Chjassu di Vincentaju;;;20117;2A104;"41.924166666666665 , 8.861944444444443";41°55'27''N 8°51'43''E;En service
208262;BOUYGUES TELECOM;3195747;5G NR 2100;;02A;2A092;5G;2026-03-19T15:15:24;02A2750267;23;42;72;MOZZICONACCIO;RT10;;;20135;2A092;"41.7575 , 9.399166666666666";41°45'27''N 9°23'57''E;Projet approuvé
208263;BOUYGUES TELECOM;3195747;LTE 1800;;02A;2A092;4G;2026-03-19T15:15:24;02A2750267;23;42;72;MOZZICONACCIO;RT10;;;20135;2A092;"41.7575 , 9.399166666666666";41°45'27''N 9°23'57''E;Projet approuvé
208264;BOUYGUES TELECOM;3195747;LTE 2100;;02A;2A092;4G;2026-03-19T15:15:24;02A2750267;23;42;72;MOZZICONACCIO;RT10;;;20135;2A092;"41.7575 , 9.399166666666666";41°45'27''N 9°23'57''E;Projet approuvé
208265;BOUYGUES TELECOM;3195747;LTE 2600;;02A;2A092;4G;2026-03-19T15:15:24;02A2750267;23;42;72;MOZZICONACCIO;RT10;;;20135;2A092;"41.7575 , 9.399166666666666";41°45'27''N 9°23'57''E;Projet approuvé
208266;BOUYGUES TELECOM;3195747;LTE 700;;02A;2A092;4G;2026-03-19T15:15:24;02A2750267;23;42;72;MOZZICONACCIO;RT10;;;20135;2A092;"41.7575 , 9.399166666666666";41°45'27''N 9°23'57''E;Projet approuvé
208267;BOUYGUES TELECOM;3195747;LTE 800;;02A;2A092;4G;2026-03-19T15:15:24;02A2750267;23;42;72;MOZZICONACCIO;RT10;;;20135;2A092;"41.7575 , 9.399166666666666";41°45'27''N 9°23'57''E;Projet approuvé
219544;FREE MOBILE;439451;5G NR 700;2021-12-17;02A;2A061;5G;2026-03-19T15:15:24;02A0990041;23;48;32;Col De Mela;Pylone TDF;;;20170;2A061;"41.66972222222222 , 9.184166666666666";41°40'11''N 9°11'3''E;Techniquement opérationnel
219545;FREE MOBILE;439451;LTE 1800;2017-04-10;02A;2A061;4G;2026-03-19T15:15:24;02A0990041;23;48;32;Col De Mela;Pylone TDF;;;20170;2A061;"41.66972222222222 , 9.184166666666666";41°40'11''N 9°11'3''E;En service
219546;FREE MOBILE;439451;LTE 2100;;02A;2A061;4G;2026-03-19T15:15:24;02A0990041;23;48;32;Col De Mela;Pylone TDF;;;20170;2A061;"41.66972222222222 , 9.184166666666666";41°40'11''N 9°11'3''E;Projet approuvé
219547;FREE MOBILE;439451;LTE 2600;2015-01-20;02A;2A061;4G;2026-03-19T15:15:24;02A0990041;23;48;32;Col De Mela;Pylone TDF;;;20170;2A061;"41.66972222222222 , 9.184166666666666";41°40'11''N 9°11'3''E;En service
219548;FREE MOBILE;439451;LTE 700;2018-02-12;02A;2A061;4G;2026-03-19T15:15:24;02A0990041;23;48;32;Col De Mela;Pylone TDF;;;20170;2A061;"41.66972222222222 , 9.184166666666666";41°40'11''N 9°11'3''E;En service
219549;FREE MOBILE;439451;LTE 900;2026-02-13;02A;2A061;4G;2026-03-19T15:15:24;02A0990041;23;48;32;Col De Mela;Pylone TDF;;;20170;2A061;"41.66972222222222 , 9.184166666666666";41°40'11''N 9°11'3''E;En service
220025;FREE MOBILE;440295;LTE 700;2020-05-11;02A;2A091;4G;2026-03-19T15:15:24;02A0990284;23;30;32;Fica Bianca;COL D'AGHIA;D 55;;20123;2A091;"41.83083333333334 , 8.87638888888889";41°49'51''N 8°52'35''E;En service
220026;FREE MOBILE;440295;UMTS 900;2017-09-29;02A;2A091;3G;2026-03-19T15:15:24;02A0990284;23;30;32;Fica Bianca;COL D'AGHIA;D 55;;20123;2A091;"41.83083333333334 , 8.87638888888889";41°49'51''N 8°52'35''E;En service
222886;FREE MOBILE;450868;5G NR 700;2020-12-15;02A;2A041;5G;2026-03-19T15:15:24;02A0990282;23;24;32;CHÂTEAU BALESI;PYLONE TDF;;;20169;2A041;"41.42194444444444 , 9.176944444444445";41°25'19''N 9°10'37''E;Techniquement opérationnel
222887;FREE MOBILE;450868;LTE 1800;2017-10-06;02A;2A041;4G;2026-03-19T15:15:24;02A0990282;23;24;32;CHÂTEAU BALESI;PYLONE TDF;;;20169;2A041;"41.42194444444444 , 9.176944444444445";41°25'19''N 9°10'37''E;En service
222888;FREE MOBILE;450868;LTE 2100;2024-05-13;02A;2A041;4G;2026-03-19T15:15:24;02A0990282;23;24;32;CHÂTEAU BALESI;PYLONE TDF;;;20169;2A041;"41.42194444444444 , 9.176944444444445";41°25'19''N 9°10'37''E;En service
222889;FREE MOBILE;450868;LTE 2600;2017-10-06;02A;2A041;4G;2026-03-19T15:15:24;02A0990282;23;24;32;CHÂTEAU BALESI;PYLONE TDF;;;20169;2A041;"41.42194444444444 , 9.176944444444445";41°25'19''N 9°10'37''E;En service
222890;FREE MOBILE;450868;LTE 700;2018-07-09;02A;2A041;4G;2026-03-19T15:15:24;02A0990282;23;24;32;CHÂTEAU BALESI;PYLONE TDF;;;20169;2A041;"41.42194444444444 , 9.176944444444445";41°25'19''N 9°10'37''E;En service
222891;FREE MOBILE;450868;LTE 900;2025-12-15;02A;2A041;4G;2026-03-19T15:15:24;02A0990282;23;24;32;CHÂTEAU BALESI;PYLONE TDF;;;20169;2A041;"41.42194444444444 , 9.176944444444445";41°25'19''N 9°10'37''E;En service
223434;FREE MOBILE;452940;5G NR 700;;02A;2A032;5G;2026-03-19T15:15:24;02A0990293;23;"11,5";65;A CELACCIA;;;;20129;2A032;"41.92611111111111 , 8.822222222222223";41°55'34''N 8°49'20''E;Projet approuvé
223435;FREE MOBILE;452940;LTE 1800;2022-03-31;02A;2A032;4G;2026-03-19T15:15:24;02A0990293;23;"11,5";65;A CELACCIA;;;;20129;2A032;"41.92611111111111 , 8.822222222222223";41°55'34''N 8°49'20''E;En service
223436;FREE MOBILE;452940;LTE 2100;;02A;2A032;4G;2026-03-19T15:15:24;02A0990293;23;"11,5";65;A CELACCIA;;;;20129;2A032;"41.92611111111111 , 8.822222222222223";41°55'34''N 8°49'20''E;Projet approuvé
223437;FREE MOBILE;452940;LTE 2600;2022-03-31;02A;2A032;4G;2026-03-19T15:15:24;02A0990293;23;"11,5";65;A CELACCIA;;;;20129;2A032;"41.92611111111111 , 8.822222222222223";41°55'34''N 8°49'20''E;En service
223438;FREE MOBILE;452940;LTE 700;2022-05-30;02A;2A032;4G;2026-03-19T15:15:24;02A0990293;23;"11,5";65;A CELACCIA;;;;20129;2A032;"41.92611111111111 , 8.822222222222223";41°55'34''N 8°49'20''E;En service
223439;FREE MOBILE;452940;LTE 900;2025-12-15;02A;2A032;4G;2026-03-19T15:15:24;02A0990293;23;"11,5";65;A CELACCIA;;;;20129;2A032;"41.92611111111111 , 8.822222222222223";41°55'34''N 8°49'20''E;En service
224035;FREE MOBILE;455116;LTE 700;2020-05-18;02A;2A131;4G;2026-03-19T15:15:24;02A0990285;23;"31,9";32;PIANELLO;PYLONE TDF GUAGNO;;;20160;2A131;"42.16611111111111 , 8.94138888888889";42°9'58''N 8°56'29''E;En service
224036;FREE MOBILE;455116;UMTS 900;2017-09-29;02A;2A131;3G;2026-03-19T15:15:24;02A0990285;23;"31,9";32;PIANELLO;PYLONE TDF GUAGNO;;;20160;2A131;"42.16611111111111 , 8.94138888888889";42°9'58''N 8°56'29''E;En service
224988;FREE MOBILE;459134;5G NR 3500;2025-11-27;02A;2A006;5G;2026-03-19T15:15:24;02A0990028;23;46;32;Punta Pozzo di Borgo;;;;20167;2A006;"41.95333333333333 , 8.700833333333332";41°57'12''N 8°42'3''E;Techniquement opérationnel
224989;FREE MOBILE;459134;5G NR 700;2020-12-15;02A;2A006;5G;2026-03-19T15:15:24;02A0990028;23;46;32;Punta Pozzo di Borgo;;;;20167;2A006;"41.95333333333333 , 8.700833333333332";41°57'12''N 8°42'3''E;Techniquement opérationnel
224990;FREE MOBILE;459134;LTE 1800;2016-12-05;02A;2A006;4G;2026-03-19T15:15:24;02A0990028;23;46;32;Punta Pozzo di Borgo;;;;20167;2A006;"41.95333333333333 , 8.700833333333332";41°57'12''N 8°42'3''E;En service
224991;FREE MOBILE;459134;LTE 2100;2023-07-24;02A;2A006;4G;2026-03-19T15:15:24;02A0990028;23;46;32;Punta Pozzo di Borgo;;;;20167;2A006;"41.95333333333333 , 8.700833333333332";41°57'12''N 8°42'3''E;En service
224992;FREE MOBILE;459134;LTE 2600;2015-01-05;02A;2A006;4G;2026-03-19T15:15:24;02A0990028;23;46;32;Punta Pozzo di Borgo;;;;20167;2A006;"41.95333333333333 , 8.700833333333332";41°57'12''N 8°42'3''E;En service
224993;FREE MOBILE;459134;LTE 700;2018-07-16;02A;2A006;4G;2026-03-19T15:15:24;02A0990028;23;46;32;Punta Pozzo di Borgo;;;;20167;2A006;"41.95333333333333 , 8.700833333333332";41°57'12''N 8°42'3''E;En service
224994;FREE MOBILE;459134;LTE 900;2026-02-13;02A;2A006;4G;2026-03-19T15:15:24;02A0990028;23;46;32;Punta Pozzo di Borgo;;;;20167;2A006;"41.95333333333333 , 8.700833333333332";41°57'12''N 8°42'3''E;En service
225549;FREE MOBILE;461776;5G NR 3500;2025-10-13;02A;2A247;5G;2026-03-19T15:15:24;02A0990030;23;"45,2";32;PUNTA DI VARRA;CHEM DU COL DE VERRA;;;20137;2A247;"41.59861111111111 , 9.317222222222222";41°35'55''N 9°19'2''E;Techniquement opérationnel
225550;FREE MOBILE;461776;5G NR 700;2020-12-15;02A;2A247;5G;2026-03-19T15:15:24;02A0990030;23;"45,2";32;PUNTA DI VARRA;CHEM DU COL DE VERRA;;;20137;2A247;"41.59861111111111 , 9.317222222222222";41°35'55''N 9°19'2''E;Techniquement opérationnel
225551;FREE MOBILE;461776;LTE 1800;2017-02-27;02A;2A247;4G;2026-03-19T15:15:24;02A0990030;23;"45,2";32;PUNTA DI VARRA;CHEM DU COL DE VERRA;;;20137;2A247;"41.59861111111111 , 9.317222222222222";41°35'55''N 9°19'2''E;En service
225552;FREE MOBILE;461776;LTE 2100;2022-01-27;02A;2A247;4G;2026-03-19T15:15:24;02A0990030;23;"45,2";32;PUNTA DI VARRA;CHEM DU COL DE VERRA;;;20137;2A247;"41.59861111111111 , 9.317222222222222";41°35'55''N 9°19'2''E;En service
225553;FREE MOBILE;461776;LTE 2600;2015-04-23;02A;2A247;4G;2026-03-19T15:15:24;02A0990030;23;"45,2";32;PUNTA DI VARRA;CHEM DU COL DE VERRA;;;20137;2A247;"41.59861111111111 , 9.317222222222222";41°35'55''N 9°19'2''E;En service
225554;FREE MOBILE;461776;LTE 700;2018-09-26;02A;2A247;4G;2026-03-19T15:15:24;02A0990030;23;"45,2";32;PUNTA DI VARRA;CHEM DU COL DE VERRA;;;20137;2A247;"41.59861111111111 , 9.317222222222222";41°35'55''N 9°19'2''E;En service
225555;FREE MOBILE;461776;LTE 900;2025-10-31;02A;2A247;4G;2026-03-19T15:15:24;02A0990030;23;"45,2";32;PUNTA DI VARRA;CHEM DU COL DE VERRA;;;20137;2A247;"41.59861111111111 , 9.317222222222222";41°35'55''N 9°19'2''E;En service
226452;FREE MOBILE;465377;LTE 700;2021-02-15;02A;2A119;4G;2026-03-19T15:15:24;02A0990274;23;48;32;COL DE GRANACE;;;;20157;2A119;"41.88916666666667 , 9.023888888888889";41°53'21''N 9°1'26''E;En service
226453;FREE MOBILE;465377;UMTS 900;2017-07-03;02A;2A119;3G;2026-03-19T15:15:24;02A0990274;23;48;32;COL DE GRANACE;;;;20157;2A119;"41.88916666666667 , 9.023888888888889";41°53'21''N 9°1'26''E;En service
227913;FREE MOBILE;472264;LTE 700;2020-02-17;02A;2A266;4G;2026-03-19T15:15:24;02A0990289;23;33;6;Col de Tartavello;D4;;;20121;2A266;"42.073888888888895 , 8.905833333333334";42°4'26''N 8°54'21''E;En service
227914;FREE MOBILE;472264;UMTS 900;2017-10-27;02A;2A266;3G;2026-03-19T15:15:24;02A0990289;23;33;6;Col de Tartavello;D4;;;20121;2A266;"42.073888888888895 , 8.905833333333334";42°4'26''N 8°54'21''E;En service
230053;FREE MOBILE;483499;5G NR 3500;2025-06-03;02A;2A065;5G;2026-03-19T15:15:24;02A0990046;23;13;32;Valle Longa;Station TDF de Cargese Longa;Près de la D 81;;20130;2A065;"42.163333333333334 , 8.596111111111112";42°9'48''N 8°35'46''E;Techniquement opérationnel
230054;FREE MOBILE;483499;5G NR 700;2021-07-16;02A;2A065;5G;2026-03-19T15:15:24;02A0990046;23;13;32;Valle Longa;Station TDF de Cargese Longa;Près de la D 81;;20130;2A065;"42.163333333333334 , 8.596111111111112";42°9'48''N 8°35'46''E;Techniquement opérationnel
230055;FREE MOBILE;483499;LTE 1800;2017-03-07;02A;2A065;4G;2026-03-19T15:15:24;02A0990046;23;13;32;Valle Longa;Station TDF de Cargese Longa;Près de la D 81;;20130;2A065;"42.163333333333334 , 8.596111111111112";42°9'48''N 8°35'46''E;En service
230056;FREE MOBILE;483499;LTE 2600;2015-08-04;02A;2A065;4G;2026-03-19T15:15:24;02A0990046;23;13;32;Valle Longa;Station TDF de Cargese Longa;Près de la D 81;;20130;2A065;"42.163333333333334 , 8.596111111111112";42°9'48''N 8°35'46''E;En service
230057;FREE MOBILE;483499;LTE 700;2018-02-12;02A;2A065;4G;2026-03-19T15:15:24;02A0990046;23;13;32;Valle Longa;Station TDF de Cargese Longa;Près de la D 81;;20130;2A065;"42.163333333333334 , 8.596111111111112";42°9'48''N 8°35'46''E;En service
230058;FREE MOBILE;483499;LTE 900;2025-12-16;02A;2A065;4G;2026-03-19T15:15:24;02A0990046;23;13;32;Valle Longa;Station TDF de Cargese Longa;Près de la D 81;;20130;2A065;"42.163333333333334 , 8.596111111111112";42°9'48''N 8°35'46''E;En service
230207;FREE MOBILE;484247;LTE 700;2020-06-25;02A;2A089;4G;2026-03-19T15:15:24;02A0990275;23;36;32;Piannello;;;;20134;2A089;"41.95194444444445 , 9.151111111111112";41°57'7''N 9°9'4''E;En service
230208;FREE MOBILE;484247;UMTS 900;2017-07-10;02A;2A089;3G;2026-03-19T15:15:24;02A0990275;23;36;32;Piannello;;;;20134;2A089;"41.95194444444445 , 9.151111111111112";41°57'7''N 9°9'4''E;En service
233070;FREE MOBILE;503583;5G NR 3500;2021-10-22;02A;2A004;5G;2026-03-19T15:15:24;02A0990051;38;52;9;;AV MARECHAL MONCEY;Résidence Les Palmiers;;20000;2A004;"41.93 , 8.73361111111111";41°55'48''N 8°44'1''E;Techniquement opérationnel
233071;FREE MOBILE;503583;5G NR 700;2020-12-15;02A;2A004;5G;2026-03-19T15:15:24;02A0990051;38;52;9;;AV MARECHAL MONCEY;Résidence Les Palmiers;;20000;2A004;"41.93 , 8.73361111111111";41°55'48''N 8°44'1''E;Techniquement opérationnel
233072;FREE MOBILE;503583;LTE 1800;2016-10-05;02A;2A004;4G;2026-03-19T15:15:24;02A0990051;38;52;9;;AV MARECHAL MONCEY;Résidence Les Palmiers;;20000;2A004;"41.93 , 8.73361111111111";41°55'48''N 8°44'1''E;En service
233073;FREE MOBILE;503583;LTE 2100;2023-08-07;02A;2A004;4G;2026-03-19T15:15:24;02A0990051;38;52;9;;AV MARECHAL MONCEY;Résidence Les Palmiers;;20000;2A004;"41.93 , 8.73361111111111";41°55'48''N 8°44'1''E;En service
233074;FREE MOBILE;503583;LTE 2600;2016-10-05;02A;2A004;4G;2026-03-19T15:15:24;02A0990051;38;52;9;;AV MARECHAL MONCEY;Résidence Les Palmiers;;20000;2A004;"41.93 , 8.73361111111111";41°55'48''N 8°44'1''E;En service
233075;FREE MOBILE;503583;LTE 700;2018-05-14;02A;2A004;4G;2026-03-19T15:15:24;02A0990051;38;52;9;;AV MARECHAL MONCEY;Résidence Les Palmiers;;20000;2A004;"41.93 , 8.73361111111111";41°55'48''N 8°44'1''E;En service
233076;FREE MOBILE;503583;LTE 900;2026-02-13;02A;2A004;4G;2026-03-19T15:15:24;02A0990051;38;52;9;;AV MARECHAL MONCEY;Résidence Les Palmiers;;20000;2A004;"41.93 , 8.73361111111111";41°55'48''N 8°44'1''E;En service
233077;FREE MOBILE;503598;5G NR 3500;2026-02-16;02A;2A004;5G;2026-03-19T15:15:24;02A0990392;17;"22,3";9;;RTE DES SANGUINAIRES;RES SANTA LINA;;20000;2A004;"41.91 , 8.682777777777778";41°54'36''N 8°40'58''E;Techniquement opérationnel
233078;FREE MOBILE;503598;5G NR 700;;02A;2A004;5G;2026-03-19T15:15:24;02A0990392;17;"22,3";9;;RTE DES SANGUINAIRES;RES SANTA LINA;;20000;2A004;"41.91 , 8.682777777777778";41°54'36''N 8°40'58''E;Projet approuvé
233079;FREE MOBILE;503598;LTE 1800;2026-02-16;02A;2A004;4G;2026-03-19T15:15:24;02A0990392;17;"22,3";9;;RTE DES SANGUINAIRES;RES SANTA LINA;;20000;2A004;"41.91 , 8.682777777777778";41°54'36''N 8°40'58''E;En service
233080;FREE MOBILE;503598;LTE 2100;2026-02-16;02A;2A004;4G;2026-03-19T15:15:24;02A0990392;17;"22,3";9;;RTE DES SANGUINAIRES;RES SANTA LINA;;20000;2A004;"41.91 , 8.682777777777778";41°54'36''N 8°40'58''E;En service
233081;FREE MOBILE;503598;LTE 2600;2026-02-16;02A;2A004;4G;2026-03-19T15:15:24;02A0990392;17;"22,3";9;;RTE DES SANGUINAIRES;RES SANTA LINA;;20000;2A004;"41.91 , 8.682777777777778";41°54'36''N 8°40'58''E;En service
233082;FREE MOBILE;503598;LTE 700;2026-02-16;02A;2A004;4G;2026-03-19T15:15:24;02A0990392;17;"22,3";9;;RTE DES SANGUINAIRES;RES SANTA LINA;;20000;2A004;"41.91 , 8.682777777777778";41°54'36''N 8°40'58''E;En service
233083;FREE MOBILE;503598;LTE 900;2026-02-16;02A;2A004;4G;2026-03-19T15:15:24;02A0990392;17;"22,3";9;;RTE DES SANGUINAIRES;RES SANTA LINA;;20000;2A004;"41.91 , 8.682777777777778";41°54'36''N 8°40'58''E;En service
233414;FREE MOBILE;505501;5G NR 3500;2025-06-03;02A;2A092;5G;2026-03-19T15:15:24;02A0990029;23;"33,4";32;Punta Di Calcina;RD 158;;;20135;2A092;"41.72 , 9.352222222222222";41°43'12''N 9°21'8''E;Techniquement opérationnel
233415;FREE MOBILE;505501;5G NR 700;2021-10-15;02A;2A092;5G;2026-03-19T15:15:24;02A0990029;23;"33,4";32;Punta Di Calcina;RD 158;;;20135;2A092;"41.72 , 9.352222222222222";41°43'12''N 9°21'8''E;Techniquement opérationnel
233416;FREE MOBILE;505501;LTE 1800;2017-02-28;02A;2A092;4G;2026-03-19T15:15:24;02A0990029;23;"33,4";32;Punta Di Calcina;RD 158;;;20135;2A092;"41.72 , 9.352222222222222";41°43'12''N 9°21'8''E;En service
233417;FREE MOBILE;505501;LTE 2100;2024-05-16;02A;2A092;4G;2026-03-19T15:15:24;02A0990029;23;"33,4";32;Punta Di Calcina;RD 158;;;20135;2A092;"41.72 , 9.352222222222222";41°43'12''N 9°21'8''E;En service
233418;FREE MOBILE;505501;LTE 2600;2015-03-03;02A;2A092;4G;2026-03-19T15:15:24;02A0990029;23;"33,4";32;Punta Di Calcina;RD 158;;;20135;2A092;"41.72 , 9.352222222222222";41°43'12''N 9°21'8''E;En service
233419;FREE MOBILE;505501;LTE 700;2018-05-28;02A;2A092;4G;2026-03-19T15:15:24;02A0990029;23;"33,4";32;Punta Di Calcina;RD 158;;;20135;2A092;"41.72 , 9.352222222222222";41°43'12''N 9°21'8''E;En service
233420;FREE MOBILE;505501;LTE 900;2025-08-11;02A;2A092;4G;2026-03-19T15:15:24;02A0990029;23;"33,4";32;Punta Di Calcina;RD 158;;;20135;2A092;"41.72 , 9.352222222222222";41°43'12''N 9°21'8''E;En service
233915;FREE MOBILE;508088;5G NR 700;2021-02-18;02A;2A269;5G;2026-03-19T15:15:24;02A0990307;23;21;68;PORT DE PLAISANCE;RN 196;;;20145;2A269;"41.85666666666667 , 9.40388888888889";41°51'24''N 9°24'14''E;Techniquement opérationnel
233916;FREE MOBILE;508088;LTE 1800;2019-05-29;02A;2A269;4G;2026-03-19T15:15:24;02A0990307;23;21;68;PORT DE PLAISANCE;RN 196;;;20145;2A269;"41.85666666666667 , 9.40388888888889";41°51'24''N 9°24'14''E;En service
233917;FREE MOBILE;508088;LTE 2100;2024-05-16;02A;2A269;4G;2026-03-19T15:15:24;02A0990307;23;21;68;PORT DE PLAISANCE;RN 196;;;20145;2A269;"41.85666666666667 , 9.40388888888889";41°51'24''N 9°24'14''E;En service
233918;FREE MOBILE;508088;LTE 2600;2019-05-29;02A;2A269;4G;2026-03-19T15:15:24;02A0990307;23;21;68;PORT DE PLAISANCE;RN 196;;;20145;2A269;"41.85666666666667 , 9.40388888888889";41°51'24''N 9°24'14''E;En service
233919;FREE MOBILE;508088;LTE 700;2019-10-14;02A;2A269;4G;2026-03-19T15:15:24;02A0990307;23;21;68;PORT DE PLAISANCE;RN 196;;;20145;2A269;"41.85666666666667 , 9.40388888888889";41°51'24''N 9°24'14''E;En service
233920;FREE MOBILE;508088;LTE 900;2025-12-15;02A;2A269;4G;2026-03-19T15:15:24;02A0990307;23;21;68;PORT DE PLAISANCE;RN 196;;;20145;2A269;"41.85666666666667 , 9.40388888888889";41°51'24''N 9°24'14''E;En service
233946;FREE MOBILE;508121;5G NR 700;2021-01-13;02A;2A130;5G;2026-03-19T15:15:24;02A0990304;23;20;74;COL ST GEORGES;;;;20128;2A130;"41.87694444444445 , 8.935555555555556";41°52'37''N 8°56'8''E;Techniquement opérationnel
233947;FREE MOBILE;508121;LTE 1800;2019-11-27;02A;2A130;4G;2026-03-19T15:15:24;02A0990304;23;20;74;COL ST GEORGES;;;;20128;2A130;"41.87694444444445 , 8.935555555555556";41°52'37''N 8°56'8''E;En service
233948;FREE MOBILE;508121;LTE 2100;2024-05-16;02A;2A130;4G;2026-03-19T15:15:24;02A0990304;23;20;74;COL ST GEORGES;;;;20128;2A130;"41.87694444444445 , 8.935555555555556";41°52'37''N 8°56'8''E;En service
233949;FREE MOBILE;508121;LTE 2600;2019-11-27;02A;2A130;4G;2026-03-19T15:15:24;02A0990304;23;20;74;COL ST GEORGES;;;;20128;2A130;"41.87694444444445 , 8.935555555555556";41°52'37''N 8°56'8''E;En service
233950;FREE MOBILE;508121;LTE 700;2019-12-09;02A;2A130;4G;2026-03-19T15:15:24;02A0990304;23;20;74;COL ST GEORGES;;;;20128;2A130;"41.87694444444445 , 8.935555555555556";41°52'37''N 8°56'8''E;En service
233951;FREE MOBILE;508121;LTE 900;2025-12-15;02A;2A130;4G;2026-03-19T15:15:24;02A0990304;23;20;74;COL ST GEORGES;;;;20128;2A130;"41.87694444444445 , 8.935555555555556";41°52'37''N 8°56'8''E;En service
234300;FREE MOBILE;509442;5G NR 700;2021-08-20;02A;2A071;5G;2026-03-19T15:15:24;02A0990113;23;31;32;Punta contra maggiore;Pylone TDF PILA CANALE;;;20140;2A071;"41.76222222222222 , 8.923888888888888";41°45'44''N 8°55'26''E;Techniquement opérationnel
234301;FREE MOBILE;509442;LTE 1800;2017-02-27;02A;2A071;4G;2026-03-19T15:15:24;02A0990113;23;31;32;Punta contra maggiore;Pylone TDF PILA CANALE;;;20140;2A071;"41.76222222222222 , 8.923888888888888";41°45'44''N 8°55'26''E;En service
234302;FREE MOBILE;509442;LTE 2100;2024-05-17;02A;2A071;4G;2026-03-19T15:15:24;02A0990113;23;31;32;Punta contra maggiore;Pylone TDF PILA CANALE;;;20140;2A071;"41.76222222222222 , 8.923888888888888";41°45'44''N 8°55'26''E;En service
234303;FREE MOBILE;509442;LTE 2600;2017-02-15;02A;2A071;4G;2026-03-19T15:15:24;02A0990113;23;31;32;Punta contra maggiore;Pylone TDF PILA CANALE;;;20140;2A071;"41.76222222222222 , 8.923888888888888";41°45'44''N 8°55'26''E;En service
234304;FREE MOBILE;509442;LTE 700;2018-07-09;02A;2A071;4G;2026-03-19T15:15:24;02A0990113;23;31;32;Punta contra maggiore;Pylone TDF PILA CANALE;;;20140;2A071;"41.76222222222222 , 8.923888888888888";41°45'44''N 8°55'26''E;En service
234305;FREE MOBILE;509442;LTE 900;2026-02-13;02A;2A071;4G;2026-03-19T15:15:24;02A0990113;23;31;32;Punta contra maggiore;Pylone TDF PILA CANALE;;;20140;2A071;"41.76222222222222 , 8.923888888888888";41°45'44''N 8°55'26''E;En service
234426;FREE MOBILE;510095;5G NR 700;2021-06-18;02A;2A212;5G;2026-03-19T15:15:24;02A0990125;23;43;32;MONTE SAN GHIABICU;PYLONE TDF;;;20115;2A212;"42.238055555555555 , 8.621111111111112";42°14'17''N 8°37'16''E;Techniquement opérationnel
234427;FREE MOBILE;510095;LTE 1800;2017-07-31;02A;2A212;4G;2026-03-19T15:15:24;02A0990125;23;43;32;MONTE SAN GHIABICU;PYLONE TDF;;;20115;2A212;"42.238055555555555 , 8.621111111111112";42°14'17''N 8°37'16''E;En service
234428;FREE MOBILE;510095;LTE 2100;2024-05-17;02A;2A212;4G;2026-03-19T15:15:24;02A0990125;23;43;32;MONTE SAN GHIABICU;PYLONE TDF;;;20115;2A212;"42.238055555555555 , 8.621111111111112";42°14'17''N 8°37'16''E;En service
234429;FREE MOBILE;510095;LTE 2600;2017-07-31;02A;2A212;4G;2026-03-19T15:15:24;02A0990125;23;43;32;MONTE SAN GHIABICU;PYLONE TDF;;;20115;2A212;"42.238055555555555 , 8.621111111111112";42°14'17''N 8°37'16''E;En service
234430;FREE MOBILE;510095;LTE 700;2018-04-23;02A;2A212;4G;2026-03-19T15:15:24;02A0990125;23;43;32;MONTE SAN GHIABICU;PYLONE TDF;;;20115;2A212;"42.238055555555555 , 8.621111111111112";42°14'17''N 8°37'16''E;En service
234431;FREE MOBILE;510095;LTE 900;2025-12-15;02A;2A212;4G;2026-03-19T15:15:24;02A0990125;23;43;32;MONTE SAN GHIABICU;PYLONE TDF;;;20115;2A212;"42.238055555555555 , 8.621111111111112";42°14'17''N 8°37'16''E;En service
234458;FREE MOBILE;510161;5G NR 3500;;02A;2A249;5G;2026-03-19T15:15:24;02A0990043;23;19;32;Turicciola;Près du réservoir;Pylone TDF;;20110;2A249;"41.66694444444444 , 8.908611111111112";41°40'1''N 8°54'31''E;Projet approuvé
234459;FREE MOBILE;510161;5G NR 700;2020-12-15;02A;2A249;5G;2026-03-19T15:15:24;02A0990043;23;19;32;Turicciola;Près du réservoir;Pylone TDF;;20110;2A249;"41.66694444444444 , 8.908611111111112";41°40'1''N 8°54'31''E;Techniquement opérationnel
234460;FREE MOBILE;510161;LTE 1800;2017-01-09;02A;2A249;4G;2026-03-19T15:15:24;02A0990043;23;19;32;Turicciola;Près du réservoir;Pylone TDF;;20110;2A249;"41.66694444444444 , 8.908611111111112";41°40'1''N 8°54'31''E;En service
234461;FREE MOBILE;510161;LTE 2100;2023-07-31;02A;2A249;4G;2026-03-19T15:15:24;02A0990043;23;19;32;Turicciola;Près du réservoir;Pylone TDF;;20110;2A249;"41.66694444444444 , 8.908611111111112";41°40'1''N 8°54'31''E;En service
234462;FREE MOBILE;510161;LTE 2600;2014-11-20;02A;2A249;4G;2026-03-19T15:15:24;02A0990043;23;19;32;Turicciola;Près du réservoir;Pylone TDF;;20110;2A249;"41.66694444444444 , 8.908611111111112";41°40'1''N 8°54'31''E;En service
234463;FREE MOBILE;510161;LTE 700;2018-05-28;02A;2A249;4G;2026-03-19T15:15:24;02A0990043;23;19;32;Turicciola;Près du réservoir;Pylone TDF;;20110;2A249;"41.66694444444444 , 8.908611111111112";41°40'1''N 8°54'31''E;En service
234464;FREE MOBILE;510161;LTE 900;2026-02-13;02A;2A249;4G;2026-03-19T15:15:24;02A0990043;23;19;32;Turicciola;Près du réservoir;Pylone TDF;;20110;2A249;"41.66694444444444 , 8.908611111111112";41°40'1''N 8°54'31''E;En service
234571;FREE MOBILE;510724;LTE 700;2019-12-03;02A;2A262;4G;2026-03-19T15:15:24;02A0990277;23;15;6;;Ch de Mona;;;20121;2A262;"42.126111111111115 , 8.865833333333333";42°7'34''N 8°51'57''E;En service
234572;FREE MOBILE;510724;UMTS 900;2017-07-10;02A;2A262;3G;2026-03-19T15:15:24;02A0990277;23;15;6;;Ch de Mona;;;20121;2A262;"42.126111111111115 , 8.865833333333333";42°7'34''N 8°51'57''E;En service
237455;FREE MOBILE;527318;5G NR 700;;02A;2A092;5G;2026-03-19T15:15:24;02A0990119;23;52;74;PUNTA DI TELICA;rd 168;;;20135;2A092;"41.73833333333334 , 9.3875";41°44'18''N 9°23'15''E;Projet approuvé
237456;FREE MOBILE;527318;LTE 1800;2022-02-28;02A;2A092;4G;2026-03-19T15:15:24;02A0990119;23;52;74;PUNTA DI TELICA;rd 168;;;20135;2A092;"41.73833333333334 , 9.3875";41°44'18''N 9°23'15''E;En service
237457;FREE MOBILE;527318;LTE 2100;;02A;2A092;4G;2026-03-19T15:15:24;02A0990119;23;52;74;PUNTA DI TELICA;rd 168;;;20135;2A092;"41.73833333333334 , 9.3875";41°44'18''N 9°23'15''E;Projet approuvé
237458;FREE MOBILE;527318;LTE 2600;2022-02-28;02A;2A092;4G;2026-03-19T15:15:24;02A0990119;23;52;74;PUNTA DI TELICA;rd 168;;;20135;2A092;"41.73833333333334 , 9.3875";41°44'18''N 9°23'15''E;En service
237459;FREE MOBILE;527318;LTE 700;2022-05-02;02A;2A092;4G;2026-03-19T15:15:24;02A0990119;23;52;74;PUNTA DI TELICA;rd 168;;;20135;2A092;"41.73833333333334 , 9.3875";41°44'18''N 9°23'15''E;En service
237460;FREE MOBILE;527318;LTE 900;2025-12-15;02A;2A092;4G;2026-03-19T15:15:24;02A0990119;23;52;74;PUNTA DI TELICA;rd 168;;;20135;2A092;"41.73833333333334 , 9.3875";41°44'18''N 9°23'15''E;En service
237536;FREE MOBILE;527817;5G NR 700;2020-12-15;02A;2A272;5G;2026-03-19T15:15:24;02A0990129;23;50;32;Punta Di Valanincu;Station TDF de Figari;Serraggia;;20100;2A272;"41.51222222222222 , 8.976666666666667";41°30'44''N 8°58'36''E;Techniquement opérationnel
237537;FREE MOBILE;527817;LTE 1800;2019-05-29;02A;2A272;4G;2026-03-19T15:15:24;02A0990129;23;50;32;Punta Di Valanincu;Station TDF de Figari;Serraggia;;20100;2A272;"41.51222222222222 , 8.976666666666667";41°30'44''N 8°58'36''E;En service
237538;FREE MOBILE;527817;LTE 2100;2024-05-16;02A;2A272;4G;2026-03-19T15:15:24;02A0990129;23;50;32;Punta Di Valanincu;Station TDF de Figari;Serraggia;;20100;2A272;"41.51222222222222 , 8.976666666666667";41°30'44''N 8°58'36''E;En service
237539;FREE MOBILE;527817;LTE 2600;2019-05-29;02A;2A272;4G;2026-03-19T15:15:24;02A0990129;23;50;32;Punta Di Valanincu;Station TDF de Figari;Serraggia;;20100;2A272;"41.51222222222222 , 8.976666666666667";41°30'44''N 8°58'36''E;En service
237540;FREE MOBILE;527817;LTE 700;2020-03-23;02A;2A272;4G;2026-03-19T15:15:24;02A0990129;23;50;32;Punta Di Valanincu;Station TDF de Figari;Serraggia;;20100;2A272;"41.51222222222222 , 8.976666666666667";41°30'44''N 8°58'36''E;En service
237541;FREE MOBILE;527817;LTE 900;2025-12-15;02A;2A272;4G;2026-03-19T15:15:24;02A0990129;23;50;32;Punta Di Valanincu;Station TDF de Figari;Serraggia;;20100;2A272;"41.51222222222222 , 8.976666666666667";41°30'44''N 8°58'36''E;En service
237542;FREE MOBILE;527824;5G NR 3500;2025-08-05;02A;2A065;5G;2026-03-19T15:15:24;02A0990027;23;31;32;PUNTIGLIONE;LOT OUEST;;;20130;2A065;"42.13388888888889 , 8.590833333333334";42°8'2''N 8°35'27''E;Techniquement opérationnel
237543;FREE MOBILE;527824;5G NR 700;2021-09-17;02A;2A065;5G;2026-03-19T15:15:24;02A0990027;23;31;32;PUNTIGLIONE;LOT OUEST;;;20130;2A065;"42.13388888888889 , 8.590833333333334";42°8'2''N 8°35'27''E;Techniquement opérationnel
237544;FREE MOBILE;527824;LTE 1800;2019-09-23;02A;2A065;4G;2026-03-19T15:15:24;02A0990027;23;31;32;PUNTIGLIONE;LOT OUEST;;;20130;2A065;"42.13388888888889 , 8.590833333333334";42°8'2''N 8°35'27''E;En service
237545;FREE MOBILE;527824;LTE 2100;2024-05-13;02A;2A065;4G;2026-03-19T15:15:24;02A0990027;23;31;32;PUNTIGLIONE;LOT OUEST;;;20130;2A065;"42.13388888888889 , 8.590833333333334";42°8'2''N 8°35'27''E;En service
237546;FREE MOBILE;527824;LTE 2600;2015-02-25;02A;2A065;4G;2026-03-19T15:15:24;02A0990027;23;31;32;PUNTIGLIONE;LOT OUEST;;;20130;2A065;"42.13388888888889 , 8.590833333333334";42°8'2''N 8°35'27''E;En service
237547;FREE MOBILE;527824;LTE 700;2019-09-30;02A;2A065;4G;2026-03-19T15:15:24;02A0990027;23;31;32;PUNTIGLIONE;LOT OUEST;;;20130;2A065;"42.13388888888889 , 8.590833333333334";42°8'2''N 8°35'27''E;En service
237548;FREE MOBILE;527824;LTE 900;2026-02-13;02A;2A065;4G;2026-03-19T15:15:24;02A0990027;23;31;32;PUNTIGLIONE;LOT OUEST;;;20130;2A065;"42.13388888888889 , 8.590833333333334";42°8'2''N 8°35'27''E;En service
237625;FREE MOBILE;528851;5G NR 700;2021-06-04;02A;2A040;5G;2026-03-19T15:15:24;02A0990122;23;31;32;Col de Vizzavona;;;;20136;2A040;"42.10944444444445 , 9.114722222222222";42°6'34''N 9°6'53''E;Techniquement opérationnel
237626;FREE MOBILE;528851;LTE 1800;2017-07-10;02A;2A040;4G;2026-03-19T15:15:24;02A0990122;23;31;32;Col de Vizzavona;;;;20136;2A040;"42.10944444444445 , 9.114722222222222";42°6'34''N 9°6'53''E;En service
237627;FREE MOBILE;528851;LTE 2100;2024-05-13;02A;2A040;4G;2026-03-19T15:15:24;02A0990122;23;31;32;Col de Vizzavona;;;;20136;2A040;"42.10944444444445 , 9.114722222222222";42°6'34''N 9°6'53''E;En service
237628;FREE MOBILE;528851;LTE 2600;2017-07-10;02A;2A040;4G;2026-03-19T15:15:24;02A0990122;23;31;32;Col de Vizzavona;;;;20136;2A040;"42.10944444444445 , 9.114722222222222";42°6'34''N 9°6'53''E;En service
237629;FREE MOBILE;528851;LTE 700;2018-02-12;02A;2A040;4G;2026-03-19T15:15:24;02A0990122;23;31;32;Col de Vizzavona;;;;20136;2A040;"42.10944444444445 , 9.114722222222222";42°6'34''N 9°6'53''E;En service
237630;FREE MOBILE;528851;LTE 900;2025-12-15;02A;2A040;4G;2026-03-19T15:15:24;02A0990122;23;31;32;Col de Vizzavona;;;;20136;2A040;"42.10944444444445 , 9.114722222222222";42°6'34''N 9°6'53''E;En service
238805;FREE MOBILE;536956;5G NR 3500;2021-12-23;02A;2A247;5G;2026-03-19T15:15:24;02A0990048;38;23;9;;R MARECHAL JUIN-IMM LE SPHINX;;;20137;2A247;"41.58722222222222 , 9.276111111111112";41°35'14''N 9°16'34''E;Techniquement opérationnel
238806;FREE MOBILE;536956;5G NR 700;2020-12-15;02A;2A247;5G;2026-03-19T15:15:24;02A0990048;38;23;9;;R MARECHAL JUIN-IMM LE SPHINX;;;20137;2A247;"41.58722222222222 , 9.276111111111112";41°35'14''N 9°16'34''E;Techniquement opérationnel
238807;FREE MOBILE;536956;LTE 1800;2016-05-26;02A;2A247;4G;2026-03-19T15:15:24;02A0990048;38;23;9;;R MARECHAL JUIN-IMM LE SPHINX;;;20137;2A247;"41.58722222222222 , 9.276111111111112";41°35'14''N 9°16'34''E;En service
238808;FREE MOBILE;536956;LTE 2100;2023-09-11;02A;2A247;4G;2026-03-19T15:15:24;02A0990048;38;23;9;;R MARECHAL JUIN-IMM LE SPHINX;;;20137;2A247;"41.58722222222222 , 9.276111111111112";41°35'14''N 9°16'34''E;En service
238809;FREE MOBILE;536956;LTE 2600;2015-10-19;02A;2A247;4G;2026-03-19T15:15:24;02A0990048;38;23;9;;R MARECHAL JUIN-IMM LE SPHINX;;;20137;2A247;"41.58722222222222 , 9.276111111111112";41°35'14''N 9°16'34''E;En service
238810;FREE MOBILE;536956;LTE 700;2018-07-09;02A;2A247;4G;2026-03-19T15:15:24;02A0990048;38;23;9;;R MARECHAL JUIN-IMM LE SPHINX;;;20137;2A247;"41.58722222222222 , 9.276111111111112";41°35'14''N 9°16'34''E;En service
238811;FREE MOBILE;536956;LTE 900;2025-09-22;02A;2A247;4G;2026-03-19T15:15:24;02A0990048;38;23;9;;R MARECHAL JUIN-IMM LE SPHINX;;;20137;2A247;"41.58722222222222 , 9.276111111111112";41°35'14''N 9°16'34''E;En service
239731;FREE MOBILE;545920;5G NR 700;2021-05-21;02A;2A345;5G;2026-03-19T15:15:24;02A0990123;23;44;32;Bocca di Tartavellu;;;;20172;2A345;"42.07222222222222 , 8.907222222222222";42°4'20''N 8°54'26''E;Techniquement opérationnel
239732;FREE MOBILE;545920;LTE 1800;2017-07-11;02A;2A345;4G;2026-03-19T15:15:24;02A0990123;23;44;32;Bocca di Tartavellu;;;;20172;2A345;"42.07222222222222 , 8.907222222222222";42°4'20''N 8°54'26''E;En service
239733;FREE MOBILE;545920;LTE 2100;2024-05-13;02A;2A345;4G;2026-03-19T15:15:24;02A0990123;23;44;32;Bocca di Tartavellu;;;;20172;2A345;"42.07222222222222 , 8.907222222222222";42°4'20''N 8°54'26''E;En service
239734;FREE MOBILE;545920;LTE 2600;2017-07-11;02A;2A345;4G;2026-03-19T15:15:24;02A0990123;23;44;32;Bocca di Tartavellu;;;;20172;2A345;"42.07222222222222 , 8.907222222222222";42°4'20''N 8°54'26''E;En service
239735;FREE MOBILE;545920;LTE 700;2018-07-09;02A;2A345;4G;2026-03-19T15:15:24;02A0990123;23;44;32;Bocca di Tartavellu;;;;20172;2A345;"42.07222222222222 , 8.907222222222222";42°4'20''N 8°54'26''E;En service
239736;FREE MOBILE;545920;LTE 900;2025-12-15;02A;2A345;4G;2026-03-19T15:15:24;02A0990123;23;44;32;Bocca di Tartavellu;;;;20172;2A345;"42.07222222222222 , 8.907222222222222";42°4'20''N 8°54'26''E;En service
241483;FREE MOBILE;562531;5G NR 700;;02A;2A031;5G;2026-03-19T15:15:24;02A0990333;23;15;74;Castagneto;Ancien Chem de Bastelica à Bocognano;;;20119;2A031;"42.00361111111111 , 9.049722222222222";42°0'13''N 9°2'59''E;Projet approuvé
241484;FREE MOBILE;562531;LTE 1800;;02A;2A031;4G;2026-03-19T15:15:24;02A0990333;23;15;74;Castagneto;Ancien Chem de Bastelica à Bocognano;;;20119;2A031;"42.00361111111111 , 9.049722222222222";42°0'13''N 9°2'59''E;Projet approuvé
241485;FREE MOBILE;562531;LTE 2100;;02A;2A031;4G;2026-03-19T15:15:24;02A0990333;23;15;74;Castagneto;Ancien Chem de Bastelica à Bocognano;;;20119;2A031;"42.00361111111111 , 9.049722222222222";42°0'13''N 9°2'59''E;Projet approuvé
241486;FREE MOBILE;562531;LTE 2600;;02A;2A031;4G;2026-03-19T15:15:24;02A0990333;23;15;74;Castagneto;Ancien Chem de Bastelica à Bocognano;;;20119;2A031;"42.00361111111111 , 9.049722222222222";42°0'13''N 9°2'59''E;Projet approuvé
241487;FREE MOBILE;562531;LTE 700;;02A;2A031;4G;2026-03-19T15:15:24;02A0990333;23;15;74;Castagneto;Ancien Chem de Bastelica à Bocognano;;;20119;2A031;"42.00361111111111 , 9.049722222222222";42°0'13''N 9°2'59''E;Projet approuvé
241488;FREE MOBILE;562531;LTE 900;;02A;2A031;4G;2026-03-19T15:15:24;02A0990333;23;15;74;Castagneto;Ancien Chem de Bastelica à Bocognano;;;20119;2A031;"42.00361111111111 , 9.049722222222222";42°0'13''N 9°2'59''E;Projet approuvé
242169;FREE MOBILE;573189;5G NR 700;;02A;2A269;5G;2026-03-19T15:15:24;02A0990128;23;27;72;Monticello;Pylône SFR;;;20145;2A269;"41.83277777777778 , 9.370555555555557";41°49'58''N 9°22'14''E;Projet approuvé
242170;FREE MOBILE;573189;LTE 1800;2022-01-31;02A;2A269;4G;2026-03-19T15:15:24;02A0990128;23;27;72;Monticello;Pylône SFR;;;20145;2A269;"41.83277777777778 , 9.370555555555557";41°49'58''N 9°22'14''E;En service
242171;FREE MOBILE;573189;LTE 2100;;02A;2A269;4G;2026-03-19T15:15:24;02A0990128;23;27;72;Monticello;Pylône SFR;;;20145;2A269;"41.83277777777778 , 9.370555555555557";41°49'58''N 9°22'14''E;Projet approuvé
242172;FREE MOBILE;573189;LTE 2600;2022-01-31;02A;2A269;4G;2026-03-19T15:15:24;02A0990128;23;27;72;Monticello;Pylône SFR;;;20145;2A269;"41.83277777777778 , 9.370555555555557";41°49'58''N 9°22'14''E;En service
242173;FREE MOBILE;573189;LTE 700;2022-02-14;02A;2A269;4G;2026-03-19T15:15:24;02A0990128;23;27;72;Monticello;Pylône SFR;;;20145;2A269;"41.83277777777778 , 9.370555555555557";41°49'58''N 9°22'14''E;En service
242174;FREE MOBILE;573189;LTE 900;2025-12-15;02A;2A269;4G;2026-03-19T15:15:24;02A0990128;23;27;72;Monticello;Pylône SFR;;;20145;2A269;"41.83277777777778 , 9.370555555555557";41°49'58''N 9°22'14''E;En service
243916;FREE MOBILE;592323;5G NR 700;2021-01-13;02A;2A041;5G;2026-03-19T15:15:24;02A0990003;19;7;32;;pl grandval;Bastion de l'Etendard;;20169;2A041;"41.38777777777778 , 9.160555555555556";41°23'16''N 9°9'38''E;Techniquement opérationnel
243917;FREE MOBILE;592323;LTE 1800;2016-06-28;02A;2A041;4G;2026-03-19T15:15:24;02A0990003;19;7;32;;pl grandval;Bastion de l'Etendard;;20169;2A041;"41.38777777777778 , 9.160555555555556";41°23'16''N 9°9'38''E;En service
243918;FREE MOBILE;592323;LTE 2100;2024-05-13;02A;2A041;4G;2026-03-19T15:15:24;02A0990003;19;7;32;;pl grandval;Bastion de l'Etendard;;20169;2A041;"41.38777777777778 , 9.160555555555556";41°23'16''N 9°9'38''E;En service
243919;FREE MOBILE;592323;LTE 2600;2015-10-19;02A;2A041;4G;2026-03-19T15:15:24;02A0990003;19;7;32;;pl grandval;Bastion de l'Etendard;;20169;2A041;"41.38777777777778 , 9.160555555555556";41°23'16''N 9°9'38''E;En service
243920;FREE MOBILE;592323;LTE 700;2018-06-25;02A;2A041;4G;2026-03-19T15:15:24;02A0990003;19;7;32;;pl grandval;Bastion de l'Etendard;;20169;2A041;"41.38777777777778 , 9.160555555555556";41°23'16''N 9°9'38''E;En service
243921;FREE MOBILE;592323;LTE 900;2025-09-08;02A;2A041;4G;2026-03-19T15:15:24;02A0990003;19;7;32;;pl grandval;Bastion de l'Etendard;;20169;2A041;"41.38777777777778 , 9.160555555555556";41°23'16''N 9°9'38''E;En service
244203;FREE MOBILE;595159;LTE 700;2020-07-27;02A;2A200;4G;2026-03-19T15:15:24;02A0990273;48;33;32;;MAISON FORESTIERE DE ST ANTOINE;;;20134;2A200;"41.96388888888889 , 9.19111111111111";41°57'50''N 9°11'28''E;En service
244204;FREE MOBILE;595159;UMTS 900;2017-06-20;02A;2A200;3G;2026-03-19T15:15:24;02A0990273;48;33;32;;MAISON FORESTIERE DE ST ANTOINE;;;20134;2A200;"41.96388888888889 , 9.19111111111111";41°57'50''N 9°11'28''E;En service
247060;FREE MOBILE;629970;5G NR 700;2021-08-13;02A;2A041;5G;2026-03-19T15:15:24;02A0990049;23;27;65;SUARTONE;PRES DE LA RD158;;;20169;2A041;"41.48277777777778 , 9.24472222222222";41°28'58''N 9°14'41''E;Techniquement opérationnel
247061;FREE MOBILE;629970;LTE 1800;2018-05-28;02A;2A041;4G;2026-03-19T15:15:24;02A0990049;23;27;65;SUARTONE;PRES DE LA RD158;;;20169;2A041;"41.48277777777778 , 9.24472222222222";41°28'58''N 9°14'41''E;En service
247062;FREE MOBILE;629970;LTE 2100;2024-05-13;02A;2A041;4G;2026-03-19T15:15:24;02A0990049;23;27;65;SUARTONE;PRES DE LA RD158;;;20169;2A041;"41.48277777777778 , 9.24472222222222";41°28'58''N 9°14'41''E;En service
247063;FREE MOBILE;629970;LTE 2600;2017-11-15;02A;2A041;4G;2026-03-19T15:15:24;02A0990049;23;27;65;SUARTONE;PRES DE LA RD158;;;20169;2A041;"41.48277777777778 , 9.24472222222222";41°28'58''N 9°14'41''E;En service
247064;FREE MOBILE;629970;LTE 700;2018-06-18;02A;2A041;4G;2026-03-19T15:15:24;02A0990049;23;27;65;SUARTONE;PRES DE LA RD158;;;20169;2A041;"41.48277777777778 , 9.24472222222222";41°28'58''N 9°14'41''E;En service
247065;FREE MOBILE;629970;LTE 900;2026-02-13;02A;2A041;4G;2026-03-19T15:15:24;02A0990049;23;27;65;SUARTONE;PRES DE LA RD158;;;20169;2A041;"41.48277777777778 , 9.24472222222222";41°28'58''N 9°14'41''E;En service
248335;FREE MOBILE;650067;5G NR 700;2021-05-21;02A;2A028;5G;2026-03-19T15:15:24;02A0990116;26;40;32;Punta di Tragunatu;;;;20160;2A028;"42.17722222222222 , 8.793055555555556";42°10'38''N 8°47'35''E;Techniquement opérationnel
248336;FREE MOBILE;650067;LTE 1800;2017-07-11;02A;2A028;4G;2026-03-19T15:15:24;02A0990116;26;40;32;Punta di Tragunatu;;;;20160;2A028;"42.17722222222222 , 8.793055555555556";42°10'38''N 8°47'35''E;En service
248337;FREE MOBILE;650067;LTE 2100;2024-05-17;02A;2A028;4G;2026-03-19T15:15:24;02A0990116;26;40;32;Punta di Tragunatu;;;;20160;2A028;"42.17722222222222 , 8.793055555555556";42°10'38''N 8°47'35''E;En service
248338;FREE MOBILE;650067;LTE 2600;2017-07-11;02A;2A028;4G;2026-03-19T15:15:24;02A0990116;26;40;32;Punta di Tragunatu;;;;20160;2A028;"42.17722222222222 , 8.793055555555556";42°10'38''N 8°47'35''E;En service
248339;FREE MOBILE;650067;LTE 700;2018-04-23;02A;2A028;4G;2026-03-19T15:15:24;02A0990116;26;40;32;Punta di Tragunatu;;;;20160;2A028;"42.17722222222222 , 8.793055555555556";42°10'38''N 8°47'35''E;En service
248340;FREE MOBILE;650067;LTE 900;2026-02-13;02A;2A028;4G;2026-03-19T15:15:24;02A0990116;26;40;32;Punta di Tragunatu;;;;20160;2A028;"42.17722222222222 , 8.793055555555556";42°10'38''N 8°47'35''E;En service
249211;FREE MOBILE;664366;5G NR 700;2021-08-20;02A;2A308;5G;2026-03-19T15:15:24;02A0990317;23;24;32;Monte Piane Maggiore;Réemetteur TDF Ste Lucie de Tallano;;;20112;2A308;"41.69138888888889 , 9.065833333333334";41°41'29''N 9°3'57''E;Techniquement opérationnel
249212;FREE MOBILE;664366;LTE 1800;2019-12-20;02A;2A308;4G;2026-03-19T15:15:24;02A0990317;23;24;32;Monte Piane Maggiore;Réemetteur TDF Ste Lucie de Tallano;;;20112;2A308;"41.69138888888889 , 9.065833333333334";41°41'29''N 9°3'57''E;En service
249213;FREE MOBILE;664366;LTE 2100;2024-05-13;02A;2A308;4G;2026-03-19T15:15:24;02A0990317;23;24;32;Monte Piane Maggiore;Réemetteur TDF Ste Lucie de Tallano;;;20112;2A308;"41.69138888888889 , 9.065833333333334";41°41'29''N 9°3'57''E;En service
249214;FREE MOBILE;664366;LTE 2600;2019-12-20;02A;2A308;4G;2026-03-19T15:15:24;02A0990317;23;24;32;Monte Piane Maggiore;Réemetteur TDF Ste Lucie de Tallano;;;20112;2A308;"41.69138888888889 , 9.065833333333334";41°41'29''N 9°3'57''E;En service
249215;FREE MOBILE;664366;LTE 700;2019-12-30;02A;2A308;4G;2026-03-19T15:15:24;02A0990317;23;24;32;Monte Piane Maggiore;Réemetteur TDF Ste Lucie de Tallano;;;20112;2A308;"41.69138888888889 , 9.065833333333334";41°41'29''N 9°3'57''E;En service
249216;FREE MOBILE;664366;LTE 900;2025-12-15;02A;2A308;4G;2026-03-19T15:15:24;02A0990317;23;24;32;Monte Piane Maggiore;Réemetteur TDF Ste Lucie de Tallano;;;20112;2A308;"41.69138888888889 , 9.065833333333334";41°41'29''N 9°3'57''E;En service
249893;FREE MOBILE;674287;5G NR 700;2021-06-18;02A;2A247;5G;2026-03-19T15:15:24;02A0990291;17;"7,6";22;Cuncaccia;Rte de Palombaggia;;;20137;2A247;"41.56055555555555 , 9.318055555555555";41°33'38''N 9°19'5''E;Techniquement opérationnel
249894;FREE MOBILE;674287;LTE 1800;2021-05-28;02A;2A247;4G;2026-03-19T15:15:24;02A0990291;17;"7,6";22;Cuncaccia;Rte de Palombaggia;;;20137;2A247;"41.56055555555555 , 9.318055555555555";41°33'38''N 9°19'5''E;En service
249895;FREE MOBILE;674287;LTE 2100;2024-05-13;02A;2A247;4G;2026-03-19T15:15:24;02A0990291;17;"7,6";22;Cuncaccia;Rte de Palombaggia;;;20137;2A247;"41.56055555555555 , 9.318055555555555";41°33'38''N 9°19'5''E;En service
249896;FREE MOBILE;674287;LTE 2600;2021-05-28;02A;2A247;4G;2026-03-19T15:15:24;02A0990291;17;"7,6";22;Cuncaccia;Rte de Palombaggia;;;20137;2A247;"41.56055555555555 , 9.318055555555555";41°33'38''N 9°19'5''E;En service
249897;FREE MOBILE;674287;LTE 700;2021-05-31;02A;2A247;4G;2026-03-19T15:15:24;02A0990291;17;"7,6";22;Cuncaccia;Rte de Palombaggia;;;20137;2A247;"41.56055555555555 , 9.318055555555555";41°33'38''N 9°19'5''E;En service
249898;FREE MOBILE;674287;LTE 900;2025-12-15;02A;2A247;4G;2026-03-19T15:15:24;02A0990291;17;"7,6";22;Cuncaccia;Rte de Palombaggia;;;20137;2A247;"41.56055555555555 , 9.318055555555555";41°33'38''N 9°19'5''E;En service
252861;FREE MOBILE;714558;5G NR 700;2021-07-23;02A;2A198;5G;2026-03-19T15:15:24;02A0990311;23;33;32;Marine de Porto;Lenzana;Pylone TDF;;20150;2A198;"42.26916666666666 , 8.696666666666667";42°16'9''N 8°41'48''E;Techniquement opérationnel
252862;FREE MOBILE;714558;LTE 1800;2019-08-26;02A;2A198;4G;2026-03-19T15:15:24;02A0990311;23;33;32;Marine de Porto;Lenzana;Pylone TDF;;20150;2A198;"42.26916666666666 , 8.696666666666667";42°16'9''N 8°41'48''E;En service
252863;FREE MOBILE;714558;LTE 2100;2024-05-13;02A;2A198;4G;2026-03-19T15:15:24;02A0990311;23;33;32;Marine de Porto;Lenzana;Pylone TDF;;20150;2A198;"42.26916666666666 , 8.696666666666667";42°16'9''N 8°41'48''E;En service
252864;FREE MOBILE;714558;LTE 2600;2019-08-26;02A;2A198;4G;2026-03-19T15:15:24;02A0990311;23;33;32;Marine de Porto;Lenzana;Pylone TDF;;20150;2A198;"42.26916666666666 , 8.696666666666667";42°16'9''N 8°41'48''E;En service
252865;FREE MOBILE;714558;LTE 700;2019-09-02;02A;2A198;4G;2026-03-19T15:15:24;02A0990311;23;33;32;Marine de Porto;Lenzana;Pylone TDF;;20150;2A198;"42.26916666666666 , 8.696666666666667";42°16'9''N 8°41'48''E;En service
252866;FREE MOBILE;714558;LTE 900;2025-12-15;02A;2A198;4G;2026-03-19T15:15:24;02A0990311;23;33;32;Marine de Porto;Lenzana;Pylone TDF;;20150;2A198;"42.26916666666666 , 8.696666666666667";42°16'9''N 8°41'48''E;En service
255414;FREE MOBILE;754375;5G NR 700;2024-01-22;02A;2A360;5G;2026-03-19T15:15:24;02A0990117;23;"26,3";74;Pinia;N.196;;;20190;2A360;"41.83583333333333 , 8.964166666666666";41°50'9''N 8°57'51''E;Techniquement opérationnel
255415;FREE MOBILE;754375;LTE 1800;2023-09-29;02A;2A360;4G;2026-03-19T15:15:24;02A0990117;23;"26,3";74;Pinia;N.196;;;20190;2A360;"41.83583333333333 , 8.964166666666666";41°50'9''N 8°57'51''E;En service
255416;FREE MOBILE;754375;LTE 2100;2025-07-07;02A;2A360;4G;2026-03-19T15:15:24;02A0990117;23;"26,3";74;Pinia;N.196;;;20190;2A360;"41.83583333333333 , 8.964166666666666";41°50'9''N 8°57'51''E;En service
255417;FREE MOBILE;754375;LTE 2600;2023-09-29;02A;2A360;4G;2026-03-19T15:15:24;02A0990117;23;"26,3";74;Pinia;N.196;;;20190;2A360;"41.83583333333333 , 8.964166666666666";41°50'9''N 8°57'51''E;En service
255418;FREE MOBILE;754375;LTE 700;2023-09-29;02A;2A360;4G;2026-03-19T15:15:24;02A0990117;23;"26,3";74;Pinia;N.196;;;20190;2A360;"41.83583333333333 , 8.964166666666666";41°50'9''N 8°57'51''E;En service
255419;FREE MOBILE;754375;LTE 900;2025-09-22;02A;2A360;4G;2026-03-19T15:15:24;02A0990117;23;"26,3";74;Pinia;N.196;;;20190;2A360;"41.83583333333333 , 8.964166666666666";41°50'9''N 8°57'51''E;En service
257148;FREE MOBILE;774659;5G NR 700;;02A;2A272;5G;2026-03-19T15:15:24;02A0990319;23;16;74;Cacciabello;Hameau de Cacciabello;;;20100;2A272;"41.599722222222226 , 8.9275";41°35'59''N 8°55'39''E;Projet approuvé
257149;FREE MOBILE;774659;LTE 1800;2021-02-12;02A;2A272;4G;2026-03-19T15:15:24;02A0990319;23;16;74;Cacciabello;Hameau de Cacciabello;;;20100;2A272;"41.599722222222226 , 8.9275";41°35'59''N 8°55'39''E;En service
257150;FREE MOBILE;774659;LTE 2100;;02A;2A272;4G;2026-03-19T15:15:24;02A0990319;23;16;74;Cacciabello;Hameau de Cacciabello;;;20100;2A272;"41.599722222222226 , 8.9275";41°35'59''N 8°55'39''E;Projet approuvé
257151;FREE MOBILE;774659;LTE 2600;2021-02-12;02A;2A272;4G;2026-03-19T15:15:24;02A0990319;23;16;74;Cacciabello;Hameau de Cacciabello;;;20100;2A272;"41.599722222222226 , 8.9275";41°35'59''N 8°55'39''E;En service
257152;FREE MOBILE;774659;LTE 700;2021-02-26;02A;2A272;4G;2026-03-19T15:15:24;02A0990319;23;16;74;Cacciabello;Hameau de Cacciabello;;;20100;2A272;"41.599722222222226 , 8.9275";41°35'59''N 8°55'39''E;En service
257153;FREE MOBILE;774659;LTE 900;2025-12-15;02A;2A272;4G;2026-03-19T15:15:24;02A0990319;23;16;74;Cacciabello;Hameau de Cacciabello;;;20100;2A272;"41.599722222222226 , 8.9275";41°35'59''N 8°55'39''E;En service
257154;FREE MOBILE;774663;5G NR 700;2021-10-08;02A;2A359;5G;2026-03-19T15:15:24;02A0990295;23;42;32;CAVATELLO;STATION TDF;;;20132;2A359;"41.888333333333335 , 9.105277777777777";41°53'18''N 9°6'19''E;Techniquement opérationnel
257155;FREE MOBILE;774663;LTE 1800;2019-06-28;02A;2A359;4G;2026-03-19T15:15:24;02A0990295;23;42;32;CAVATELLO;STATION TDF;;;20132;2A359;"41.888333333333335 , 9.105277777777777";41°53'18''N 9°6'19''E;En service
257156;FREE MOBILE;774663;LTE 2100;2024-05-13;02A;2A359;4G;2026-03-19T15:15:24;02A0990295;23;42;32;CAVATELLO;STATION TDF;;;20132;2A359;"41.888333333333335 , 9.105277777777777";41°53'18''N 9°6'19''E;En service
257157;FREE MOBILE;774663;LTE 2600;2019-06-28;02A;2A359;4G;2026-03-19T15:15:24;02A0990295;23;42;32;CAVATELLO;STATION TDF;;;20132;2A359;"41.888333333333335 , 9.105277777777777";41°53'18''N 9°6'19''E;En service
257158;FREE MOBILE;774663;LTE 700;2020-03-23;02A;2A359;4G;2026-03-19T15:15:24;02A0990295;23;42;32;CAVATELLO;STATION TDF;;;20132;2A359;"41.888333333333335 , 9.105277777777777";41°53'18''N 9°6'19''E;En service
257159;FREE MOBILE;774663;LTE 900;2025-12-15;02A;2A359;4G;2026-03-19T15:15:24;02A0990295;23;42;32;CAVATELLO;STATION TDF;;;20132;2A359;"41.888333333333335 , 9.105277777777777";41°53'18''N 9°6'19''E;En service
257160;FREE MOBILE;774687;5G NR 3500;2021-12-23;02A;2A004;5G;2026-03-19T15:15:24;02A0990001;38;14;29;Le Ricanto;D.503/N.193 - Rte de Ricanto;;;20000;2A004;"41.928888888888885 , 8.771666666666668";41°55'44''N 8°46'18''E;Techniquement opérationnel
257161;FREE MOBILE;774687;5G NR 700;2020-12-15;02A;2A004;5G;2026-03-19T15:15:24;02A0990001;38;14;29;Le Ricanto;D.503/N.193 - Rte de Ricanto;;;20000;2A004;"41.928888888888885 , 8.771666666666668";41°55'44''N 8°46'18''E;Techniquement opérationnel
257162;FREE MOBILE;774687;LTE 1800;2016-05-26;02A;2A004;4G;2026-03-19T15:15:24;02A0990001;38;14;29;Le Ricanto;D.503/N.193 - Rte de Ricanto;;;20000;2A004;"41.928888888888885 , 8.771666666666668";41°55'44''N 8°46'18''E;En service
257163;FREE MOBILE;774687;LTE 2100;2024-05-13;02A;2A004;4G;2026-03-19T15:15:24;02A0990001;38;14;29;Le Ricanto;D.503/N.193 - Rte de Ricanto;;;20000;2A004;"41.928888888888885 , 8.771666666666668";41°55'44''N 8°46'18''E;En service
257164;FREE MOBILE;774687;LTE 2600;2014-04-15;02A;2A004;4G;2026-03-19T15:15:24;02A0990001;38;14;29;Le Ricanto;D.503/N.193 - Rte de Ricanto;;;20000;2A004;"41.928888888888885 , 8.771666666666668";41°55'44''N 8°46'18''E;En service
257165;FREE MOBILE;774687;LTE 700;2018-05-14;02A;2A004;4G;2026-03-19T15:15:24;02A0990001;38;14;29;Le Ricanto;D.503/N.193 - Rte de Ricanto;;;20000;2A004;"41.928888888888885 , 8.771666666666668";41°55'44''N 8°46'18''E;En service
257166;FREE MOBILE;774687;LTE 900;2025-09-08;02A;2A004;4G;2026-03-19T15:15:24;02A0990001;38;14;29;Le Ricanto;D.503/N.193 - Rte de Ricanto;;;20000;2A004;"41.928888888888885 , 8.771666666666668";41°55'44''N 8°46'18''E;En service
257188;FREE MOBILE;775275;5G NR 700;2021-10-08;02A;2A357;5G;2026-03-19T15:15:24;02A0990114;23;24;32;BOCA DI A TANA;;StationTDF;;20116;2A357;"41.763333333333335 , 9.042777777777777";41°45'48''N 9°2'34''E;Techniquement opérationnel
257189;FREE MOBILE;775275;LTE 1800;2016-12-12;02A;2A357;4G;2026-03-19T15:15:24;02A0990114;23;24;32;BOCA DI A TANA;;StationTDF;;20116;2A357;"41.763333333333335 , 9.042777777777777";41°45'48''N 9°2'34''E;En service
257190;FREE MOBILE;775275;LTE 2100;2024-05-13;02A;2A357;4G;2026-03-19T15:15:24;02A0990114;23;24;32;BOCA DI A TANA;;StationTDF;;20116;2A357;"41.763333333333335 , 9.042777777777777";41°45'48''N 9°2'34''E;En service
257191;FREE MOBILE;775275;LTE 2600;2016-12-12;02A;2A357;4G;2026-03-19T15:15:24;02A0990114;23;24;32;BOCA DI A TANA;;StationTDF;;20116;2A357;"41.763333333333335 , 9.042777777777777";41°45'48''N 9°2'34''E;En service
257192;FREE MOBILE;775275;LTE 700;2018-04-23;02A;2A357;4G;2026-03-19T15:15:24;02A0990114;23;24;32;BOCA DI A TANA;;StationTDF;;20116;2A357;"41.763333333333335 , 9.042777777777777";41°45'48''N 9°2'34''E;En service
257193;FREE MOBILE;775275;LTE 900;2026-02-13;02A;2A357;4G;2026-03-19T15:15:24;02A0990114;23;24;32;BOCA DI A TANA;;StationTDF;;20116;2A357;"41.763333333333335 , 9.042777777777777";41°45'48''N 9°2'34''E;En service
257235;FREE MOBILE;776434;5G NR 3500;;02A;2A004;5G;2026-03-19T15:15:24;02A0990004;17;17;32;;rte des milleli;Délégation TDF Corse;;20000;2A004;"41.94083333333333 , 8.728055555555555";41°56'27''N 8°43'41''E;Projet approuvé
257236;FREE MOBILE;776434;5G NR 700;2023-07-24;02A;2A004;5G;2026-03-19T15:15:24;02A0990004;17;17;32;;rte des milleli;Délégation TDF Corse;;20000;2A004;"41.94083333333333 , 8.728055555555555";41°56'27''N 8°43'41''E;Techniquement opérationnel
257237;FREE MOBILE;776434;LTE 1800;2016-06-07;02A;2A004;4G;2026-03-19T15:15:24;02A0990004;17;17;32;;rte des milleli;Délégation TDF Corse;;20000;2A004;"41.94083333333333 , 8.728055555555555";41°56'27''N 8°43'41''E;En service
257238;FREE MOBILE;776434;LTE 2100;2023-07-31;02A;2A004;4G;2026-03-19T15:15:24;02A0990004;17;17;32;;rte des milleli;Délégation TDF Corse;;20000;2A004;"41.94083333333333 , 8.728055555555555";41°56'27''N 8°43'41''E;En service
257239;FREE MOBILE;776434;LTE 2600;2015-03-16;02A;2A004;4G;2026-03-19T15:15:24;02A0990004;17;17;32;;rte des milleli;Délégation TDF Corse;;20000;2A004;"41.94083333333333 , 8.728055555555555";41°56'27''N 8°43'41''E;En service
257240;FREE MOBILE;776434;LTE 700;2018-05-07;02A;2A004;4G;2026-03-19T15:15:24;02A0990004;17;17;32;;rte des milleli;Délégation TDF Corse;;20000;2A004;"41.94083333333333 , 8.728055555555555";41°56'27''N 8°43'41''E;En service
257241;FREE MOBILE;776434;LTE 900;2025-09-22;02A;2A004;4G;2026-03-19T15:15:24;02A0990004;17;17;32;;rte des milleli;Délégation TDF Corse;;20000;2A004;"41.94083333333333 , 8.728055555555555";41°56'27''N 8°43'41''E;En service
257852;FREE MOBILE;785242;5G NR 700;2025-08-25;02A;2A211;5G;2026-03-19T15:15:24;02A0990130;23;20;74;Santa Barbara;;;;20140;2A211;"41.785555555555554 , 8.973333333333333";41°47'8''N 8°58'24''E;Techniquement opérationnel
257853;FREE MOBILE;785242;LTE 1800;2025-08-11;02A;2A211;4G;2026-03-19T15:15:24;02A0990130;23;20;74;Santa Barbara;;;;20140;2A211;"41.785555555555554 , 8.973333333333333";41°47'8''N 8°58'24''E;En service
257854;FREE MOBILE;785242;LTE 2100;;02A;2A211;4G;2026-03-19T15:15:24;02A0990130;23;20;74;Santa Barbara;;;;20140;2A211;"41.785555555555554 , 8.973333333333333";41°47'8''N 8°58'24''E;Projet approuvé
257855;FREE MOBILE;785242;LTE 2600;;02A;2A211;4G;2026-03-19T15:15:24;02A0990130;23;20;74;Santa Barbara;;;;20140;2A211;"41.785555555555554 , 8.973333333333333";41°47'8''N 8°58'24''E;Projet approuvé
257856;FREE MOBILE;785242;LTE 700;2025-08-18;02A;2A211;4G;2026-03-19T15:15:24;02A0990130;23;20;74;Santa Barbara;;;;20140;2A211;"41.785555555555554 , 8.973333333333333";41°47'8''N 8°58'24''E;En service
257857;FREE MOBILE;785242;LTE 900;2025-12-15;02A;2A211;4G;2026-03-19T15:15:24;02A0990130;23;20;74;Santa Barbara;;;;20140;2A211;"41.785555555555554 , 8.973333333333333";41°47'8''N 8°58'24''E;En service
261682;FREE MOBILE;829193;LTE 700;2020-06-25;02A;2A100;4G;2026-03-19T15:15:24;02A0990276;23;41;32;COL DE SEVI;TDF EVISA;;;20126;2A100;"42.22555555555556 , 8.82638888888889";42°13'32''N 8°49'35''E;En service
261683;FREE MOBILE;829193;UMTS 900;2017-07-10;02A;2A100;3G;2026-03-19T15:15:24;02A0990276;23;41;32;COL DE SEVI;TDF EVISA;;;20126;2A100;"42.22555555555556 , 8.82638888888889";42°13'32''N 8°49'35''E;En service
261684;FREE MOBILE;829202;5G NR 700;2021-08-20;02A;2A118;5G;2026-03-19T15:15:24;02A0990042;23;45;32;PUNTA SAVAZIGLIA;;;;20143;2A118;"41.68194444444444 , 8.9675";41°40'55''N 8°58'3''E;Techniquement opérationnel
261685;FREE MOBILE;829202;LTE 1800;2017-02-27;02A;2A118;4G;2026-03-19T15:15:24;02A0990042;23;45;32;PUNTA SAVAZIGLIA;;;;20143;2A118;"41.68194444444444 , 8.9675";41°40'55''N 8°58'3''E;En service
261686;FREE MOBILE;829202;LTE 2100;2024-05-13;02A;2A118;4G;2026-03-19T15:15:24;02A0990042;23;45;32;PUNTA SAVAZIGLIA;;;;20143;2A118;"41.68194444444444 , 8.9675";41°40'55''N 8°58'3''E;En service
261687;FREE MOBILE;829202;LTE 2600;2015-01-22;02A;2A118;4G;2026-03-19T15:15:24;02A0990042;23;45;32;PUNTA SAVAZIGLIA;;;;20143;2A118;"41.68194444444444 , 8.9675";41°40'55''N 8°58'3''E;En service
261688;FREE MOBILE;829202;LTE 700;2018-06-11;02A;2A118;4G;2026-03-19T15:15:24;02A0990042;23;45;32;PUNTA SAVAZIGLIA;;;;20143;2A118;"41.68194444444444 , 8.9675";41°40'55''N 8°58'3''E;En service
261689;FREE MOBILE;829202;LTE 900;2025-10-17;02A;2A118;4G;2026-03-19T15:15:24;02A0990042;23;45;32;PUNTA SAVAZIGLIA;;;;20143;2A118;"41.68194444444444 , 8.9675";41°40'55''N 8°58'3''E;En service
262668;FREE MOBILE;848803;LTE 700;;02A;2A098;4G;2026-03-19T15:15:24;02A0990315;26;"14,3";22;FORACCIO;TERRAIN BOYET;;;20138;2A098;"41.80555555555555 , 8.751666666666667";41°48'20''N 8°45'6''E;Projet approuvé
262669;FREE MOBILE;848803;LTE 900;;02A;2A098;4G;2026-03-19T15:15:24;02A0990315;26;"14,3";22;FORACCIO;TERRAIN BOYET;;;20138;2A098;"41.80555555555555 , 8.751666666666667";41°48'20''N 8°45'6''E;Projet approuvé
264972;FREE MOBILE;936255;5G NR 700;2021-09-10;02A;2A098;5G;2026-03-19T15:15:24;02A0990044;17;"20,7";32;;Punta Di Pincelli;;;20138;2A098;"41.76833333333333 , 8.765277777777778";41°46'6''N 8°45'55''E;Techniquement opérationnel
264973;FREE MOBILE;936255;LTE 1800;2016-12-21;02A;2A098;4G;2026-03-19T15:15:24;02A0990044;17;"20,7";32;;Punta Di Pincelli;;;20138;2A098;"41.76833333333333 , 8.765277777777778";41°46'6''N 8°45'55''E;En service
264974;FREE MOBILE;936255;LTE 2100;2024-05-13;02A;2A098;4G;2026-03-19T15:15:24;02A0990044;17;"20,7";32;;Punta Di Pincelli;;;20138;2A098;"41.76833333333333 , 8.765277777777778";41°46'6''N 8°45'55''E;En service
264977;FREE MOBILE;936255;LTE 900;2026-02-13;02A;2A098;4G;2026-03-19T15:15:24;02A0990044;17;"20,7";32;;Punta Di Pincelli;;;20138;2A098;"41.76833333333333 , 8.765277777777778";41°46'6''N 8°45'55''E;En service
262664;FREE MOBILE;848803;5G NR 700;;02A;2A098;5G;2026-03-19T15:15:24;02A0990315;26;"14,3";22;FORACCIO;TERRAIN BOYET;;;20138;2A098;"41.80555555555555 , 8.751666666666667";41°48'20''N 8°45'6''E;Projet approuvé
262665;FREE MOBILE;848803;LTE 1800;;02A;2A098;4G;2026-03-19T15:15:24;02A0990315;26;"14,3";22;FORACCIO;TERRAIN BOYET;;;20138;2A098;"41.80555555555555 , 8.751666666666667";41°48'20''N 8°45'6''E;Projet approuvé
262666;FREE MOBILE;848803;LTE 2100;;02A;2A098;4G;2026-03-19T15:15:24;02A0990315;26;"14,3";22;FORACCIO;TERRAIN BOYET;;;20138;2A098;"41.80555555555555 , 8.751666666666667";41°48'20''N 8°45'6''E;Projet approuvé
262667;FREE MOBILE;848803;LTE 2600;;02A;2A098;4G;2026-03-19T15:15:24;02A0990315;26;"14,3";22;FORACCIO;TERRAIN BOYET;;;20138;2A098;"41.80555555555555 , 8.751666666666667";41°48'20''N 8°45'6''E;Projet approuvé
264975;FREE MOBILE;936255;LTE 2600;2014-11-18;02A;2A098;4G;2026-03-19T15:15:24;02A0990044;17;"20,7";32;;Punta Di Pincelli;;;20138;2A098;"41.76833333333333 , 8.765277777777778";41°46'6''N 8°45'55''E;En service
264976;FREE MOBILE;936255;LTE 700;2018-04-23;02A;2A098;4G;2026-03-19T15:15:24;02A0990044;17;"20,7";32;;Punta Di Pincelli;;;20138;2A098;"41.76833333333333 , 8.765277777777778";41°46'6''N 8°45'55''E;En service
268341;FREE MOBILE;1293725;5G NR 3500;2025-10-17;02A;2A114;5G;2026-03-19T15:15:24;02A0990121;23;21;74;Crucella;Central téléphonique de FIGARI;;;20114;2A114;"41.48777777777778 , 9.125277777777779";41°29'16''N 9°7'31''E;Techniquement opérationnel
268342;FREE MOBILE;1293725;5G NR 700;2021-05-28;02A;2A114;5G;2026-03-19T15:15:24;02A0990121;23;21;74;Crucella;Central téléphonique de FIGARI;;;20114;2A114;"41.48777777777778 , 9.125277777777779";41°29'16''N 9°7'31''E;Techniquement opérationnel
268343;FREE MOBILE;1293725;LTE 1800;2019-04-04;02A;2A114;4G;2026-03-19T15:15:24;02A0990121;23;21;74;Crucella;Central téléphonique de FIGARI;;;20114;2A114;"41.48777777777778 , 9.125277777777779";41°29'16''N 9°7'31''E;En service
268344;FREE MOBILE;1293725;LTE 2100;2024-05-16;02A;2A114;4G;2026-03-19T15:15:24;02A0990121;23;21;74;Crucella;Central téléphonique de FIGARI;;;20114;2A114;"41.48777777777778 , 9.125277777777779";41°29'16''N 9°7'31''E;En service
268345;FREE MOBILE;1293725;LTE 2600;2019-04-04;02A;2A114;4G;2026-03-19T15:15:24;02A0990121;23;21;74;Crucella;Central téléphonique de FIGARI;;;20114;2A114;"41.48777777777778 , 9.125277777777779";41°29'16''N 9°7'31''E;En service
268346;FREE MOBILE;1293725;LTE 700;2019-04-15;02A;2A114;4G;2026-03-19T15:15:24;02A0990121;23;21;74;Crucella;Central téléphonique de FIGARI;;;20114;2A114;"41.48777777777778 , 9.125277777777779";41°29'16''N 9°7'31''E;En service
268347;FREE MOBILE;1293725;LTE 900;2025-12-15;02A;2A114;4G;2026-03-19T15:15:24;02A0990121;23;21;74;Crucella;Central téléphonique de FIGARI;;;20114;2A114;"41.48777777777778 , 9.125277777777779";41°29'16''N 9°7'31''E;En service
271216;FREE MOBILE;1405513;LTE 700;2021-06-21;02A;2A363;4G;2026-03-19T15:15:24;02A0990278;23;22;32;Cherchiaja;Chemin communal ;Réservoir d'eau;;20112;2A363;"41.715 , 9.070277777777777";41°42'54''N 9°4'13''E;En service
271217;FREE MOBILE;1405513;UMTS 900;2017-10-23;02A;2A363;3G;2026-03-19T15:15:24;02A0990278;23;22;32;Cherchiaja;Chemin communal ;Réservoir d'eau;;20112;2A363;"41.715 , 9.070277777777777";41°42'54''N 9°4'13''E;En service
275915;FREE MOBILE;1463977;5G NR 3500;2025-02-27;02A;2A271;5G;2026-03-19T15:15:24;02A0990309;23;"22,5";74;Colombina;Route des Vignes;;;20167;2A271;"41.967222222222226 , 8.810833333333335";41°58'2''N 8°48'39''E;Techniquement opérationnel
275916;FREE MOBILE;1463977;LTE 1800;2021-05-18;02A;2A271;4G;2026-03-19T15:15:24;02A0990309;23;"22,5";74;Colombina;Route des Vignes;;;20167;2A271;"41.967222222222226 , 8.810833333333335";41°58'2''N 8°48'39''E;En service
275917;FREE MOBILE;1463977;LTE 2100;2025-02-17;02A;2A271;4G;2026-03-19T15:15:24;02A0990309;23;"22,5";74;Colombina;Route des Vignes;;;20167;2A271;"41.967222222222226 , 8.810833333333335";41°58'2''N 8°48'39''E;En service
275918;FREE MOBILE;1463977;LTE 2600;2021-05-18;02A;2A271;4G;2026-03-19T15:15:24;02A0990309;23;"22,5";74;Colombina;Route des Vignes;;;20167;2A271;"41.967222222222226 , 8.810833333333335";41°58'2''N 8°48'39''E;En service
275919;FREE MOBILE;1463977;LTE 700;2021-05-17;02A;2A271;4G;2026-03-19T15:15:24;02A0990309;23;"22,5";74;Colombina;Route des Vignes;;;20167;2A271;"41.967222222222226 , 8.810833333333335";41°58'2''N 8°48'39''E;En service
275920;FREE MOBILE;1463977;LTE 900;2025-07-30;02A;2A271;4G;2026-03-19T15:15:24;02A0990309;23;"22,5";74;Colombina;Route des Vignes;;;20167;2A271;"41.967222222222226 , 8.810833333333335";41°58'2''N 8°48'39''E;En service
277614;FREE MOBILE;1479269;5G NR 3500;2023-03-27;02A;2A004;5G;2026-03-19T15:15:24;02A0990002;17;"44,2";9;;Rue des Cigales;;;20000;2A004;"41.93611111111111 , 8.75388888888889";41°56'10''N 8°45'14''E;Techniquement opérationnel
277615;FREE MOBILE;1479269;5G NR 700;2022-01-07;02A;2A004;5G;2026-03-19T15:15:24;02A0990002;17;"44,2";9;;Rue des Cigales;;;20000;2A004;"41.93611111111111 , 8.75388888888889";41°56'10''N 8°45'14''E;Techniquement opérationnel
277616;FREE MOBILE;1479269;LTE 1800;2016-06-07;02A;2A004;4G;2026-03-19T15:15:24;02A0990002;17;"44,2";9;;Rue des Cigales;;;20000;2A004;"41.93611111111111 , 8.75388888888889";41°56'10''N 8°45'14''E;En service
277617;FREE MOBILE;1479269;LTE 2100;;02A;2A004;4G;2026-03-19T15:15:24;02A0990002;17;"44,2";9;;Rue des Cigales;;;20000;2A004;"41.93611111111111 , 8.75388888888889";41°56'10''N 8°45'14''E;Projet approuvé
277618;FREE MOBILE;1479269;LTE 2600;2016-06-07;02A;2A004;4G;2026-03-19T15:15:24;02A0990002;17;"44,2";9;;Rue des Cigales;;;20000;2A004;"41.93611111111111 , 8.75388888888889";41°56'10''N 8°45'14''E;En service
277619;FREE MOBILE;1479269;LTE 700;2018-05-14;02A;2A004;4G;2026-03-19T15:15:24;02A0990002;17;"44,2";9;;Rue des Cigales;;;20000;2A004;"41.93611111111111 , 8.75388888888889";41°56'10''N 8°45'14''E;En service
277620;FREE MOBILE;1479269;LTE 900;2026-02-13;02A;2A004;4G;2026-03-19T15:15:24;02A0990002;17;"44,2";9;;Rue des Cigales;;;20000;2A004;"41.93611111111111 , 8.75388888888889";41°56'10''N 8°45'14''E;En service
280398;FREE MOBILE;1525151;5G NR 3500;2022-06-27;02A;2A004;5G;2026-03-19T15:15:24;02A0990045;38;"50,6";9;;Avenue du Marechal Juin;Res les Dahlias;;20000;2A004;"41.94027777777777 , 8.749722222222221";41°56'25''N 8°44'59''E;Techniquement opérationnel
280399;FREE MOBILE;1525151;5G NR 700;2021-11-19;02A;2A004;5G;2026-03-19T15:15:24;02A0990045;38;"50,6";9;;Avenue du Marechal Juin;Res les Dahlias;;20000;2A004;"41.94027777777777 , 8.749722222222221";41°56'25''N 8°44'59''E;Techniquement opérationnel
280400;FREE MOBILE;1525151;LTE 1800;2016-04-28;02A;2A004;4G;2026-03-19T15:15:24;02A0990045;38;"50,6";9;;Avenue du Marechal Juin;Res les Dahlias;;20000;2A004;"41.94027777777777 , 8.749722222222221";41°56'25''N 8°44'59''E;En service
280401;FREE MOBILE;1525151;LTE 2100;2023-07-31;02A;2A004;4G;2026-03-19T15:15:24;02A0990045;38;"50,6";9;;Avenue du Marechal Juin;Res les Dahlias;;20000;2A004;"41.94027777777777 , 8.749722222222221";41°56'25''N 8°44'59''E;En service
280402;FREE MOBILE;1525151;LTE 2600;2015-09-30;02A;2A004;4G;2026-03-19T15:15:24;02A0990045;38;"50,6";9;;Avenue du Marechal Juin;Res les Dahlias;;20000;2A004;"41.94027777777777 , 8.749722222222221";41°56'25''N 8°44'59''E;En service
280403;FREE MOBILE;1525151;LTE 700;2021-08-23;02A;2A004;4G;2026-03-19T15:15:24;02A0990045;38;"50,6";9;;Avenue du Marechal Juin;Res les Dahlias;;20000;2A004;"41.94027777777777 , 8.749722222222221";41°56'25''N 8°44'59''E;En service
280404;FREE MOBILE;1525151;LTE 900;2026-02-13;02A;2A004;4G;2026-03-19T15:15:24;02A0990045;38;"50,6";9;;Avenue du Marechal Juin;Res les Dahlias;;20000;2A004;"41.94027777777777 , 8.749722222222221";41°56'25''N 8°44'59''E;En service
281520;FREE MOBILE;1542705;5G NR 3500;2021-09-29;02A;2A004;5G;2026-03-19T15:15:24;02A0990047;38;27;9;;cours Napoleon;;;20000;2A004;"41.92111111111111 , 8.737222222222222";41°55'16''N 8°44'14''E;Techniquement opérationnel
281521;FREE MOBILE;1542705;5G NR 700;2020-12-15;02A;2A004;5G;2026-03-19T15:15:24;02A0990047;38;27;9;;cours Napoleon;;;20000;2A004;"41.92111111111111 , 8.737222222222222";41°55'16''N 8°44'14''E;Techniquement opérationnel
281522;FREE MOBILE;1542705;LTE 1800;2016-04-28;02A;2A004;4G;2026-03-19T15:15:24;02A0990047;38;27;9;;cours Napoleon;;;20000;2A004;"41.92111111111111 , 8.737222222222222";41°55'16''N 8°44'14''E;En service
281523;FREE MOBILE;1542705;LTE 2100;2023-10-16;02A;2A004;4G;2026-03-19T15:15:24;02A0990047;38;27;9;;cours Napoleon;;;20000;2A004;"41.92111111111111 , 8.737222222222222";41°55'16''N 8°44'14''E;En service
281524;FREE MOBILE;1542705;LTE 2600;2015-09-30;02A;2A004;4G;2026-03-19T15:15:24;02A0990047;38;27;9;;cours Napoleon;;;20000;2A004;"41.92111111111111 , 8.737222222222222";41°55'16''N 8°44'14''E;En service
281525;FREE MOBILE;1542705;LTE 700;2018-05-14;02A;2A004;4G;2026-03-19T15:15:24;02A0990047;38;27;9;;cours Napoleon;;;20000;2A004;"41.92111111111111 , 8.737222222222222";41°55'16''N 8°44'14''E;En service
281526;FREE MOBILE;1542705;LTE 900;2025-09-08;02A;2A004;4G;2026-03-19T15:15:24;02A0990047;38;27;9;;cours Napoleon;;;20000;2A004;"41.92111111111111 , 8.737222222222222";41°55'16''N 8°44'14''E;En service
286346;FREE MOBILE;1625380;5G NR 700;2023-11-30;02A;2A209;5G;2026-03-19T15:15:24;02A0990327;23;30;68;CHIOSU CUMMUNU;PLAINE DE PERI;RN 193;;20167;2A209;"42.00944444444445 , 8.878055555555555";42°0'34''N 8°52'41''E;Techniquement opérationnel
286347;FREE MOBILE;1625380;LTE 1800;2023-09-29;02A;2A209;4G;2026-03-19T15:15:24;02A0990327;23;30;68;CHIOSU CUMMUNU;PLAINE DE PERI;RN 193;;20167;2A209;"42.00944444444445 , 8.878055555555555";42°0'34''N 8°52'41''E;En service
286348;FREE MOBILE;1625380;LTE 2100;2024-01-08;02A;2A209;4G;2026-03-19T15:15:24;02A0990327;23;30;68;CHIOSU CUMMUNU;PLAINE DE PERI;RN 193;;20167;2A209;"42.00944444444445 , 8.878055555555555";42°0'34''N 8°52'41''E;En service
286349;FREE MOBILE;1625380;LTE 2600;2023-09-29;02A;2A209;4G;2026-03-19T15:15:24;02A0990327;23;30;68;CHIOSU CUMMUNU;PLAINE DE PERI;RN 193;;20167;2A209;"42.00944444444445 , 8.878055555555555";42°0'34''N 8°52'41''E;En service
286350;FREE MOBILE;1625380;LTE 700;2023-10-09;02A;2A209;4G;2026-03-19T15:15:24;02A0990327;23;30;68;CHIOSU CUMMUNU;PLAINE DE PERI;RN 193;;20167;2A209;"42.00944444444445 , 8.878055555555555";42°0'34''N 8°52'41''E;En service
286351;FREE MOBILE;1625380;LTE 900;2025-09-22;02A;2A209;4G;2026-03-19T15:15:24;02A0990327;23;30;68;CHIOSU CUMMUNU;PLAINE DE PERI;RN 193;;20167;2A209;"42.00944444444445 , 8.878055555555555";42°0'34''N 8°52'41''E;En service
286552;FREE MOBILE;1628055;5G NR 3500;2025-03-10;02A;2A004;5G;2026-03-19T15:15:24;02A0990365;17;27;14;;Hospice Eugenie;av Pascal Rossini;;20000;2A004;"41.915 , 8.729444444444445";41°54'54''N 8°43'46''E;Techniquement opérationnel
286553;FREE MOBILE;1628055;5G NR 700;2025-02-03;02A;2A004;5G;2026-03-19T15:15:24;02A0990365;17;27;14;;Hospice Eugenie;av Pascal Rossini;;20000;2A004;"41.915 , 8.729444444444445";41°54'54''N 8°43'46''E;Techniquement opérationnel
286554;FREE MOBILE;1628055;LTE 1800;2025-01-27;02A;2A004;4G;2026-03-19T15:15:24;02A0990365;17;27;14;;Hospice Eugenie;av Pascal Rossini;;20000;2A004;"41.915 , 8.729444444444445";41°54'54''N 8°43'46''E;En service
286555;FREE MOBILE;1628055;LTE 2100;2025-02-03;02A;2A004;4G;2026-03-19T15:15:24;02A0990365;17;27;14;;Hospice Eugenie;av Pascal Rossini;;20000;2A004;"41.915 , 8.729444444444445";41°54'54''N 8°43'46''E;En service
286556;FREE MOBILE;1628055;LTE 2600;2025-01-27;02A;2A004;4G;2026-03-19T15:15:24;02A0990365;17;27;14;;Hospice Eugenie;av Pascal Rossini;;20000;2A004;"41.915 , 8.729444444444445";41°54'54''N 8°43'46''E;En service
286557;FREE MOBILE;1628055;LTE 700;2025-01-27;02A;2A004;4G;2026-03-19T15:15:24;02A0990365;17;27;14;;Hospice Eugenie;av Pascal Rossini;;20000;2A004;"41.915 , 8.729444444444445";41°54'54''N 8°43'46''E;En service
286558;FREE MOBILE;1628055;LTE 900;2025-09-08;02A;2A004;4G;2026-03-19T15:15:24;02A0990365;17;27;14;;Hospice Eugenie;av Pascal Rossini;;20000;2A004;"41.915 , 8.729444444444445";41°54'54''N 8°43'46''E;En service
286921;FREE MOBILE;1632879;5G NR 700;;02A;2A004;5G;2026-03-19T15:15:24;02A0990111;26;14;74;Caniccio;rte des Sanguinaires;;;20000;2A004;"41.91027777777778 , 8.705";41°54'37''N 8°42'18''E;Projet approuvé
286922;FREE MOBILE;1632879;LTE 1800;2021-04-19;02A;2A004;4G;2026-03-19T15:15:24;02A0990111;26;14;74;Caniccio;rte des Sanguinaires;;;20000;2A004;"41.91027777777778 , 8.705";41°54'37''N 8°42'18''E;En service
286923;FREE MOBILE;1632879;LTE 2100;;02A;2A004;4G;2026-03-19T15:15:24;02A0990111;26;14;74;Caniccio;rte des Sanguinaires;;;20000;2A004;"41.91027777777778 , 8.705";41°54'37''N 8°42'18''E;Projet approuvé
286924;FREE MOBILE;1632879;LTE 2600;2018-07-06;02A;2A004;4G;2026-03-19T15:15:24;02A0990111;26;14;74;Caniccio;rte des Sanguinaires;;;20000;2A004;"41.91027777777778 , 8.705";41°54'37''N 8°42'18''E;En service
286925;FREE MOBILE;1632879;LTE 700;2021-04-26;02A;2A004;4G;2026-03-19T15:15:24;02A0990111;26;14;74;Caniccio;rte des Sanguinaires;;;20000;2A004;"41.91027777777778 , 8.705";41°54'37''N 8°42'18''E;En service
286926;FREE MOBILE;1632879;LTE 900;2026-02-13;02A;2A004;4G;2026-03-19T15:15:24;02A0990111;26;14;74;Caniccio;rte des Sanguinaires;;;20000;2A004;"41.91027777777778 , 8.705";41°54'37''N 8°42'18''E;En service
286927;FREE MOBILE;1632885;5G NR 700;2025-02-03;02A;2A004;5G;2026-03-19T15:15:24;02A0990126;23;18;72;Porcelone;CHEM DE RANOCHIETTO;PÉPINIÈRE DU BOIS FLEURI;;20000;2A004;"41.952222222222225 , 8.768611111111111";41°57'8''N 8°46'7''E;Techniquement opérationnel
286928;FREE MOBILE;1632885;LTE 1800;2025-01-20;02A;2A004;4G;2026-03-19T15:15:24;02A0990126;23;18;72;Porcelone;CHEM DE RANOCHIETTO;PÉPINIÈRE DU BOIS FLEURI;;20000;2A004;"41.952222222222225 , 8.768611111111111";41°57'8''N 8°46'7''E;En service
286929;FREE MOBILE;1632885;LTE 2100;2025-02-03;02A;2A004;4G;2026-03-19T15:15:24;02A0990126;23;18;72;Porcelone;CHEM DE RANOCHIETTO;PÉPINIÈRE DU BOIS FLEURI;;20000;2A004;"41.952222222222225 , 8.768611111111111";41°57'8''N 8°46'7''E;En service
286930;FREE MOBILE;1632885;LTE 2600;2024-10-25;02A;2A004;4G;2026-03-19T15:15:24;02A0990126;23;18;72;Porcelone;CHEM DE RANOCHIETTO;PÉPINIÈRE DU BOIS FLEURI;;20000;2A004;"41.952222222222225 , 8.768611111111111";41°57'8''N 8°46'7''E;En service
286931;FREE MOBILE;1632885;LTE 700;2025-01-20;02A;2A004;4G;2026-03-19T15:15:24;02A0990126;23;18;72;Porcelone;CHEM DE RANOCHIETTO;PÉPINIÈRE DU BOIS FLEURI;;20000;2A004;"41.952222222222225 , 8.768611111111111";41°57'8''N 8°46'7''E;En service
286932;FREE MOBILE;1632885;LTE 900;2025-08-11;02A;2A004;4G;2026-03-19T15:15:24;02A0990126;23;18;72;Porcelone;CHEM DE RANOCHIETTO;PÉPINIÈRE DU BOIS FLEURI;;20000;2A004;"41.952222222222225 , 8.768611111111111";41°57'8''N 8°46'7''E;En service
287072;FREE MOBILE;1635136;5G NR 700;2021-05-21;02A;2A040;5G;2026-03-19T15:15:24;02A0990112;23;30;32;Stollo;rte du Stade;Près du Cimetière de de la RN 193;;20136;2A040;"42.085 , 9.050277777777778";42°5'6''N 9°3'1''E;Techniquement opérationnel
287073;FREE MOBILE;1635136;LTE 1800;2017-07-11;02A;2A040;4G;2026-03-19T15:15:24;02A0990112;23;30;32;Stollo;rte du Stade;Près du Cimetière de de la RN 193;;20136;2A040;"42.085 , 9.050277777777778";42°5'6''N 9°3'1''E;En service
287074;FREE MOBILE;1635136;LTE 2100;2024-05-13;02A;2A040;4G;2026-03-19T15:15:24;02A0990112;23;30;32;Stollo;rte du Stade;Près du Cimetière de de la RN 193;;20136;2A040;"42.085 , 9.050277777777778";42°5'6''N 9°3'1''E;En service
287075;FREE MOBILE;1635136;LTE 2600;2017-07-11;02A;2A040;4G;2026-03-19T15:15:24;02A0990112;23;30;32;Stollo;rte du Stade;Près du Cimetière de de la RN 193;;20136;2A040;"42.085 , 9.050277777777778";42°5'6''N 9°3'1''E;En service
287076;FREE MOBILE;1635136;LTE 700;2018-02-12;02A;2A040;4G;2026-03-19T15:15:24;02A0990112;23;30;32;Stollo;rte du Stade;Près du Cimetière de de la RN 193;;20136;2A040;"42.085 , 9.050277777777778";42°5'6''N 9°3'1''E;En service
287077;FREE MOBILE;1635136;LTE 900;2026-02-13;02A;2A040;4G;2026-03-19T15:15:24;02A0990112;23;30;32;Stollo;rte du Stade;Près du Cimetière de de la RN 193;;20136;2A040;"42.085 , 9.050277777777778";42°5'6''N 9°3'1''E;En service
289137;FREE MOBILE;1663201;5G NR 700;;02A;2A272;5G;2026-03-19T15:15:24;02A0990364;17;14;22;Col de Roccapina;RN 196 ;L'Oasis du Lion;;20100;2A272;"41.49888888888889 , 8.94888888888889";41°29'56''N 8°56'56''E;Projet approuvé
289138;FREE MOBILE;1663201;LTE 1800;;02A;2A272;4G;2026-03-19T15:15:24;02A0990364;17;14;22;Col de Roccapina;RN 196 ;L'Oasis du Lion;;20100;2A272;"41.49888888888889 , 8.94888888888889";41°29'56''N 8°56'56''E;Projet approuvé
289139;FREE MOBILE;1663201;LTE 2100;;02A;2A272;4G;2026-03-19T15:15:24;02A0990364;17;14;22;Col de Roccapina;RN 196 ;L'Oasis du Lion;;20100;2A272;"41.49888888888889 , 8.94888888888889";41°29'56''N 8°56'56''E;Projet approuvé
289140;FREE MOBILE;1663201;LTE 2600;;02A;2A272;4G;2026-03-19T15:15:24;02A0990364;17;14;22;Col de Roccapina;RN 196 ;L'Oasis du Lion;;20100;2A272;"41.49888888888889 , 8.94888888888889";41°29'56''N 8°56'56''E;Projet approuvé
289141;FREE MOBILE;1663201;LTE 700;;02A;2A272;4G;2026-03-19T15:15:24;02A0990364;17;14;22;Col de Roccapina;RN 196 ;L'Oasis du Lion;;20100;2A272;"41.49888888888889 , 8.94888888888889";41°29'56''N 8°56'56''E;Projet approuvé
289142;FREE MOBILE;1663201;LTE 900;;02A;2A272;4G;2026-03-19T15:15:24;02A0990364;17;14;22;Col de Roccapina;RN 196 ;L'Oasis du Lion;;20100;2A272;"41.49888888888889 , 8.94888888888889";41°29'56''N 8°56'56''E;Projet approuvé
296386;FREE MOBILE;1735650;5G NR 700;;02A;2A006;5G;2026-03-19T15:15:24;02A0990115;23;"13,5";74;Pietrosella;Près nouveau réservoir;;;20167;2A006;"41.98305555555556 , 8.765555555555556";41°58'59''N 8°45'56''E;Projet approuvé
296387;FREE MOBILE;1735650;LTE 1800;2018-07-03;02A;2A006;4G;2026-03-19T15:15:24;02A0990115;23;"13,5";74;Pietrosella;Près nouveau réservoir;;;20167;2A006;"41.98305555555556 , 8.765555555555556";41°58'59''N 8°45'56''E;En service
296388;FREE MOBILE;1735650;LTE 2100;;02A;2A006;4G;2026-03-19T15:15:24;02A0990115;23;"13,5";74;Pietrosella;Près nouveau réservoir;;;20167;2A006;"41.98305555555556 , 8.765555555555556";41°58'59''N 8°45'56''E;Projet approuvé
296389;FREE MOBILE;1735650;LTE 2600;2018-07-03;02A;2A006;4G;2026-03-19T15:15:24;02A0990115;23;"13,5";74;Pietrosella;Près nouveau réservoir;;;20167;2A006;"41.98305555555556 , 8.765555555555556";41°58'59''N 8°45'56''E;En service
296390;FREE MOBILE;1735650;LTE 700;2018-08-06;02A;2A006;4G;2026-03-19T15:15:24;02A0990115;23;"13,5";74;Pietrosella;Près nouveau réservoir;;;20167;2A006;"41.98305555555556 , 8.765555555555556";41°58'59''N 8°45'56''E;En service
296391;FREE MOBILE;1735650;LTE 900;2026-02-13;02A;2A006;4G;2026-03-19T15:15:24;02A0990115;23;"13,5";74;Pietrosella;Près nouveau réservoir;;;20167;2A006;"41.98305555555556 , 8.765555555555556";41°58'59''N 8°45'56''E;En service
297387;FREE MOBILE;1748411;5G NR 3500;2022-01-28;02A;2A247;5G;2026-03-19T15:15:24;02A0990118;23;26;75;;AVENUE DE BASTIA;;;20137;2A247;"41.61 , 9.281111111111112";41°36'36''N 9°16'52''E;Techniquement opérationnel
297388;FREE MOBILE;1748411;5G NR 700;2021-01-13;02A;2A247;5G;2026-03-19T15:15:24;02A0990118;23;26;75;;AVENUE DE BASTIA;;;20137;2A247;"41.61 , 9.281111111111112";41°36'36''N 9°16'52''E;Techniquement opérationnel
297389;FREE MOBILE;1748411;LTE 1800;2017-06-14;02A;2A247;4G;2026-03-19T15:15:24;02A0990118;23;26;75;;AVENUE DE BASTIA;;;20137;2A247;"41.61 , 9.281111111111112";41°36'36''N 9°16'52''E;En service
297390;FREE MOBILE;1748411;LTE 2100;2023-09-11;02A;2A247;4G;2026-03-19T15:15:24;02A0990118;23;26;75;;AVENUE DE BASTIA;;;20137;2A247;"41.61 , 9.281111111111112";41°36'36''N 9°16'52''E;En service
297391;FREE MOBILE;1748411;LTE 2600;2017-06-14;02A;2A247;4G;2026-03-19T15:15:24;02A0990118;23;26;75;;AVENUE DE BASTIA;;;20137;2A247;"41.61 , 9.281111111111112";41°36'36''N 9°16'52''E;En service
297392;FREE MOBILE;1748411;LTE 700;2018-07-16;02A;2A247;4G;2026-03-19T15:15:24;02A0990118;23;26;75;;AVENUE DE BASTIA;;;20137;2A247;"41.61 , 9.281111111111112";41°36'36''N 9°16'52''E;En service
297393;FREE MOBILE;1748411;LTE 900;2026-02-13;02A;2A247;4G;2026-03-19T15:15:24;02A0990118;23;26;75;;AVENUE DE BASTIA;;;20137;2A247;"41.61 , 9.281111111111112";41°36'36''N 9°16'52''E;En service
298620;FREE MOBILE;1766847;LTE 700;2021-01-18;02A;2A115;4G;2026-03-19T15:15:24;02A0990279;23;"35,4";72;Maggiolo;Route de Vignalella;D 265;;20100;2A115;"41.62833333333333 , 9.067499999999999";41°37'42''N 9°4'3''E;En service
298621;FREE MOBILE;1766847;UMTS 900;2017-07-10;02A;2A115;3G;2026-03-19T15:15:24;02A0990279;23;"35,4";72;Maggiolo;Route de Vignalella;D 265;;20100;2A115;"41.62833333333333 , 9.067499999999999";41°37'42''N 9°4'3''E;En service
300189;FREE MOBILE;1792074;5G NR 3500;;02A;2A048;5G;2026-03-19T15:15:24;02A0990124;23;"16,7";32;MARIJANCA;;;;20111;2A048;"42.02861111111111 , 8.751666666666667";42°1'43''N 8°45'6''E;Projet approuvé
300190;FREE MOBILE;1792074;5G NR 700;2021-06-18;02A;2A048;5G;2026-03-19T15:15:24;02A0990124;23;"16,7";32;MARIJANCA;;;;20111;2A048;"42.02861111111111 , 8.751666666666667";42°1'43''N 8°45'6''E;Techniquement opérationnel
300191;FREE MOBILE;1792074;LTE 1800;2019-01-22;02A;2A048;4G;2026-03-19T15:15:24;02A0990124;23;"16,7";32;MARIJANCA;;;;20111;2A048;"42.02861111111111 , 8.751666666666667";42°1'43''N 8°45'6''E;En service
300192;FREE MOBILE;1792074;LTE 2100;2024-05-13;02A;2A048;4G;2026-03-19T15:15:24;02A0990124;23;"16,7";32;MARIJANCA;;;;20111;2A048;"42.02861111111111 , 8.751666666666667";42°1'43''N 8°45'6''E;En service
300193;FREE MOBILE;1792074;LTE 2600;2019-01-22;02A;2A048;4G;2026-03-19T15:15:24;02A0990124;23;"16,7";32;MARIJANCA;;;;20111;2A048;"42.02861111111111 , 8.751666666666667";42°1'43''N 8°45'6''E;En service
300194;FREE MOBILE;1792074;LTE 700;2019-01-28;02A;2A048;4G;2026-03-19T15:15:24;02A0990124;23;"16,7";32;MARIJANCA;;;;20111;2A048;"42.02861111111111 , 8.751666666666667";42°1'43''N 8°45'6''E;En service
300195;FREE MOBILE;1792074;LTE 900;2025-12-15;02A;2A048;4G;2026-03-19T15:15:24;02A0990124;23;"16,7";32;MARIJANCA;;;;20111;2A048;"42.02861111111111 , 8.751666666666667";42°1'43''N 8°45'6''E;En service
302458;FREE MOBILE;1828622;5G NR 700;;02A;2A288;5G;2026-03-19T15:15:24;02A0990131;26;13;74;BORIVOLI;;;;20146;2A288;"41.571111111111115 , 9.160833333333334";41°34'16''N 9°9'39''E;Projet approuvé
302459;FREE MOBILE;1828622;LTE 1800;2019-05-22;02A;2A288;4G;2026-03-19T15:15:24;02A0990131;26;13;74;BORIVOLI;;;;20146;2A288;"41.571111111111115 , 9.160833333333334";41°34'16''N 9°9'39''E;En service
302460;FREE MOBILE;1828622;LTE 2100;;02A;2A288;4G;2026-03-19T15:15:24;02A0990131;26;13;74;BORIVOLI;;;;20146;2A288;"41.571111111111115 , 9.160833333333334";41°34'16''N 9°9'39''E;Projet approuvé
302461;FREE MOBILE;1828622;LTE 2600;2019-05-22;02A;2A288;4G;2026-03-19T15:15:24;02A0990131;26;13;74;BORIVOLI;;;;20146;2A288;"41.571111111111115 , 9.160833333333334";41°34'16''N 9°9'39''E;En service
302462;FREE MOBILE;1828622;LTE 700;2019-05-13;02A;2A288;4G;2026-03-19T15:15:24;02A0990131;26;13;74;BORIVOLI;;;;20146;2A288;"41.571111111111115 , 9.160833333333334";41°34'16''N 9°9'39''E;En service
302463;FREE MOBILE;1828622;LTE 900;2025-12-15;02A;2A288;4G;2026-03-19T15:15:24;02A0990131;26;13;74;BORIVOLI;;;;20146;2A288;"41.571111111111115 , 9.160833333333334";41°34'16''N 9°9'39''E;En service
303500;FREE MOBILE;1854712;5G NR 3500;2021-09-24;02A;2A004;5G;2026-03-19T15:15:24;02A0990280;38;"21,4";9;;RUE DE CASTIGLIONE;;;20000;2A004;"41.92611111111111 , 8.726111111111111";41°55'34''N 8°43'34''E;Techniquement opérationnel
303501;FREE MOBILE;1854712;5G NR 700;2021-01-27;02A;2A004;5G;2026-03-19T15:15:24;02A0990280;38;"21,4";9;;RUE DE CASTIGLIONE;;;20000;2A004;"41.92611111111111 , 8.726111111111111";41°55'34''N 8°43'34''E;Techniquement opérationnel
303502;FREE MOBILE;1854712;LTE 1800;2018-02-09;02A;2A004;4G;2026-03-19T15:15:24;02A0990280;38;"21,4";9;;RUE DE CASTIGLIONE;;;20000;2A004;"41.92611111111111 , 8.726111111111111";41°55'34''N 8°43'34''E;En service
303503;FREE MOBILE;1854712;LTE 2100;2023-08-07;02A;2A004;4G;2026-03-19T15:15:24;02A0990280;38;"21,4";9;;RUE DE CASTIGLIONE;;;20000;2A004;"41.92611111111111 , 8.726111111111111";41°55'34''N 8°43'34''E;En service
303504;FREE MOBILE;1854712;LTE 2600;2018-02-09;02A;2A004;4G;2026-03-19T15:15:24;02A0990280;38;"21,4";9;;RUE DE CASTIGLIONE;;;20000;2A004;"41.92611111111111 , 8.726111111111111";41°55'34''N 8°43'34''E;En service
303505;FREE MOBILE;1854712;LTE 700;2018-05-28;02A;2A004;4G;2026-03-19T15:15:24;02A0990280;38;"21,4";9;;RUE DE CASTIGLIONE;;;20000;2A004;"41.92611111111111 , 8.726111111111111";41°55'34''N 8°43'34''E;En service
303506;FREE MOBILE;1854712;LTE 900;2025-09-22;02A;2A004;4G;2026-03-19T15:15:24;02A0990280;38;"21,4";9;;RUE DE CASTIGLIONE;;;20000;2A004;"41.92611111111111 , 8.726111111111111";41°55'34''N 8°43'34''E;En service
304527;FREE MOBILE;1875026;5G NR 700;2020-12-15;02A;2A041;5G;2026-03-19T15:15:24;02A0990283;26;"16,5";75;CORCONE;CHEMIN DE CORCONE;;;20169;2A041;"41.382777777777775 , 9.2";41°22'58''N 9°12'0''E;Techniquement opérationnel
304528;FREE MOBILE;1875026;LTE 1800;2018-07-10;02A;2A041;4G;2026-03-19T15:15:24;02A0990283;26;"16,5";75;CORCONE;CHEMIN DE CORCONE;;;20169;2A041;"41.382777777777775 , 9.2";41°22'58''N 9°12'0''E;En service
304529;FREE MOBILE;1875026;LTE 2100;2024-05-13;02A;2A041;4G;2026-03-19T15:15:24;02A0990283;26;"16,5";75;CORCONE;CHEMIN DE CORCONE;;;20169;2A041;"41.382777777777775 , 9.2";41°22'58''N 9°12'0''E;En service
304530;FREE MOBILE;1875026;LTE 2600;2018-07-10;02A;2A041;4G;2026-03-19T15:15:24;02A0990283;26;"16,5";75;CORCONE;CHEMIN DE CORCONE;;;20169;2A041;"41.382777777777775 , 9.2";41°22'58''N 9°12'0''E;En service
304531;FREE MOBILE;1875026;LTE 700;2018-07-16;02A;2A041;4G;2026-03-19T15:15:24;02A0990283;26;"16,5";75;CORCONE;CHEMIN DE CORCONE;;;20169;2A041;"41.382777777777775 , 9.2";41°22'58''N 9°12'0''E;En service
304532;FREE MOBILE;1875026;LTE 900;2025-12-15;02A;2A041;4G;2026-03-19T15:15:24;02A0990283;26;"16,5";75;CORCONE;CHEMIN DE CORCONE;;;20169;2A041;"41.382777777777775 , 9.2";41°22'58''N 9°12'0''E;En service
305235;FREE MOBILE;1885399;5G NR 700;2021-03-19;02A;2A197;5G;2026-03-19T15:15:24;02A0990286;12;7;75;BOCCA A CORCE;COL DE LA CROIX;;;20147;2A197;"42.32666666666667 , 8.63361111111111";42°19'36''N 8°38'1''E;Techniquement opérationnel
305236;FREE MOBILE;1885399;LTE 1800;2018-09-25;02A;2A197;4G;2026-03-19T15:15:24;02A0990286;12;7;75;BOCCA A CORCE;COL DE LA CROIX;;;20147;2A197;"42.32666666666667 , 8.63361111111111";42°19'36''N 8°38'1''E;En service
305237;FREE MOBILE;1885399;LTE 2100;2024-05-13;02A;2A197;4G;2026-03-19T15:15:24;02A0990286;12;7;75;BOCCA A CORCE;COL DE LA CROIX;;;20147;2A197;"42.32666666666667 , 8.63361111111111";42°19'36''N 8°38'1''E;En service
305238;FREE MOBILE;1885399;LTE 2600;2018-09-25;02A;2A197;4G;2026-03-19T15:15:24;02A0990286;12;7;75;BOCCA A CORCE;COL DE LA CROIX;;;20147;2A197;"42.32666666666667 , 8.63361111111111";42°19'36''N 8°38'1''E;En service
305239;FREE MOBILE;1885399;LTE 700;2018-10-08;02A;2A197;4G;2026-03-19T15:15:24;02A0990286;12;7;75;BOCCA A CORCE;COL DE LA CROIX;;;20147;2A197;"42.32666666666667 , 8.63361111111111";42°19'36''N 8°38'1''E;En service
305240;FREE MOBILE;1885399;LTE 900;2025-12-15;02A;2A197;4G;2026-03-19T15:15:24;02A0990286;12;7;75;BOCCA A CORCE;COL DE LA CROIX;;;20147;2A197;"42.32666666666667 , 8.63361111111111";42°19'36''N 8°38'1''E;En service
305241;FREE MOBILE;1885401;5G NR 700;2020-12-15;02A;2A247;5G;2026-03-19T15:15:24;02A0990287;23;14;75;COLONNA D'ISTRIA;HAMEAU DE TORRA ARGHIOLA;FERME JEAN CHARLES;;20137;2A247;"41.64222222222222 , 9.319166666666666";41°38'32''N 9°19'9''E;Techniquement opérationnel
305242;FREE MOBILE;1885401;LTE 1800;2019-11-14;02A;2A247;4G;2026-03-19T15:15:24;02A0990287;23;14;75;COLONNA D'ISTRIA;HAMEAU DE TORRA ARGHIOLA;FERME JEAN CHARLES;;20137;2A247;"41.64222222222222 , 9.319166666666666";41°38'32''N 9°19'9''E;En service
305243;FREE MOBILE;1885401;LTE 2100;2024-05-16;02A;2A247;4G;2026-03-19T15:15:24;02A0990287;23;14;75;COLONNA D'ISTRIA;HAMEAU DE TORRA ARGHIOLA;FERME JEAN CHARLES;;20137;2A247;"41.64222222222222 , 9.319166666666666";41°38'32''N 9°19'9''E;En service
305244;FREE MOBILE;1885401;LTE 2600;2019-11-14;02A;2A247;4G;2026-03-19T15:15:24;02A0990287;23;14;75;COLONNA D'ISTRIA;HAMEAU DE TORRA ARGHIOLA;FERME JEAN CHARLES;;20137;2A247;"41.64222222222222 , 9.319166666666666";41°38'32''N 9°19'9''E;En service
305245;FREE MOBILE;1885401;LTE 700;2019-11-25;02A;2A247;4G;2026-03-19T15:15:24;02A0990287;23;14;75;COLONNA D'ISTRIA;HAMEAU DE TORRA ARGHIOLA;FERME JEAN CHARLES;;20137;2A247;"41.64222222222222 , 9.319166666666666";41°38'32''N 9°19'9''E;En service
305246;FREE MOBILE;1885401;LTE 900;2025-12-15;02A;2A247;4G;2026-03-19T15:15:24;02A0990287;23;14;75;COLONNA D'ISTRIA;HAMEAU DE TORRA ARGHIOLA;FERME JEAN CHARLES;;20137;2A247;"41.64222222222222 , 9.319166666666666";41°38'32''N 9°19'9''E;En service
305394;FREE MOBILE;1886050;5G NR 700;2021-03-19;02A;2A197;5G;2026-03-19T15:15:24;02A0990286;12;"5,8";75;BOCCA A CORCE;COL DE LA CROIX;;;20147;2A197;"42.32666666666667 , 8.63361111111111";42°19'36''N 8°38'1''E;Techniquement opérationnel
305395;FREE MOBILE;1886050;LTE 1800;2018-09-25;02A;2A197;4G;2026-03-19T15:15:24;02A0990286;12;"5,8";75;BOCCA A CORCE;COL DE LA CROIX;;;20147;2A197;"42.32666666666667 , 8.63361111111111";42°19'36''N 8°38'1''E;En service
305396;FREE MOBILE;1886050;LTE 2100;2024-05-13;02A;2A197;4G;2026-03-19T15:15:24;02A0990286;12;"5,8";75;BOCCA A CORCE;COL DE LA CROIX;;;20147;2A197;"42.32666666666667 , 8.63361111111111";42°19'36''N 8°38'1''E;En service
305397;FREE MOBILE;1886050;LTE 2600;2018-09-25;02A;2A197;4G;2026-03-19T15:15:24;02A0990286;12;"5,8";75;BOCCA A CORCE;COL DE LA CROIX;;;20147;2A197;"42.32666666666667 , 8.63361111111111";42°19'36''N 8°38'1''E;En service
305398;FREE MOBILE;1886050;LTE 700;2018-10-08;02A;2A197;4G;2026-03-19T15:15:24;02A0990286;12;"5,8";75;BOCCA A CORCE;COL DE LA CROIX;;;20147;2A197;"42.32666666666667 , 8.63361111111111";42°19'36''N 8°38'1''E;En service
305399;FREE MOBILE;1886050;LTE 900;2025-12-15;02A;2A197;4G;2026-03-19T15:15:24;02A0990286;12;"5,8";75;BOCCA A CORCE;COL DE LA CROIX;;;20147;2A197;"42.32666666666667 , 8.63361111111111";42°19'36''N 8°38'1''E;En service
305546;FREE MOBILE;1887994;5G NR 700;2020-12-15;02A;2A247;5G;2026-03-19T15:15:24;02A0990288;23;"13,8";75;SANTA GIULIA;DURABILE;ROUTE DE BONIFACIO;;20137;2A247;"41.5225 , 9.255277777777778";41°31'21''N 9°15'19''E;Techniquement opérationnel
305547;FREE MOBILE;1887994;LTE 1800;2018-08-24;02A;2A247;4G;2026-03-19T15:15:24;02A0990288;23;"13,8";75;SANTA GIULIA;DURABILE;ROUTE DE BONIFACIO;;20137;2A247;"41.5225 , 9.255277777777778";41°31'21''N 9°15'19''E;En service
305548;FREE MOBILE;1887994;LTE 2100;2023-08-07;02A;2A247;4G;2026-03-19T15:15:24;02A0990288;23;"13,8";75;SANTA GIULIA;DURABILE;ROUTE DE BONIFACIO;;20137;2A247;"41.5225 , 9.255277777777778";41°31'21''N 9°15'19''E;En service
305549;FREE MOBILE;1887994;LTE 2600;2018-08-24;02A;2A247;4G;2026-03-19T15:15:24;02A0990288;23;"13,8";75;SANTA GIULIA;DURABILE;ROUTE DE BONIFACIO;;20137;2A247;"41.5225 , 9.255277777777778";41°31'21''N 9°15'19''E;En service
305550;FREE MOBILE;1887994;LTE 700;2018-09-17;02A;2A247;4G;2026-03-19T15:15:24;02A0990288;23;"13,8";75;SANTA GIULIA;DURABILE;ROUTE DE BONIFACIO;;20137;2A247;"41.5225 , 9.255277777777778";41°31'21''N 9°15'19''E;En service
305551;FREE MOBILE;1887994;LTE 900;2025-12-15;02A;2A247;4G;2026-03-19T15:15:24;02A0990288;23;"13,8";75;SANTA GIULIA;DURABILE;ROUTE DE BONIFACIO;;20137;2A247;"41.5225 , 9.255277777777778";41°31'21''N 9°15'19''E;En service
307074;FREE MOBILE;1907517;5G NR 700;2020-12-15;02A;2A103;5G;2026-03-19T15:15:24;02A0990290;23;20;32;pedi morella;Station TDF de Cuttoli Corticchiato;;;20167;2A103;"41.97972222222222 , 8.892777777777777";41°58'47''N 8°53'34''E;Techniquement opérationnel
307075;FREE MOBILE;1907517;LTE 1800;2018-07-26;02A;2A103;4G;2026-03-19T15:15:24;02A0990290;23;20;32;pedi morella;Station TDF de Cuttoli Corticchiato;;;20167;2A103;"41.97972222222222 , 8.892777777777777";41°58'47''N 8°53'34''E;En service
307076;FREE MOBILE;1907517;LTE 2100;2024-05-13;02A;2A103;4G;2026-03-19T15:15:24;02A0990290;23;20;32;pedi morella;Station TDF de Cuttoli Corticchiato;;;20167;2A103;"41.97972222222222 , 8.892777777777777";41°58'47''N 8°53'34''E;En service
307077;FREE MOBILE;1907517;LTE 2600;2018-07-26;02A;2A103;4G;2026-03-19T15:15:24;02A0990290;23;20;32;pedi morella;Station TDF de Cuttoli Corticchiato;;;20167;2A103;"41.97972222222222 , 8.892777777777777";41°58'47''N 8°53'34''E;En service
307078;FREE MOBILE;1907517;LTE 700;2018-08-06;02A;2A103;4G;2026-03-19T15:15:24;02A0990290;23;20;32;pedi morella;Station TDF de Cuttoli Corticchiato;;;20167;2A103;"41.97972222222222 , 8.892777777777777";41°58'47''N 8°53'34''E;En service
307079;FREE MOBILE;1907517;LTE 900;2025-12-15;02A;2A103;4G;2026-03-19T15:15:24;02A0990290;23;20;32;pedi morella;Station TDF de Cuttoli Corticchiato;;;20167;2A103;"41.97972222222222 , 8.892777777777777";41°58'47''N 8°53'34''E;En service
308075;FREE MOBILE;1922268;5G NR 700;2020-12-15;02A;2A247;5G;2026-03-19T15:15:24;02A0990292;48;"19,5";75;FRANGIU;ARATAGGIU;;;20137;2A247;"41.562777777777775 , 9.275555555555556";41°33'46''N 9°16'32''E;Techniquement opérationnel
308076;FREE MOBILE;1922268;LTE 1800;2019-01-22;02A;2A247;4G;2026-03-19T15:15:24;02A0990292;48;"19,5";75;FRANGIU;ARATAGGIU;;;20137;2A247;"41.562777777777775 , 9.275555555555556";41°33'46''N 9°16'32''E;En service
308077;FREE MOBILE;1922268;LTE 2100;2024-05-13;02A;2A247;4G;2026-03-19T15:15:24;02A0990292;48;"19,5";75;FRANGIU;ARATAGGIU;;;20137;2A247;"41.562777777777775 , 9.275555555555556";41°33'46''N 9°16'32''E;En service
308078;FREE MOBILE;1922268;LTE 2600;2019-01-22;02A;2A247;4G;2026-03-19T15:15:24;02A0990292;48;"19,5";75;FRANGIU;ARATAGGIU;;;20137;2A247;"41.562777777777775 , 9.275555555555556";41°33'46''N 9°16'32''E;En service
308079;FREE MOBILE;1922268;LTE 700;2019-01-28;02A;2A247;4G;2026-03-19T15:15:24;02A0990292;48;"19,5";75;FRANGIU;ARATAGGIU;;;20137;2A247;"41.562777777777775 , 9.275555555555556";41°33'46''N 9°16'32''E;En service
308080;FREE MOBILE;1922268;LTE 900;2025-12-15;02A;2A247;4G;2026-03-19T15:15:24;02A0990292;48;"19,5";75;FRANGIU;ARATAGGIU;;;20137;2A247;"41.562777777777775 , 9.275555555555556";41°33'46''N 9°16'32''E;En service
308485;FREE MOBILE;1930619;5G NR 3500;2022-02-28;02A;2A130;5G;2026-03-19T15:15:24;02A0990294;48;"14,5";75;;BD MARIE JEANNE BOZZI;;;20128;2A130;"41.894444444444446 , 8.81";41°53'40''N 8°48'36''E;Techniquement opérationnel
308486;FREE MOBILE;1930619;5G NR 700;2021-01-13;02A;2A130;5G;2026-03-19T15:15:24;02A0990294;48;"14,5";75;;BD MARIE JEANNE BOZZI;;;20128;2A130;"41.894444444444446 , 8.81";41°53'40''N 8°48'36''E;Techniquement opérationnel
308487;FREE MOBILE;1930619;LTE 1800;2019-11-27;02A;2A130;4G;2026-03-19T15:15:24;02A0990294;48;"14,5";75;;BD MARIE JEANNE BOZZI;;;20128;2A130;"41.894444444444446 , 8.81";41°53'40''N 8°48'36''E;En service
308488;FREE MOBILE;1930619;LTE 2100;2023-09-11;02A;2A130;4G;2026-03-19T15:15:24;02A0990294;48;"14,5";75;;BD MARIE JEANNE BOZZI;;;20128;2A130;"41.894444444444446 , 8.81";41°53'40''N 8°48'36''E;En service
308489;FREE MOBILE;1930619;LTE 2600;2019-11-27;02A;2A130;4G;2026-03-19T15:15:24;02A0990294;48;"14,5";75;;BD MARIE JEANNE BOZZI;;;20128;2A130;"41.894444444444446 , 8.81";41°53'40''N 8°48'36''E;En service
308490;FREE MOBILE;1930619;LTE 700;2019-12-09;02A;2A130;4G;2026-03-19T15:15:24;02A0990294;48;"14,5";75;;BD MARIE JEANNE BOZZI;;;20128;2A130;"41.894444444444446 , 8.81";41°53'40''N 8°48'36''E;En service
308491;FREE MOBILE;1930619;LTE 900;2025-12-15;02A;2A130;4G;2026-03-19T15:15:24;02A0990294;48;"14,5";75;;BD MARIE JEANNE BOZZI;;;20128;2A130;"41.894444444444446 , 8.81";41°53'40''N 8°48'36''E;En service
310708;FREE MOBILE;1954358;5G NR 700;2021-02-18;02A;2A011;5G;2026-03-19T15:15:24;02A0990299;26;10;34;SERRADU;;;;20112;2A011;"41.716944444444444 , 9.096388888888889";41°43'1''N 9°5'47''E;Techniquement opérationnel
310709;FREE MOBILE;1954358;LTE 1800;2018-10-23;02A;2A011;4G;2026-03-19T15:15:24;02A0990299;26;10;34;SERRADU;;;;20112;2A011;"41.716944444444444 , 9.096388888888889";41°43'1''N 9°5'47''E;En service
310710;FREE MOBILE;1954358;LTE 2100;2024-05-13;02A;2A011;4G;2026-03-19T15:15:24;02A0990299;26;10;34;SERRADU;;;;20112;2A011;"41.716944444444444 , 9.096388888888889";41°43'1''N 9°5'47''E;En service
310711;FREE MOBILE;1954358;LTE 2600;2018-10-23;02A;2A011;4G;2026-03-19T15:15:24;02A0990299;26;10;34;SERRADU;;;;20112;2A011;"41.716944444444444 , 9.096388888888889";41°43'1''N 9°5'47''E;En service
310712;FREE MOBILE;1954358;LTE 700;2018-10-29;02A;2A011;4G;2026-03-19T15:15:24;02A0990299;26;10;34;SERRADU;;;;20112;2A011;"41.716944444444444 , 9.096388888888889";41°43'1''N 9°5'47''E;En service
310713;FREE MOBILE;1954358;LTE 900;2025-12-15;02A;2A011;4G;2026-03-19T15:15:24;02A0990299;26;10;34;SERRADU;;;;20112;2A011;"41.716944444444444 , 9.096388888888889";41°43'1''N 9°5'47''E;En service
312126;FREE MOBILE;1972537;5G NR 700;2021-02-18;02A;2A348;5G;2026-03-19T15:15:24;02A0990300;26;"10,7";42;LISCIA;RESIDENCE PLEIN SOLEIL LISCIA;;;20160;2A348;"42.11666666666667 , 8.677222222222222";42°7'0''N 8°40'38''E;Techniquement opérationnel
312127;FREE MOBILE;1972537;LTE 1800;2019-01-22;02A;2A348;4G;2026-03-19T15:15:24;02A0990300;26;"10,7";42;LISCIA;RESIDENCE PLEIN SOLEIL LISCIA;;;20160;2A348;"42.11666666666667 , 8.677222222222222";42°7'0''N 8°40'38''E;En service
312128;FREE MOBILE;1972537;LTE 2100;2024-05-13;02A;2A348;4G;2026-03-19T15:15:24;02A0990300;26;"10,7";42;LISCIA;RESIDENCE PLEIN SOLEIL LISCIA;;;20160;2A348;"42.11666666666667 , 8.677222222222222";42°7'0''N 8°40'38''E;En service
312129;FREE MOBILE;1972537;LTE 2600;2019-01-22;02A;2A348;4G;2026-03-19T15:15:24;02A0990300;26;"10,7";42;LISCIA;RESIDENCE PLEIN SOLEIL LISCIA;;;20160;2A348;"42.11666666666667 , 8.677222222222222";42°7'0''N 8°40'38''E;En service
312130;FREE MOBILE;1972537;LTE 700;2019-01-28;02A;2A348;4G;2026-03-19T15:15:24;02A0990300;26;"10,7";42;LISCIA;RESIDENCE PLEIN SOLEIL LISCIA;;;20160;2A348;"42.11666666666667 , 8.677222222222222";42°7'0''N 8°40'38''E;En service
312131;FREE MOBILE;1972537;LTE 900;2025-12-15;02A;2A348;4G;2026-03-19T15:15:24;02A0990300;26;"10,7";42;LISCIA;RESIDENCE PLEIN SOLEIL LISCIA;;;20160;2A348;"42.11666666666667 , 8.677222222222222";42°7'0''N 8°40'38''E;En service
313708;FREE MOBILE;1999882;5G NR 700;2021-10-15;02A;2A272;5G;2026-03-19T15:15:24;02A0990301;48;"13,5";75;;MONTEE DE L ABATTOIR;;;20100;2A272;"41.61888888888889 , 8.969166666666666";41°37'8''N 8°58'9''E;Techniquement opérationnel
313709;FREE MOBILE;1999882;LTE 1800;2021-06-25;02A;2A272;4G;2026-03-19T15:15:24;02A0990301;48;"13,5";75;;MONTEE DE L ABATTOIR;;;20100;2A272;"41.61888888888889 , 8.969166666666666";41°37'8''N 8°58'9''E;En service
313710;FREE MOBILE;1999882;LTE 2100;2024-05-16;02A;2A272;4G;2026-03-19T15:15:24;02A0990301;48;"13,5";75;;MONTEE DE L ABATTOIR;;;20100;2A272;"41.61888888888889 , 8.969166666666666";41°37'8''N 8°58'9''E;En service
313711;FREE MOBILE;1999882;LTE 2600;2021-06-25;02A;2A272;4G;2026-03-19T15:15:24;02A0990301;48;"13,5";75;;MONTEE DE L ABATTOIR;;;20100;2A272;"41.61888888888889 , 8.969166666666666";41°37'8''N 8°58'9''E;En service
313712;FREE MOBILE;1999882;LTE 700;2021-07-05;02A;2A272;4G;2026-03-19T15:15:24;02A0990301;48;"13,5";75;;MONTEE DE L ABATTOIR;;;20100;2A272;"41.61888888888889 , 8.969166666666666";41°37'8''N 8°58'9''E;En service
313713;FREE MOBILE;1999882;LTE 900;2025-12-15;02A;2A272;4G;2026-03-19T15:15:24;02A0990301;48;"13,5";75;;MONTEE DE L ABATTOIR;;;20100;2A272;"41.61888888888889 , 8.969166666666666";41°37'8''N 8°58'9''E;En service
314558;FREE MOBILE;2012509;5G NR 700;2021-10-22;02A;2A041;5G;2026-03-19T15:15:24;02A0990302;26;"32,5";42;MUSELLA;STADE DE MUSELLA;;;20169;2A041;"41.40361111111111 , 9.196388888888889";41°24'13''N 9°11'47''E;Techniquement opérationnel
314559;FREE MOBILE;2012509;LTE 1800;2021-06-30;02A;2A041;4G;2026-03-19T15:15:24;02A0990302;26;"32,5";42;MUSELLA;STADE DE MUSELLA;;;20169;2A041;"41.40361111111111 , 9.196388888888889";41°24'13''N 9°11'47''E;En service
314560;FREE MOBILE;2012509;LTE 2100;2024-05-16;02A;2A041;4G;2026-03-19T15:15:24;02A0990302;26;"32,5";42;MUSELLA;STADE DE MUSELLA;;;20169;2A041;"41.40361111111111 , 9.196388888888889";41°24'13''N 9°11'47''E;En service
314561;FREE MOBILE;2012509;LTE 2600;2021-06-30;02A;2A041;4G;2026-03-19T15:15:24;02A0990302;26;"32,5";42;MUSELLA;STADE DE MUSELLA;;;20169;2A041;"41.40361111111111 , 9.196388888888889";41°24'13''N 9°11'47''E;En service
314562;FREE MOBILE;2012509;LTE 700;2021-07-12;02A;2A041;4G;2026-03-19T15:15:24;02A0990302;26;"32,5";42;MUSELLA;STADE DE MUSELLA;;;20169;2A041;"41.40361111111111 , 9.196388888888889";41°24'13''N 9°11'47''E;En service
314563;FREE MOBILE;2012509;LTE 900;2025-12-15;02A;2A041;4G;2026-03-19T15:15:24;02A0990302;26;"32,5";42;MUSELLA;STADE DE MUSELLA;;;20169;2A041;"41.40361111111111 , 9.196388888888889";41°24'13''N 9°11'47''E;En service
314630;FREE MOBILE;2013163;5G NR 700;;02A;2A108;5G;2026-03-19T15:15:24;02A0990303;17;17;34;;ANCIENNE GENDARMERIE;D84;;20126;2A108;"42.25222222222222 , 8.794722222222221";42°15'8''N 8°47'41''E;Projet approuvé
314631;FREE MOBILE;2013163;LTE 1800;;02A;2A108;4G;2026-03-19T15:15:24;02A0990303;17;17;34;;ANCIENNE GENDARMERIE;D84;;20126;2A108;"42.25222222222222 , 8.794722222222221";42°15'8''N 8°47'41''E;Projet approuvé
314632;FREE MOBILE;2013163;LTE 2100;;02A;2A108;4G;2026-03-19T15:15:24;02A0990303;17;17;34;;ANCIENNE GENDARMERIE;D84;;20126;2A108;"42.25222222222222 , 8.794722222222221";42°15'8''N 8°47'41''E;Projet approuvé
314633;FREE MOBILE;2013163;LTE 2600;;02A;2A108;4G;2026-03-19T15:15:24;02A0990303;17;17;34;;ANCIENNE GENDARMERIE;D84;;20126;2A108;"42.25222222222222 , 8.794722222222221";42°15'8''N 8°47'41''E;Projet approuvé
314634;FREE MOBILE;2013163;LTE 700;;02A;2A108;4G;2026-03-19T15:15:24;02A0990303;17;17;34;;ANCIENNE GENDARMERIE;D84;;20126;2A108;"42.25222222222222 , 8.794722222222221";42°15'8''N 8°47'41''E;Projet approuvé
314635;FREE MOBILE;2013163;LTE 900;;02A;2A108;4G;2026-03-19T15:15:24;02A0990303;17;17;34;;ANCIENNE GENDARMERIE;D84;;20126;2A108;"42.25222222222222 , 8.794722222222221";42°15'8''N 8°47'41''E;Projet approuvé
315992;FREE MOBILE;2035966;5G NR 700;2022-02-11;02A;2A209;5G;2026-03-19T15:15:24;02A0990305;48;"13,6";75;PUNTA DI SAN LORENTE;CIMETIERE DE PERI;;;20167;2A209;"42.001666666666665 , 8.907777777777778";42°0'6''N 8°54'28''E;Techniquement opérationnel
315993;FREE MOBILE;2035966;LTE 1800;2021-11-29;02A;2A209;4G;2026-03-19T15:15:24;02A0990305;48;"13,6";75;PUNTA DI SAN LORENTE;CIMETIERE DE PERI;;;20167;2A209;"42.001666666666665 , 8.907777777777778";42°0'6''N 8°54'28''E;En service
315994;FREE MOBILE;2035966;LTE 2100;2024-05-16;02A;2A209;4G;2026-03-19T15:15:24;02A0990305;48;"13,6";75;PUNTA DI SAN LORENTE;CIMETIERE DE PERI;;;20167;2A209;"42.001666666666665 , 8.907777777777778";42°0'6''N 8°54'28''E;En service
315995;FREE MOBILE;2035966;LTE 2600;2021-11-29;02A;2A209;4G;2026-03-19T15:15:24;02A0990305;48;"13,6";75;PUNTA DI SAN LORENTE;CIMETIERE DE PERI;;;20167;2A209;"42.001666666666665 , 8.907777777777778";42°0'6''N 8°54'28''E;En service
315996;FREE MOBILE;2035966;LTE 700;2021-11-29;02A;2A209;4G;2026-03-19T15:15:24;02A0990305;48;"13,6";75;PUNTA DI SAN LORENTE;CIMETIERE DE PERI;;;20167;2A209;"42.001666666666665 , 8.907777777777778";42°0'6''N 8°54'28''E;En service
315997;FREE MOBILE;2035966;LTE 900;2025-12-15;02A;2A209;4G;2026-03-19T15:15:24;02A0990305;48;"13,6";75;PUNTA DI SAN LORENTE;CIMETIERE DE PERI;;;20167;2A209;"42.001666666666665 , 8.907777777777778";42°0'6''N 8°54'28''E;En service
316169;FREE MOBILE;2039616;5G NR 700;2021-01-13;02A;2A085;5G;2026-03-19T15:15:24;02A0990306;23;"16,9";75;SALIARE RIVOLI;RÉSERVOIR AEP;;;20117;2A085;"41.91583333333333 , 8.927777777777777";41°54'57''N 8°55'40''E;Techniquement opérationnel
316170;FREE MOBILE;2039616;LTE 1800;2019-11-20;02A;2A085;4G;2026-03-19T15:15:24;02A0990306;23;"16,9";75;SALIARE RIVOLI;RÉSERVOIR AEP;;;20117;2A085;"41.91583333333333 , 8.927777777777777";41°54'57''N 8°55'40''E;En service
316171;FREE MOBILE;2039616;LTE 2100;2024-05-16;02A;2A085;4G;2026-03-19T15:15:24;02A0990306;23;"16,9";75;SALIARE RIVOLI;RÉSERVOIR AEP;;;20117;2A085;"41.91583333333333 , 8.927777777777777";41°54'57''N 8°55'40''E;En service
316172;FREE MOBILE;2039616;LTE 2600;2019-11-20;02A;2A085;4G;2026-03-19T15:15:24;02A0990306;23;"16,9";75;SALIARE RIVOLI;RÉSERVOIR AEP;;;20117;2A085;"41.91583333333333 , 8.927777777777777";41°54'57''N 8°55'40''E;En service
316173;FREE MOBILE;2039616;LTE 700;2019-11-25;02A;2A085;4G;2026-03-19T15:15:24;02A0990306;23;"16,9";75;SALIARE RIVOLI;RÉSERVOIR AEP;;;20117;2A085;"41.91583333333333 , 8.927777777777777";41°54'57''N 8°55'40''E;En service
316174;FREE MOBILE;2039616;LTE 900;2025-12-15;02A;2A085;4G;2026-03-19T15:15:24;02A0990306;23;"16,9";75;SALIARE RIVOLI;RÉSERVOIR AEP;;;20117;2A085;"41.91583333333333 , 8.927777777777777";41°54'57''N 8°55'40''E;En service
316175;FREE MOBILE;2039620;5G NR 700;2021-02-18;02A;2A326;5G;2026-03-19T15:15:24;02A0990308;48;12;75;;BOCCA DI MERCUJU;;;20117;2A326;"41.966944444444444 , 8.96111111111111";41°58'1''N 8°57'40''E;Techniquement opérationnel
316176;FREE MOBILE;2039620;LTE 1800;2020-03-31;02A;2A326;4G;2026-03-19T15:15:24;02A0990308;48;12;75;;BOCCA DI MERCUJU;;;20117;2A326;"41.966944444444444 , 8.96111111111111";41°58'1''N 8°57'40''E;En service
316177;FREE MOBILE;2039620;LTE 2100;2024-05-13;02A;2A326;4G;2026-03-19T15:15:24;02A0990308;48;12;75;;BOCCA DI MERCUJU;;;20117;2A326;"41.966944444444444 , 8.96111111111111";41°58'1''N 8°57'40''E;En service
316178;FREE MOBILE;2039620;LTE 2600;2020-03-31;02A;2A326;4G;2026-03-19T15:15:24;02A0990308;48;12;75;;BOCCA DI MERCUJU;;;20117;2A326;"41.966944444444444 , 8.96111111111111";41°58'1''N 8°57'40''E;En service
316179;FREE MOBILE;2039620;LTE 700;2020-04-13;02A;2A326;4G;2026-03-19T15:15:24;02A0990308;48;12;75;;BOCCA DI MERCUJU;;;20117;2A326;"41.966944444444444 , 8.96111111111111";41°58'1''N 8°57'40''E;En service
316180;FREE MOBILE;2039620;LTE 900;2025-12-15;02A;2A326;4G;2026-03-19T15:15:24;02A0990308;48;12;75;;BOCCA DI MERCUJU;;;20117;2A326;"41.966944444444444 , 8.96111111111111";41°58'1''N 8°57'40''E;En service
320223;FREE MOBILE;2106762;5G NR 3500;2024-06-27;02A;2A104;5G;2026-03-19T15:15:24;02A0990312;23;"22,9";75;ARELLOLA;PROPRIETE CASANOVA;;;20117;2A104;"41.91638888888889 , 8.855833333333333";41°54'59''N 8°51'21''E;Techniquement opérationnel
320224;FREE MOBILE;2106762;5G NR 700;2021-02-18;02A;2A104;5G;2026-03-19T15:15:24;02A0990312;23;"22,9";75;ARELLOLA;PROPRIETE CASANOVA;;;20117;2A104;"41.91638888888889 , 8.855833333333333";41°54'59''N 8°51'21''E;Techniquement opérationnel
320225;FREE MOBILE;2106762;LTE 1800;2020-02-07;02A;2A104;4G;2026-03-19T15:15:24;02A0990312;23;"22,9";75;ARELLOLA;PROPRIETE CASANOVA;;;20117;2A104;"41.91638888888889 , 8.855833333333333";41°54'59''N 8°51'21''E;En service
320226;FREE MOBILE;2106762;LTE 2100;2024-05-13;02A;2A104;4G;2026-03-19T15:15:24;02A0990312;23;"22,9";75;ARELLOLA;PROPRIETE CASANOVA;;;20117;2A104;"41.91638888888889 , 8.855833333333333";41°54'59''N 8°51'21''E;En service
320227;FREE MOBILE;2106762;LTE 2600;2020-01-14;02A;2A104;4G;2026-03-19T15:15:24;02A0990312;23;"22,9";75;ARELLOLA;PROPRIETE CASANOVA;;;20117;2A104;"41.91638888888889 , 8.855833333333333";41°54'59''N 8°51'21''E;En service
320228;FREE MOBILE;2106762;LTE 700;2020-01-20;02A;2A104;4G;2026-03-19T15:15:24;02A0990312;23;"22,9";75;ARELLOLA;PROPRIETE CASANOVA;;;20117;2A104;"41.91638888888889 , 8.855833333333333";41°54'59''N 8°51'21''E;En service
320229;FREE MOBILE;2106762;LTE 900;2025-12-15;02A;2A104;4G;2026-03-19T15:15:24;02A0990312;23;"22,9";75;ARELLOLA;PROPRIETE CASANOVA;;;20117;2A104;"41.91638888888889 , 8.855833333333333";41°54'59''N 8°51'21''E;En service
320398;FREE MOBILE;2109738;5G NR 700;;02A;2A006;5G;2026-03-19T15:15:24;02A0990314;26;18;74;MARCHESI;ROUTE DE VILLANOVA;;;20167;2A006;"41.968611111111116 , 8.713888888888889";41°58'7''N 8°42'50''E;Projet approuvé
320399;FREE MOBILE;2109738;LTE 1800;2021-02-12;02A;2A006;4G;2026-03-19T15:15:24;02A0990314;26;18;74;MARCHESI;ROUTE DE VILLANOVA;;;20167;2A006;"41.968611111111116 , 8.713888888888889";41°58'7''N 8°42'50''E;En service
320400;FREE MOBILE;2109738;LTE 2100;;02A;2A006;4G;2026-03-19T15:15:24;02A0990314;26;18;74;MARCHESI;ROUTE DE VILLANOVA;;;20167;2A006;"41.968611111111116 , 8.713888888888889";41°58'7''N 8°42'50''E;Projet approuvé
320401;FREE MOBILE;2109738;LTE 2600;2021-02-12;02A;2A006;4G;2026-03-19T15:15:24;02A0990314;26;18;74;MARCHESI;ROUTE DE VILLANOVA;;;20167;2A006;"41.968611111111116 , 8.713888888888889";41°58'7''N 8°42'50''E;En service
320402;FREE MOBILE;2109738;LTE 700;2021-02-15;02A;2A006;4G;2026-03-19T15:15:24;02A0990314;26;18;74;MARCHESI;ROUTE DE VILLANOVA;;;20167;2A006;"41.968611111111116 , 8.713888888888889";41°58'7''N 8°42'50''E;En service
320403;FREE MOBILE;2109738;LTE 900;2025-12-15;02A;2A006;4G;2026-03-19T15:15:24;02A0990314;26;18;74;MARCHESI;ROUTE DE VILLANOVA;;;20167;2A006;"41.968611111111116 , 8.713888888888889";41°58'7''N 8°42'50''E;En service
326169;FREE MOBILE;2211505;5G NR 700;;02A;2A004;5G;2026-03-19T15:15:24;02A0990320;38;"30,8";9;;RUE NICOLAS PERALDI;;;20000;2A004;"41.93527777777778 , 8.737222222222222";41°56'7''N 8°44'14''E;Projet approuvé
326170;FREE MOBILE;2211505;LTE 1800;2022-01-25;02A;2A004;4G;2026-03-19T15:15:24;02A0990320;38;"30,8";9;;RUE NICOLAS PERALDI;;;20000;2A004;"41.93527777777778 , 8.737222222222222";41°56'7''N 8°44'14''E;En service
326171;FREE MOBILE;2211505;LTE 2100;;02A;2A004;4G;2026-03-19T15:15:24;02A0990320;38;"30,8";9;;RUE NICOLAS PERALDI;;;20000;2A004;"41.93527777777778 , 8.737222222222222";41°56'7''N 8°44'14''E;Projet approuvé
326172;FREE MOBILE;2211505;LTE 2600;2021-01-11;02A;2A004;4G;2026-03-19T15:15:24;02A0990320;38;"30,8";9;;RUE NICOLAS PERALDI;;;20000;2A004;"41.93527777777778 , 8.737222222222222";41°56'7''N 8°44'14''E;En service
326173;FREE MOBILE;2211505;LTE 700;2022-01-24;02A;2A004;4G;2026-03-19T15:15:24;02A0990320;38;"30,8";9;;RUE NICOLAS PERALDI;;;20000;2A004;"41.93527777777778 , 8.737222222222222";41°56'7''N 8°44'14''E;En service
326174;FREE MOBILE;2211505;LTE 900;2025-12-15;02A;2A004;4G;2026-03-19T15:15:24;02A0990320;38;"30,8";9;;RUE NICOLAS PERALDI;;;20000;2A004;"41.93527777777778 , 8.737222222222222";41°56'7''N 8°44'14''E;En service
327832;FREE MOBILE;2232827;LTE 700;2023-11-30;02A;2A362;4G;2026-03-19T15:15:24;02A0990361;23;15;74;Costa Del Pergolo;;;;20124;2A362;"41.717777777777776 , 9.299166666666666";41°43'4''N 9°17'57''E;En service
327833;FREE MOBILE;2232827;UMTS 900;2023-11-30;02A;2A362;3G;2026-03-19T15:15:24;02A0990361;23;15;74;Costa Del Pergolo;;;;20124;2A362;"41.717777777777776 , 9.299166666666666";41°43'4''N 9°17'57''E;En service
328597;FREE MOBILE;2246406;5G NR 700;2022-02-11;02A;2A189;5G;2026-03-19T15:15:24;02A0990321;23;"32,3";75;SCALZAMORTA;;;;20113;2A189;"41.71 , 8.842222222222222";41°42'36''N 8°50'32''E;Techniquement opérationnel
328598;FREE MOBILE;2246406;LTE 1800;2021-09-29;02A;2A189;4G;2026-03-19T15:15:24;02A0990321;23;"32,3";75;SCALZAMORTA;;;;20113;2A189;"41.71 , 8.842222222222222";41°42'36''N 8°50'32''E;En service
328599;FREE MOBILE;2246406;LTE 2100;2024-05-16;02A;2A189;4G;2026-03-19T15:15:24;02A0990321;23;"32,3";75;SCALZAMORTA;;;;20113;2A189;"41.71 , 8.842222222222222";41°42'36''N 8°50'32''E;En service
328600;FREE MOBILE;2246406;LTE 2600;2021-09-29;02A;2A189;4G;2026-03-19T15:15:24;02A0990321;23;"32,3";75;SCALZAMORTA;;;;20113;2A189;"41.71 , 8.842222222222222";41°42'36''N 8°50'32''E;En service
328601;FREE MOBILE;2246406;LTE 700;2021-10-18;02A;2A189;4G;2026-03-19T15:15:24;02A0990321;23;"32,3";75;SCALZAMORTA;;;;20113;2A189;"41.71 , 8.842222222222222";41°42'36''N 8°50'32''E;En service
328602;FREE MOBILE;2246406;LTE 900;2025-12-15;02A;2A189;4G;2026-03-19T15:15:24;02A0990321;23;"32,3";75;SCALZAMORTA;;;;20113;2A189;"41.71 , 8.842222222222222";41°42'36''N 8°50'32''E;En service
332541;FREE MOBILE;2312725;5G NR 700;2021-03-19;02A;2A130;5G;2026-03-19T15:15:24;02A0990322;23;24;32;POZZI;T40  cimetiere;;;20128;2A130;"41.86638888888889 , 8.964444444444444";41°51'59''N 8°57'52''E;Techniquement opérationnel
332542;FREE MOBILE;2312725;LTE 1800;2021-01-15;02A;2A130;4G;2026-03-19T15:15:24;02A0990322;23;24;32;POZZI;T40  cimetiere;;;20128;2A130;"41.86638888888889 , 8.964444444444444";41°51'59''N 8°57'52''E;En service
332543;FREE MOBILE;2312725;LTE 2100;2025-07-21;02A;2A130;4G;2026-03-19T15:15:24;02A0990322;23;24;32;POZZI;T40  cimetiere;;;20128;2A130;"41.86638888888889 , 8.964444444444444";41°51'59''N 8°57'52''E;En service
332544;FREE MOBILE;2312725;LTE 2600;2021-01-15;02A;2A130;4G;2026-03-19T15:15:24;02A0990322;23;24;32;POZZI;T40  cimetiere;;;20128;2A130;"41.86638888888889 , 8.964444444444444";41°51'59''N 8°57'52''E;En service
332545;FREE MOBILE;2312725;LTE 700;2021-02-01;02A;2A130;4G;2026-03-19T15:15:24;02A0990322;23;24;32;POZZI;T40  cimetiere;;;20128;2A130;"41.86638888888889 , 8.964444444444444";41°51'59''N 8°57'52''E;En service
332546;FREE MOBILE;2312725;LTE 900;2025-09-22;02A;2A130;4G;2026-03-19T15:15:24;02A0990322;23;24;32;POZZI;T40  cimetiere;;;20128;2A130;"41.86638888888889 , 8.964444444444444";41°51'59''N 8°57'52''E;En service
333301;FREE MOBILE;2322475;LTE 700;2022-07-11;02A;2A240;4G;2026-03-19T15:15:24;02A0990325;23;24;65;Valdarone;Sant' Anoria;Campivu;;20125;2A240;"42.17805555555555 , 8.896944444444443";42°10'41''N 8°53'49''E;En service
333302;FREE MOBILE;2322475;UMTS 900;2022-06-29;02A;2A240;3G;2026-03-19T15:15:24;02A0990325;23;24;65;Valdarone;Sant' Anoria;Campivu;;20125;2A240;"42.17805555555555 , 8.896944444444443";42°10'41''N 8°53'49''E;En service
337628;FREE MOBILE;2403761;LTE 700;2021-03-29;02A;2A189;4G;2026-03-19T15:15:24;02A0990326;23;45;75;MILUCCIA;LECCIALTE;;;20113;2A189;"41.72972222222222 , 8.913333333333334";41°43'47''N 8°54'48''E;En service
337629;FREE MOBILE;2403761;UMTS 900;2021-03-25;02A;2A189;3G;2026-03-19T15:15:24;02A0990326;23;45;75;MILUCCIA;LECCIALTE;;;20113;2A189;"41.72972222222222 , 8.913333333333334";41°43'47''N 8°54'48''E;En service
338054;FREE MOBILE;2410610;5G NR 700;2024-06-27;02A;2A139;5G;2026-03-19T15:15:24;02A0990337;23;42;72;Mulinacciu;;;;20137;2A139;"41.671388888888885 , 9.300833333333333";41°40'17''N 9°18'3''E;Techniquement opérationnel
338055;FREE MOBILE;2410610;LTE 1800;2024-06-25;02A;2A139;4G;2026-03-19T15:15:24;02A0990337;23;42;72;Mulinacciu;;;;20137;2A139;"41.671388888888885 , 9.300833333333333";41°40'17''N 9°18'3''E;En service
338056;FREE MOBILE;2410610;LTE 700;2024-07-01;02A;2A139;4G;2026-03-19T15:15:24;02A0990337;23;42;72;Mulinacciu;;;;20137;2A139;"41.671388888888885 , 9.300833333333333";41°40'17''N 9°18'3''E;En service
338057;FREE MOBILE;2410610;LTE 900;2026-02-23;02A;2A139;4G;2026-03-19T15:15:24;02A0990337;23;42;72;Mulinacciu;;;;20137;2A139;"41.671388888888885 , 9.300833333333333";41°40'17''N 9°18'3''E;En service
338080;FREE MOBILE;2411047;5G NR 700;2025-02-03;02A;2A071;5G;2026-03-19T15:15:24;02A0990362;23;42;72;San andria;T40;San Andria;;20140;2A071;"41.74277777777778 , 8.9325";41°44'34''N 8°55'57''E;Techniquement opérationnel
338081;FREE MOBILE;2411047;LTE 1800;2025-01-27;02A;2A071;4G;2026-03-19T15:15:24;02A0990362;23;42;72;San andria;T40;San Andria;;20140;2A071;"41.74277777777778 , 8.9325";41°44'34''N 8°55'57''E;En service
338082;FREE MOBILE;2411047;LTE 700;2025-01-27;02A;2A071;4G;2026-03-19T15:15:24;02A0990362;23;42;72;San andria;T40;San Andria;;20140;2A071;"41.74277777777778 , 8.9325";41°44'34''N 8°55'57''E;En service
338083;FREE MOBILE;2411047;LTE 900;2025-12-15;02A;2A071;4G;2026-03-19T15:15:24;02A0990362;23;42;72;San andria;T40;San Andria;;20140;2A071;"41.74277777777778 , 8.9325";41°44'34''N 8°55'57''E;En service
339112;FREE MOBILE;2430842;LTE 700;2021-07-26;02A;2A254;4G;2026-03-19T15:15:24;02A0990328;23;33;75;Ucelli;Hameau de Bavella;;;20122;2A254;"41.797777777777775 , 9.222777777777777";41°47'52''N 9°13'22''E;En service
339113;FREE MOBILE;2430842;UMTS 900;2021-07-26;02A;2A254;3G;2026-03-19T15:15:24;02A0990328;23;33;75;Ucelli;Hameau de Bavella;;;20122;2A254;"41.797777777777775 , 9.222777777777777";41°47'52''N 9°13'22''E;En service
340019;FREE MOBILE;2449115;5G NR 3500;2022-10-28;02A;2A004;5G;2026-03-19T15:15:24;02A0990296;17;43;9;;r albert decaris;Résidence Plein Ciel;;20000;2A004;"41.91972222222222 , 8.728055555555555";41°55'11''N 8°43'41''E;Techniquement opérationnel
340020;FREE MOBILE;2449115;5G NR 700;2022-10-28;02A;2A004;5G;2026-03-19T15:15:24;02A0990296;17;43;9;;r albert decaris;Résidence Plein Ciel;;20000;2A004;"41.91972222222222 , 8.728055555555555";41°55'11''N 8°43'41''E;Techniquement opérationnel
340021;FREE MOBILE;2449115;LTE 1800;2022-01-06;02A;2A004;4G;2026-03-19T15:15:24;02A0990296;17;43;9;;r albert decaris;Résidence Plein Ciel;;20000;2A004;"41.91972222222222 , 8.728055555555555";41°55'11''N 8°43'41''E;En service
340022;FREE MOBILE;2449115;LTE 2100;2022-04-22;02A;2A004;4G;2026-03-19T15:15:24;02A0990296;17;43;9;;r albert decaris;Résidence Plein Ciel;;20000;2A004;"41.91972222222222 , 8.728055555555555";41°55'11''N 8°43'41''E;En service
340023;FREE MOBILE;2449115;LTE 2600;2022-01-06;02A;2A004;4G;2026-03-19T15:15:24;02A0990296;17;43;9;;r albert decaris;Résidence Plein Ciel;;20000;2A004;"41.91972222222222 , 8.728055555555555";41°55'11''N 8°43'41''E;En service
340024;FREE MOBILE;2449115;LTE 700;2022-01-17;02A;2A004;4G;2026-03-19T15:15:24;02A0990296;17;43;9;;r albert decaris;Résidence Plein Ciel;;20000;2A004;"41.91972222222222 , 8.728055555555555";41°55'11''N 8°43'41''E;En service
340025;FREE MOBILE;2449115;LTE 900;2025-07-30;02A;2A004;4G;2026-03-19T15:15:24;02A0990296;17;43;9;;r albert decaris;Résidence Plein Ciel;;20000;2A004;"41.91972222222222 , 8.728055555555555";41°55'11''N 8°43'41''E;En service
341265;FREE MOBILE;2466649;LTE 700;2022-03-28;02A;2A098;4G;2026-03-19T15:15:24;02A0990330;23;20;65;TERRA ROSSA;Carpina;;;20138;2A098;"41.745555555555555 , 8.696111111111112";41°44'44''N 8°41'46''E;En service
341266;FREE MOBILE;2466649;UMTS 900;2022-03-28;02A;2A098;3G;2026-03-19T15:15:24;02A0990330;23;20;65;TERRA ROSSA;Carpina;;;20138;2A098;"41.745555555555555 , 8.696111111111112";41°44'44''N 8°41'46''E;En service
344916;FREE MOBILE;2529417;5G NR 700;2022-10-21;02A;2A330;5G;2026-03-19T15:15:24;02A0990332;23;"26,7";32;A SUARELLA;T20 D29;;;20133;2A330;"42.058611111111105 , 8.96361111111111";42°3'31''N 8°57'49''E;Techniquement opérationnel
344917;FREE MOBILE;2529417;LTE 1800;2022-04-29;02A;2A330;4G;2026-03-19T15:15:24;02A0990332;23;"26,7";32;A SUARELLA;T20 D29;;;20133;2A330;"42.058611111111105 , 8.96361111111111";42°3'31''N 8°57'49''E;En service
344918;FREE MOBILE;2529417;LTE 2100;2025-07-14;02A;2A330;4G;2026-03-19T15:15:24;02A0990332;23;"26,7";32;A SUARELLA;T20 D29;;;20133;2A330;"42.058611111111105 , 8.96361111111111";42°3'31''N 8°57'49''E;En service
344919;FREE MOBILE;2529417;LTE 2600;2022-04-29;02A;2A330;4G;2026-03-19T15:15:24;02A0990332;23;"26,7";32;A SUARELLA;T20 D29;;;20133;2A330;"42.058611111111105 , 8.96361111111111";42°3'31''N 8°57'49''E;En service
344920;FREE MOBILE;2529417;LTE 700;2022-05-30;02A;2A330;4G;2026-03-19T15:15:24;02A0990332;23;"26,7";32;A SUARELLA;T20 D29;;;20133;2A330;"42.058611111111105 , 8.96361111111111";42°3'31''N 8°57'49''E;En service
344921;FREE MOBILE;2529417;LTE 900;2025-09-22;02A;2A330;4G;2026-03-19T15:15:24;02A0990332;23;"26,7";32;A SUARELLA;T20 D29;;;20133;2A330;"42.058611111111105 , 8.96361111111111";42°3'31''N 8°57'49''E;En service
345227;FREE MOBILE;2535873;5G NR 700;2026-03-09;02A;2A060;5G;2026-03-19T15:15:24;02A0990367;23;36;27;pujolo;;;;20151;2A060;"42.05138888888889 , 8.818888888888889";42°3'5''N 8°49'8''E;Techniquement opérationnel
345228;FREE MOBILE;2535873;LTE 1800;2026-03-09;02A;2A060;4G;2026-03-19T15:15:24;02A0990367;23;36;27;pujolo;;;;20151;2A060;"42.05138888888889 , 8.818888888888889";42°3'5''N 8°49'8''E;En service
345229;FREE MOBILE;2535873;LTE 2100;;02A;2A060;4G;2026-03-19T15:15:24;02A0990367;23;36;27;pujolo;;;;20151;2A060;"42.05138888888889 , 8.818888888888889";42°3'5''N 8°49'8''E;Projet approuvé
345230;FREE MOBILE;2535873;LTE 2600;2026-03-09;02A;2A060;4G;2026-03-19T15:15:24;02A0990367;23;36;27;pujolo;;;;20151;2A060;"42.05138888888889 , 8.818888888888889";42°3'5''N 8°49'8''E;En service
345231;FREE MOBILE;2535873;LTE 700;2026-03-09;02A;2A060;4G;2026-03-19T15:15:24;02A0990367;23;36;27;pujolo;;;;20151;2A060;"42.05138888888889 , 8.818888888888889";42°3'5''N 8°49'8''E;En service
345232;FREE MOBILE;2535873;LTE 900;;02A;2A060;4G;2026-03-19T15:15:24;02A0990367;23;36;27;pujolo;;;;20151;2A060;"42.05138888888889 , 8.818888888888889";42°3'5''N 8°49'8''E;Projet approuvé
345518;FREE MOBILE;2538301;LTE 700;2023-02-27;02A;2A360;4G;2026-03-19T15:15:24;02A0990335;23;42;27;Costa;;;;20190;2A360;"41.84861111111111 , 8.991666666666665";41°50'55''N 8°59'30''E;En service
345519;FREE MOBILE;2538301;UMTS 900;2023-02-22;02A;2A360;3G;2026-03-19T15:15:24;02A0990335;23;42;27;Costa;;;;20190;2A360;"41.84861111111111 , 8.991666666666665";41°50'55''N 8°59'30''E;En service
348995;FREE MOBILE;2598920;LTE 700;2022-12-19;02A;2A031;4G;2026-03-19T15:15:24;02A0990334;23;24;65;Lucciolaja;Cauro Bastelica;;;20119;2A031;"41.95777777777778 , 8.995277777777776";41°57'28''N 8°59'43''E;En service
348996;FREE MOBILE;2598920;UMTS 900;2022-11-07;02A;2A031;3G;2026-03-19T15:15:24;02A0990334;23;24;65;Lucciolaja;Cauro Bastelica;;;20119;2A031;"41.95777777777778 , 8.995277777777776";41°57'28''N 8°59'43''E;En service
351619;FREE MOBILE;2638785;LTE 700;2023-06-19;02A;2A026;4G;2026-03-19T15:15:24;02A0990339;23;24;74;Matre;;;;20190;2A026;"41.86416666666667 , 9.016944444444444";41°51'51''N 9°1'1''E;En service
351620;FREE MOBILE;2638785;UMTS 900;2023-03-20;02A;2A026;3G;2026-03-19T15:15:24;02A0990339;23;24;74;Matre;;;;20190;2A026;"41.86416666666667 , 9.016944444444444";41°51'51''N 9°1'1''E;En service
351792;FREE MOBILE;2640911;LTE 700;2023-06-19;02A;2A269;4G;2026-03-19T15:15:24;02A0990340;23;24;74;GAGLIOLI - TRAMUTA;rte de Bavella;Ch d'expl près D268;;20145;2A269;"41.83277777777778 , 9.320833333333333";41°49'58''N 9°19'15''E;En service
351793;FREE MOBILE;2640911;UMTS 900;2023-04-24;02A;2A269;3G;2026-03-19T15:15:24;02A0990340;23;24;74;GAGLIOLI - TRAMUTA;rte de Bavella;Ch d'expl près D268;;20145;2A269;"41.83277777777778 , 9.320833333333333";41°49'58''N 9°19'15''E;En service
353462;FREE MOBILE;2662081;LTE 700;2023-08-14;02A;2A186;4G;2026-03-19T15:15:24;02A0990355;23;"18,4";65;Valdo;;;;20140;2A186;"41.844722222222224 , 9.061944444444444";41°50'41''N 9°3'43''E;En service
353463;FREE MOBILE;2662081;UMTS 900;2023-08-14;02A;2A186;3G;2026-03-19T15:15:24;02A0990355;23;"18,4";65;Valdo;;;;20140;2A186;"41.844722222222224 , 9.061944444444444";41°50'41''N 9°3'43''E;En service
355277;FREE MOBILE;2691322;LTE 700;2025-01-20;02A;2A132;4G;2026-03-19T15:15:24;02A0990353;26;18;32;;RUE CAMPIANI;;;20128;2A132;"41.83555555555556 , 8.924444444444443";41°50'8''N 8°55'28''E;En service
355278;FREE MOBILE;2691322;UMTS 900;2025-01-10;02A;2A132;3G;2026-03-19T15:15:24;02A0990353;26;18;32;;RUE CAMPIANI;;;20128;2A132;"41.83555555555556 , 8.924444444444443";41°50'8''N 8°55'28''E;En service
355279;FREE MOBILE;2691324;LTE 700;2023-08-14;02A;2A014;4G;2026-03-19T15:15:24;02A0990350;23;21;32;;Chemin d'Ambiegna;;;20151;2A014;"42.08444444444444 , 8.796111111111111";42°5'4''N 8°47'46''E;En service
355280;FREE MOBILE;2691324;UMTS 900;2023-08-14;02A;2A014;3G;2026-03-19T15:15:24;02A0990350;23;21;32;;Chemin d'Ambiegna;;;20151;2A014;"42.08444444444444 , 8.796111111111111";42°5'4''N 8°47'46''E;En service
355558;FREE MOBILE;2695041;LTE 700;2025-01-20;02A;2A163;4G;2026-03-19T15:15:24;02A0990360;23;21;32;Giannuccio;Proche TADU;;;20171;2A163;"41.5625 , 9.041666666666666";41°33'45''N 9°2'30''E;En service
355559;FREE MOBILE;2695041;UMTS 900;2025-01-10;02A;2A163;3G;2026-03-19T15:15:24;02A0990360;23;21;32;Giannuccio;Proche TADU;;;20171;2A163;"41.5625 , 9.041666666666666";41°33'45''N 9°2'30''E;En service
355720;FREE MOBILE;2697896;5G NR 700;2025-08-11;02A;2A091;5G;2026-03-19T15:15:24;02A0990376;23;36;27;Pialtellu;Proche de D55;;;20123;2A091;"41.806666666666665 , 8.849166666666667";41°48'24''N 8°50'57''E;Techniquement opérationnel
355721;FREE MOBILE;2697896;LTE 1800;2025-07-23;02A;2A091;4G;2026-03-19T15:15:24;02A0990376;23;36;27;Pialtellu;Proche de D55;;;20123;2A091;"41.806666666666665 , 8.849166666666667";41°48'24''N 8°50'57''E;En service
355722;FREE MOBILE;2697896;LTE 2100;;02A;2A091;4G;2026-03-19T15:15:24;02A0990376;23;36;27;Pialtellu;Proche de D55;;;20123;2A091;"41.806666666666665 , 8.849166666666667";41°48'24''N 8°50'57''E;Projet approuvé
355723;FREE MOBILE;2697896;LTE 2600;;02A;2A091;4G;2026-03-19T15:15:24;02A0990376;23;36;27;Pialtellu;Proche de D55;;;20123;2A091;"41.806666666666665 , 8.849166666666667";41°48'24''N 8°50'57''E;Projet approuvé
355724;FREE MOBILE;2697896;LTE 700;2025-08-18;02A;2A091;4G;2026-03-19T15:15:24;02A0990376;23;36;27;Pialtellu;Proche de D55;;;20123;2A091;"41.806666666666665 , 8.849166666666667";41°48'24''N 8°50'57''E;En service
355725;FREE MOBILE;2697896;LTE 900;2025-12-15;02A;2A091;4G;2026-03-19T15:15:24;02A0990376;23;36;27;Pialtellu;Proche de D55;;;20123;2A091;"41.806666666666665 , 8.849166666666667";41°48'24''N 8°50'57''E;En service
357223;FREE MOBILE;2716443;5G NR 700;2024-07-15;02A;2A279;5G;2026-03-19T15:15:24;02A0990338;23;42;27;;MAIRIE DE SERRIERA;;;20147;2A279;"42.30222222222222 , 8.711388888888887";42°18'8''N 8°42'41''E;Techniquement opérationnel
357224;FREE MOBILE;2716443;LTE 1800;2024-07-15;02A;2A279;4G;2026-03-19T15:15:24;02A0990338;23;42;27;;MAIRIE DE SERRIERA;;;20147;2A279;"42.30222222222222 , 8.711388888888887";42°18'8''N 8°42'41''E;En service
357225;FREE MOBILE;2716443;LTE 700;2024-07-22;02A;2A279;4G;2026-03-19T15:15:24;02A0990338;23;42;27;;MAIRIE DE SERRIERA;;;20147;2A279;"42.30222222222222 , 8.711388888888887";42°18'8''N 8°42'41''E;En service
357226;FREE MOBILE;2716443;LTE 900;2025-12-15;02A;2A279;4G;2026-03-19T15:15:24;02A0990338;23;42;27;;MAIRIE DE SERRIERA;;;20147;2A279;"42.30222222222222 , 8.711388888888887";42°18'8''N 8°42'41''E;En service
359241;FREE MOBILE;2743017;LTE 700;2023-11-27;02A;2A142;4G;2026-03-19T15:15:24;02A0990354;23;30;32;FILOMOZZO;Route de Tirolo à Carpolitano;;;20170;2A142;"41.64944444444444 , 9.104722222222222";41°38'58''N 9°6'17''E;En service
359242;FREE MOBILE;2743017;UMTS 900;2023-11-27;02A;2A142;3G;2026-03-19T15:15:24;02A0990354;23;30;32;FILOMOZZO;Route de Tirolo à Carpolitano;;;20170;2A142;"41.64944444444444 , 9.104722222222222";41°38'58''N 9°6'17''E;En service
360705;FREE MOBILE;2764938;5G NR 3500;;02A;2A108;5G;2026-03-19T15:15:24;02A0990341;23;"11,6";42;;CAPU DI VERGIO VERGHIU SUPRANU;;;20126;2A108;"42.28527777777778 , 8.883333333333333";42°17'7''N 8°53'0''E;Projet approuvé
360706;FREE MOBILE;2764938;5G NR 700;;02A;2A108;5G;2026-03-19T15:15:24;02A0990341;23;"11,6";42;;CAPU DI VERGIO VERGHIU SUPRANU;;;20126;2A108;"42.28527777777778 , 8.883333333333333";42°17'7''N 8°53'0''E;Projet approuvé
360707;FREE MOBILE;2764938;LTE 1800;;02A;2A108;4G;2026-03-19T15:15:24;02A0990341;23;"11,6";42;;CAPU DI VERGIO VERGHIU SUPRANU;;;20126;2A108;"42.28527777777778 , 8.883333333333333";42°17'7''N 8°53'0''E;Projet approuvé
360708;FREE MOBILE;2764938;LTE 2100;;02A;2A108;4G;2026-03-19T15:15:24;02A0990341;23;"11,6";42;;CAPU DI VERGIO VERGHIU SUPRANU;;;20126;2A108;"42.28527777777778 , 8.883333333333333";42°17'7''N 8°53'0''E;Projet approuvé
360709;FREE MOBILE;2764938;LTE 2600;;02A;2A108;4G;2026-03-19T15:15:24;02A0990341;23;"11,6";42;;CAPU DI VERGIO VERGHIU SUPRANU;;;20126;2A108;"42.28527777777778 , 8.883333333333333";42°17'7''N 8°53'0''E;Projet approuvé
360710;FREE MOBILE;2764938;LTE 700;;02A;2A108;4G;2026-03-19T15:15:24;02A0990341;23;"11,6";42;;CAPU DI VERGIO VERGHIU SUPRANU;;;20126;2A108;"42.28527777777778 , 8.883333333333333";42°17'7''N 8°53'0''E;Projet approuvé
360711;FREE MOBILE;2764938;LTE 900;;02A;2A108;4G;2026-03-19T15:15:24;02A0990341;23;"11,6";42;;CAPU DI VERGIO VERGHIU SUPRANU;;;20126;2A108;"42.28527777777778 , 8.883333333333333";42°17'7''N 8°53'0''E;Projet approuvé
361254;FREE MOBILE;2773430;LTE 700;2024-02-12;02A;2A114;4G;2026-03-19T15:15:24;02A0990343;23;27;42;Punta di Turricciola;Hameau de Santa Lucia.;;;20114;2A114;"41.48111111111111 , 9.157777777777778";41°28'52''N 9°9'28''E;En service
361255;FREE MOBILE;2773430;UMTS 900;2024-03-29;02A;2A114;3G;2026-03-19T15:15:24;02A0990343;23;27;42;Punta di Turricciola;Hameau de Santa Lucia.;;;20114;2A114;"41.48111111111111 , 9.157777777777778";41°28'52''N 9°9'28''E;En service
363004;FREE MOBILE;2803186;LTE 700;2025-01-20;02A;2A204;4G;2026-03-19T15:15:24;02A0990357;23;24;74;Canalelle;;;;20121;2A204;"42.13305555555556 , 8.974722222222223";42°7'59''N 8°58'29''E;En service
363005;FREE MOBILE;2803186;UMTS 900;2024-08-30;02A;2A204;3G;2026-03-19T15:15:24;02A0990357;23;24;74;Canalelle;;;;20121;2A204;"42.13305555555556 , 8.974722222222223";42°7'59''N 8°58'29''E;En service
363006;FREE MOBILE;2803196;LTE 700;2025-01-20;02A;2A204;4G;2026-03-19T15:15:24;02A0990356;23;24;74;;FRASSETU;;;20121;2A204;"42.12833333333333 , 8.986944444444443";42°7'42''N 8°59'13''E;En service
363007;FREE MOBILE;2803196;UMTS 900;2024-12-20;02A;2A204;3G;2026-03-19T15:15:24;02A0990356;23;24;74;;FRASSETU;;;20121;2A204;"42.12833333333333 , 8.986944444444443";42°7'42''N 8°59'13''E;En service
363760;FREE MOBILE;2817621;5G NR 3500;2024-11-26;02A;2A348;5G;2026-03-19T15:15:24;02A0990346;23;24;42;Col de St Antoine;Chemin de St Antoine;Maison des services forestiers;;20160;2A348;"42.161944444444444 , 8.790277777777778";42°9'43''N 8°47'25''E;Techniquement opérationnel
363761;FREE MOBILE;2817621;5G NR 700;2024-02-27;02A;2A348;5G;2026-03-19T15:15:24;02A0990346;23;24;42;Col de St Antoine;Chemin de St Antoine;Maison des services forestiers;;20160;2A348;"42.161944444444444 , 8.790277777777778";42°9'43''N 8°47'25''E;Techniquement opérationnel
363762;FREE MOBILE;2817621;LTE 1800;2024-01-22;02A;2A348;4G;2026-03-19T15:15:24;02A0990346;23;24;42;Col de St Antoine;Chemin de St Antoine;Maison des services forestiers;;20160;2A348;"42.161944444444444 , 8.790277777777778";42°9'43''N 8°47'25''E;En service
363763;FREE MOBILE;2817621;LTE 700;2024-01-22;02A;2A348;4G;2026-03-19T15:15:24;02A0990346;23;24;42;Col de St Antoine;Chemin de St Antoine;Maison des services forestiers;;20160;2A348;"42.161944444444444 , 8.790277777777778";42°9'43''N 8°47'25''E;En service
363764;FREE MOBILE;2817621;LTE 900;2025-12-15;02A;2A348;4G;2026-03-19T15:15:24;02A0990346;23;24;42;Col de St Antoine;Chemin de St Antoine;Maison des services forestiers;;20160;2A348;"42.161944444444444 , 8.790277777777778";42°9'43''N 8°47'25''E;En service
364370;FREE MOBILE;2824886;LTE 700;2023-12-25;02A;2A119;4G;2026-03-19T15:15:24;02A0990344;20;"27,7";34;;Place de l'Eglise;;;20157;2A119;"41.89555555555555 , 9.021944444444445";41°53'44''N 9°1'19''E;En service
364371;FREE MOBILE;2824886;UMTS 900;2023-11-27;02A;2A119;3G;2026-03-19T15:15:24;02A0990344;20;"27,7";34;;Place de l'Eglise;;;20157;2A119;"41.89555555555555 , 9.021944444444445";41°53'44''N 9°1'19''E;En service
365488;FREE MOBILE;2837848;5G NR 3500;2023-10-19;02A;2A004;5G;2026-03-19T15:15:24;02A0990347;17;28;14;;CHEMIN DU STILETTO;Centre Hospitalier Notre Dame de la Miséricorde;;20000;2A004;"41.94416666666666 , 8.769722222222223";41°56'39''N 8°46'11''E;Techniquement opérationnel
365489;FREE MOBILE;2837848;5G NR 700;2023-10-19;02A;2A004;5G;2026-03-19T15:15:24;02A0990347;17;28;14;;CHEMIN DU STILETTO;Centre Hospitalier Notre Dame de la Miséricorde;;20000;2A004;"41.94416666666666 , 8.769722222222223";41°56'39''N 8°46'11''E;Techniquement opérationnel
365490;FREE MOBILE;2837848;LTE 1800;2023-09-29;02A;2A004;4G;2026-03-19T15:15:24;02A0990347;17;28;14;;CHEMIN DU STILETTO;Centre Hospitalier Notre Dame de la Miséricorde;;20000;2A004;"41.94416666666666 , 8.769722222222223";41°56'39''N 8°46'11''E;En service
365491;FREE MOBILE;2837848;LTE 2100;2023-10-09;02A;2A004;4G;2026-03-19T15:15:24;02A0990347;17;28;14;;CHEMIN DU STILETTO;Centre Hospitalier Notre Dame de la Miséricorde;;20000;2A004;"41.94416666666666 , 8.769722222222223";41°56'39''N 8°46'11''E;En service
365492;FREE MOBILE;2837848;LTE 2600;2023-09-18;02A;2A004;4G;2026-03-19T15:15:24;02A0990347;17;28;14;;CHEMIN DU STILETTO;Centre Hospitalier Notre Dame de la Miséricorde;;20000;2A004;"41.94416666666666 , 8.769722222222223";41°56'39''N 8°46'11''E;En service
365493;FREE MOBILE;2837848;LTE 700;2023-09-29;02A;2A004;4G;2026-03-19T15:15:24;02A0990347;17;28;14;;CHEMIN DU STILETTO;Centre Hospitalier Notre Dame de la Miséricorde;;20000;2A004;"41.94416666666666 , 8.769722222222223";41°56'39''N 8°46'11''E;En service
365494;FREE MOBILE;2837848;LTE 900;2025-08-11;02A;2A004;4G;2026-03-19T15:15:24;02A0990347;17;28;14;;CHEMIN DU STILETTO;Centre Hospitalier Notre Dame de la Miséricorde;;20000;2A004;"41.94416666666666 , 8.769722222222223";41°56'39''N 8°46'11''E;En service
365937;FREE MOBILE;2843685;LTE 700;2023-11-30;02A;2A129;4G;2026-03-19T15:15:24;02A0990359;23;18;27;Santo;SPALLA;ancien chemin de tivolaggio à Grossa;;20100;2A129;"41.61194444444445 , 8.875";41°36'43''N 8°52'30''E;En service
365938;FREE MOBILE;2843685;UMTS 900;2023-11-30;02A;2A129;3G;2026-03-19T15:15:24;02A0990359;23;18;27;Santo;SPALLA;ancien chemin de tivolaggio à Grossa;;20100;2A129;"41.61194444444445 , 8.875";41°36'43''N 8°52'30''E;En service
366356;FREE MOBILE;2848458;LTE 700;2023-12-25;02A;2A203;4G;2026-03-19T15:15:24;02A0990348;23;12;42;Sarra Mandriaccia;Rte du cimetière;;;20147;2A203;"42.31055555555555 , 8.686111111111112";42°18'38''N 8°41'10''E;En service
366357;FREE MOBILE;2848458;UMTS 900;2024-01-08;02A;2A203;3G;2026-03-19T15:15:24;02A0990348;23;12;42;Sarra Mandriaccia;Rte du cimetière;;;20147;2A203;"42.31055555555555 , 8.686111111111112";42°18'38''N 8°41'10''E;En service
367561;FREE MOBILE;2858457;LTE 700;;02A;2A031;4G;2026-03-19T15:15:24;02A0990351;23;30;74;Alzitella;D 27;;;20119;2A031;"42.01 , 9.038611111111111";42°0'36''N 9°2'19''E;Projet approuvé
367562;FREE MOBILE;2858457;UMTS 900;;02A;2A031;3G;2026-03-19T15:15:24;02A0990351;23;30;74;Alzitella;D 27;;;20119;2A031;"42.01 , 9.038611111111111";42°0'36''N 9°2'19''E;Projet approuvé
367659;FREE MOBILE;2860764;LTE 700;;02A;2A359;4G;2026-03-19T15:15:24;02A0990349;23;"9,9";42;PUNTA TOZZARELLA VALLICIONCA;PLATEAU DU COSCIONE;;;20132;2A359;"41.85416666666667 , 9.17611111111111";41°51'15''N 9°10'34''E;Projet approuvé
367660;FREE MOBILE;2860764;UMTS 900;;02A;2A359;3G;2026-03-19T15:15:24;02A0990349;23;"9,9";42;PUNTA TOZZARELLA VALLICIONCA;PLATEAU DU COSCIONE;;;20132;2A359;"41.85416666666667 , 9.17611111111111";41°51'15''N 9°10'34''E;Projet approuvé
370585;FREE MOBILE;2889326;LTE 700;2025-04-21;02A;2A019;4G;2026-03-19T15:15:24;02A0990368;23;18;74;SAMBUGHELLE ;Chemein d'arbori;;;20160;2A019;"42.14388888888889 , 8.802222222222223";42°8'38''N 8°48'8''E;En service
370586;FREE MOBILE;2889326;UMTS 900;2024-11-18;02A;2A019;3G;2026-03-19T15:15:24;02A0990368;23;18;74;SAMBUGHELLE ;Chemein d'arbori;;;20160;2A019;"42.14388888888889 , 8.802222222222223";42°8'38''N 8°48'8''E;En service
370798;FREE MOBILE;2890760;LTE 700;;02A;2A348;4G;2026-03-19T15:15:24;02A0990375;23;24;27;Poggio;RD 56 Frasso;;;20160;2A348;"42.152499999999996 , 8.774444444444445";42°9'9''N 8°46'28''E;Projet approuvé
370799;FREE MOBILE;2890760;UMTS 900;;02A;2A348;3G;2026-03-19T15:15:24;02A0990375;23;24;27;Poggio;RD 56 Frasso;;;20160;2A348;"42.152499999999996 , 8.774444444444445";42°9'9''N 8°46'28''E;Projet approuvé
371001;FREE MOBILE;2892620;LTE 700;2025-06-16;02A;2A324;4G;2026-03-19T15:15:24;02A0990374;23;"18,4";74;CIOFELLO;CASARACCA - PRUNICCIA;D127;;20163;2A324;"42.06666666666667 , 9.020000000000001";42°4'0''N 9°1'12''E;En service
371002;FREE MOBILE;2892620;UMTS 900;2025-06-16;02A;2A324;3G;2026-03-19T15:15:24;02A0990374;23;"18,4";74;CIOFELLO;CASARACCA - PRUNICCIA;D127;;20163;2A324;"42.06666666666667 , 9.020000000000001";42°4'0''N 9°1'12''E;En service
371207;FREE MOBILE;2893919;LTE 700;2025-04-21;02A;2A090;4G;2026-03-19T15:15:24;02A0990370;23;"18,4";74;RONDINAJA;Sorbolonne;;;20118;2A090;"42.12166666666667 , 8.748333333333333";42°7'18''N 8°44'54''E;En service
371208;FREE MOBILE;2893919;UMTS 900;2025-04-23;02A;2A090;3G;2026-03-19T15:15:24;02A0990370;23;"18,4";74;RONDINAJA;Sorbolonne;;;20118;2A090;"42.12166666666667 , 8.748333333333333";42°7'18''N 8°44'54''E;En service
371211;FREE MOBILE;2894003;LTE 700;2025-03-24;02A;2A154;4G;2026-03-19T15:15:24;02A0990371;23;30;74;Monte Maggiore ;Près de la route Piano Maggiore;;;20141;2A154;"42.233333333333334 , 8.791944444444445";42°14'0''N 8°47'31''E;En service
371212;FREE MOBILE;2894003;UMTS 900;2025-01-10;02A;2A154;3G;2026-03-19T15:15:24;02A0990371;23;30;74;Monte Maggiore ;Près de la route Piano Maggiore;;;20141;2A154;"42.233333333333334 , 8.791944444444445";42°14'0''N 8°47'31''E;En service
372296;FREE MOBILE;2903885;LTE 700;2024-03-29;02A;2A022;4G;2026-03-19T15:15:24;02A0990369;23;24;27;MURONE;Chemin de San Chirgo;;;20151;2A022;"42.09777777777778 , 8.808611111111112";42°5'52''N 8°48'31''E;En service
372297;FREE MOBILE;2903885;UMTS 900;2024-03-29;02A;2A022;3G;2026-03-19T15:15:24;02A0990369;23;24;27;MURONE;Chemin de San Chirgo;;;20151;2A022;"42.09777777777778 , 8.808611111111112";42°5'52''N 8°48'31''E;En service
372484;FREE MOBILE;2905795;5G NR 3500;2024-07-22;02A;2A004;5G;2026-03-19T15:15:24;02A0990363;17;"26,5";29;;Route du Ricanto;Hôtel Campo Dell'Oro;;20000;2A004;"41.92861111111111 , 8.777500000000002";41°55'43''N 8°46'39''E;Techniquement opérationnel
372485;FREE MOBILE;2905795;5G NR 700;2024-07-15;02A;2A004;5G;2026-03-19T15:15:24;02A0990363;17;"26,5";29;;Route du Ricanto;Hôtel Campo Dell'Oro;;20000;2A004;"41.92861111111111 , 8.777500000000002";41°55'43''N 8°46'39''E;Techniquement opérationnel
372486;FREE MOBILE;2905795;LTE 1800;2024-07-15;02A;2A004;4G;2026-03-19T15:15:24;02A0990363;17;"26,5";29;;Route du Ricanto;Hôtel Campo Dell'Oro;;20000;2A004;"41.92861111111111 , 8.777500000000002";41°55'43''N 8°46'39''E;En service
372487;FREE MOBILE;2905795;LTE 2100;2024-07-15;02A;2A004;4G;2026-03-19T15:15:24;02A0990363;17;"26,5";29;;Route du Ricanto;Hôtel Campo Dell'Oro;;20000;2A004;"41.92861111111111 , 8.777500000000002";41°55'43''N 8°46'39''E;En service
372488;FREE MOBILE;2905795;LTE 2600;2024-07-15;02A;2A004;4G;2026-03-19T15:15:24;02A0990363;17;"26,5";29;;Route du Ricanto;Hôtel Campo Dell'Oro;;20000;2A004;"41.92861111111111 , 8.777500000000002";41°55'43''N 8°46'39''E;En service
372489;FREE MOBILE;2905795;LTE 700;2024-07-22;02A;2A004;4G;2026-03-19T15:15:24;02A0990363;17;"26,5";29;;Route du Ricanto;Hôtel Campo Dell'Oro;;20000;2A004;"41.92861111111111 , 8.777500000000002";41°55'43''N 8°46'39''E;En service
372490;FREE MOBILE;2905795;LTE 900;2025-09-08;02A;2A004;4G;2026-03-19T15:15:24;02A0990363;17;"26,5";29;;Route du Ricanto;Hôtel Campo Dell'Oro;;20000;2A004;"41.92861111111111 , 8.777500000000002";41°55'43''N 8°46'39''E;En service
373317;FREE MOBILE;2914020;LTE 700;2024-04-15;02A;2A258;4G;2026-03-19T15:15:24;02A0990373;23;26;27;PINO;Proche de Route départementale N°70;;;20160;2A258;"42.21083333333333 , 8.8225";42°12'39''N 8°49'21''E;En service
373318;FREE MOBILE;2914020;UMTS 900;2024-04-10;02A;2A258;3G;2026-03-19T15:15:24;02A0990373;23;26;27;PINO;Proche de Route départementale N°70;;;20160;2A258;"42.21083333333333 , 8.8225";42°12'39''N 8°49'21''E;En service
373409;FREE MOBILE;2914550;LTE 700;2024-03-29;02A;2A160;4G;2026-03-19T15:15:24;02A0990372;23;"20,7";27;COTONE;PILINGARDO;;;20140;2A160;"41.809999999999995 , 9.010833333333334";41°48'36''N 9°0'39''E;En service
373410;FREE MOBILE;2914550;UMTS 900;2024-03-29;02A;2A160;3G;2026-03-19T15:15:24;02A0990372;23;"20,7";27;COTONE;PILINGARDO;;;20140;2A160;"41.809999999999995 , 9.010833333333334";41°48'36''N 9°0'39''E;En service
373882;FREE MOBILE;2917608;LTE 700;2025-10-20;02A;2A142;4G;2026-03-19T15:15:24;02A0990394;23;18;74;;450 Petra  Pinzuta; près de la Coletta;;20170;2A142;"41.659166666666664 , 9.105833333333333";41°39'33''N 9°6'21''E;En service
373883;FREE MOBILE;2917608;UMTS 900;2025-10-20;02A;2A142;3G;2026-03-19T15:15:24;02A0990394;23;18;74;;450 Petra  Pinzuta; près de la Coletta;;20170;2A142;"41.659166666666664 , 9.105833333333333";41°39'33''N 9°6'21''E;En service
375586;FREE MOBILE;2934662;5G NR 3500;2025-04-23;02A;2A004;5G;2026-03-19T15:15:24;02A0990366;38;"10,5";29;;Route des iles Sanguinaires;HOTEL CALA DI SOLE;;20000;2A004;"41.90611111111111 , 8.66861111111111";41°54'22''N 8°40'7''E;Techniquement opérationnel
375587;FREE MOBILE;2934662;5G NR 700;;02A;2A004;5G;2026-03-19T15:15:24;02A0990366;38;"10,5";29;;Route des iles Sanguinaires;HOTEL CALA DI SOLE;;20000;2A004;"41.90611111111111 , 8.66861111111111";41°54'22''N 8°40'7''E;Projet approuvé
375588;FREE MOBILE;2934662;LTE 1800;2025-04-14;02A;2A004;4G;2026-03-19T15:15:24;02A0990366;38;"10,5";29;;Route des iles Sanguinaires;HOTEL CALA DI SOLE;;20000;2A004;"41.90611111111111 , 8.66861111111111";41°54'22''N 8°40'7''E;En service
375589;FREE MOBILE;2934662;LTE 2100;2025-04-23;02A;2A004;4G;2026-03-19T15:15:24;02A0990366;38;"10,5";29;;Route des iles Sanguinaires;HOTEL CALA DI SOLE;;20000;2A004;"41.90611111111111 , 8.66861111111111";41°54'22''N 8°40'7''E;En service
375590;FREE MOBILE;2934662;LTE 2600;2025-04-14;02A;2A004;4G;2026-03-19T15:15:24;02A0990366;38;"10,5";29;;Route des iles Sanguinaires;HOTEL CALA DI SOLE;;20000;2A004;"41.90611111111111 , 8.66861111111111";41°54'22''N 8°40'7''E;En service
375591;FREE MOBILE;2934662;LTE 700;2025-04-14;02A;2A004;4G;2026-03-19T15:15:24;02A0990366;38;"10,5";29;;Route des iles Sanguinaires;HOTEL CALA DI SOLE;;20000;2A004;"41.90611111111111 , 8.66861111111111";41°54'22''N 8°40'7''E;En service
375592;FREE MOBILE;2934662;LTE 900;2025-08-11;02A;2A004;4G;2026-03-19T15:15:24;02A0990366;38;"10,5";29;;Route des iles Sanguinaires;HOTEL CALA DI SOLE;;20000;2A004;"41.90611111111111 , 8.66861111111111";41°54'22''N 8°40'7''E;En service
379558;FREE MOBILE;2975056;LTE 700;2025-03-31;02A;2A066;4G;2026-03-19T15:15:24;02A0990377;23;"20,3";42;La Rocca;Station AEP de Cargiaca;;;20164;2A066;"41.733333333333334 , 9.05388888888889";41°44'0''N 9°3'14''E;En service
379559;FREE MOBILE;2975056;UMTS 900;2025-03-26;02A;2A066;3G;2026-03-19T15:15:24;02A0990377;23;"20,3";42;La Rocca;Station AEP de Cargiaca;;;20164;2A066;"41.733333333333334 , 9.05388888888889";41°44'0''N 9°3'14''E;En service
379560;FREE MOBILE;2975058;5G NR 700;2025-12-22;02A;2A114;5G;2026-03-19T15:15:24;02A0990378;23;"11,9";42;Bocca di a Testa;STADA DI SARTE;;;20114;2A114;"41.470555555555556 , 9.096111111111112";41°28'14''N 9°5'46''E;Techniquement opérationnel
379561;FREE MOBILE;2975058;LTE 1800;2025-12-16;02A;2A114;4G;2026-03-19T15:15:24;02A0990378;23;"11,9";42;Bocca di a Testa;STADA DI SARTE;;;20114;2A114;"41.470555555555556 , 9.096111111111112";41°28'14''N 9°5'46''E;En service
379562;FREE MOBILE;2975058;LTE 2100;;02A;2A114;4G;2026-03-19T15:15:24;02A0990378;23;"11,9";42;Bocca di a Testa;STADA DI SARTE;;;20114;2A114;"41.470555555555556 , 9.096111111111112";41°28'14''N 9°5'46''E;Projet approuvé
379563;FREE MOBILE;2975058;LTE 2600;2025-12-16;02A;2A114;4G;2026-03-19T15:15:24;02A0990378;23;"11,9";42;Bocca di a Testa;STADA DI SARTE;;;20114;2A114;"41.470555555555556 , 9.096111111111112";41°28'14''N 9°5'46''E;En service
379564;FREE MOBILE;2975058;LTE 700;2025-12-22;02A;2A114;4G;2026-03-19T15:15:24;02A0990378;23;"11,9";42;Bocca di a Testa;STADA DI SARTE;;;20114;2A114;"41.470555555555556 , 9.096111111111112";41°28'14''N 9°5'46''E;En service
379565;FREE MOBILE;2975058;LTE 900;2025-12-30;02A;2A114;4G;2026-03-19T15:15:24;02A0990378;23;"11,9";42;Bocca di a Testa;STADA DI SARTE;;;20114;2A114;"41.470555555555556 , 9.096111111111112";41°28'14''N 9°5'46''E;En service
379566;FREE MOBILE;2975060;5G NR 3500;2025-10-20;02A;2A362;5G;2026-03-19T15:15:24;02A0990379;23;"11,8";42;Vespajo;Strada di a Pineta;;;20124;2A362;"41.6725 , 9.366111111111111";41°40'21''N 9°21'58''E;Techniquement opérationnel
379567;FREE MOBILE;2975060;5G NR 700;;02A;2A362;5G;2026-03-19T15:15:24;02A0990379;23;"11,8";42;Vespajo;Strada di a Pineta;;;20124;2A362;"41.6725 , 9.366111111111111";41°40'21''N 9°21'58''E;Projet approuvé
379568;FREE MOBILE;2975060;LTE 1800;2025-10-20;02A;2A362;4G;2026-03-19T15:15:24;02A0990379;23;"11,8";42;Vespajo;Strada di a Pineta;;;20124;2A362;"41.6725 , 9.366111111111111";41°40'21''N 9°21'58''E;En service
379569;FREE MOBILE;2975060;LTE 2100;2025-10-20;02A;2A362;4G;2026-03-19T15:15:24;02A0990379;23;"11,8";42;Vespajo;Strada di a Pineta;;;20124;2A362;"41.6725 , 9.366111111111111";41°40'21''N 9°21'58''E;En service
379570;FREE MOBILE;2975060;LTE 2600;2025-10-20;02A;2A362;4G;2026-03-19T15:15:24;02A0990379;23;"11,8";42;Vespajo;Strada di a Pineta;;;20124;2A362;"41.6725 , 9.366111111111111";41°40'21''N 9°21'58''E;En service
379571;FREE MOBILE;2975060;LTE 700;2025-10-20;02A;2A362;4G;2026-03-19T15:15:24;02A0990379;23;"11,8";42;Vespajo;Strada di a Pineta;;;20124;2A362;"41.6725 , 9.366111111111111";41°40'21''N 9°21'58''E;En service
379572;FREE MOBILE;2975060;LTE 900;2025-10-31;02A;2A362;4G;2026-03-19T15:15:24;02A0990379;23;"11,8";42;Vespajo;Strada di a Pineta;;;20124;2A362;"41.6725 , 9.366111111111111";41°40'21''N 9°21'58''E;En service
380361;FREE MOBILE;2989516;5G NR 3500;2025-12-30;02A;2A004;5G;2026-03-19T15:15:24;02A0990380;23;22;74;VAZZIO;route du docteur j paul de rocca serra;;;20000;2A004;"41.93138888888889 , 8.786111111111111";41°55'53''N 8°47'10''E;Techniquement opérationnel
380362;FREE MOBILE;2989516;5G NR 700;;02A;2A004;5G;2026-03-19T15:15:24;02A0990380;23;22;74;VAZZIO;route du docteur j paul de rocca serra;;;20000;2A004;"41.93138888888889 , 8.786111111111111";41°55'53''N 8°47'10''E;Projet approuvé
380363;FREE MOBILE;2989516;LTE 1800;2025-12-30;02A;2A004;4G;2026-03-19T15:15:24;02A0990380;23;22;74;VAZZIO;route du docteur j paul de rocca serra;;;20000;2A004;"41.93138888888889 , 8.786111111111111";41°55'53''N 8°47'10''E;En service
380364;FREE MOBILE;2989516;LTE 2100;2026-01-12;02A;2A004;4G;2026-03-19T15:15:24;02A0990380;23;22;74;VAZZIO;route du docteur j paul de rocca serra;;;20000;2A004;"41.93138888888889 , 8.786111111111111";41°55'53''N 8°47'10''E;En service
380365;FREE MOBILE;2989516;LTE 2600;2026-01-12;02A;2A004;4G;2026-03-19T15:15:24;02A0990380;23;22;74;VAZZIO;route du docteur j paul de rocca serra;;;20000;2A004;"41.93138888888889 , 8.786111111111111";41°55'53''N 8°47'10''E;En service
380366;FREE MOBILE;2989516;LTE 700;2026-01-19;02A;2A004;4G;2026-03-19T15:15:24;02A0990380;23;22;74;VAZZIO;route du docteur j paul de rocca serra;;;20000;2A004;"41.93138888888889 , 8.786111111111111";41°55'53''N 8°47'10''E;En service
380367;FREE MOBILE;2989516;LTE 900;2026-01-12;02A;2A004;4G;2026-03-19T15:15:24;02A0990380;23;22;74;VAZZIO;route du docteur j paul de rocca serra;;;20000;2A004;"41.93138888888889 , 8.786111111111111";41°55'53''N 8°47'10''E;En service
381929;FREE MOBILE;3002200;5G NR 700;2021-06-04;02A;2A041;5G;2026-03-19T15:15:24;02A0990298;23;18;42;Mont Corbu;U PORRU;;;20169;2A041;"41.42361111111111 , 9.13861111111111";41°25'25''N 9°8'19''E;Techniquement opérationnel
381930;FREE MOBILE;3002200;LTE 1800;2019-10-25;02A;2A041;4G;2026-03-19T15:15:24;02A0990298;23;18;42;Mont Corbu;U PORRU;;;20169;2A041;"41.42361111111111 , 9.13861111111111";41°25'25''N 9°8'19''E;En service
381931;FREE MOBILE;3002200;LTE 2100;;02A;2A041;4G;2026-03-19T15:15:24;02A0990298;23;18;42;Mont Corbu;U PORRU;;;20169;2A041;"41.42361111111111 , 9.13861111111111";41°25'25''N 9°8'19''E;Projet approuvé
381932;FREE MOBILE;3002200;LTE 2600;2019-10-25;02A;2A041;4G;2026-03-19T15:15:24;02A0990298;23;18;42;Mont Corbu;U PORRU;;;20169;2A041;"41.42361111111111 , 9.13861111111111";41°25'25''N 9°8'19''E;En service
381933;FREE MOBILE;3002200;LTE 700;2019-11-04;02A;2A041;4G;2026-03-19T15:15:24;02A0990298;23;18;42;Mont Corbu;U PORRU;;;20169;2A041;"41.42361111111111 , 9.13861111111111";41°25'25''N 9°8'19''E;En service
381934;FREE MOBILE;3002200;LTE 900;2025-12-15;02A;2A041;4G;2026-03-19T15:15:24;02A0990298;23;18;42;Mont Corbu;U PORRU;;;20169;2A041;"41.42361111111111 , 9.13861111111111";41°25'25''N 9°8'19''E;En service
382075;FREE MOBILE;3003130;5G NR 3500;2025-09-08;02A;2A271;5G;2026-03-19T15:15:24;02A0990381;23;12;74;;Allee des Lauriers;Route NATIONALE 193;;20167;2A271;"41.98416666666667 , 8.840277777777779";41°59'3''N 8°50'25''E;Techniquement opérationnel
382076;FREE MOBILE;3003130;5G NR 700;2025-09-08;02A;2A271;5G;2026-03-19T15:15:24;02A0990381;23;12;74;;Allee des Lauriers;Route NATIONALE 193;;20167;2A271;"41.98416666666667 , 8.840277777777779";41°59'3''N 8°50'25''E;Techniquement opérationnel
382077;FREE MOBILE;3003130;LTE 1800;2025-07-28;02A;2A271;4G;2026-03-19T15:15:24;02A0990381;23;12;74;;Allee des Lauriers;Route NATIONALE 193;;20167;2A271;"41.98416666666667 , 8.840277777777779";41°59'3''N 8°50'25''E;En service
382078;FREE MOBILE;3003130;LTE 2100;;02A;2A271;4G;2026-03-19T15:15:24;02A0990381;23;12;74;;Allee des Lauriers;Route NATIONALE 193;;20167;2A271;"41.98416666666667 , 8.840277777777779";41°59'3''N 8°50'25''E;Projet approuvé
382079;FREE MOBILE;3003130;LTE 2600;2025-07-28;02A;2A271;4G;2026-03-19T15:15:24;02A0990381;23;12;74;;Allee des Lauriers;Route NATIONALE 193;;20167;2A271;"41.98416666666667 , 8.840277777777779";41°59'3''N 8°50'25''E;En service
382080;FREE MOBILE;3003130;LTE 700;2025-08-18;02A;2A271;4G;2026-03-19T15:15:24;02A0990381;23;12;74;;Allee des Lauriers;Route NATIONALE 193;;20167;2A271;"41.98416666666667 , 8.840277777777779";41°59'3''N 8°50'25''E;En service
382081;FREE MOBILE;3003130;LTE 900;2025-12-15;02A;2A271;4G;2026-03-19T15:15:24;02A0990381;23;12;74;;Allee des Lauriers;Route NATIONALE 193;;20167;2A271;"41.98416666666667 , 8.840277777777779";41°59'3''N 8°50'25''E;En service
383048;FREE MOBILE;3011447;5G NR 700;2025-09-29;02A;2A362;5G;2026-03-19T15:15:24;02A0990382;23;39;42;PUNTA DI U PINZALONE;PROCHE D268;;;20124;2A362;"41.75055555555556 , 9.173888888888888";41°45'2''N 9°10'26''E;Techniquement opérationnel
383049;FREE MOBILE;3011447;LTE 1800;2025-09-09;02A;2A362;4G;2026-03-19T15:15:24;02A0990382;23;39;42;PUNTA DI U PINZALONE;PROCHE D268;;;20124;2A362;"41.75055555555556 , 9.173888888888888";41°45'2''N 9°10'26''E;En service
383050;FREE MOBILE;3011447;LTE 2100;;02A;2A362;4G;2026-03-19T15:15:24;02A0990382;23;39;42;PUNTA DI U PINZALONE;PROCHE D268;;;20124;2A362;"41.75055555555556 , 9.173888888888888";41°45'2''N 9°10'26''E;Projet approuvé
383051;FREE MOBILE;3011447;LTE 2600;;02A;2A362;4G;2026-03-19T15:15:24;02A0990382;23;39;42;PUNTA DI U PINZALONE;PROCHE D268;;;20124;2A362;"41.75055555555556 , 9.173888888888888";41°45'2''N 9°10'26''E;Projet approuvé
383052;FREE MOBILE;3011447;LTE 700;2025-09-22;02A;2A362;4G;2026-03-19T15:15:24;02A0990382;23;39;42;PUNTA DI U PINZALONE;PROCHE D268;;;20124;2A362;"41.75055555555556 , 9.173888888888888";41°45'2''N 9°10'26''E;En service
383053;FREE MOBILE;3011447;LTE 900;2025-12-15;02A;2A362;4G;2026-03-19T15:15:24;02A0990382;23;39;42;PUNTA DI U PINZALONE;PROCHE D268;;;20124;2A362;"41.75055555555556 , 9.173888888888888";41°45'2''N 9°10'26''E;En service
383317;FREE MOBILE;3014381;5G NR 3500;2025-11-27;02A;2A189;5G;2026-03-19T15:15:24;02A0990383;23;"12,2";42;Arconcello;Rte de Baracci;Baracci Automobiles;Station TOTAL;20113;2A189;"41.684999999999995 , 8.921666666666667";41°41'6''N 8°55'18''E;Techniquement opérationnel
383318;FREE MOBILE;3014381;5G NR 700;;02A;2A189;5G;2026-03-19T15:15:24;02A0990383;23;"12,2";42;Arconcello;Rte de Baracci;Baracci Automobiles;Station TOTAL;20113;2A189;"41.684999999999995 , 8.921666666666667";41°41'6''N 8°55'18''E;Projet approuvé
383319;FREE MOBILE;3014381;LTE 1800;2025-11-17;02A;2A189;4G;2026-03-19T15:15:24;02A0990383;23;"12,2";42;Arconcello;Rte de Baracci;Baracci Automobiles;Station TOTAL;20113;2A189;"41.684999999999995 , 8.921666666666667";41°41'6''N 8°55'18''E;En service
383320;FREE MOBILE;3014381;LTE 2100;2025-12-01;02A;2A189;4G;2026-03-19T15:15:24;02A0990383;23;"12,2";42;Arconcello;Rte de Baracci;Baracci Automobiles;Station TOTAL;20113;2A189;"41.684999999999995 , 8.921666666666667";41°41'6''N 8°55'18''E;En service
383321;FREE MOBILE;3014381;LTE 2600;2025-11-17;02A;2A189;4G;2026-03-19T15:15:24;02A0990383;23;"12,2";42;Arconcello;Rte de Baracci;Baracci Automobiles;Station TOTAL;20113;2A189;"41.684999999999995 , 8.921666666666667";41°41'6''N 8°55'18''E;En service
383322;FREE MOBILE;3014381;LTE 700;2025-11-24;02A;2A189;4G;2026-03-19T15:15:24;02A0990383;23;"12,2";42;Arconcello;Rte de Baracci;Baracci Automobiles;Station TOTAL;20113;2A189;"41.684999999999995 , 8.921666666666667";41°41'6''N 8°55'18''E;En service
383323;FREE MOBILE;3014381;LTE 900;2025-12-01;02A;2A189;4G;2026-03-19T15:15:24;02A0990383;23;"12,2";42;Arconcello;Rte de Baracci;Baracci Automobiles;Station TOTAL;20113;2A189;"41.684999999999995 , 8.921666666666667";41°41'6''N 8°55'18''E;En service
384691;FREE MOBILE;3027460;5G NR 3500;;02A;2A008;5G;2026-03-19T15:15:24;02A0990385;17;"17,1";42;;Chemin de Consiglio;RESIDENCE AQUA LINDA;;20128;2A008;"41.85527777777778 , 8.796944444444444";41°51'19''N 8°47'49''E;Projet approuvé
384692;FREE MOBILE;3027460;5G NR 700;;02A;2A008;5G;2026-03-19T15:15:24;02A0990385;17;"17,1";42;;Chemin de Consiglio;RESIDENCE AQUA LINDA;;20128;2A008;"41.85527777777778 , 8.796944444444444";41°51'19''N 8°47'49''E;Projet approuvé
384693;FREE MOBILE;3027460;LTE 1800;;02A;2A008;4G;2026-03-19T15:15:24;02A0990385;17;"17,1";42;;Chemin de Consiglio;RESIDENCE AQUA LINDA;;20128;2A008;"41.85527777777778 , 8.796944444444444";41°51'19''N 8°47'49''E;Projet approuvé
384694;FREE MOBILE;3027460;LTE 2100;;02A;2A008;4G;2026-03-19T15:15:24;02A0990385;17;"17,1";42;;Chemin de Consiglio;RESIDENCE AQUA LINDA;;20128;2A008;"41.85527777777778 , 8.796944444444444";41°51'19''N 8°47'49''E;Projet approuvé
384695;FREE MOBILE;3027460;LTE 2600;;02A;2A008;4G;2026-03-19T15:15:24;02A0990385;17;"17,1";42;;Chemin de Consiglio;RESIDENCE AQUA LINDA;;20128;2A008;"41.85527777777778 , 8.796944444444444";41°51'19''N 8°47'49''E;Projet approuvé
384696;FREE MOBILE;3027460;LTE 700;;02A;2A008;4G;2026-03-19T15:15:24;02A0990385;17;"17,1";42;;Chemin de Consiglio;RESIDENCE AQUA LINDA;;20128;2A008;"41.85527777777778 , 8.796944444444444";41°51'19''N 8°47'49''E;Projet approuvé
384697;FREE MOBILE;3027460;LTE 900;;02A;2A008;4G;2026-03-19T15:15:24;02A0990385;17;"17,1";42;;Chemin de Consiglio;RESIDENCE AQUA LINDA;;20128;2A008;"41.85527777777778 , 8.796944444444444";41°51'19''N 8°47'49''E;Projet approuvé
387085;FREE MOBILE;3050403;5G NR 3500;;02A;2A004;5G;2026-03-19T15:15:24;02A0990386;38;"24,2";9;;3830 Route des Sanguinaires;RESIDENCE LES CALANQUES;;20000;2A004;"41.90861111111111 , 8.657777777777778";41°54'31''N 8°39'28''E;Projet approuvé
387086;FREE MOBILE;3050403;5G NR 700;;02A;2A004;5G;2026-03-19T15:15:24;02A0990386;38;"24,2";9;;3830 Route des Sanguinaires;RESIDENCE LES CALANQUES;;20000;2A004;"41.90861111111111 , 8.657777777777778";41°54'31''N 8°39'28''E;Projet approuvé
387087;FREE MOBILE;3050403;LTE 1800;;02A;2A004;4G;2026-03-19T15:15:24;02A0990386;38;"24,2";9;;3830 Route des Sanguinaires;RESIDENCE LES CALANQUES;;20000;2A004;"41.90861111111111 , 8.657777777777778";41°54'31''N 8°39'28''E;Projet approuvé
387088;FREE MOBILE;3050403;LTE 2100;;02A;2A004;4G;2026-03-19T15:15:24;02A0990386;38;"24,2";9;;3830 Route des Sanguinaires;RESIDENCE LES CALANQUES;;20000;2A004;"41.90861111111111 , 8.657777777777778";41°54'31''N 8°39'28''E;Projet approuvé
387089;FREE MOBILE;3050403;LTE 2600;;02A;2A004;4G;2026-03-19T15:15:24;02A0990386;38;"24,2";9;;3830 Route des Sanguinaires;RESIDENCE LES CALANQUES;;20000;2A004;"41.90861111111111 , 8.657777777777778";41°54'31''N 8°39'28''E;Projet approuvé
387090;FREE MOBILE;3050403;LTE 700;;02A;2A004;4G;2026-03-19T15:15:24;02A0990386;38;"24,2";9;;3830 Route des Sanguinaires;RESIDENCE LES CALANQUES;;20000;2A004;"41.90861111111111 , 8.657777777777778";41°54'31''N 8°39'28''E;Projet approuvé
387091;FREE MOBILE;3050403;LTE 900;;02A;2A004;4G;2026-03-19T15:15:24;02A0990386;38;"24,2";9;;3830 Route des Sanguinaires;RESIDENCE LES CALANQUES;;20000;2A004;"41.90861111111111 , 8.657777777777778";41°54'31''N 8°39'28''E;Projet approuvé
388304;FREE MOBILE;3062686;LTE 700;2026-03-09;02A;2A027;4G;2026-03-19T15:15:24;02A0990390;23;18;74;Chianovella;Proche D4 ;;;20121;2A027;"42.11805555555556 , 8.929166666666665";42°7'5''N 8°55'45''E;En service
388305;FREE MOBILE;3062686;UMTS 900;2026-02-23;02A;2A027;3G;2026-03-19T15:15:24;02A0990390;23;18;74;Chianovella;Proche D4 ;;;20121;2A027;"42.11805555555556 , 8.929166666666665";42°7'5''N 8°55'45''E;En service
388735;FREE MOBILE;3066611;5G NR 3500;2025-12-15;02A;2A271;5G;2026-03-19T15:15:24;02A0990388;17;"19,7";29;CALDANICCIA;CHEMIN DE LARBRE BLANC;ROND POINT DE CALDANICCIA;;20167;2A271;"41.955000000000005 , 8.796666666666667";41°57'18''N 8°47'48''E;Techniquement opérationnel
388736;FREE MOBILE;3066611;5G NR 700;;02A;2A271;5G;2026-03-19T15:15:24;02A0990388;17;"19,7";29;CALDANICCIA;CHEMIN DE LARBRE BLANC;ROND POINT DE CALDANICCIA;;20167;2A271;"41.955000000000005 , 8.796666666666667";41°57'18''N 8°47'48''E;Projet approuvé
388737;FREE MOBILE;3066611;LTE 1800;2025-11-27;02A;2A271;4G;2026-03-19T15:15:24;02A0990388;17;"19,7";29;CALDANICCIA;CHEMIN DE LARBRE BLANC;ROND POINT DE CALDANICCIA;;20167;2A271;"41.955000000000005 , 8.796666666666667";41°57'18''N 8°47'48''E;En service
388738;FREE MOBILE;3066611;LTE 2100;2025-12-15;02A;2A271;4G;2026-03-19T15:15:24;02A0990388;17;"19,7";29;CALDANICCIA;CHEMIN DE LARBRE BLANC;ROND POINT DE CALDANICCIA;;20167;2A271;"41.955000000000005 , 8.796666666666667";41°57'18''N 8°47'48''E;En service
388739;FREE MOBILE;3066611;LTE 2600;2025-11-27;02A;2A271;4G;2026-03-19T15:15:24;02A0990388;17;"19,7";29;CALDANICCIA;CHEMIN DE LARBRE BLANC;ROND POINT DE CALDANICCIA;;20167;2A271;"41.955000000000005 , 8.796666666666667";41°57'18''N 8°47'48''E;En service
388740;FREE MOBILE;3066611;LTE 700;2025-12-15;02A;2A271;4G;2026-03-19T15:15:24;02A0990388;17;"19,7";29;CALDANICCIA;CHEMIN DE LARBRE BLANC;ROND POINT DE CALDANICCIA;;20167;2A271;"41.955000000000005 , 8.796666666666667";41°57'18''N 8°47'48''E;En service
388741;FREE MOBILE;3066611;LTE 900;2025-12-15;02A;2A271;4G;2026-03-19T15:15:24;02A0990388;17;"19,7";29;CALDANICCIA;CHEMIN DE LARBRE BLANC;ROND POINT DE CALDANICCIA;;20167;2A271;"41.955000000000005 , 8.796666666666667";41°57'18''N 8°47'48''E;En service
388800;FREE MOBILE;3067302;5G NR 3500;;02A;2A041;5G;2026-03-19T15:15:24;02A0990389;23;10;42;Incalcinata;Route de Calalonga - Propriété Giordano;;;20169;2A041;"41.39833333333333 , 9.231388888888889";41°23'54''N 9°13'53''E;Projet approuvé
388801;FREE MOBILE;3067302;5G NR 700;;02A;2A041;5G;2026-03-19T15:15:24;02A0990389;23;10;42;Incalcinata;Route de Calalonga - Propriété Giordano;;;20169;2A041;"41.39833333333333 , 9.231388888888889";41°23'54''N 9°13'53''E;Projet approuvé
388802;FREE MOBILE;3067302;LTE 1800;;02A;2A041;4G;2026-03-19T15:15:24;02A0990389;23;10;42;Incalcinata;Route de Calalonga - Propriété Giordano;;;20169;2A041;"41.39833333333333 , 9.231388888888889";41°23'54''N 9°13'53''E;Projet approuvé
388803;FREE MOBILE;3067302;LTE 2100;;02A;2A041;4G;2026-03-19T15:15:24;02A0990389;23;10;42;Incalcinata;Route de Calalonga - Propriété Giordano;;;20169;2A041;"41.39833333333333 , 9.231388888888889";41°23'54''N 9°13'53''E;Projet approuvé
388804;FREE MOBILE;3067302;LTE 2600;;02A;2A041;4G;2026-03-19T15:15:24;02A0990389;23;10;42;Incalcinata;Route de Calalonga - Propriété Giordano;;;20169;2A041;"41.39833333333333 , 9.231388888888889";41°23'54''N 9°13'53''E;Projet approuvé
388805;FREE MOBILE;3067302;LTE 700;;02A;2A041;4G;2026-03-19T15:15:24;02A0990389;23;10;42;Incalcinata;Route de Calalonga - Propriété Giordano;;;20169;2A041;"41.39833333333333 , 9.231388888888889";41°23'54''N 9°13'53''E;Projet approuvé
388806;FREE MOBILE;3067302;LTE 900;;02A;2A041;4G;2026-03-19T15:15:24;02A0990389;23;10;42;Incalcinata;Route de Calalonga - Propriété Giordano;;;20169;2A041;"41.39833333333333 , 9.231388888888889";41°23'54''N 9°13'53''E;Projet approuvé
390726;FREE MOBILE;3104227;LTE 700;;02A;2A089;4G;2026-03-19T15:15:24;02A0990391;23;12;42;;STATION DE SKI DE VAL D'ESE;;;20134;2A089;"41.99666666666667 , 9.12888888888889";41°59'48''N 9°7'44''E;Projet approuvé
390727;FREE MOBILE;3104227;UMTS 900;;02A;2A089;3G;2026-03-19T15:15:24;02A0990391;23;12;42;;STATION DE SKI DE VAL D'ESE;;;20134;2A089;"41.99666666666667 , 9.12888888888889";41°59'48''N 9°7'44''E;Projet approuvé
392873;FREE MOBILE;3139563;LTE 700;;02A;2A018;4G;2026-03-19T15:15:24;02A0990393;23;"18,6";42;;LE VILLAGE RESERVOIR COMMUNAL;;;20110;2A018;"41.680277777777775 , 8.993888888888888";41°40'49''N 8°59'38''E;Projet approuvé
392874;FREE MOBILE;3139563;UMTS 900;;02A;2A018;3G;2026-03-19T15:15:24;02A0990393;23;"18,6";42;;LE VILLAGE RESERVOIR COMMUNAL;;;20110;2A018;"41.680277777777775 , 8.993888888888888";41°40'49''N 8°59'38''E;Projet approuvé
395526;FREE MOBILE;3216200;5G NR 700;;02A;2A017;5G;2026-03-19T15:15:24;02A0990395;23;"18,4";42;;551 STRADA DI CARBINICA LINSTICONE;;;20167;2A017;"41.999722222222225 , 8.750833333333333";41°59'59''N 8°45'3''E;Projet approuvé
395527;FREE MOBILE;3216200;LTE 1800;;02A;2A017;4G;2026-03-19T15:15:24;02A0990395;23;"18,4";42;;551 STRADA DI CARBINICA LINSTICONE;;;20167;2A017;"41.999722222222225 , 8.750833333333333";41°59'59''N 8°45'3''E;Projet approuvé
395528;FREE MOBILE;3216200;LTE 2100;;02A;2A017;4G;2026-03-19T15:15:24;02A0990395;23;"18,4";42;;551 STRADA DI CARBINICA LINSTICONE;;;20167;2A017;"41.999722222222225 , 8.750833333333333";41°59'59''N 8°45'3''E;Projet approuvé
395529;FREE MOBILE;3216200;LTE 2600;;02A;2A017;4G;2026-03-19T15:15:24;02A0990395;23;"18,4";42;;551 STRADA DI CARBINICA LINSTICONE;;;20167;2A017;"41.999722222222225 , 8.750833333333333";41°59'59''N 8°45'3''E;Projet approuvé
395530;FREE MOBILE;3216200;LTE 700;;02A;2A017;4G;2026-03-19T15:15:24;02A0990395;23;"18,4";42;;551 STRADA DI CARBINICA LINSTICONE;;;20167;2A017;"41.999722222222225 , 8.750833333333333";41°59'59''N 8°45'3''E;Projet approuvé
395531;FREE MOBILE;3216200;LTE 900;;02A;2A017;4G;2026-03-19T15:15:24;02A0990395;23;"18,4";42;;551 STRADA DI CARBINICA LINSTICONE;;;20167;2A017;"41.999722222222225 , 8.750833333333333";41°59'59''N 8°45'3''E;Projet approuvé
396402;FREE MOBILE;3247670;5G NR 700;;02A;2A189;5G;2026-03-19T15:15:24;02A0990396;48;"11,6";42;Santo Michélé;Proche Route du Maggese;;;20113;2A189;"41.71194444444445 , 8.924722222222222";41°42'43''N 8°55'29''E;Projet approuvé
396403;FREE MOBILE;3247670;LTE 1800;;02A;2A189;4G;2026-03-19T15:15:24;02A0990396;48;"11,6";42;Santo Michélé;Proche Route du Maggese;;;20113;2A189;"41.71194444444445 , 8.924722222222222";41°42'43''N 8°55'29''E;Projet approuvé
396404;FREE MOBILE;3247670;LTE 2100;;02A;2A189;4G;2026-03-19T15:15:24;02A0990396;48;"11,6";42;Santo Michélé;Proche Route du Maggese;;;20113;2A189;"41.71194444444445 , 8.924722222222222";41°42'43''N 8°55'29''E;Projet approuvé
396405;FREE MOBILE;3247670;LTE 2600;;02A;2A189;4G;2026-03-19T15:15:24;02A0990396;48;"11,6";42;Santo Michélé;Proche Route du Maggese;;;20113;2A189;"41.71194444444445 , 8.924722222222222";41°42'43''N 8°55'29''E;Projet approuvé
396406;FREE MOBILE;3247670;LTE 700;;02A;2A189;4G;2026-03-19T15:15:24;02A0990396;48;"11,6";42;Santo Michélé;Proche Route du Maggese;;;20113;2A189;"41.71194444444445 , 8.924722222222222";41°42'43''N 8°55'29''E;Projet approuvé
396407;FREE MOBILE;3247670;LTE 900;;02A;2A189;4G;2026-03-19T15:15:24;02A0990396;48;"11,6";42;Santo Michélé;Proche Route du Maggese;;;20113;2A189;"41.71194444444445 , 8.924722222222222";41°42'43''N 8°55'29''E;Projet approuvé
396661;FREE MOBILE;3255708;5G NR 700;;02A;2A114;5G;2026-03-19T15:15:24;02A0990397;23;15;74;;Pietra Pinzuta;;;20114;2A114;"41.50555555555555 , 9.137222222222222";41°30'20''N 9°8'14''E;Projet approuvé
396662;FREE MOBILE;3255708;LTE 1800;;02A;2A114;4G;2026-03-19T15:15:24;02A0990397;23;15;74;;Pietra Pinzuta;;;20114;2A114;"41.50555555555555 , 9.137222222222222";41°30'20''N 9°8'14''E;Projet approuvé
396663;FREE MOBILE;3255708;LTE 2100;;02A;2A114;4G;2026-03-19T15:15:24;02A0990397;23;15;74;;Pietra Pinzuta;;;20114;2A114;"41.50555555555555 , 9.137222222222222";41°30'20''N 9°8'14''E;Projet approuvé
396664;FREE MOBILE;3255708;LTE 2600;;02A;2A114;4G;2026-03-19T15:15:24;02A0990397;23;15;74;;Pietra Pinzuta;;;20114;2A114;"41.50555555555555 , 9.137222222222222";41°30'20''N 9°8'14''E;Projet approuvé
396665;FREE MOBILE;3255708;LTE 700;;02A;2A114;4G;2026-03-19T15:15:24;02A0990397;23;15;74;;Pietra Pinzuta;;;20114;2A114;"41.50555555555555 , 9.137222222222222";41°30'20''N 9°8'14''E;Projet approuvé
396666;FREE MOBILE;3255708;LTE 900;;02A;2A114;4G;2026-03-19T15:15:24;02A0990397;23;15;74;;Pietra Pinzuta;;;20114;2A114;"41.50555555555555 , 9.137222222222222";41°30'20''N 9°8'14''E;Projet approuvé
397044;FREE MOBILE;3266026;5G NR 3500;;02A;2A215;5G;2026-03-19T15:15:24;02A0990398;23;"11,3";42;;574 Strada di Tozza-Alta;;;20131;2A215;"41.49777777777778 , 9.055555555555557";41°29'52''N 9°3'20''E;Projet approuvé
397045;FREE MOBILE;3266026;5G NR 700;;02A;2A215;5G;2026-03-19T15:15:24;02A0990398;23;"11,3";42;;574 Strada di Tozza-Alta;;;20131;2A215;"41.49777777777778 , 9.055555555555557";41°29'52''N 9°3'20''E;Projet approuvé
397046;FREE MOBILE;3266026;LTE 1800;;02A;2A215;4G;2026-03-19T15:15:24;02A0990398;23;"11,3";42;;574 Strada di Tozza-Alta;;;20131;2A215;"41.49777777777778 , 9.055555555555557";41°29'52''N 9°3'20''E;Projet approuvé
397047;FREE MOBILE;3266026;LTE 2100;;02A;2A215;4G;2026-03-19T15:15:24;02A0990398;23;"11,3";42;;574 Strada di Tozza-Alta;;;20131;2A215;"41.49777777777778 , 9.055555555555557";41°29'52''N 9°3'20''E;Projet approuvé
397048;FREE MOBILE;3266026;LTE 2600;;02A;2A215;4G;2026-03-19T15:15:24;02A0990398;23;"11,3";42;;574 Strada di Tozza-Alta;;;20131;2A215;"41.49777777777778 , 9.055555555555557";41°29'52''N 9°3'20''E;Projet approuvé
397049;FREE MOBILE;3266026;LTE 700;;02A;2A215;4G;2026-03-19T15:15:24;02A0990398;23;"11,3";42;;574 Strada di Tozza-Alta;;;20131;2A215;"41.49777777777778 , 9.055555555555557";41°29'52''N 9°3'20''E;Projet approuvé
397050;FREE MOBILE;3266026;LTE 900;;02A;2A215;4G;2026-03-19T15:15:24;02A0990398;23;"11,3";42;;574 Strada di Tozza-Alta;;;20131;2A215;"41.49777777777778 , 9.055555555555557";41°29'52''N 9°3'20''E;Projet approuvé
397051;FREE MOBILE;3266028;5G NR 3500;;02A;2A247;5G;2026-03-19T15:15:24;02A0990399;23;"12,7";42;Padulellla;Bocca Del Oro;;;20137;2A247;"41.54611111111111 , 9.295";41°32'46''N 9°17'42''E;Projet approuvé
397052;FREE MOBILE;3266028;5G NR 700;;02A;2A247;5G;2026-03-19T15:15:24;02A0990399;23;"12,7";42;Padulellla;Bocca Del Oro;;;20137;2A247;"41.54611111111111 , 9.295";41°32'46''N 9°17'42''E;Projet approuvé
397053;FREE MOBILE;3266028;LTE 1800;;02A;2A247;4G;2026-03-19T15:15:24;02A0990399;23;"12,7";42;Padulellla;Bocca Del Oro;;;20137;2A247;"41.54611111111111 , 9.295";41°32'46''N 9°17'42''E;Projet approuvé
397054;FREE MOBILE;3266028;LTE 2100;;02A;2A247;4G;2026-03-19T15:15:24;02A0990399;23;"12,7";42;Padulellla;Bocca Del Oro;;;20137;2A247;"41.54611111111111 , 9.295";41°32'46''N 9°17'42''E;Projet approuvé
397055;FREE MOBILE;3266028;LTE 2600;;02A;2A247;4G;2026-03-19T15:15:24;02A0990399;23;"12,7";42;Padulellla;Bocca Del Oro;;;20137;2A247;"41.54611111111111 , 9.295";41°32'46''N 9°17'42''E;Projet approuvé
397056;FREE MOBILE;3266028;LTE 700;;02A;2A247;4G;2026-03-19T15:15:24;02A0990399;23;"12,7";42;Padulellla;Bocca Del Oro;;;20137;2A247;"41.54611111111111 , 9.295";41°32'46''N 9°17'42''E;Projet approuvé
397057;FREE MOBILE;3266028;LTE 900;;02A;2A247;4G;2026-03-19T15:15:24;02A0990399;23;"12,7";42;Padulellla;Bocca Del Oro;;;20137;2A247;"41.54611111111111 , 9.295";41°32'46''N 9°17'42''E;Projet approuvé
397058;FREE MOBILE;3266030;5G NR 3500;;02A;2A247;5G;2026-03-19T15:15:24;02A0990400;23;"12,7";42;ARUTOLI;;;;20137;2A247;"41.600833333333334 , 9.2575";41°36'3''N 9°15'27''E;Projet approuvé
397059;FREE MOBILE;3266030;5G NR 700;;02A;2A247;5G;2026-03-19T15:15:24;02A0990400;23;"12,7";42;ARUTOLI;;;;20137;2A247;"41.600833333333334 , 9.2575";41°36'3''N 9°15'27''E;Projet approuvé
397060;FREE MOBILE;3266030;LTE 1800;;02A;2A247;4G;2026-03-19T15:15:24;02A0990400;23;"12,7";42;ARUTOLI;;;;20137;2A247;"41.600833333333334 , 9.2575";41°36'3''N 9°15'27''E;Projet approuvé
397061;FREE MOBILE;3266030;LTE 2100;;02A;2A247;4G;2026-03-19T15:15:24;02A0990400;23;"12,7";42;ARUTOLI;;;;20137;2A247;"41.600833333333334 , 9.2575";41°36'3''N 9°15'27''E;Projet approuvé
397062;FREE MOBILE;3266030;LTE 2600;;02A;2A247;4G;2026-03-19T15:15:24;02A0990400;23;"12,7";42;ARUTOLI;;;;20137;2A247;"41.600833333333334 , 9.2575";41°36'3''N 9°15'27''E;Projet approuvé
397063;FREE MOBILE;3266030;LTE 700;;02A;2A247;4G;2026-03-19T15:15:24;02A0990400;23;"12,7";42;ARUTOLI;;;;20137;2A247;"41.600833333333334 , 9.2575";41°36'3''N 9°15'27''E;Projet approuvé
397064;FREE MOBILE;3266030;LTE 900;;02A;2A247;4G;2026-03-19T15:15:24;02A0990400;23;"12,7";42;ARUTOLI;;;;20137;2A247;"41.600833333333334 , 9.2575";41°36'3''N 9°15'27''E;Projet approuvé
397738;FREE MOBILE;3278088;5G NR 3500;;02A;2A215;5G;2026-03-19T15:15:24;02A0990401;23;"11,3";42;Teghiali;Chemin communal dénommé Vitricciola;stritta di u cacone;;20131;2A215;"41.47 , 9.04888888888889";41°28'12''N 9°2'56''E;Projet approuvé
397739;FREE MOBILE;3278088;5G NR 700;;02A;2A215;5G;2026-03-19T15:15:24;02A0990401;23;"11,3";42;Teghiali;Chemin communal dénommé Vitricciola;stritta di u cacone;;20131;2A215;"41.47 , 9.04888888888889";41°28'12''N 9°2'56''E;Projet approuvé
397740;FREE MOBILE;3278088;LTE 1800;;02A;2A215;4G;2026-03-19T15:15:24;02A0990401;23;"11,3";42;Teghiali;Chemin communal dénommé Vitricciola;stritta di u cacone;;20131;2A215;"41.47 , 9.04888888888889";41°28'12''N 9°2'56''E;Projet approuvé
397741;FREE MOBILE;3278088;LTE 2100;;02A;2A215;4G;2026-03-19T15:15:24;02A0990401;23;"11,3";42;Teghiali;Chemin communal dénommé Vitricciola;stritta di u cacone;;20131;2A215;"41.47 , 9.04888888888889";41°28'12''N 9°2'56''E;Projet approuvé
397742;FREE MOBILE;3278088;LTE 2600;;02A;2A215;4G;2026-03-19T15:15:24;02A0990401;23;"11,3";42;Teghiali;Chemin communal dénommé Vitricciola;stritta di u cacone;;20131;2A215;"41.47 , 9.04888888888889";41°28'12''N 9°2'56''E;Projet approuvé
397743;FREE MOBILE;3278088;LTE 700;;02A;2A215;4G;2026-03-19T15:15:24;02A0990401;23;"11,3";42;Teghiali;Chemin communal dénommé Vitricciola;stritta di u cacone;;20131;2A215;"41.47 , 9.04888888888889";41°28'12''N 9°2'56''E;Projet approuvé
397744;FREE MOBILE;3278088;LTE 900;;02A;2A215;4G;2026-03-19T15:15:24;02A0990401;23;"11,3";42;Teghiali;Chemin communal dénommé Vitricciola;stritta di u cacone;;20131;2A215;"41.47 , 9.04888888888889";41°28'12''N 9°2'56''E;Projet approuvé
402408;ORANGE;91004;GSM 900;1997-10-31;02A;2A065;2G;2026-03-19T15:15:24;02A2290043;23;12;74;Chiuni;Cchemi de Baghiuccia;;;20130;2A065;"42.16138888888889 , 8.600277777777777";42°9'41''N 8°36'1''E;En service
402409;ORANGE;91004;LTE 1800;2018-08-06;02A;2A065;4G;2026-03-19T15:15:24;02A2290043;23;12;74;Chiuni;Cchemi de Baghiuccia;;;20130;2A065;"42.16138888888889 , 8.600277777777777";42°9'41''N 8°36'1''E;En service
402410;ORANGE;91004;LTE 2100;2019-10-09;02A;2A065;4G;2026-03-19T15:15:24;02A2290043;23;12;74;Chiuni;Cchemi de Baghiuccia;;;20130;2A065;"42.16138888888889 , 8.600277777777777";42°9'41''N 8°36'1''E;En service
402411;ORANGE;91004;LTE 2600;2018-08-06;02A;2A065;4G;2026-03-19T15:15:24;02A2290043;23;12;74;Chiuni;Cchemi de Baghiuccia;;;20130;2A065;"42.16138888888889 , 8.600277777777777";42°9'41''N 8°36'1''E;En service
402412;ORANGE;91004;LTE 700;2020-12-21;02A;2A065;4G;2026-03-19T15:15:24;02A2290043;23;12;74;Chiuni;Cchemi de Baghiuccia;;;20130;2A065;"42.16138888888889 , 8.600277777777777";42°9'41''N 8°36'1''E;En service
402413;ORANGE;91004;LTE 800;2017-06-06;02A;2A065;4G;2026-03-19T15:15:24;02A2290043;23;12;74;Chiuni;Cchemi de Baghiuccia;;;20130;2A065;"42.16138888888889 , 8.600277777777777";42°9'41''N 8°36'1''E;En service
402414;ORANGE;91004;UMTS 900;2011-11-23;02A;2A065;3G;2026-03-19T15:15:24;02A2290043;23;12;74;Chiuni;Cchemi de Baghiuccia;;;20130;2A065;"42.16138888888889 , 8.600277777777777";42°9'41''N 8°36'1''E;En service
402415;ORANGE;91048;LTE 800;2018-05-15;02A;2A004;4G;2026-03-19T15:15:24;02A2290082;38;23;9;;av ramaroni;imm diamant ii;;20167;2A004;"41.9175 , 8.734444444444444";41°55'3''N 8°44'4''E;En service
402416;ORANGE;91048;UMTS 900;2016-07-04;02A;2A004;3G;2026-03-19T15:15:24;02A2290082;38;23;9;;av ramaroni;imm diamant ii;;20167;2A004;"41.9175 , 8.734444444444444";41°55'3''N 8°44'4''E;En service
404186;ORANGE;145945;5G NR 3500;;02A;2A006;5G;2026-03-19T15:15:24;02A2290107;26;12;74;;Pease di lava;;;20167;2A006;"41.9825 , 8.673333333333332";41°58'57''N 8°40'24''E;Projet approuvé
404187;ORANGE;145945;5G NR 700;;02A;2A006;5G;2026-03-19T15:15:24;02A2290107;26;12;74;;Pease di lava;;;20167;2A006;"41.9825 , 8.673333333333332";41°58'57''N 8°40'24''E;Projet approuvé
404188;ORANGE;145945;GSM 900;2003-12-06;02A;2A006;2G;2026-03-19T15:15:24;02A2290107;26;12;74;;Pease di lava;;;20167;2A006;"41.9825 , 8.673333333333332";41°58'57''N 8°40'24''E;En service
404189;ORANGE;145945;LTE 1800;2018-12-01;02A;2A006;4G;2026-03-19T15:15:24;02A2290107;26;12;74;;Pease di lava;;;20167;2A006;"41.9825 , 8.673333333333332";41°58'57''N 8°40'24''E;En service
404190;ORANGE;145945;LTE 2100;2019-06-26;02A;2A006;4G;2026-03-19T15:15:24;02A2290107;26;12;74;;Pease di lava;;;20167;2A006;"41.9825 , 8.673333333333332";41°58'57''N 8°40'24''E;En service
404191;ORANGE;145945;LTE 2600;2018-12-01;02A;2A006;4G;2026-03-19T15:15:24;02A2290107;26;12;74;;Pease di lava;;;20167;2A006;"41.9825 , 8.673333333333332";41°58'57''N 8°40'24''E;En service
404192;ORANGE;145945;LTE 800;2016-07-04;02A;2A006;4G;2026-03-19T15:15:24;02A2290107;26;12;74;;Pease di lava;;;20167;2A006;"41.9825 , 8.673333333333332";41°58'57''N 8°40'24''E;En service
404193;ORANGE;145945;UMTS 900;2011-09-21;02A;2A006;3G;2026-03-19T15:15:24;02A2290107;26;12;74;;Pease di lava;;;20167;2A006;"41.9825 , 8.673333333333332";41°58'57''N 8°40'24''E;En service
404395;ORANGE;240670;5G NR 3500;2024-04-23;02A;2A269;5G;2026-03-19T15:15:24;02A2290110;38;20;9;;RN 198;Résidence  Les  Trois Perles;;20145;2A269;"41.8575 , 9.398888888888889";41°51'27''N 9°23'56''E;Techniquement opérationnel
404396;ORANGE;240670;5G NR 700;2025-01-20;02A;2A269;5G;2026-03-19T15:15:24;02A2290110;38;20;9;;RN 198;Résidence  Les  Trois Perles;;20145;2A269;"41.8575 , 9.398888888888889";41°51'27''N 9°23'56''E;Techniquement opérationnel
404397;ORANGE;240670;GSM 900;2004-05-15;02A;2A269;2G;2026-03-19T15:15:24;02A2290110;38;20;9;;RN 198;Résidence  Les  Trois Perles;;20145;2A269;"41.8575 , 9.398888888888889";41°51'27''N 9°23'56''E;En service
404398;ORANGE;240670;LTE 1800;2018-07-16;02A;2A269;4G;2026-03-19T15:15:24;02A2290110;38;20;9;;RN 198;Résidence  Les  Trois Perles;;20145;2A269;"41.8575 , 9.398888888888889";41°51'27''N 9°23'56''E;En service
404399;ORANGE;240670;LTE 2100;2019-06-21;02A;2A269;4G;2026-03-19T15:15:24;02A2290110;38;20;9;;RN 198;Résidence  Les  Trois Perles;;20145;2A269;"41.8575 , 9.398888888888889";41°51'27''N 9°23'56''E;En service
404400;ORANGE;240670;LTE 2600;2018-07-16;02A;2A269;4G;2026-03-19T15:15:24;02A2290110;38;20;9;;RN 198;Résidence  Les  Trois Perles;;20145;2A269;"41.8575 , 9.398888888888889";41°51'27''N 9°23'56''E;En service
404401;ORANGE;240670;LTE 700;2020-11-25;02A;2A269;4G;2026-03-19T15:15:24;02A2290110;38;20;9;;RN 198;Résidence  Les  Trois Perles;;20145;2A269;"41.8575 , 9.398888888888889";41°51'27''N 9°23'56''E;En service
404402;ORANGE;240670;LTE 800;2017-06-06;02A;2A269;4G;2026-03-19T15:15:24;02A2290110;38;20;9;;RN 198;Résidence  Les  Trois Perles;;20145;2A269;"41.8575 , 9.398888888888889";41°51'27''N 9°23'56''E;En service
404403;ORANGE;240670;UMTS 900;2011-09-21;02A;2A269;3G;2026-03-19T15:15:24;02A2290110;38;20;9;;RN 198;Résidence  Les  Trois Perles;;20145;2A269;"41.8575 , 9.398888888888889";41°51'27''N 9°23'56''E;En service
404762;ORANGE;264648;5G NR 3500;;02A;2A272;5G;2026-03-19T15:15:24;02A2290119;26;14;74;TIZZANO;LES JARDINS DE TIZZANO;SITE FRANCE TELECOM;;20100;2A272;"41.54055555555556 , 8.858333333333333";41°32'26''N 8°51'30''E;Projet approuvé
404763;ORANGE;264648;5G NR 700;;02A;2A272;5G;2026-03-19T15:15:24;02A2290119;26;14;74;TIZZANO;LES JARDINS DE TIZZANO;SITE FRANCE TELECOM;;20100;2A272;"41.54055555555556 , 8.858333333333333";41°32'26''N 8°51'30''E;Projet approuvé
404764;ORANGE;264648;GSM 900;2005-01-18;02A;2A272;2G;2026-03-19T15:15:24;02A2290119;26;14;74;TIZZANO;LES JARDINS DE TIZZANO;SITE FRANCE TELECOM;;20100;2A272;"41.54055555555556 , 8.858333333333333";41°32'26''N 8°51'30''E;En service
404765;ORANGE;264648;LTE 1800;2019-06-25;02A;2A272;4G;2026-03-19T15:15:24;02A2290119;26;14;74;TIZZANO;LES JARDINS DE TIZZANO;SITE FRANCE TELECOM;;20100;2A272;"41.54055555555556 , 8.858333333333333";41°32'26''N 8°51'30''E;En service
404766;ORANGE;264648;LTE 2100;2019-06-25;02A;2A272;4G;2026-03-19T15:15:24;02A2290119;26;14;74;TIZZANO;LES JARDINS DE TIZZANO;SITE FRANCE TELECOM;;20100;2A272;"41.54055555555556 , 8.858333333333333";41°32'26''N 8°51'30''E;En service
404767;ORANGE;264648;LTE 2600;;02A;2A272;4G;2026-03-19T15:15:24;02A2290119;26;14;74;TIZZANO;LES JARDINS DE TIZZANO;SITE FRANCE TELECOM;;20100;2A272;"41.54055555555556 , 8.858333333333333";41°32'26''N 8°51'30''E;Projet approuvé
404768;ORANGE;264648;LTE 800;2017-06-06;02A;2A272;4G;2026-03-19T15:15:24;02A2290119;26;14;74;TIZZANO;LES JARDINS DE TIZZANO;SITE FRANCE TELECOM;;20100;2A272;"41.54055555555556 , 8.858333333333333";41°32'26''N 8°51'30''E;En service
404769;ORANGE;264648;UMTS 900;2011-08-09;02A;2A272;3G;2026-03-19T15:15:24;02A2290119;26;14;74;TIZZANO;LES JARDINS DE TIZZANO;SITE FRANCE TELECOM;;20100;2A272;"41.54055555555556 , 8.858333333333333";41°32'26''N 8°51'30''E;En service
404960;ORANGE;273352;5G NR 3500;2024-06-26;02A;2A215;5G;2026-03-19T15:15:24;02A2290124;26;13;74;Tozza Alta;;;;20131;2A215;"41.4975 , 9.055555555555557";41°29'51''N 9°3'20''E;Techniquement opérationnel
404961;ORANGE;273352;5G NR 700;2025-01-20;02A;2A215;5G;2026-03-19T15:15:24;02A2290124;26;13;74;Tozza Alta;;;;20131;2A215;"41.4975 , 9.055555555555557";41°29'51''N 9°3'20''E;Techniquement opérationnel
404962;ORANGE;273352;GSM 900;2005-04-16;02A;2A215;2G;2026-03-19T15:15:24;02A2290124;26;13;74;Tozza Alta;;;;20131;2A215;"41.4975 , 9.055555555555557";41°29'51''N 9°3'20''E;En service
404963;ORANGE;273352;LTE 1800;2019-09-24;02A;2A215;4G;2026-03-19T15:15:24;02A2290124;26;13;74;Tozza Alta;;;;20131;2A215;"41.4975 , 9.055555555555557";41°29'51''N 9°3'20''E;En service
404964;ORANGE;273352;LTE 2100;2019-09-24;02A;2A215;4G;2026-03-19T15:15:24;02A2290124;26;13;74;Tozza Alta;;;;20131;2A215;"41.4975 , 9.055555555555557";41°29'51''N 9°3'20''E;En service
404965;ORANGE;273352;LTE 2600;2017-07-06;02A;2A215;4G;2026-03-19T15:15:24;02A2290124;26;13;74;Tozza Alta;;;;20131;2A215;"41.4975 , 9.055555555555557";41°29'51''N 9°3'20''E;En service
404966;ORANGE;273352;LTE 700;2021-05-03;02A;2A215;4G;2026-03-19T15:15:24;02A2290124;26;13;74;Tozza Alta;;;;20131;2A215;"41.4975 , 9.055555555555557";41°29'51''N 9°3'20''E;En service
404967;ORANGE;273352;LTE 800;2017-07-11;02A;2A215;4G;2026-03-19T15:15:24;02A2290124;26;13;74;Tozza Alta;;;;20131;2A215;"41.4975 , 9.055555555555557";41°29'51''N 9°3'20''E;En service
404968;ORANGE;273352;UMTS 900;2016-06-15;02A;2A215;3G;2026-03-19T15:15:24;02A2290124;26;13;74;Tozza Alta;;;;20131;2A215;"41.4975 , 9.055555555555557";41°29'51''N 9°3'20''E;En service
405374;ORANGE;278360;5G NR 3500;2024-12-16;02A;2A090;5G;2026-03-19T15:15:24;02A2290127;17;17;9;Esignia;;Hôtel Arena;;20118;2A090;"42.10111111111111 , 8.708333333333332";42°6'4''N 8°42'30''E;Techniquement opérationnel
405375;ORANGE;278360;GSM 900;2005-06-11;02A;2A090;2G;2026-03-19T15:15:24;02A2290127;17;17;9;Esignia;;Hôtel Arena;;20118;2A090;"42.10111111111111 , 8.708333333333332";42°6'4''N 8°42'30''E;En service
405376;ORANGE;278360;LTE 1800;2020-04-30;02A;2A090;4G;2026-03-19T15:15:24;02A2290127;17;17;9;Esignia;;Hôtel Arena;;20118;2A090;"42.10111111111111 , 8.708333333333332";42°6'4''N 8°42'30''E;En service
405377;ORANGE;278360;LTE 2100;2020-04-30;02A;2A090;4G;2026-03-19T15:15:24;02A2290127;17;17;9;Esignia;;Hôtel Arena;;20118;2A090;"42.10111111111111 , 8.708333333333332";42°6'4''N 8°42'30''E;En service
405378;ORANGE;278360;LTE 2600;2020-05-04;02A;2A090;4G;2026-03-19T15:15:24;02A2290127;17;17;9;Esignia;;Hôtel Arena;;20118;2A090;"42.10111111111111 , 8.708333333333332";42°6'4''N 8°42'30''E;En service
405379;ORANGE;278360;LTE 700;2020-03-17;02A;2A090;4G;2026-03-19T15:15:24;02A2290127;17;17;9;Esignia;;Hôtel Arena;;20118;2A090;"42.10111111111111 , 8.708333333333332";42°6'4''N 8°42'30''E;En service
405380;ORANGE;278360;LTE 800;2016-08-22;02A;2A090;4G;2026-03-19T15:15:24;02A2290127;17;17;9;Esignia;;Hôtel Arena;;20118;2A090;"42.10111111111111 , 8.708333333333332";42°6'4''N 8°42'30''E;En service
405381;ORANGE;278360;UMTS 900;2011-11-23;02A;2A090;3G;2026-03-19T15:15:24;02A2290127;17;17;9;Esignia;;Hôtel Arena;;20118;2A090;"42.10111111111111 , 8.708333333333332";42°6'4''N 8°42'30''E;En service
406676;ORANGE;323040;LTE 1800;2019-07-17;02A;2A004;4G;2026-03-19T15:15:24;02A2290149;38;21;9;;Route du Lazaret;Résidence Corse Azur;;20090;2A004;"41.92916666666667 , 8.756944444444445";41°55'45''N 8°45'25''E;En service
406677;ORANGE;323040;LTE 2100;2019-07-17;02A;2A004;4G;2026-03-19T15:15:24;02A2290149;38;21;9;;Route du Lazaret;Résidence Corse Azur;;20090;2A004;"41.92916666666667 , 8.756944444444445";41°55'45''N 8°45'25''E;En service
406678;ORANGE;323040;LTE 2600;2013-10-16;02A;2A004;4G;2026-03-19T15:15:24;02A2290149;38;21;9;;Route du Lazaret;Résidence Corse Azur;;20090;2A004;"41.92916666666667 , 8.756944444444445";41°55'45''N 8°45'25''E;En service
406679;ORANGE;323040;LTE 700;2022-03-07;02A;2A004;4G;2026-03-19T15:15:24;02A2290149;38;21;9;;Route du Lazaret;Résidence Corse Azur;;20090;2A004;"41.92916666666667 , 8.756944444444445";41°55'45''N 8°45'25''E;En service
406680;ORANGE;323040;LTE 800;2022-03-07;02A;2A004;4G;2026-03-19T15:15:24;02A2290149;38;21;9;;Route du Lazaret;Résidence Corse Azur;;20090;2A004;"41.92916666666667 , 8.756944444444445";41°55'45''N 8°45'25''E;En service
406681;ORANGE;323040;UMTS 900;2022-03-18;02A;2A004;3G;2026-03-19T15:15:24;02A2290149;38;21;9;;Route du Lazaret;Résidence Corse Azur;;20090;2A004;"41.92916666666667 , 8.756944444444445";41°55'45''N 8°45'25''E;En service
406797;ORANGE;327484;5G NR 2100;2025-07-29;02A;2A348;5G;2026-03-19T15:15:24;02A2290153;26;14;74;Sagone;Route d Sagone D81;;;20160;2A348;"42.11611111111111 , 8.6775";42°6'58''N 8°40'39''E;Techniquement opérationnel
406798;ORANGE;327484;GSM 900;2006-09-30;02A;2A348;2G;2026-03-19T15:15:24;02A2290153;26;14;74;Sagone;Route d Sagone D81;;;20160;2A348;"42.11611111111111 , 8.6775";42°6'58''N 8°40'39''E;En service
406799;ORANGE;327484;LTE 1800;2021-05-03;02A;2A348;4G;2026-03-19T15:15:24;02A2290153;26;14;74;Sagone;Route d Sagone D81;;;20160;2A348;"42.11611111111111 , 8.6775";42°6'58''N 8°40'39''E;En service
406800;ORANGE;327484;LTE 2600;2025-07-29;02A;2A348;4G;2026-03-19T15:15:24;02A2290153;26;14;74;Sagone;Route d Sagone D81;;;20160;2A348;"42.11611111111111 , 8.6775";42°6'58''N 8°40'39''E;En service
406801;ORANGE;327484;LTE 700;2020-11-25;02A;2A348;4G;2026-03-19T15:15:24;02A2290153;26;14;74;Sagone;Route d Sagone D81;;;20160;2A348;"42.11611111111111 , 8.6775";42°6'58''N 8°40'39''E;En service
406802;ORANGE;327484;LTE 800;2018-07-05;02A;2A348;4G;2026-03-19T15:15:24;02A2290153;26;14;74;Sagone;Route d Sagone D81;;;20160;2A348;"42.11611111111111 , 8.6775";42°6'58''N 8°40'39''E;En service
406803;ORANGE;327484;UMTS 900;2018-06-28;02A;2A348;3G;2026-03-19T15:15:24;02A2290153;26;14;74;Sagone;Route d Sagone D81;;;20160;2A348;"42.11611111111111 , 8.6775";42°6'58''N 8°40'39''E;En service
407147;ORANGE;336452;GSM 900;2006-12-15;02A;2A228;2G;2026-03-19T15:15:24;02A2290156;26;17;74;Isolella;Anse Médéa;D 55;;20166;2A228;"41.843611111111116 , 8.766111111111112";41°50'37''N 8°45'58''E;En service
407148;ORANGE;336452;LTE 1800;2020-08-26;02A;2A228;4G;2026-03-19T15:15:24;02A2290156;26;17;74;Isolella;Anse Médéa;D 55;;20166;2A228;"41.843611111111116 , 8.766111111111112";41°50'37''N 8°45'58''E;En service
407149;ORANGE;336452;LTE 2100;2019-05-22;02A;2A228;4G;2026-03-19T15:15:24;02A2290156;26;17;74;Isolella;Anse Médéa;D 55;;20166;2A228;"41.843611111111116 , 8.766111111111112";41°50'37''N 8°45'58''E;En service
407150;ORANGE;336452;LTE 2600;2017-12-21;02A;2A228;4G;2026-03-19T15:15:24;02A2290156;26;17;74;Isolella;Anse Médéa;D 55;;20166;2A228;"41.843611111111116 , 8.766111111111112";41°50'37''N 8°45'58''E;En service
407151;ORANGE;336452;LTE 800;2017-12-19;02A;2A228;4G;2026-03-19T15:15:24;02A2290156;26;17;74;Isolella;Anse Médéa;D 55;;20166;2A228;"41.843611111111116 , 8.766111111111112";41°50'37''N 8°45'58''E;En service
407152;ORANGE;336452;UMTS 900;2016-06-29;02A;2A228;3G;2026-03-19T15:15:24;02A2290156;26;17;74;Isolella;Anse Médéa;D 55;;20166;2A228;"41.843611111111116 , 8.766111111111112";41°50'37''N 8°45'58''E;En service
407268;ORANGE;341538;LTE 1800;2016-09-09;02A;2A004;4G;2026-03-19T15:15:24;02A2290158;17;16;22;;Route de Salario;Villa Belvédère;;20167;2A004;"41.925 , 8.727777777777778";41°55'30''N 8°43'40''E;En service
407269;ORANGE;341538;LTE 2100;2019-08-07;02A;2A004;4G;2026-03-19T15:15:24;02A2290158;17;16;22;;Route de Salario;Villa Belvédère;;20167;2A004;"41.925 , 8.727777777777778";41°55'30''N 8°43'40''E;En service
407270;ORANGE;341538;LTE 2600;2013-09-11;02A;2A004;4G;2026-03-19T15:15:24;02A2290158;17;16;22;;Route de Salario;Villa Belvédère;;20167;2A004;"41.925 , 8.727777777777778";41°55'30''N 8°43'40''E;En service
407271;ORANGE;341538;LTE 800;2018-12-01;02A;2A004;4G;2026-03-19T15:15:24;02A2290158;17;16;22;;Route de Salario;Villa Belvédère;;20167;2A004;"41.925 , 8.727777777777778";41°55'30''N 8°43'40''E;En service
407272;ORANGE;341538;UMTS 900;2018-12-01;02A;2A004;3G;2026-03-19T15:15:24;02A2290158;17;16;22;;Route de Salario;Villa Belvédère;;20167;2A004;"41.925 , 8.727777777777778";41°55'30''N 8°43'40''E;En service
407759;ORANGE;363373;5G NR 3500;2022-03-24;02A;2A004;5G;2026-03-19T15:15:24;02A2290161;26;"14,4";74;le Finosello;Résidence Monte & Mare;;;20167;2A004;"41.94194444444444 , 8.750555555555556";41°56'31''N 8°45'2''E;Techniquement opérationnel
407760;ORANGE;363373;5G NR 700;2025-02-17;02A;2A004;5G;2026-03-19T15:15:24;02A2290161;26;"14,4";74;le Finosello;Résidence Monte & Mare;;;20167;2A004;"41.94194444444444 , 8.750555555555556";41°56'31''N 8°45'2''E;Techniquement opérationnel
407761;ORANGE;363373;LTE 1800;2019-06-21;02A;2A004;4G;2026-03-19T15:15:24;02A2290161;26;"14,4";74;le Finosello;Résidence Monte & Mare;;;20167;2A004;"41.94194444444444 , 8.750555555555556";41°56'31''N 8°45'2''E;En service
407762;ORANGE;363373;LTE 2100;2019-06-21;02A;2A004;4G;2026-03-19T15:15:24;02A2290161;26;"14,4";74;le Finosello;Résidence Monte & Mare;;;20167;2A004;"41.94194444444444 , 8.750555555555556";41°56'31''N 8°45'2''E;En service
407763;ORANGE;363373;LTE 2600;2013-12-10;02A;2A004;4G;2026-03-19T15:15:24;02A2290161;26;"14,4";74;le Finosello;Résidence Monte & Mare;;;20167;2A004;"41.94194444444444 , 8.750555555555556";41°56'31''N 8°45'2''E;En service
407764;ORANGE;363373;LTE 700;2022-03-07;02A;2A004;4G;2026-03-19T15:15:24;02A2290161;26;"14,4";74;le Finosello;Résidence Monte & Mare;;;20167;2A004;"41.94194444444444 , 8.750555555555556";41°56'31''N 8°45'2''E;En service
407765;ORANGE;363373;LTE 800;2022-03-07;02A;2A004;4G;2026-03-19T15:15:24;02A2290161;26;"14,4";74;le Finosello;Résidence Monte & Mare;;;20167;2A004;"41.94194444444444 , 8.750555555555556";41°56'31''N 8°45'2''E;En service
407766;ORANGE;363373;UMTS 900;2022-03-02;02A;2A004;3G;2026-03-19T15:15:24;02A2290161;26;"14,4";74;le Finosello;Résidence Monte & Mare;;;20167;2A004;"41.94194444444444 , 8.750555555555556";41°56'31''N 8°45'2''E;En service
411102;ORANGE;439466;5G NR 3500;2025-09-10;02A;2A061;5G;2026-03-19T15:15:24;02A2290003;23;42;74;Col de Mela;Pylone France Telecom;;;20170;2A061;"41.67027777777778 , 9.185";41°40'13''N 9°11'6''E;Techniquement opérationnel
411103;ORANGE;439466;5G NR 700;2025-09-10;02A;2A061;5G;2026-03-19T15:15:24;02A2290003;23;42;74;Col de Mela;Pylone France Telecom;;;20170;2A061;"41.67027777777778 , 9.185";41°40'13''N 9°11'6''E;Techniquement opérationnel
411104;ORANGE;439466;LTE 1800;2019-12-31;02A;2A061;4G;2026-03-19T15:15:24;02A2290003;23;42;74;Col de Mela;Pylone France Telecom;;;20170;2A061;"41.67027777777778 , 9.185";41°40'13''N 9°11'6''E;En service
411105;ORANGE;439466;LTE 2100;2020-05-06;02A;2A061;4G;2026-03-19T15:15:24;02A2290003;23;42;74;Col de Mela;Pylone France Telecom;;;20170;2A061;"41.67027777777778 , 9.185";41°40'13''N 9°11'6''E;En service
411106;ORANGE;439466;LTE 2600;2019-12-31;02A;2A061;4G;2026-03-19T15:15:24;02A2290003;23;42;74;Col de Mela;Pylone France Telecom;;;20170;2A061;"41.67027777777778 , 9.185";41°40'13''N 9°11'6''E;En service
411107;ORANGE;439466;LTE 700;2020-12-21;02A;2A061;4G;2026-03-19T15:15:24;02A2290003;23;42;74;Col de Mela;Pylone France Telecom;;;20170;2A061;"41.67027777777778 , 9.185";41°40'13''N 9°11'6''E;En service
411108;ORANGE;439466;LTE 800;2016-08-01;02A;2A061;4G;2026-03-19T15:15:24;02A2290003;23;42;74;Col de Mela;Pylone France Telecom;;;20170;2A061;"41.67027777777778 , 9.185";41°40'13''N 9°11'6''E;En service
411109;ORANGE;439466;UMTS 900;2013-07-23;02A;2A061;3G;2026-03-19T15:15:24;02A2290003;23;42;74;Col de Mela;Pylone France Telecom;;;20170;2A061;"41.67027777777778 , 9.185";41°40'13''N 9°11'6''E;En service
411714;ORANGE;440295;LTE 700;2022-07-06;02A;2A091;4G;2026-03-19T15:15:24;02A2290172;23;30;32;Fica Bianca;COL D'AGHIA;D 55;;20123;2A091;"41.83083333333334 , 8.87638888888889";41°49'51''N 8°52'35''E;En service
411715;ORANGE;440295;LTE 800;2020-05-11;02A;2A091;4G;2026-03-19T15:15:24;02A2290172;23;30;32;Fica Bianca;COL D'AGHIA;D 55;;20123;2A091;"41.83083333333334 , 8.87638888888889";41°49'51''N 8°52'35''E;En service
411716;ORANGE;440295;UMTS 900;2017-03-24;02A;2A091;3G;2026-03-19T15:15:24;02A2290172;23;30;32;Fica Bianca;COL D'AGHIA;D 55;;20123;2A091;"41.83083333333334 , 8.87638888888889";41°49'51''N 8°52'35''E;En service
413222;ORANGE;443842;5G NR 3500;2021-09-15;02A;2A004;5G;2026-03-19T15:15:24;02A2290181;38;26;9;Pietralba;R du Mont Thabor;Rés. Le Montana;;20000;2A004;"41.936388888888885 , 8.759444444444444";41°56'11''N 8°45'34''E;Techniquement opérationnel
413223;ORANGE;443842;5G NR 700;2025-01-08;02A;2A004;5G;2026-03-19T15:15:24;02A2290181;38;26;9;Pietralba;R du Mont Thabor;Rés. Le Montana;;20000;2A004;"41.936388888888885 , 8.759444444444444";41°56'11''N 8°45'34''E;Techniquement opérationnel
413224;ORANGE;443842;GSM 900;2018-11-01;02A;2A004;2G;2026-03-19T15:15:24;02A2290181;38;26;9;Pietralba;R du Mont Thabor;Rés. Le Montana;;20000;2A004;"41.936388888888885 , 8.759444444444444";41°56'11''N 8°45'34''E;En service
413225;ORANGE;443842;LTE 1800;2016-09-06;02A;2A004;4G;2026-03-19T15:15:24;02A2290181;38;26;9;Pietralba;R du Mont Thabor;Rés. Le Montana;;20000;2A004;"41.936388888888885 , 8.759444444444444";41°56'11''N 8°45'34''E;En service
413226;ORANGE;443842;LTE 2100;2019-07-10;02A;2A004;4G;2026-03-19T15:15:24;02A2290181;38;26;9;Pietralba;R du Mont Thabor;Rés. Le Montana;;20000;2A004;"41.936388888888885 , 8.759444444444444";41°56'11''N 8°45'34''E;En service
413227;ORANGE;443842;LTE 2600;2013-11-19;02A;2A004;4G;2026-03-19T15:15:24;02A2290181;38;26;9;Pietralba;R du Mont Thabor;Rés. Le Montana;;20000;2A004;"41.936388888888885 , 8.759444444444444";41°56'11''N 8°45'34''E;En service
413228;ORANGE;443842;LTE 700;2021-09-16;02A;2A004;4G;2026-03-19T15:15:24;02A2290181;38;26;9;Pietralba;R du Mont Thabor;Rés. Le Montana;;20000;2A004;"41.936388888888885 , 8.759444444444444";41°56'11''N 8°45'34''E;En service
413229;ORANGE;443842;LTE 800;2018-11-01;02A;2A004;4G;2026-03-19T15:15:24;02A2290181;38;26;9;Pietralba;R du Mont Thabor;Rés. Le Montana;;20000;2A004;"41.936388888888885 , 8.759444444444444";41°56'11''N 8°45'34''E;En service
413230;ORANGE;443842;UMTS 900;2018-11-01;02A;2A004;3G;2026-03-19T15:15:24;02A2290181;38;26;9;Pietralba;R du Mont Thabor;Rés. Le Montana;;20000;2A004;"41.936388888888885 , 8.759444444444444";41°56'11''N 8°45'34''E;En service
413873;ORANGE;445750;5G NR 3500;2022-06-29;02A;2A247;5G;2026-03-19T15:15:24;02A2290182;23;25;74;Carabona;Chem Quartier Carabona;Chez Monsieur Gianni Don Georges;;20137;2A247;"41.58916666666667 , 9.266944444444444";41°35'21''N 9°16'1''E;Techniquement opérationnel
413874;ORANGE;445750;5G NR 700;2025-01-08;02A;2A247;5G;2026-03-19T15:15:24;02A2290182;23;25;74;Carabona;Chem Quartier Carabona;Chez Monsieur Gianni Don Georges;;20137;2A247;"41.58916666666667 , 9.266944444444444";41°35'21''N 9°16'1''E;Techniquement opérationnel
413875;ORANGE;445750;GSM 900;2008-11-21;02A;2A247;2G;2026-03-19T15:15:24;02A2290182;23;25;74;Carabona;Chem Quartier Carabona;Chez Monsieur Gianni Don Georges;;20137;2A247;"41.58916666666667 , 9.266944444444444";41°35'21''N 9°16'1''E;En service
413876;ORANGE;445750;LTE 1800;2019-07-03;02A;2A247;4G;2026-03-19T15:15:24;02A2290182;23;25;74;Carabona;Chem Quartier Carabona;Chez Monsieur Gianni Don Georges;;20137;2A247;"41.58916666666667 , 9.266944444444444";41°35'21''N 9°16'1''E;En service
413877;ORANGE;445750;LTE 2100;2019-07-03;02A;2A247;4G;2026-03-19T15:15:24;02A2290182;23;25;74;Carabona;Chem Quartier Carabona;Chez Monsieur Gianni Don Georges;;20137;2A247;"41.58916666666667 , 9.266944444444444";41°35'21''N 9°16'1''E;En service
413878;ORANGE;445750;LTE 2600;2017-09-27;02A;2A247;4G;2026-03-19T15:15:24;02A2290182;23;25;74;Carabona;Chem Quartier Carabona;Chez Monsieur Gianni Don Georges;;20137;2A247;"41.58916666666667 , 9.266944444444444";41°35'21''N 9°16'1''E;En service
413879;ORANGE;445750;LTE 700;2022-04-04;02A;2A247;4G;2026-03-19T15:15:24;02A2290182;23;25;74;Carabona;Chem Quartier Carabona;Chez Monsieur Gianni Don Georges;;20137;2A247;"41.58916666666667 , 9.266944444444444";41°35'21''N 9°16'1''E;En service
413880;ORANGE;445750;LTE 800;2017-10-02;02A;2A247;4G;2026-03-19T15:15:24;02A2290182;23;25;74;Carabona;Chem Quartier Carabona;Chez Monsieur Gianni Don Georges;;20137;2A247;"41.58916666666667 , 9.266944444444444";41°35'21''N 9°16'1''E;En service
413881;ORANGE;445750;UMTS 900;2017-07-31;02A;2A247;3G;2026-03-19T15:15:24;02A2290182;23;25;74;Carabona;Chem Quartier Carabona;Chez Monsieur Gianni Don Georges;;20137;2A247;"41.58916666666667 , 9.266944444444444";41°35'21''N 9°16'1''E;En service
417263;ORANGE;455116;LTE 700;2023-05-31;02A;2A131;4G;2026-03-19T15:15:24;02A2290174;23;"31,9";32;PIANELLO;PYLONE TDF GUAGNO;;;20160;2A131;"42.16611111111111 , 8.94138888888889";42°9'58''N 8°56'29''E;En service
417264;ORANGE;455116;LTE 800;2020-05-11;02A;2A131;4G;2026-03-19T15:15:24;02A2290174;23;"31,9";32;PIANELLO;PYLONE TDF GUAGNO;;;20160;2A131;"42.16611111111111 , 8.94138888888889";42°9'58''N 8°56'29''E;En service
417265;ORANGE;455116;UMTS 900;2017-05-02;02A;2A131;3G;2026-03-19T15:15:24;02A2290174;23;"31,9";32;PIANELLO;PYLONE TDF GUAGNO;;;20160;2A131;"42.16611111111111 , 8.94138888888889";42°9'58''N 8°56'29''E;En service
419336;ORANGE;461776;5G NR 3500;2021-09-15;02A;2A247;5G;2026-03-19T15:15:24;02A2290123;23;"45,2";32;PUNTA DI VARRA;CHEM DU COL DE VERRA;;;20137;2A247;"41.59861111111111 , 9.317222222222222";41°35'55''N 9°19'2''E;Techniquement opérationnel
419337;ORANGE;461776;5G NR 700;2025-01-08;02A;2A247;5G;2026-03-19T15:15:24;02A2290123;23;"45,2";32;PUNTA DI VARRA;CHEM DU COL DE VERRA;;;20137;2A247;"41.59861111111111 , 9.317222222222222";41°35'55''N 9°19'2''E;Techniquement opérationnel
419338;ORANGE;461776;GSM 900;2005-03-19;02A;2A247;2G;2026-03-19T15:15:24;02A2290123;23;"45,2";32;PUNTA DI VARRA;CHEM DU COL DE VERRA;;;20137;2A247;"41.59861111111111 , 9.317222222222222";41°35'55''N 9°19'2''E;En service
419339;ORANGE;461776;LTE 1800;2017-03-13;02A;2A247;4G;2026-03-19T15:15:24;02A2290123;23;"45,2";32;PUNTA DI VARRA;CHEM DU COL DE VERRA;;;20137;2A247;"41.59861111111111 , 9.317222222222222";41°35'55''N 9°19'2''E;En service
419340;ORANGE;461776;LTE 2100;2019-08-19;02A;2A247;4G;2026-03-19T15:15:24;02A2290123;23;"45,2";32;PUNTA DI VARRA;CHEM DU COL DE VERRA;;;20137;2A247;"41.59861111111111 , 9.317222222222222";41°35'55''N 9°19'2''E;En service
419341;ORANGE;461776;LTE 2600;2015-11-18;02A;2A247;4G;2026-03-19T15:15:24;02A2290123;23;"45,2";32;PUNTA DI VARRA;CHEM DU COL DE VERRA;;;20137;2A247;"41.59861111111111 , 9.317222222222222";41°35'55''N 9°19'2''E;En service
419342;ORANGE;461776;LTE 700;2021-08-24;02A;2A247;4G;2026-03-19T15:15:24;02A2290123;23;"45,2";32;PUNTA DI VARRA;CHEM DU COL DE VERRA;;;20137;2A247;"41.59861111111111 , 9.317222222222222";41°35'55''N 9°19'2''E;En service
419343;ORANGE;461776;LTE 800;2015-12-14;02A;2A247;4G;2026-03-19T15:15:24;02A2290123;23;"45,2";32;PUNTA DI VARRA;CHEM DU COL DE VERRA;;;20137;2A247;"41.59861111111111 , 9.317222222222222";41°35'55''N 9°19'2''E;En service
419344;ORANGE;461776;UMTS 900;2018-08-30;02A;2A247;3G;2026-03-19T15:15:24;02A2290123;23;"45,2";32;PUNTA DI VARRA;CHEM DU COL DE VERRA;;;20137;2A247;"41.59861111111111 , 9.317222222222222";41°35'55''N 9°19'2''E;En service
420567;ORANGE;465377;LTE 700;2022-07-01;02A;2A119;4G;2026-03-19T15:15:24;02A2290129;23;48;32;COL DE GRANACE;;;;20157;2A119;"41.88916666666667 , 9.023888888888889";41°53'21''N 9°1'26''E;En service
420568;ORANGE;465377;LTE 800;2021-01-26;02A;2A119;4G;2026-03-19T15:15:24;02A2290129;23;48;32;COL DE GRANACE;;;;20157;2A119;"41.88916666666667 , 9.023888888888889";41°53'21''N 9°1'26''E;En service
420569;ORANGE;465377;UMTS 900;2017-06-13;02A;2A119;3G;2026-03-19T15:15:24;02A2290129;23;48;32;COL DE GRANACE;;;;20157;2A119;"41.88916666666667 , 9.023888888888889";41°53'21''N 9°1'26''E;En service
421002;ORANGE;466847;GSM 900;2006-08-01;02A;2A197;2G;2026-03-19T15:15:24;02A2290144;23;12;72;Bocca a Croce;Col de la croix;;;20147;2A197;"42.32666666666667 , 8.632777777777779";42°19'36''N 8°37'58''E;En service
421003;ORANGE;466847;LTE 1800;2020-11-27;02A;2A197;4G;2026-03-19T15:15:24;02A2290144;23;12;72;Bocca a Croce;Col de la croix;;;20147;2A197;"42.32666666666667 , 8.632777777777779";42°19'36''N 8°37'58''E;En service
421004;ORANGE;466847;LTE 2600;2020-11-27;02A;2A197;4G;2026-03-19T15:15:24;02A2290144;23;12;72;Bocca a Croce;Col de la croix;;;20147;2A197;"42.32666666666667 , 8.632777777777779";42°19'36''N 8°37'58''E;En service
421005;ORANGE;466847;LTE 800;2020-12-17;02A;2A197;4G;2026-03-19T15:15:24;02A2290144;23;12;72;Bocca a Croce;Col de la croix;;;20147;2A197;"42.32666666666667 , 8.632777777777779";42°19'36''N 8°37'58''E;En service
421006;ORANGE;466847;UMTS 900;2016-06-27;02A;2A197;3G;2026-03-19T15:15:24;02A2290144;23;12;72;Bocca a Croce;Col de la croix;;;20147;2A197;"42.32666666666667 , 8.632777777777779";42°19'36''N 8°37'58''E;En service
422145;ORANGE;469912;5G NR 3500;2021-05-31;02A;2A004;5G;2026-03-19T15:15:24;02A2290178;38;23;22;;7 r Paul Colonna d'Istria;Hôtel Castel Vecchio;;20000;2A004;"41.93333333333333 , 8.740277777777777";41°56'0''N 8°44'25''E;Techniquement opérationnel
422146;ORANGE;469912;5G NR 700;2025-01-08;02A;2A004;5G;2026-03-19T15:15:24;02A2290178;38;23;22;;7 r Paul Colonna d'Istria;Hôtel Castel Vecchio;;20000;2A004;"41.93333333333333 , 8.740277777777777";41°56'0''N 8°44'25''E;Techniquement opérationnel
422147;ORANGE;469912;GSM 900;2008-05-30;02A;2A004;2G;2026-03-19T15:15:24;02A2290178;38;23;22;;7 r Paul Colonna d'Istria;Hôtel Castel Vecchio;;20000;2A004;"41.93333333333333 , 8.740277777777777";41°56'0''N 8°44'25''E;En service
422148;ORANGE;469912;LTE 1800;2017-07-27;02A;2A004;4G;2026-03-19T15:15:24;02A2290178;38;23;22;;7 r Paul Colonna d'Istria;Hôtel Castel Vecchio;;20000;2A004;"41.93333333333333 , 8.740277777777777";41°56'0''N 8°44'25''E;En service
422149;ORANGE;469912;LTE 2100;2019-08-26;02A;2A004;4G;2026-03-19T15:15:24;02A2290178;38;23;22;;7 r Paul Colonna d'Istria;Hôtel Castel Vecchio;;20000;2A004;"41.93333333333333 , 8.740277777777777";41°56'0''N 8°44'25''E;En service
422150;ORANGE;469912;LTE 2600;2013-11-26;02A;2A004;4G;2026-03-19T15:15:24;02A2290178;38;23;22;;7 r Paul Colonna d'Istria;Hôtel Castel Vecchio;;20000;2A004;"41.93333333333333 , 8.740277777777777";41°56'0''N 8°44'25''E;En service
422151;ORANGE;469912;LTE 700;2021-05-25;02A;2A004;4G;2026-03-19T15:15:24;02A2290178;38;23;22;;7 r Paul Colonna d'Istria;Hôtel Castel Vecchio;;20000;2A004;"41.93333333333333 , 8.740277777777777";41°56'0''N 8°44'25''E;En service
422152;ORANGE;469912;LTE 800;2013-11-28;02A;2A004;4G;2026-03-19T15:15:24;02A2290178;38;23;22;;7 r Paul Colonna d'Istria;Hôtel Castel Vecchio;;20000;2A004;"41.93333333333333 , 8.740277777777777";41°56'0''N 8°44'25''E;En service
422153;ORANGE;469912;UMTS 900;2016-06-15;02A;2A004;3G;2026-03-19T15:15:24;02A2290178;38;23;22;;7 r Paul Colonna d'Istria;Hôtel Castel Vecchio;;20000;2A004;"41.93333333333333 , 8.740277777777777";41°56'0''N 8°44'25''E;En service
422889;ORANGE;472264;GSM 900;2009-07-10;02A;2A266;2G;2026-03-19T15:15:24;02A2290183;23;33;6;Col de Tartavello;D4;;;20121;2A266;"42.073888888888895 , 8.905833333333334";42°4'26''N 8°54'21''E;En service
422890;ORANGE;472264;LTE 700;2022-06-29;02A;2A266;4G;2026-03-19T15:15:24;02A2290183;23;33;6;Col de Tartavello;D4;;;20121;2A266;"42.073888888888895 , 8.905833333333334";42°4'26''N 8°54'21''E;En service
422891;ORANGE;472264;LTE 800;2019-09-09;02A;2A266;4G;2026-03-19T15:15:24;02A2290183;23;33;6;Col de Tartavello;D4;;;20121;2A266;"42.073888888888895 , 8.905833333333334";42°4'26''N 8°54'21''E;En service
422892;ORANGE;472264;UMTS 900;2016-12-13;02A;2A266;3G;2026-03-19T15:15:24;02A2290183;23;33;6;Col de Tartavello;D4;;;20121;2A266;"42.073888888888895 , 8.905833333333334";42°4'26''N 8°54'21''E;En service
426449;ORANGE;484247;LTE 700;2022-07-06;02A;2A089;4G;2026-03-19T15:15:24;02A2290173;23;36;32;Piannello;;;;20134;2A089;"41.95194444444445 , 9.151111111111112";41°57'7''N 9°9'4''E;En service
426450;ORANGE;484247;LTE 800;2020-06-22;02A;2A089;4G;2026-03-19T15:15:24;02A2290173;23;36;32;Piannello;;;;20134;2A089;"41.95194444444445 , 9.151111111111112";41°57'7''N 9°9'4''E;En service
426451;ORANGE;484247;UMTS 900;2017-04-03;02A;2A089;3G;2026-03-19T15:15:24;02A2290173;23;36;32;Piannello;;;;20134;2A089;"41.95194444444445 , 9.151111111111112";41°57'7''N 9°9'4''E;En service
427345;ORANGE;489398;5G NR 3500;2024-02-22;02A;2A032;5G;2026-03-19T15:15:24;02A2290060;20;15;34;Casacia;Eglise de Bastelicaccia;;;20129;2A032;"41.93111111111111 , 8.84";41°55'52''N 8°50'24''E;Techniquement opérationnel
427346;ORANGE;489398;5G NR 700;2025-01-08;02A;2A032;5G;2026-03-19T15:15:24;02A2290060;20;15;34;Casacia;Eglise de Bastelicaccia;;;20129;2A032;"41.93111111111111 , 8.84";41°55'52''N 8°50'24''E;Techniquement opérationnel
427347;ORANGE;489398;GSM 900;2003-04-14;02A;2A032;2G;2026-03-19T15:15:24;02A2290060;20;15;34;Casacia;Eglise de Bastelicaccia;;;20129;2A032;"41.93111111111111 , 8.84";41°55'52''N 8°50'24''E;En service
427348;ORANGE;489398;LTE 1800;2017-08-28;02A;2A032;4G;2026-03-19T15:15:24;02A2290060;20;15;34;Casacia;Eglise de Bastelicaccia;;;20129;2A032;"41.93111111111111 , 8.84";41°55'52''N 8°50'24''E;En service
427349;ORANGE;489398;LTE 2100;2019-07-10;02A;2A032;4G;2026-03-19T15:15:24;02A2290060;20;15;34;Casacia;Eglise de Bastelicaccia;;;20129;2A032;"41.93111111111111 , 8.84";41°55'52''N 8°50'24''E;En service
427350;ORANGE;489398;LTE 2600;2017-07-04;02A;2A032;4G;2026-03-19T15:15:24;02A2290060;20;15;34;Casacia;Eglise de Bastelicaccia;;;20129;2A032;"41.93111111111111 , 8.84";41°55'52''N 8°50'24''E;En service
427351;ORANGE;489398;LTE 700;2024-02-19;02A;2A032;4G;2026-03-19T15:15:24;02A2290060;20;15;34;Casacia;Eglise de Bastelicaccia;;;20129;2A032;"41.93111111111111 , 8.84";41°55'52''N 8°50'24''E;En service
427352;ORANGE;489398;LTE 800;2017-06-29;02A;2A032;4G;2026-03-19T15:15:24;02A2290060;20;15;34;Casacia;Eglise de Bastelicaccia;;;20129;2A032;"41.93111111111111 , 8.84";41°55'52''N 8°50'24''E;En service
427353;ORANGE;489398;UMTS 900;2016-06-15;02A;2A032;3G;2026-03-19T15:15:24;02A2290060;20;15;34;Casacia;Eglise de Bastelicaccia;;;20129;2A032;"41.93111111111111 , 8.84";41°55'52''N 8°50'24''E;En service
429045;ORANGE;498331;GSM 900;1998-12-30;02A;2A104;2G;2026-03-19T15:15:24;02A2290086;23;16;74;CEPPU UGLIASTRU;PRES DU RSVOIR;;;20117;2A104;"41.91888888888889 , 8.882222222222223";41°55'8''N 8°52'56''E;En service
429046;ORANGE;498331;LTE 1800;2019-09-26;02A;2A104;4G;2026-03-19T15:15:24;02A2290086;23;16;74;CEPPU UGLIASTRU;PRES DU RSVOIR;;;20117;2A104;"41.91888888888889 , 8.882222222222223";41°55'8''N 8°52'56''E;En service
429047;ORANGE;498331;LTE 2100;2019-09-26;02A;2A104;4G;2026-03-19T15:15:24;02A2290086;23;16;74;CEPPU UGLIASTRU;PRES DU RSVOIR;;;20117;2A104;"41.91888888888889 , 8.882222222222223";41°55'8''N 8°52'56''E;En service
429048;ORANGE;498331;LTE 2600;;02A;2A104;4G;2026-03-19T15:15:24;02A2290086;23;16;74;CEPPU UGLIASTRU;PRES DU RSVOIR;;;20117;2A104;"41.91888888888889 , 8.882222222222223";41°55'8''N 8°52'56''E;Projet approuvé
429049;ORANGE;498331;LTE 700;;02A;2A104;4G;2026-03-19T15:15:24;02A2290086;23;16;74;CEPPU UGLIASTRU;PRES DU RSVOIR;;;20117;2A104;"41.91888888888889 , 8.882222222222223";41°55'8''N 8°52'56''E;Projet approuvé
429050;ORANGE;498331;LTE 800;2018-06-18;02A;2A104;4G;2026-03-19T15:15:24;02A2290086;23;16;74;CEPPU UGLIASTRU;PRES DU RSVOIR;;;20117;2A104;"41.91888888888889 , 8.882222222222223";41°55'8''N 8°52'56''E;En service
429051;ORANGE;498331;UMTS 900;2016-06-29;02A;2A104;3G;2026-03-19T15:15:24;02A2290086;23;16;74;CEPPU UGLIASTRU;PRES DU RSVOIR;;;20117;2A104;"41.91888888888889 , 8.882222222222223";41°55'8''N 8°52'56''E;En service
430305;ORANGE;503583;5G NR 3500;2021-05-31;02A;2A004;5G;2026-03-19T15:15:24;02A2290213;38;52;9;;AV MARECHAL MONCEY;Résidence Les Palmiers;;20000;2A004;"41.93 , 8.73361111111111";41°55'48''N 8°44'1''E;Techniquement opérationnel
430306;ORANGE;503583;5G NR 700;2025-01-13;02A;2A004;5G;2026-03-19T15:15:24;02A2290213;38;52;9;;AV MARECHAL MONCEY;Résidence Les Palmiers;;20000;2A004;"41.93 , 8.73361111111111";41°55'48''N 8°44'1''E;Techniquement opérationnel
430307;ORANGE;503583;LTE 1800;2021-04-20;02A;2A004;4G;2026-03-19T15:15:24;02A2290213;38;52;9;;AV MARECHAL MONCEY;Résidence Les Palmiers;;20000;2A004;"41.93 , 8.73361111111111";41°55'48''N 8°44'1''E;En service
430308;ORANGE;503583;LTE 2100;2020-05-18;02A;2A004;4G;2026-03-19T15:15:24;02A2290213;38;52;9;;AV MARECHAL MONCEY;Résidence Les Palmiers;;20000;2A004;"41.93 , 8.73361111111111";41°55'48''N 8°44'1''E;En service
430309;ORANGE;503583;LTE 2600;2018-12-14;02A;2A004;4G;2026-03-19T15:15:24;02A2290213;38;52;9;;AV MARECHAL MONCEY;Résidence Les Palmiers;;20000;2A004;"41.93 , 8.73361111111111";41°55'48''N 8°44'1''E;En service
430310;ORANGE;503583;LTE 700;2021-03-25;02A;2A004;4G;2026-03-19T15:15:24;02A2290213;38;52;9;;AV MARECHAL MONCEY;Résidence Les Palmiers;;20000;2A004;"41.93 , 8.73361111111111";41°55'48''N 8°44'1''E;En service
430311;ORANGE;503583;LTE 800;2018-12-05;02A;2A004;4G;2026-03-19T15:15:24;02A2290213;38;52;9;;AV MARECHAL MONCEY;Résidence Les Palmiers;;20000;2A004;"41.93 , 8.73361111111111";41°55'48''N 8°44'1''E;En service
430312;ORANGE;503583;UMTS 900;2019-01-08;02A;2A004;3G;2026-03-19T15:15:24;02A2290213;38;52;9;;AV MARECHAL MONCEY;Résidence Les Palmiers;;20000;2A004;"41.93 , 8.73361111111111";41°55'48''N 8°44'1''E;En service
430313;ORANGE;503598;5G NR 3500;2024-01-09;02A;2A004;5G;2026-03-19T15:15:24;02A2290080;17;"22,3";9;;RTE DES SANGUINAIRES;RES SANTA LINA;;20000;2A004;"41.91 , 8.682777777777778";41°54'36''N 8°40'58''E;Techniquement opérationnel
430314;ORANGE;503598;5G NR 700;2025-01-20;02A;2A004;5G;2026-03-19T15:15:24;02A2290080;17;"22,3";9;;RTE DES SANGUINAIRES;RES SANTA LINA;;20000;2A004;"41.91 , 8.682777777777778";41°54'36''N 8°40'58''E;Techniquement opérationnel
430315;ORANGE;503598;GSM 900;2000-01-27;02A;2A004;2G;2026-03-19T15:15:24;02A2290080;17;"22,3";9;;RTE DES SANGUINAIRES;RES SANTA LINA;;20000;2A004;"41.91 , 8.682777777777778";41°54'36''N 8°40'58''E;En service
430316;ORANGE;503598;LTE 1800;2017-07-27;02A;2A004;4G;2026-03-19T15:15:24;02A2290080;17;"22,3";9;;RTE DES SANGUINAIRES;RES SANTA LINA;;20000;2A004;"41.91 , 8.682777777777778";41°54'36''N 8°40'58''E;En service
430317;ORANGE;503598;LTE 2100;2019-08-06;02A;2A004;4G;2026-03-19T15:15:24;02A2290080;17;"22,3";9;;RTE DES SANGUINAIRES;RES SANTA LINA;;20000;2A004;"41.91 , 8.682777777777778";41°54'36''N 8°40'58''E;En service
430318;ORANGE;503598;LTE 2600;2017-05-04;02A;2A004;4G;2026-03-19T15:15:24;02A2290080;17;"22,3";9;;RTE DES SANGUINAIRES;RES SANTA LINA;;20000;2A004;"41.91 , 8.682777777777778";41°54'36''N 8°40'58''E;En service
430319;ORANGE;503598;LTE 700;2023-12-18;02A;2A004;4G;2026-03-19T15:15:24;02A2290080;17;"22,3";9;;RTE DES SANGUINAIRES;RES SANTA LINA;;20000;2A004;"41.91 , 8.682777777777778";41°54'36''N 8°40'58''E;En service
430320;ORANGE;503598;LTE 800;2015-05-12;02A;2A004;4G;2026-03-19T15:15:24;02A2290080;17;"22,3";9;;RTE DES SANGUINAIRES;RES SANTA LINA;;20000;2A004;"41.91 , 8.682777777777778";41°54'36''N 8°40'58''E;En service
430321;ORANGE;503598;UMTS 900;2016-06-15;02A;2A004;3G;2026-03-19T15:15:24;02A2290080;17;"22,3";9;;RTE DES SANGUINAIRES;RES SANTA LINA;;20000;2A004;"41.91 , 8.682777777777778";41°54'36''N 8°40'58''E;En service
430762;ORANGE;505501;5G NR 3500;2023-06-20;02A;2A092;5G;2026-03-19T15:15:24;02A2290042;23;"33,4";32;Punta Di Calcina;RD 158;;;20135;2A092;"41.72 , 9.352222222222222";41°43'12''N 9°21'8''E;Techniquement opérationnel
430763;ORANGE;505501;5G NR 700;2025-01-08;02A;2A092;5G;2026-03-19T15:15:24;02A2290042;23;"33,4";32;Punta Di Calcina;RD 158;;;20135;2A092;"41.72 , 9.352222222222222";41°43'12''N 9°21'8''E;Techniquement opérationnel
430764;ORANGE;505501;GSM 900;1997-09-26;02A;2A092;2G;2026-03-19T15:15:24;02A2290042;23;"33,4";32;Punta Di Calcina;RD 158;;;20135;2A092;"41.72 , 9.352222222222222";41°43'12''N 9°21'8''E;En service
430765;ORANGE;505501;LTE 1800;2016-09-14;02A;2A092;4G;2026-03-19T15:15:24;02A2290042;23;"33,4";32;Punta Di Calcina;RD 158;;;20135;2A092;"41.72 , 9.352222222222222";41°43'12''N 9°21'8''E;En service
430766;ORANGE;505501;LTE 2100;2019-06-28;02A;2A092;4G;2026-03-19T15:15:24;02A2290042;23;"33,4";32;Punta Di Calcina;RD 158;;;20135;2A092;"41.72 , 9.352222222222222";41°43'12''N 9°21'8''E;En service
430767;ORANGE;505501;LTE 2600;2018-07-16;02A;2A092;4G;2026-03-19T15:15:24;02A2290042;23;"33,4";32;Punta Di Calcina;RD 158;;;20135;2A092;"41.72 , 9.352222222222222";41°43'12''N 9°21'8''E;En service
430768;ORANGE;505501;LTE 700;2021-05-25;02A;2A092;4G;2026-03-19T15:15:24;02A2290042;23;"33,4";32;Punta Di Calcina;RD 158;;;20135;2A092;"41.72 , 9.352222222222222";41°43'12''N 9°21'8''E;En service
430769;ORANGE;505501;LTE 800;2018-07-12;02A;2A092;4G;2026-03-19T15:15:24;02A2290042;23;"33,4";32;Punta Di Calcina;RD 158;;;20135;2A092;"41.72 , 9.352222222222222";41°43'12''N 9°21'8''E;En service
430770;ORANGE;505501;UMTS 900;2016-06-15;02A;2A092;3G;2026-03-19T15:15:24;02A2290042;23;"33,4";32;Punta Di Calcina;RD 158;;;20135;2A092;"41.72 , 9.352222222222222";41°43'12''N 9°21'8''E;En service
431468;ORANGE;508121;5G NR 2100;2025-11-25;02A;2A130;5G;2026-03-19T15:15:24;02A2290067;23;20;74;COL ST GEORGES;;;;20128;2A130;"41.87694444444445 , 8.935555555555556";41°52'37''N 8°56'8''E;Techniquement opérationnel
431469;ORANGE;508121;GSM 900;1998-12-15;02A;2A130;2G;2026-03-19T15:15:24;02A2290067;23;20;74;COL ST GEORGES;;;;20128;2A130;"41.87694444444445 , 8.935555555555556";41°52'37''N 8°56'8''E;En service
431470;ORANGE;508121;LTE 1800;2019-06-21;02A;2A130;4G;2026-03-19T15:15:24;02A2290067;23;20;74;COL ST GEORGES;;;;20128;2A130;"41.87694444444445 , 8.935555555555556";41°52'37''N 8°56'8''E;En service
431471;ORANGE;508121;LTE 700;2021-08-02;02A;2A130;4G;2026-03-19T15:15:24;02A2290067;23;20;74;COL ST GEORGES;;;;20128;2A130;"41.87694444444445 , 8.935555555555556";41°52'37''N 8°56'8''E;En service
431472;ORANGE;508121;LTE 800;2017-08-07;02A;2A130;4G;2026-03-19T15:15:24;02A2290067;23;20;74;COL ST GEORGES;;;;20128;2A130;"41.87694444444445 , 8.935555555555556";41°52'37''N 8°56'8''E;En service
431473;ORANGE;508121;UMTS 900;2016-06-29;02A;2A130;3G;2026-03-19T15:15:24;02A2290067;23;20;74;COL ST GEORGES;;;;20128;2A130;"41.87694444444445 , 8.935555555555556";41°52'37''N 8°56'8''E;En service
431895;ORANGE;509442;5G NR 3500;;02A;2A071;5G;2026-03-19T15:15:24;02A2290155;23;31;32;Punta contra maggiore;Pylone TDF PILA CANALE;;;20140;2A071;"41.76222222222222 , 8.923888888888888";41°45'44''N 8°55'26''E;Projet approuvé
431896;ORANGE;509442;GSM 900;2006-12-02;02A;2A071;2G;2026-03-19T15:15:24;02A2290155;23;31;32;Punta contra maggiore;Pylone TDF PILA CANALE;;;20140;2A071;"41.76222222222222 , 8.923888888888888";41°45'44''N 8°55'26''E;En service
431897;ORANGE;509442;LTE 1800;2020-11-23;02A;2A071;4G;2026-03-19T15:15:24;02A2290155;23;31;32;Punta contra maggiore;Pylone TDF PILA CANALE;;;20140;2A071;"41.76222222222222 , 8.923888888888888";41°45'44''N 8°55'26''E;En service
431898;ORANGE;509442;LTE 2100;2020-11-23;02A;2A071;4G;2026-03-19T15:15:24;02A2290155;23;31;32;Punta contra maggiore;Pylone TDF PILA CANALE;;;20140;2A071;"41.76222222222222 , 8.923888888888888";41°45'44''N 8°55'26''E;En service
431899;ORANGE;509442;LTE 2600;2020-11-23;02A;2A071;4G;2026-03-19T15:15:24;02A2290155;23;31;32;Punta contra maggiore;Pylone TDF PILA CANALE;;;20140;2A071;"41.76222222222222 , 8.923888888888888";41°45'44''N 8°55'26''E;En service
431900;ORANGE;509442;LTE 700;2021-09-09;02A;2A071;4G;2026-03-19T15:15:24;02A2290155;23;31;32;Punta contra maggiore;Pylone TDF PILA CANALE;;;20140;2A071;"41.76222222222222 , 8.923888888888888";41°45'44''N 8°55'26''E;En service
431901;ORANGE;509442;LTE 800;2017-11-16;02A;2A071;4G;2026-03-19T15:15:24;02A2290155;23;31;32;Punta contra maggiore;Pylone TDF PILA CANALE;;;20140;2A071;"41.76222222222222 , 8.923888888888888";41°45'44''N 8°55'26''E;En service
431902;ORANGE;509442;UMTS 900;2016-07-01;02A;2A071;3G;2026-03-19T15:15:24;02A2290155;23;31;32;Punta contra maggiore;Pylone TDF PILA CANALE;;;20140;2A071;"41.76222222222222 , 8.923888888888888";41°45'44''N 8°55'26''E;En service
432075;ORANGE;510095;5G NR 3500;2026-02-19;02A;2A212;5G;2026-03-19T15:15:24;02A2290047;23;43;32;MONTE SAN GHIABICU;PYLONE TDF;;;20115;2A212;"42.238055555555555 , 8.621111111111112";42°14'17''N 8°37'16''E;Techniquement opérationnel
432076;ORANGE;510095;5G NR 700;2026-02-19;02A;2A212;5G;2026-03-19T15:15:24;02A2290047;23;43;32;MONTE SAN GHIABICU;PYLONE TDF;;;20115;2A212;"42.238055555555555 , 8.621111111111112";42°14'17''N 8°37'16''E;Techniquement opérationnel
432077;ORANGE;510095;GSM 900;1997-07-18;02A;2A212;2G;2026-03-19T15:15:24;02A2290047;23;43;32;MONTE SAN GHIABICU;PYLONE TDF;;;20115;2A212;"42.238055555555555 , 8.621111111111112";42°14'17''N 8°37'16''E;En service
432078;ORANGE;510095;LTE 1800;2020-05-04;02A;2A212;4G;2026-03-19T15:15:24;02A2290047;23;43;32;MONTE SAN GHIABICU;PYLONE TDF;;;20115;2A212;"42.238055555555555 , 8.621111111111112";42°14'17''N 8°37'16''E;En service
432079;ORANGE;510095;LTE 2100;2020-09-08;02A;2A212;4G;2026-03-19T15:15:24;02A2290047;23;43;32;MONTE SAN GHIABICU;PYLONE TDF;;;20115;2A212;"42.238055555555555 , 8.621111111111112";42°14'17''N 8°37'16''E;En service
432080;ORANGE;510095;LTE 2600;2020-05-04;02A;2A212;4G;2026-03-19T15:15:24;02A2290047;23;43;32;MONTE SAN GHIABICU;PYLONE TDF;;;20115;2A212;"42.238055555555555 , 8.621111111111112";42°14'17''N 8°37'16''E;En service
432081;ORANGE;510095;LTE 800;2017-10-19;02A;2A212;4G;2026-03-19T15:15:24;02A2290047;23;43;32;MONTE SAN GHIABICU;PYLONE TDF;;;20115;2A212;"42.238055555555555 , 8.621111111111112";42°14'17''N 8°37'16''E;En service
432082;ORANGE;510095;UMTS 900;2011-03-10;02A;2A212;3G;2026-03-19T15:15:24;02A2290047;23;43;32;MONTE SAN GHIABICU;PYLONE TDF;;;20115;2A212;"42.238055555555555 , 8.621111111111112";42°14'17''N 8°37'16''E;En service
432205;ORANGE;510317;5G NR 3500;2022-08-18;02A;2A247;5G;2026-03-19T15:15:24;02A2290121;23;"26,5";74;Poretta;96 r de Bastia;;;20137;2A247;"41.609722222222224 , 9.280833333333334";41°36'35''N 9°16'51''E;Techniquement opérationnel
432206;ORANGE;510317;5G NR 700;2025-01-08;02A;2A247;5G;2026-03-19T15:15:24;02A2290121;23;"26,5";74;Poretta;96 r de Bastia;;;20137;2A247;"41.609722222222224 , 9.280833333333334";41°36'35''N 9°16'51''E;Techniquement opérationnel
432207;ORANGE;510317;GSM 900;2005-02-12;02A;2A247;2G;2026-03-19T15:15:24;02A2290121;23;"26,5";74;Poretta;96 r de Bastia;;;20137;2A247;"41.609722222222224 , 9.280833333333334";41°36'35''N 9°16'51''E;En service
432208;ORANGE;510317;LTE 1800;2017-03-13;02A;2A247;4G;2026-03-19T15:15:24;02A2290121;23;"26,5";74;Poretta;96 r de Bastia;;;20137;2A247;"41.609722222222224 , 9.280833333333334";41°36'35''N 9°16'51''E;En service
432209;ORANGE;510317;LTE 2100;2019-10-07;02A;2A247;4G;2026-03-19T15:15:24;02A2290121;23;"26,5";74;Poretta;96 r de Bastia;;;20137;2A247;"41.609722222222224 , 9.280833333333334";41°36'35''N 9°16'51''E;En service
432210;ORANGE;510317;LTE 2600;2014-03-18;02A;2A247;4G;2026-03-19T15:15:24;02A2290121;23;"26,5";74;Poretta;96 r de Bastia;;;20137;2A247;"41.609722222222224 , 9.280833333333334";41°36'35''N 9°16'51''E;En service
432211;ORANGE;510317;LTE 700;2022-04-04;02A;2A247;4G;2026-03-19T15:15:24;02A2290121;23;"26,5";74;Poretta;96 r de Bastia;;;20137;2A247;"41.609722222222224 , 9.280833333333334";41°36'35''N 9°16'51''E;En service
432212;ORANGE;510317;LTE 800;2019-05-02;02A;2A247;4G;2026-03-19T15:15:24;02A2290121;23;"26,5";74;Poretta;96 r de Bastia;;;20137;2A247;"41.609722222222224 , 9.280833333333334";41°36'35''N 9°16'51''E;En service
432213;ORANGE;510317;UMTS 900;2018-12-26;02A;2A247;3G;2026-03-19T15:15:24;02A2290121;23;"26,5";74;Poretta;96 r de Bastia;;;20137;2A247;"41.609722222222224 , 9.280833333333334";41°36'35''N 9°16'51''E;En service
432297;ORANGE;510724;GSM 900;2010-05-05;02A;2A262;2G;2026-03-19T15:15:24;02A2290196;23;15;6;;Ch de Mona;;;20121;2A262;"42.126111111111115 , 8.865833333333333";42°7'34''N 8°51'57''E;En service
432298;ORANGE;510724;LTE 700;2023-05-04;02A;2A262;4G;2026-03-19T15:15:24;02A2290196;23;15;6;;Ch de Mona;;;20121;2A262;"42.126111111111115 , 8.865833333333333";42°7'34''N 8°51'57''E;En service
432299;ORANGE;510724;LTE 800;2019-10-24;02A;2A262;4G;2026-03-19T15:15:24;02A2290196;23;15;6;;Ch de Mona;;;20121;2A262;"42.126111111111115 , 8.865833333333333";42°7'34''N 8°51'57''E;En service
432300;ORANGE;510724;UMTS 900;2016-12-13;02A;2A262;3G;2026-03-19T15:15:24;02A2290196;23;15;6;;Ch de Mona;;;20121;2A262;"42.126111111111115 , 8.865833333333333";42°7'34''N 8°51'57''E;En service
434939;ORANGE;519837;GSM 900;2001-06-25;02A;2A362;2G;2026-03-19T15:15:24;02A2290102;23;20;74;Valdo;;;;20124;2A362;"41.749722222222225 , 9.17361111111111";41°44'59''N 9°10'25''E;En service
434940;ORANGE;519837;LTE 1800;2021-03-02;02A;2A362;4G;2026-03-19T15:15:24;02A2290102;23;20;74;Valdo;;;;20124;2A362;"41.749722222222225 , 9.17361111111111";41°44'59''N 9°10'25''E;En service
434941;ORANGE;519837;LTE 2100;2021-03-02;02A;2A362;4G;2026-03-19T15:15:24;02A2290102;23;20;74;Valdo;;;;20124;2A362;"41.749722222222225 , 9.17361111111111";41°44'59''N 9°10'25''E;En service
434942;ORANGE;519837;LTE 2600;2021-03-02;02A;2A362;4G;2026-03-19T15:15:24;02A2290102;23;20;74;Valdo;;;;20124;2A362;"41.749722222222225 , 9.17361111111111";41°44'59''N 9°10'25''E;En service
434943;ORANGE;519837;LTE 700;2021-05-03;02A;2A362;4G;2026-03-19T15:15:24;02A2290102;23;20;74;Valdo;;;;20124;2A362;"41.749722222222225 , 9.17361111111111";41°44'59''N 9°10'25''E;En service
434944;ORANGE;519837;LTE 800;2017-09-14;02A;2A362;4G;2026-03-19T15:15:24;02A2290102;23;20;74;Valdo;;;;20124;2A362;"41.749722222222225 , 9.17361111111111";41°44'59''N 9°10'25''E;En service
434945;ORANGE;519837;UMTS 900;2011-01-05;02A;2A362;3G;2026-03-19T15:15:24;02A2290102;23;20;74;Valdo;;;;20124;2A362;"41.749722222222225 , 9.17361111111111";41°44'59''N 9°10'25''E;En service
435572;ORANGE;522275;5G NR 3500;;02A;2A004;5G;2026-03-19T15:15:24;02A2290286;26;12;74;Vignola;Rte du Centre Scientifique;2 rte des Sanguinaires;;20000;2A004;"41.910555555555554 , 8.653055555555556";41°54'38''N 8°39'11''E;Projet approuvé
435573;ORANGE;522275;5G NR 700;2025-11-27;02A;2A004;5G;2026-03-19T15:15:24;02A2290286;26;12;74;Vignola;Rte du Centre Scientifique;2 rte des Sanguinaires;;20000;2A004;"41.910555555555554 , 8.653055555555556";41°54'38''N 8°39'11''E;Techniquement opérationnel
435574;ORANGE;522275;GSM 900;2025-08-11;02A;2A004;2G;2026-03-19T15:15:24;02A2290286;26;12;74;Vignola;Rte du Centre Scientifique;2 rte des Sanguinaires;;20000;2A004;"41.910555555555554 , 8.653055555555556";41°54'38''N 8°39'11''E;En service
435575;ORANGE;522275;LTE 1800;2025-08-11;02A;2A004;4G;2026-03-19T15:15:24;02A2290286;26;12;74;Vignola;Rte du Centre Scientifique;2 rte des Sanguinaires;;20000;2A004;"41.910555555555554 , 8.653055555555556";41°54'38''N 8°39'11''E;En service
435576;ORANGE;522275;LTE 2100;2025-08-11;02A;2A004;4G;2026-03-19T15:15:24;02A2290286;26;12;74;Vignola;Rte du Centre Scientifique;2 rte des Sanguinaires;;20000;2A004;"41.910555555555554 , 8.653055555555556";41°54'38''N 8°39'11''E;En service
435577;ORANGE;522275;LTE 2600;2025-08-11;02A;2A004;4G;2026-03-19T15:15:24;02A2290286;26;12;74;Vignola;Rte du Centre Scientifique;2 rte des Sanguinaires;;20000;2A004;"41.910555555555554 , 8.653055555555556";41°54'38''N 8°39'11''E;En service
435578;ORANGE;522275;LTE 800;2025-08-11;02A;2A004;4G;2026-03-19T15:15:24;02A2290286;26;12;74;Vignola;Rte du Centre Scientifique;2 rte des Sanguinaires;;20000;2A004;"41.910555555555554 , 8.653055555555556";41°54'38''N 8°39'11''E;En service
435579;ORANGE;522275;UMTS 900;2025-08-11;02A;2A004;3G;2026-03-19T15:15:24;02A2290286;26;12;74;Vignola;Rte du Centre Scientifique;2 rte des Sanguinaires;;20000;2A004;"41.910555555555554 , 8.653055555555556";41°54'38''N 8°39'11''E;En service
436356;ORANGE;525646;5G NR 2100;2024-09-19;02A;2A085;5G;2026-03-19T15:15:24;02A2290184;23;21;72;Fiuminale;Coletta;;;20117;2A085;"41.91583333333333 , 8.916111111111112";41°54'57''N 8°54'58''E;Techniquement opérationnel
436357;ORANGE;525646;GSM 900;2009-03-13;02A;2A085;2G;2026-03-19T15:15:24;02A2290184;23;21;72;Fiuminale;Coletta;;;20117;2A085;"41.91583333333333 , 8.916111111111112";41°54'57''N 8°54'58''E;En service
436358;ORANGE;525646;LTE 1800;2019-08-14;02A;2A085;4G;2026-03-19T15:15:24;02A2290184;23;21;72;Fiuminale;Coletta;;;20117;2A085;"41.91583333333333 , 8.916111111111112";41°54'57''N 8°54'58''E;En service
436359;ORANGE;525646;LTE 700;2020-12-21;02A;2A085;4G;2026-03-19T15:15:24;02A2290184;23;21;72;Fiuminale;Coletta;;;20117;2A085;"41.91583333333333 , 8.916111111111112";41°54'57''N 8°54'58''E;En service
436360;ORANGE;525646;LTE 800;2018-06-11;02A;2A085;4G;2026-03-19T15:15:24;02A2290184;23;21;72;Fiuminale;Coletta;;;20117;2A085;"41.91583333333333 , 8.916111111111112";41°54'57''N 8°54'58''E;En service
436361;ORANGE;525646;UMTS 900;2018-05-24;02A;2A085;3G;2026-03-19T15:15:24;02A2290184;23;21;72;Fiuminale;Coletta;;;20117;2A085;"41.91583333333333 , 8.916111111111112";41°54'57''N 8°54'58''E;En service
436707;ORANGE;527318;5G NR 3500;;02A;2A092;5G;2026-03-19T15:15:24;02A2290113;23;52;74;PUNTA DI TELICA;rd 168;;;20135;2A092;"41.73833333333334 , 9.3875";41°44'18''N 9°23'15''E;Projet approuvé
436708;ORANGE;527318;GSM 900;2004-09-04;02A;2A092;2G;2026-03-19T15:15:24;02A2290113;23;52;74;PUNTA DI TELICA;rd 168;;;20135;2A092;"41.73833333333334 , 9.3875";41°44'18''N 9°23'15''E;En service
436709;ORANGE;527318;LTE 1800;2018-08-06;02A;2A092;4G;2026-03-19T15:15:24;02A2290113;23;52;74;PUNTA DI TELICA;rd 168;;;20135;2A092;"41.73833333333334 , 9.3875";41°44'18''N 9°23'15''E;En service
436710;ORANGE;527318;LTE 2100;2019-09-19;02A;2A092;4G;2026-03-19T15:15:24;02A2290113;23;52;74;PUNTA DI TELICA;rd 168;;;20135;2A092;"41.73833333333334 , 9.3875";41°44'18''N 9°23'15''E;En service
436711;ORANGE;527318;LTE 2600;2021-03-31;02A;2A092;4G;2026-03-19T15:15:24;02A2290113;23;52;74;PUNTA DI TELICA;rd 168;;;20135;2A092;"41.73833333333334 , 9.3875";41°44'18''N 9°23'15''E;En service
436712;ORANGE;527318;LTE 700;2021-04-20;02A;2A092;4G;2026-03-19T15:15:24;02A2290113;23;52;74;PUNTA DI TELICA;rd 168;;;20135;2A092;"41.73833333333334 , 9.3875";41°44'18''N 9°23'15''E;En service
436713;ORANGE;527318;LTE 800;2018-07-26;02A;2A092;4G;2026-03-19T15:15:24;02A2290113;23;52;74;PUNTA DI TELICA;rd 168;;;20135;2A092;"41.73833333333334 , 9.3875";41°44'18''N 9°23'15''E;En service
436714;ORANGE;527318;UMTS 900;2016-06-15;02A;2A092;3G;2026-03-19T15:15:24;02A2290113;23;52;74;PUNTA DI TELICA;rd 168;;;20135;2A092;"41.73833333333334 , 9.3875";41°44'18''N 9°23'15''E;En service
436832;ORANGE;527817;5G NR 3500;2023-12-13;02A;2A272;5G;2026-03-19T15:15:24;02A2290139;23;50;32;Punta Di Valanincu;Station TDF de Figari;Serraggia;;20100;2A272;"41.51222222222222 , 8.976666666666667";41°30'44''N 8°58'36''E;Techniquement opérationnel
436833;ORANGE;527817;5G NR 700;;02A;2A272;5G;2026-03-19T15:15:24;02A2290139;23;50;32;Punta Di Valanincu;Station TDF de Figari;Serraggia;;20100;2A272;"41.51222222222222 , 8.976666666666667";41°30'44''N 8°58'36''E;Projet approuvé
436834;ORANGE;527817;GSM 900;2006-10-28;02A;2A272;2G;2026-03-19T15:15:24;02A2290139;23;50;32;Punta Di Valanincu;Station TDF de Figari;Serraggia;;20100;2A272;"41.51222222222222 , 8.976666666666667";41°30'44''N 8°58'36''E;En service
436835;ORANGE;527817;LTE 1800;2021-03-02;02A;2A272;4G;2026-03-19T15:15:24;02A2290139;23;50;32;Punta Di Valanincu;Station TDF de Figari;Serraggia;;20100;2A272;"41.51222222222222 , 8.976666666666667";41°30'44''N 8°58'36''E;En service
436836;ORANGE;527817;LTE 2100;2021-03-02;02A;2A272;4G;2026-03-19T15:15:24;02A2290139;23;50;32;Punta Di Valanincu;Station TDF de Figari;Serraggia;;20100;2A272;"41.51222222222222 , 8.976666666666667";41°30'44''N 8°58'36''E;En service
436837;ORANGE;527817;LTE 2600;2021-03-02;02A;2A272;4G;2026-03-19T15:15:24;02A2290139;23;50;32;Punta Di Valanincu;Station TDF de Figari;Serraggia;;20100;2A272;"41.51222222222222 , 8.976666666666667";41°30'44''N 8°58'36''E;En service
436838;ORANGE;527817;LTE 800;2017-11-16;02A;2A272;4G;2026-03-19T15:15:24;02A2290139;23;50;32;Punta Di Valanincu;Station TDF de Figari;Serraggia;;20100;2A272;"41.51222222222222 , 8.976666666666667";41°30'44''N 8°58'36''E;En service
436839;ORANGE;527817;UMTS 900;2016-06-30;02A;2A272;3G;2026-03-19T15:15:24;02A2290139;23;50;32;Punta Di Valanincu;Station TDF de Figari;Serraggia;;20100;2A272;"41.51222222222222 , 8.976666666666667";41°30'44''N 8°58'36''E;En service
436840;ORANGE;527824;5G NR 3500;2023-05-24;02A;2A065;5G;2026-03-19T15:15:24;02A2290050;23;31;32;PUNTIGLIONE;LOT OUEST;;;20130;2A065;"42.13388888888889 , 8.590833333333334";42°8'2''N 8°35'27''E;Techniquement opérationnel
436841;ORANGE;527824;5G NR 700;2025-01-08;02A;2A065;5G;2026-03-19T15:15:24;02A2290050;23;31;32;PUNTIGLIONE;LOT OUEST;;;20130;2A065;"42.13388888888889 , 8.590833333333334";42°8'2''N 8°35'27''E;Techniquement opérationnel
436842;ORANGE;527824;GSM 900;1996-08-14;02A;2A065;2G;2026-03-19T15:15:24;02A2290050;23;31;32;PUNTIGLIONE;LOT OUEST;;;20130;2A065;"42.13388888888889 , 8.590833333333334";42°8'2''N 8°35'27''E;En service
436843;ORANGE;527824;LTE 1800;2017-08-17;02A;2A065;4G;2026-03-19T15:15:24;02A2290050;23;31;32;PUNTIGLIONE;LOT OUEST;;;20130;2A065;"42.13388888888889 , 8.590833333333334";42°8'2''N 8°35'27''E;En service
436844;ORANGE;527824;LTE 2100;2019-10-30;02A;2A065;4G;2026-03-19T15:15:24;02A2290050;23;31;32;PUNTIGLIONE;LOT OUEST;;;20130;2A065;"42.13388888888889 , 8.590833333333334";42°8'2''N 8°35'27''E;En service
436845;ORANGE;527824;LTE 2600;2014-10-15;02A;2A065;4G;2026-03-19T15:15:24;02A2290050;23;31;32;PUNTIGLIONE;LOT OUEST;;;20130;2A065;"42.13388888888889 , 8.590833333333334";42°8'2''N 8°35'27''E;En service
436846;ORANGE;527824;LTE 700;2021-07-12;02A;2A065;4G;2026-03-19T15:15:24;02A2290050;23;31;32;PUNTIGLIONE;LOT OUEST;;;20130;2A065;"42.13388888888889 , 8.590833333333334";42°8'2''N 8°35'27''E;En service
436847;ORANGE;527824;LTE 800;2014-10-22;02A;2A065;4G;2026-03-19T15:15:24;02A2290050;23;31;32;PUNTIGLIONE;LOT OUEST;;;20130;2A065;"42.13388888888889 , 8.590833333333334";42°8'2''N 8°35'27''E;En service
436848;ORANGE;527824;UMTS 900;2011-03-10;02A;2A065;3G;2026-03-19T15:15:24;02A2290050;23;31;32;PUNTIGLIONE;LOT OUEST;;;20130;2A065;"42.13388888888889 , 8.590833333333334";42°8'2''N 8°35'27''E;En service
436991;ORANGE;528851;GSM 900;1994-10-13;02A;2A040;2G;2026-03-19T15:15:24;02A2290015;23;31;32;Col de Vizzavona;;;;20136;2A040;"42.10944444444445 , 9.114722222222222";42°6'34''N 9°6'53''E;En service
436992;ORANGE;528851;LTE 1800;2018-08-28;02A;2A040;4G;2026-03-19T15:15:24;02A2290015;23;31;32;Col de Vizzavona;;;;20136;2A040;"42.10944444444445 , 9.114722222222222";42°6'34''N 9°6'53''E;En service
436993;ORANGE;528851;LTE 800;2018-08-30;02A;2A040;4G;2026-03-19T15:15:24;02A2290015;23;31;32;Col de Vizzavona;;;;20136;2A040;"42.10944444444445 , 9.114722222222222";42°6'34''N 9°6'53''E;En service
436994;ORANGE;528851;UMTS 900;2018-01-10;02A;2A040;3G;2026-03-19T15:15:24;02A2290015;23;31;32;Col de Vizzavona;;;;20136;2A040;"42.10944444444445 , 9.114722222222222";42°6'34''N 9°6'53''E;En service
442920;ORANGE;557590;GSM 900;2009-03-30;02A;2A269;2G;2026-03-19T15:15:24;02A2290187;26;15;74;Panuzina;RN 198;;;20145;2A269;"41.778055555555554 , 9.395277777777777";41°46'41''N 9°23'43''E;En service
442921;ORANGE;557590;LTE 1800;2018-08-06;02A;2A269;4G;2026-03-19T15:15:24;02A2290187;26;15;74;Panuzina;RN 198;;;20145;2A269;"41.778055555555554 , 9.395277777777777";41°46'41''N 9°23'43''E;En service
442922;ORANGE;557590;LTE 2100;2020-05-29;02A;2A269;4G;2026-03-19T15:15:24;02A2290187;26;15;74;Panuzina;RN 198;;;20145;2A269;"41.778055555555554 , 9.395277777777777";41°46'41''N 9°23'43''E;En service
442923;ORANGE;557590;LTE 2600;2018-08-06;02A;2A269;4G;2026-03-19T15:15:24;02A2290187;26;15;74;Panuzina;RN 198;;;20145;2A269;"41.778055555555554 , 9.395277777777777";41°46'41''N 9°23'43''E;En service
442924;ORANGE;557590;LTE 700;2020-11-25;02A;2A269;4G;2026-03-19T15:15:24;02A2290187;26;15;74;Panuzina;RN 198;;;20145;2A269;"41.778055555555554 , 9.395277777777777";41°46'41''N 9°23'43''E;En service
442925;ORANGE;557590;LTE 800;2016-07-04;02A;2A269;4G;2026-03-19T15:15:24;02A2290187;26;15;74;Panuzina;RN 198;;;20145;2A269;"41.778055555555554 , 9.395277777777777";41°46'41''N 9°23'43''E;En service
442926;ORANGE;557590;UMTS 900;2011-09-22;02A;2A269;3G;2026-03-19T15:15:24;02A2290187;26;15;74;Panuzina;RN 198;;;20145;2A269;"41.778055555555554 , 9.395277777777777";41°46'41''N 9°23'43''E;En service
444058;ORANGE;562531;5G NR 2100;2024-09-18;02A;2A031;5G;2026-03-19T15:15:24;02A2290092;23;15;74;Castagneto;Ancien Chem de Bastelica à Bocognano;;;20119;2A031;"42.00361111111111 , 9.049722222222222";42°0'13''N 9°2'59''E;Techniquement opérationnel
444059;ORANGE;562531;GSM 900;2001-05-21;02A;2A031;2G;2026-03-19T15:15:24;02A2290092;23;15;74;Castagneto;Ancien Chem de Bastelica à Bocognano;;;20119;2A031;"42.00361111111111 , 9.049722222222222";42°0'13''N 9°2'59''E;En service
444060;ORANGE;562531;LTE 1800;2021-05-27;02A;2A031;4G;2026-03-19T15:15:24;02A2290092;23;15;74;Castagneto;Ancien Chem de Bastelica à Bocognano;;;20119;2A031;"42.00361111111111 , 9.049722222222222";42°0'13''N 9°2'59''E;En service
444061;ORANGE;562531;LTE 700;2021-07-06;02A;2A031;4G;2026-03-19T15:15:24;02A2290092;23;15;74;Castagneto;Ancien Chem de Bastelica à Bocognano;;;20119;2A031;"42.00361111111111 , 9.049722222222222";42°0'13''N 9°2'59''E;En service
444062;ORANGE;562531;LTE 800;2017-12-04;02A;2A031;4G;2026-03-19T15:15:24;02A2290092;23;15;74;Castagneto;Ancien Chem de Bastelica à Bocognano;;;20119;2A031;"42.00361111111111 , 9.049722222222222";42°0'13''N 9°2'59''E;En service
444063;ORANGE;562531;UMTS 900;2010-07-05;02A;2A031;3G;2026-03-19T15:15:24;02A2290092;23;15;74;Castagneto;Ancien Chem de Bastelica à Bocognano;;;20119;2A031;"42.00361111111111 , 9.049722222222222";42°0'13''N 9°2'59''E;En service
446141;ORANGE;573189;5G NR 3500;2025-10-22;02A;2A269;5G;2026-03-19T15:15:24;02A2290085;23;27;72;Monticello;Pylône SFR;;;20145;2A269;"41.83277777777778 , 9.370555555555557";41°49'58''N 9°22'14''E;Techniquement opérationnel
446142;ORANGE;573189;GSM 900;2000-01-11;02A;2A269;2G;2026-03-19T15:15:24;02A2290085;23;27;72;Monticello;Pylône SFR;;;20145;2A269;"41.83277777777778 , 9.370555555555557";41°49'58''N 9°22'14''E;En service
446143;ORANGE;573189;LTE 1800;2024-04-09;02A;2A269;4G;2026-03-19T15:15:24;02A2290085;23;27;72;Monticello;Pylône SFR;;;20145;2A269;"41.83277777777778 , 9.370555555555557";41°49'58''N 9°22'14''E;En service
446144;ORANGE;573189;LTE 700;2021-05-25;02A;2A269;4G;2026-03-19T15:15:24;02A2290085;23;27;72;Monticello;Pylône SFR;;;20145;2A269;"41.83277777777778 , 9.370555555555557";41°49'58''N 9°22'14''E;En service
446145;ORANGE;573189;LTE 800;2018-06-18;02A;2A269;4G;2026-03-19T15:15:24;02A2290085;23;27;72;Monticello;Pylône SFR;;;20145;2A269;"41.83277777777778 , 9.370555555555557";41°49'58''N 9°22'14''E;En service
446146;ORANGE;573189;UMTS 900;2016-06-29;02A;2A269;3G;2026-03-19T15:15:24;02A2290085;23;27;72;Monticello;Pylône SFR;;;20145;2A269;"41.83277777777778 , 9.370555555555557";41°49'58''N 9°22'14''E;En service
447540;ORANGE;579561;5G NR 3500;2022-09-22;02A;2A041;5G;2026-03-19T15:15:24;02A2290147;23;11;16;Sémaphore de Pertusato;Près D.260;;;20169;2A041;"41.37444444444444 , 9.178888888888888";41°22'28''N 9°10'44''E;Techniquement opérationnel
447541;ORANGE;579561;5G NR 700;2025-01-27;02A;2A041;5G;2026-03-19T15:15:24;02A2290147;23;11;16;Sémaphore de Pertusato;Près D.260;;;20169;2A041;"41.37444444444444 , 9.178888888888888";41°22'28''N 9°10'44''E;Techniquement opérationnel
447542;ORANGE;579561;GSM 900;2007-02-09;02A;2A041;2G;2026-03-19T15:15:24;02A2290147;23;11;16;Sémaphore de Pertusato;Près D.260;;;20169;2A041;"41.37444444444444 , 9.178888888888888";41°22'28''N 9°10'44''E;En service
447543;ORANGE;579561;LTE 1800;2019-08-12;02A;2A041;4G;2026-03-19T15:15:24;02A2290147;23;11;16;Sémaphore de Pertusato;Près D.260;;;20169;2A041;"41.37444444444444 , 9.178888888888888";41°22'28''N 9°10'44''E;En service
447544;ORANGE;579561;LTE 2100;2019-08-12;02A;2A041;4G;2026-03-19T15:15:24;02A2290147;23;11;16;Sémaphore de Pertusato;Près D.260;;;20169;2A041;"41.37444444444444 , 9.178888888888888";41°22'28''N 9°10'44''E;En service
447545;ORANGE;579561;LTE 2600;2020-11-03;02A;2A041;4G;2026-03-19T15:15:24;02A2290147;23;11;16;Sémaphore de Pertusato;Près D.260;;;20169;2A041;"41.37444444444444 , 9.178888888888888";41°22'28''N 9°10'44''E;En service
447546;ORANGE;579561;LTE 700;2020-11-19;02A;2A041;4G;2026-03-19T15:15:24;02A2290147;23;11;16;Sémaphore de Pertusato;Près D.260;;;20169;2A041;"41.37444444444444 , 9.178888888888888";41°22'28''N 9°10'44''E;En service
447547;ORANGE;579561;LTE 800;2014-09-09;02A;2A041;4G;2026-03-19T15:15:24;02A2290147;23;11;16;Sémaphore de Pertusato;Près D.260;;;20169;2A041;"41.37444444444444 , 9.178888888888888";41°22'28''N 9°10'44''E;En service
447548;ORANGE;579561;UMTS 900;2020-08-07;02A;2A041;3G;2026-03-19T15:15:24;02A2290147;23;11;16;Sémaphore de Pertusato;Près D.260;;;20169;2A041;"41.37444444444444 , 9.178888888888888";41°22'28''N 9°10'44''E;En service
449074;ORANGE;586337;5G NR 3500;2023-03-20;02A;2A247;5G;2026-03-19T15:15:24;02A2290189;26;12;74;Piano;Proche du réservoir;;;20137;2A247;"41.63138888888889 , 9.27888888888889";41°37'53''N 9°16'44''E;Techniquement opérationnel
449075;ORANGE;586337;5G NR 700;2025-01-08;02A;2A247;5G;2026-03-19T15:15:24;02A2290189;26;12;74;Piano;Proche du réservoir;;;20137;2A247;"41.63138888888889 , 9.27888888888889";41°37'53''N 9°16'44''E;Techniquement opérationnel
449076;ORANGE;586337;GSM 900;2010-12-07;02A;2A247;2G;2026-03-19T15:15:24;02A2290189;26;12;74;Piano;Proche du réservoir;;;20137;2A247;"41.63138888888889 , 9.27888888888889";41°37'53''N 9°16'44''E;En service
449077;ORANGE;586337;LTE 1800;2020-08-24;02A;2A247;4G;2026-03-19T15:15:24;02A2290189;26;12;74;Piano;Proche du réservoir;;;20137;2A247;"41.63138888888889 , 9.27888888888889";41°37'53''N 9°16'44''E;En service
449078;ORANGE;586337;LTE 2100;2019-04-29;02A;2A247;4G;2026-03-19T15:15:24;02A2290189;26;12;74;Piano;Proche du réservoir;;;20137;2A247;"41.63138888888889 , 9.27888888888889";41°37'53''N 9°16'44''E;En service
449079;ORANGE;586337;LTE 2600;2017-08-28;02A;2A247;4G;2026-03-19T15:15:24;02A2290189;26;12;74;Piano;Proche du réservoir;;;20137;2A247;"41.63138888888889 , 9.27888888888889";41°37'53''N 9°16'44''E;En service
449080;ORANGE;586337;LTE 700;2023-02-27;02A;2A247;4G;2026-03-19T15:15:24;02A2290189;26;12;74;Piano;Proche du réservoir;;;20137;2A247;"41.63138888888889 , 9.27888888888889";41°37'53''N 9°16'44''E;En service
449081;ORANGE;586337;LTE 800;2017-08-28;02A;2A247;4G;2026-03-19T15:15:24;02A2290189;26;12;74;Piano;Proche du réservoir;;;20137;2A247;"41.63138888888889 , 9.27888888888889";41°37'53''N 9°16'44''E;En service
449082;ORANGE;586337;UMTS 900;2018-10-29;02A;2A247;3G;2026-03-19T15:15:24;02A2290189;26;12;74;Piano;Proche du réservoir;;;20137;2A247;"41.63138888888889 , 9.27888888888889";41°37'53''N 9°16'44''E;En service
449675;ORANGE;589312;5G NR 3500;2023-02-09;02A;2A249;5G;2026-03-19T15:15:24;02A2290024;23;16;74;Quartier Vigna Maïo;CPE;;;20110;2A249;"41.67583333333333 , 8.913055555555555";41°40'33''N 8°54'47''E;Techniquement opérationnel
449676;ORANGE;589312;5G NR 700;2025-01-08;02A;2A249;5G;2026-03-19T15:15:24;02A2290024;23;16;74;Quartier Vigna Maïo;CPE;;;20110;2A249;"41.67583333333333 , 8.913055555555555";41°40'33''N 8°54'47''E;Techniquement opérationnel
449677;ORANGE;589312;GSM 900;1999-12-31;02A;2A249;2G;2026-03-19T15:15:24;02A2290024;23;16;74;Quartier Vigna Maïo;CPE;;;20110;2A249;"41.67583333333333 , 8.913055555555555";41°40'33''N 8°54'47''E;En service
449678;ORANGE;589312;LTE 1800;2016-09-15;02A;2A249;4G;2026-03-19T15:15:24;02A2290024;23;16;74;Quartier Vigna Maïo;CPE;;;20110;2A249;"41.67583333333333 , 8.913055555555555";41°40'33''N 8°54'47''E;En service
449679;ORANGE;589312;LTE 2100;2019-07-04;02A;2A249;4G;2026-03-19T15:15:24;02A2290024;23;16;74;Quartier Vigna Maïo;CPE;;;20110;2A249;"41.67583333333333 , 8.913055555555555";41°40'33''N 8°54'47''E;En service
449680;ORANGE;589312;LTE 700;2022-12-12;02A;2A249;4G;2026-03-19T15:15:24;02A2290024;23;16;74;Quartier Vigna Maïo;CPE;;;20110;2A249;"41.67583333333333 , 8.913055555555555";41°40'33''N 8°54'47''E;En service
449681;ORANGE;589312;LTE 800;2019-06-25;02A;2A249;4G;2026-03-19T15:15:24;02A2290024;23;16;74;Quartier Vigna Maïo;CPE;;;20110;2A249;"41.67583333333333 , 8.913055555555555";41°40'33''N 8°54'47''E;En service
449682;ORANGE;589312;UMTS 900;2016-06-15;02A;2A249;3G;2026-03-19T15:15:24;02A2290024;23;16;74;Quartier Vigna Maïo;CPE;;;20110;2A249;"41.67583333333333 , 8.913055555555555";41°40'33''N 8°54'47''E;En service
449932;ORANGE;590337;5G NR 3500;2023-04-18;02A;2A272;5G;2026-03-19T15:15:24;02A2290118;26;13;72;TOMBES;Collo - Quartier Pallaone;N 196;;20100;2A272;"41.61805555555556 , 8.969166666666666";41°37'5''N 8°58'9''E;Techniquement opérationnel
449933;ORANGE;590337;5G NR 700;2025-01-27;02A;2A272;5G;2026-03-19T15:15:24;02A2290118;26;13;72;TOMBES;Collo - Quartier Pallaone;N 196;;20100;2A272;"41.61805555555556 , 8.969166666666666";41°37'5''N 8°58'9''E;Techniquement opérationnel
449934;ORANGE;590337;LTE 1800;2019-07-25;02A;2A272;4G;2026-03-19T15:15:24;02A2290118;26;13;72;TOMBES;Collo - Quartier Pallaone;N 196;;20100;2A272;"41.61805555555556 , 8.969166666666666";41°37'5''N 8°58'9''E;En service
449935;ORANGE;590337;LTE 2100;2019-07-25;02A;2A272;4G;2026-03-19T15:15:24;02A2290118;26;13;72;TOMBES;Collo - Quartier Pallaone;N 196;;20100;2A272;"41.61805555555556 , 8.969166666666666";41°37'5''N 8°58'9''E;En service
449936;ORANGE;590337;LTE 2600;2020-11-26;02A;2A272;4G;2026-03-19T15:15:24;02A2290118;26;13;72;TOMBES;Collo - Quartier Pallaone;N 196;;20100;2A272;"41.61805555555556 , 8.969166666666666";41°37'5''N 8°58'9''E;En service
449937;ORANGE;590337;LTE 700;2021-05-03;02A;2A272;4G;2026-03-19T15:15:24;02A2290118;26;13;72;TOMBES;Collo - Quartier Pallaone;N 196;;20100;2A272;"41.61805555555556 , 8.969166666666666";41°37'5''N 8°58'9''E;En service
449938;ORANGE;590337;LTE 800;2018-05-02;02A;2A272;4G;2026-03-19T15:15:24;02A2290118;26;13;72;TOMBES;Collo - Quartier Pallaone;N 196;;20100;2A272;"41.61805555555556 , 8.969166666666666";41°37'5''N 8°58'9''E;En service
449939;ORANGE;590337;UMTS 900;2016-06-15;02A;2A272;3G;2026-03-19T15:15:24;02A2290118;26;13;72;TOMBES;Collo - Quartier Pallaone;N 196;;20100;2A272;"41.61805555555556 , 8.969166666666666";41°37'5''N 8°58'9''E;En service
450268;ORANGE;592323;5G NR 3500;2024-06-11;02A;2A041;5G;2026-03-19T15:15:24;02A2290138;19;7;32;;pl grandval;Bastion de l'Etendard;;20169;2A041;"41.38777777777778 , 9.160555555555556";41°23'16''N 9°9'38''E;Techniquement opérationnel
450269;ORANGE;592323;5G NR 700;2025-01-13;02A;2A041;5G;2026-03-19T15:15:24;02A2290138;19;7;32;;pl grandval;Bastion de l'Etendard;;20169;2A041;"41.38777777777778 , 9.160555555555556";41°23'16''N 9°9'38''E;Techniquement opérationnel
450270;ORANGE;592323;GSM 900;2006-05-27;02A;2A041;2G;2026-03-19T15:15:24;02A2290138;19;7;32;;pl grandval;Bastion de l'Etendard;;20169;2A041;"41.38777777777778 , 9.160555555555556";41°23'16''N 9°9'38''E;En service
450271;ORANGE;592323;LTE 1800;2017-06-06;02A;2A041;4G;2026-03-19T15:15:24;02A2290138;19;7;32;;pl grandval;Bastion de l'Etendard;;20169;2A041;"41.38777777777778 , 9.160555555555556";41°23'16''N 9°9'38''E;En service
450272;ORANGE;592323;LTE 2100;2019-06-28;02A;2A041;4G;2026-03-19T15:15:24;02A2290138;19;7;32;;pl grandval;Bastion de l'Etendard;;20169;2A041;"41.38777777777778 , 9.160555555555556";41°23'16''N 9°9'38''E;En service
450273;ORANGE;592323;LTE 2600;2015-01-21;02A;2A041;4G;2026-03-19T15:15:24;02A2290138;19;7;32;;pl grandval;Bastion de l'Etendard;;20169;2A041;"41.38777777777778 , 9.160555555555556";41°23'16''N 9°9'38''E;En service
450274;ORANGE;592323;LTE 700;2022-02-21;02A;2A041;4G;2026-03-19T15:15:24;02A2290138;19;7;32;;pl grandval;Bastion de l'Etendard;;20169;2A041;"41.38777777777778 , 9.160555555555556";41°23'16''N 9°9'38''E;En service
450275;ORANGE;592323;LTE 800;2015-02-24;02A;2A041;4G;2026-03-19T15:15:24;02A2290138;19;7;32;;pl grandval;Bastion de l'Etendard;;20169;2A041;"41.38777777777778 , 9.160555555555556";41°23'16''N 9°9'38''E;En service
450276;ORANGE;592323;UMTS 900;2019-06-28;02A;2A041;3G;2026-03-19T15:15:24;02A2290138;19;7;32;;pl grandval;Bastion de l'Etendard;;20169;2A041;"41.38777777777778 , 9.160555555555556";41°23'16''N 9°9'38''E;En service
450741;ORANGE;595159;LTE 700;2023-05-31;02A;2A200;4G;2026-03-19T15:15:24;02A2290190;48;33;32;;MAISON FORESTIERE DE ST ANTOINE;;;20134;2A200;"41.96388888888889 , 9.19111111111111";41°57'50''N 9°11'28''E;En service
450742;ORANGE;595159;LTE 800;2020-07-23;02A;2A200;4G;2026-03-19T15:15:24;02A2290190;48;33;32;;MAISON FORESTIERE DE ST ANTOINE;;;20134;2A200;"41.96388888888889 , 9.19111111111111";41°57'50''N 9°11'28''E;En service
450743;ORANGE;595159;UMTS 900;2017-03-24;02A;2A200;3G;2026-03-19T15:15:24;02A2290190;48;33;32;;MAISON FORESTIERE DE ST ANTOINE;;;20134;2A200;"41.96388888888889 , 9.19111111111111";41°57'50''N 9°11'28''E;En service
453196;ORANGE;609326;5G NR 3500;2024-07-09;02A;2A041;5G;2026-03-19T15:15:24;02A2290012;23;27;74;MONTE CORBU;;;;20169;2A041;"41.42333333333333 , 9.138055555555555";41°25'24''N 9°8'17''E;Techniquement opérationnel
453198;ORANGE;609326;GSM 900;2000-12-11;02A;2A041;2G;2026-03-19T15:15:24;02A2290012;23;27;74;MONTE CORBU;;;;20169;2A041;"41.42333333333333 , 9.138055555555555";41°25'24''N 9°8'17''E;En service
453199;ORANGE;609326;LTE 1800;2018-01-31;02A;2A041;4G;2026-03-19T15:15:24;02A2290012;23;27;74;MONTE CORBU;;;;20169;2A041;"41.42333333333333 , 9.138055555555555";41°25'24''N 9°8'17''E;En service
453200;ORANGE;609326;LTE 2100;2019-06-28;02A;2A041;4G;2026-03-19T15:15:24;02A2290012;23;27;74;MONTE CORBU;;;;20169;2A041;"41.42333333333333 , 9.138055555555555";41°25'24''N 9°8'17''E;En service
453201;ORANGE;609326;LTE 2600;;02A;2A041;4G;2026-03-19T15:15:24;02A2290012;23;27;74;MONTE CORBU;;;;20169;2A041;"41.42333333333333 , 9.138055555555555";41°25'24''N 9°8'17''E;Projet approuvé
453202;ORANGE;609326;LTE 700;2021-05-03;02A;2A041;4G;2026-03-19T15:15:24;02A2290012;23;27;74;MONTE CORBU;;;;20169;2A041;"41.42333333333333 , 9.138055555555555";41°25'24''N 9°8'17''E;En service
453203;ORANGE;609326;LTE 800;2019-08-06;02A;2A041;4G;2026-03-19T15:15:24;02A2290012;23;27;74;MONTE CORBU;;;;20169;2A041;"41.42333333333333 , 9.138055555555555";41°25'24''N 9°8'17''E;En service
453204;ORANGE;609326;UMTS 900;2016-05-16;02A;2A041;3G;2026-03-19T15:15:24;02A2290012;23;27;74;MONTE CORBU;;;;20169;2A041;"41.42333333333333 , 9.138055555555555";41°25'24''N 9°8'17''E;En service
453197;ORANGE;609326;5G NR 700;2025-01-13;02A;2A041;5G;2026-03-19T15:15:24;02A2290012;23;27;74;MONTE CORBU;;;;20169;2A041;"41.42333333333333 , 9.138055555555555";41°25'24''N 9°8'17''E;Techniquement opérationnel
456388;ORANGE;625782;GSM 900;2005-01-18;02A;2A103;2G;2026-03-19T15:15:24;02A2290117;38;"26,6";22;CASARIMACCIU;Hôtel 'SOL E MONTE';;;20167;2A103;"41.98861111111111 , 8.909166666666668";41°59'19''N 8°54'33''E;En service
456389;ORANGE;625782;LTE 1800;2020-12-22;02A;2A103;4G;2026-03-19T15:15:24;02A2290117;38;"26,6";22;CASARIMACCIU;Hôtel 'SOL E MONTE';;;20167;2A103;"41.98861111111111 , 8.909166666666668";41°59'19''N 8°54'33''E;En service
456390;ORANGE;625782;LTE 700;2021-02-03;02A;2A103;4G;2026-03-19T15:15:24;02A2290117;38;"26,6";22;CASARIMACCIU;Hôtel 'SOL E MONTE';;;20167;2A103;"41.98861111111111 , 8.909166666666668";41°59'19''N 8°54'33''E;En service
456391;ORANGE;625782;LTE 800;2017-02-09;02A;2A103;4G;2026-03-19T15:15:24;02A2290117;38;"26,6";22;CASARIMACCIU;Hôtel 'SOL E MONTE';;;20167;2A103;"41.98861111111111 , 8.909166666666668";41°59'19''N 8°54'33''E;En service
456392;ORANGE;625782;UMTS 900;2013-07-24;02A;2A103;3G;2026-03-19T15:15:24;02A2290117;38;"26,6";22;CASARIMACCIU;Hôtel 'SOL E MONTE';;;20167;2A103;"41.98861111111111 , 8.909166666666668";41°59'19''N 8°54'33''E;En service
457194;ORANGE;629970;5G NR 3500;2023-07-25;02A;2A041;5G;2026-03-19T15:15:24;02A2290093;23;27;65;SUARTONE;PRES DE LA RD158;;;20169;2A041;"41.48277777777778 , 9.24472222222222";41°28'58''N 9°14'41''E;Techniquement opérationnel
457195;ORANGE;629970;5G NR 700;2025-01-08;02A;2A041;5G;2026-03-19T15:15:24;02A2290093;23;27;65;SUARTONE;PRES DE LA RD158;;;20169;2A041;"41.48277777777778 , 9.24472222222222";41°28'58''N 9°14'41''E;Techniquement opérationnel
457196;ORANGE;629970;GSM 900;2001-06-18;02A;2A041;2G;2026-03-19T15:15:24;02A2290093;23;27;65;SUARTONE;PRES DE LA RD158;;;20169;2A041;"41.48277777777778 , 9.24472222222222";41°28'58''N 9°14'41''E;En service
457197;ORANGE;629970;LTE 1800;2021-02-19;02A;2A041;4G;2026-03-19T15:15:24;02A2290093;23;27;65;SUARTONE;PRES DE LA RD158;;;20169;2A041;"41.48277777777778 , 9.24472222222222";41°28'58''N 9°14'41''E;En service
457198;ORANGE;629970;LTE 2100;2021-02-19;02A;2A041;4G;2026-03-19T15:15:24;02A2290093;23;27;65;SUARTONE;PRES DE LA RD158;;;20169;2A041;"41.48277777777778 , 9.24472222222222";41°28'58''N 9°14'41''E;En service
457199;ORANGE;629970;LTE 2600;2021-02-19;02A;2A041;4G;2026-03-19T15:15:24;02A2290093;23;27;65;SUARTONE;PRES DE LA RD158;;;20169;2A041;"41.48277777777778 , 9.24472222222222";41°28'58''N 9°14'41''E;En service
457200;ORANGE;629970;LTE 700;2021-01-07;02A;2A041;4G;2026-03-19T15:15:24;02A2290093;23;27;65;SUARTONE;PRES DE LA RD158;;;20169;2A041;"41.48277777777778 , 9.24472222222222";41°28'58''N 9°14'41''E;En service
457201;ORANGE;629970;LTE 800;2018-07-26;02A;2A041;4G;2026-03-19T15:15:24;02A2290093;23;27;65;SUARTONE;PRES DE LA RD158;;;20169;2A041;"41.48277777777778 , 9.24472222222222";41°28'58''N 9°14'41''E;En service
457202;ORANGE;629970;UMTS 900;2018-06-28;02A;2A041;3G;2026-03-19T15:15:24;02A2290093;23;27;65;SUARTONE;PRES DE LA RD158;;;20169;2A041;"41.48277777777778 , 9.24472222222222";41°28'58''N 9°14'41''E;En service
460506;ORANGE;650067;5G NR 3500;2026-02-13;02A;2A028;5G;2026-03-19T15:15:24;02A2290089;26;40;32;Punta di Tragunatu;;;;20160;2A028;"42.17722222222222 , 8.793055555555556";42°10'38''N 8°47'35''E;Techniquement opérationnel
460507;ORANGE;650067;5G NR 700;2026-02-12;02A;2A028;5G;2026-03-19T15:15:24;02A2290089;26;40;32;Punta di Tragunatu;;;;20160;2A028;"42.17722222222222 , 8.793055555555556";42°10'38''N 8°47'35''E;Techniquement opérationnel
460508;ORANGE;650067;GSM 900;2000-02-08;02A;2A028;2G;2026-03-19T15:15:24;02A2290089;26;40;32;Punta di Tragunatu;;;;20160;2A028;"42.17722222222222 , 8.793055555555556";42°10'38''N 8°47'35''E;En service
460509;ORANGE;650067;LTE 1800;2016-09-10;02A;2A028;4G;2026-03-19T15:15:24;02A2290089;26;40;32;Punta di Tragunatu;;;;20160;2A028;"42.17722222222222 , 8.793055555555556";42°10'38''N 8°47'35''E;En service
460510;ORANGE;650067;LTE 2100;2019-10-11;02A;2A028;4G;2026-03-19T15:15:24;02A2290089;26;40;32;Punta di Tragunatu;;;;20160;2A028;"42.17722222222222 , 8.793055555555556";42°10'38''N 8°47'35''E;En service
460511;ORANGE;650067;LTE 2600;2021-03-05;02A;2A028;4G;2026-03-19T15:15:24;02A2290089;26;40;32;Punta di Tragunatu;;;;20160;2A028;"42.17722222222222 , 8.793055555555556";42°10'38''N 8°47'35''E;En service
460512;ORANGE;650067;LTE 800;2018-04-03;02A;2A028;4G;2026-03-19T15:15:24;02A2290089;26;40;32;Punta di Tragunatu;;;;20160;2A028;"42.17722222222222 , 8.793055555555556";42°10'38''N 8°47'35''E;En service
460513;ORANGE;650067;UMTS 900;2011-05-24;02A;2A028;3G;2026-03-19T15:15:24;02A2290089;26;40;32;Punta di Tragunatu;;;;20160;2A028;"42.17722222222222 , 8.793055555555556";42°10'38''N 8°47'35''E;En service
462710;ORANGE;664366;LTE 1800;2022-11-02;02A;2A308;4G;2026-03-19T15:15:24;02A2290130;23;24;32;Monte Piane Maggiore;Réemetteur TDF Ste Lucie de Tallano;;;20112;2A308;"41.69138888888889 , 9.065833333333334";41°41'29''N 9°3'57''E;En service
462711;ORANGE;664366;LTE 700;2021-06-01;02A;2A308;4G;2026-03-19T15:15:24;02A2290130;23;24;32;Monte Piane Maggiore;Réemetteur TDF Ste Lucie de Tallano;;;20112;2A308;"41.69138888888889 , 9.065833333333334";41°41'29''N 9°3'57''E;En service
462712;ORANGE;664366;LTE 800;2018-05-22;02A;2A308;4G;2026-03-19T15:15:24;02A2290130;23;24;32;Monte Piane Maggiore;Réemetteur TDF Ste Lucie de Tallano;;;20112;2A308;"41.69138888888889 , 9.065833333333334";41°41'29''N 9°3'57''E;En service
462713;ORANGE;664366;UMTS 900;2016-09-07;02A;2A308;3G;2026-03-19T15:15:24;02A2290130;23;24;32;Monte Piane Maggiore;Réemetteur TDF Ste Lucie de Tallano;;;20112;2A308;"41.69138888888889 , 9.065833333333334";41°41'29''N 9°3'57''E;En service
463200;ORANGE;666457;5G NR 3500;2021-05-31;02A;2A271;5G;2026-03-19T15:15:24;02A2290100;23;16;74;Mezzavia;Pernicaggio;Garage  RN 194;;20167;2A271;"41.952222222222225 , 8.788055555555555";41°57'8''N 8°47'17''E;Techniquement opérationnel
463201;ORANGE;666457;5G NR 700;2025-01-08;02A;2A271;5G;2026-03-19T15:15:24;02A2290100;23;16;74;Mezzavia;Pernicaggio;Garage  RN 194;;20167;2A271;"41.952222222222225 , 8.788055555555555";41°57'8''N 8°47'17''E;Techniquement opérationnel
463202;ORANGE;666457;GSM 900;2001-07-19;02A;2A271;2G;2026-03-19T15:15:24;02A2290100;23;16;74;Mezzavia;Pernicaggio;Garage  RN 194;;20167;2A271;"41.952222222222225 , 8.788055555555555";41°57'8''N 8°47'17''E;En service
463203;ORANGE;666457;LTE 1800;2017-10-12;02A;2A271;4G;2026-03-19T15:15:24;02A2290100;23;16;74;Mezzavia;Pernicaggio;Garage  RN 194;;20167;2A271;"41.952222222222225 , 8.788055555555555";41°57'8''N 8°47'17''E;En service
463204;ORANGE;666457;LTE 2100;2019-07-25;02A;2A271;4G;2026-03-19T15:15:24;02A2290100;23;16;74;Mezzavia;Pernicaggio;Garage  RN 194;;20167;2A271;"41.952222222222225 , 8.788055555555555";41°57'8''N 8°47'17''E;En service
463205;ORANGE;666457;LTE 2600;2017-05-04;02A;2A271;4G;2026-03-19T15:15:24;02A2290100;23;16;74;Mezzavia;Pernicaggio;Garage  RN 194;;20167;2A271;"41.952222222222225 , 8.788055555555555";41°57'8''N 8°47'17''E;En service
463206;ORANGE;666457;LTE 700;2021-03-16;02A;2A271;4G;2026-03-19T15:15:24;02A2290100;23;16;74;Mezzavia;Pernicaggio;Garage  RN 194;;20167;2A271;"41.952222222222225 , 8.788055555555555";41°57'8''N 8°47'17''E;En service
463207;ORANGE;666457;LTE 800;2021-03-16;02A;2A271;4G;2026-03-19T15:15:24;02A2290100;23;16;74;Mezzavia;Pernicaggio;Garage  RN 194;;20167;2A271;"41.952222222222225 , 8.788055555555555";41°57'8''N 8°47'17''E;En service
463208;ORANGE;666457;UMTS 900;2016-06-15;02A;2A271;3G;2026-03-19T15:15:24;02A2290100;23;16;74;Mezzavia;Pernicaggio;Garage  RN 194;;20167;2A271;"41.952222222222225 , 8.788055555555555";41°57'8''N 8°47'17''E;En service
465314;ORANGE;674287;5G NR 3500;2022-08-18;02A;2A247;5G;2026-03-19T15:15:24;02A2290112;17;"7,6";22;Cuncaccia;Rte de Palombaggia;;;20137;2A247;"41.56055555555555 , 9.318055555555555";41°33'38''N 9°19'5''E;Techniquement opérationnel
465315;ORANGE;674287;5G NR 700;2025-01-08;02A;2A247;5G;2026-03-19T15:15:24;02A2290112;17;"7,6";22;Cuncaccia;Rte de Palombaggia;;;20137;2A247;"41.56055555555555 , 9.318055555555555";41°33'38''N 9°19'5''E;Techniquement opérationnel
465316;ORANGE;674287;GSM 900;2004-08-28;02A;2A247;2G;2026-03-19T15:15:24;02A2290112;17;"7,6";22;Cuncaccia;Rte de Palombaggia;;;20137;2A247;"41.56055555555555 , 9.318055555555555";41°33'38''N 9°19'5''E;En service
465317;ORANGE;674287;LTE 1800;2019-07-10;02A;2A247;4G;2026-03-19T15:15:24;02A2290112;17;"7,6";22;Cuncaccia;Rte de Palombaggia;;;20137;2A247;"41.56055555555555 , 9.318055555555555";41°33'38''N 9°19'5''E;En service
465318;ORANGE;674287;LTE 2100;2019-07-10;02A;2A247;4G;2026-03-19T15:15:24;02A2290112;17;"7,6";22;Cuncaccia;Rte de Palombaggia;;;20137;2A247;"41.56055555555555 , 9.318055555555555";41°33'38''N 9°19'5''E;En service
465319;ORANGE;674287;LTE 2600;2017-10-12;02A;2A247;4G;2026-03-19T15:15:24;02A2290112;17;"7,6";22;Cuncaccia;Rte de Palombaggia;;;20137;2A247;"41.56055555555555 , 9.318055555555555";41°33'38''N 9°19'5''E;En service
465320;ORANGE;674287;LTE 700;2020-12-21;02A;2A247;4G;2026-03-19T15:15:24;02A2290112;17;"7,6";22;Cuncaccia;Rte de Palombaggia;;;20137;2A247;"41.56055555555555 , 9.318055555555555";41°33'38''N 9°19'5''E;En service
465321;ORANGE;674287;LTE 800;2017-10-19;02A;2A247;4G;2026-03-19T15:15:24;02A2290112;17;"7,6";22;Cuncaccia;Rte de Palombaggia;;;20137;2A247;"41.56055555555555 , 9.318055555555555";41°33'38''N 9°19'5''E;En service
465322;ORANGE;674287;UMTS 900;2018-03-05;02A;2A247;3G;2026-03-19T15:15:24;02A2290112;17;"7,6";22;Cuncaccia;Rte de Palombaggia;;;20137;2A247;"41.56055555555555 , 9.318055555555555";41°33'38''N 9°19'5''E;En service
467562;ORANGE;687275;5G NR 3500;2024-09-20;02A;2A048;5G;2026-03-19T15:15:24;02A2290202;23;12;72;Marijanca;;;;20111;2A048;"42.02833333333333 , 8.751944444444444";42°1'42''N 8°45'7''E;Techniquement opérationnel
467563;ORANGE;687275;5G NR 700;2025-01-08;02A;2A048;5G;2026-03-19T15:15:24;02A2290202;23;12;72;Marijanca;;;;20111;2A048;"42.02833333333333 , 8.751944444444444";42°1'42''N 8°45'7''E;Techniquement opérationnel
467564;ORANGE;687275;GSM 900;2013-12-13;02A;2A048;2G;2026-03-19T15:15:24;02A2290202;23;12;72;Marijanca;;;;20111;2A048;"42.02833333333333 , 8.751944444444444";42°1'42''N 8°45'7''E;En service
467565;ORANGE;687275;LTE 1800;2016-09-07;02A;2A048;4G;2026-03-19T15:15:24;02A2290202;23;12;72;Marijanca;;;;20111;2A048;"42.02833333333333 , 8.751944444444444";42°1'42''N 8°45'7''E;En service
467566;ORANGE;687275;LTE 2100;2019-06-25;02A;2A048;4G;2026-03-19T15:15:24;02A2290202;23;12;72;Marijanca;;;;20111;2A048;"42.02833333333333 , 8.751944444444444";42°1'42''N 8°45'7''E;En service
467567;ORANGE;687275;LTE 2600;2020-11-25;02A;2A048;4G;2026-03-19T15:15:24;02A2290202;23;12;72;Marijanca;;;;20111;2A048;"42.02833333333333 , 8.751944444444444";42°1'42''N 8°45'7''E;En service
467568;ORANGE;687275;LTE 700;2021-05-03;02A;2A048;4G;2026-03-19T15:15:24;02A2290202;23;12;72;Marijanca;;;;20111;2A048;"42.02833333333333 , 8.751944444444444";42°1'42''N 8°45'7''E;En service
467569;ORANGE;687275;LTE 800;2020-12-17;02A;2A048;4G;2026-03-19T15:15:24;02A2290202;23;12;72;Marijanca;;;;20111;2A048;"42.02833333333333 , 8.751944444444444";42°1'42''N 8°45'7''E;En service
467570;ORANGE;687275;UMTS 900;2015-03-25;02A;2A048;3G;2026-03-19T15:15:24;02A2290202;23;12;72;Marijanca;;;;20111;2A048;"42.02833333333333 , 8.751944444444444";42°1'42''N 8°45'7''E;En service
473063;ORANGE;714558;5G NR 3500;2023-07-27;02A;2A198;5G;2026-03-19T15:15:24;02A2290142;23;33;32;Marine de Porto;Lenzana;Pylone TDF;;20150;2A198;"42.26916666666666 , 8.696666666666667";42°16'9''N 8°41'48''E;Techniquement opérationnel
473064;ORANGE;714558;5G NR 700;2025-01-08;02A;2A198;5G;2026-03-19T15:15:24;02A2290142;23;33;32;Marine de Porto;Lenzana;Pylone TDF;;20150;2A198;"42.26916666666666 , 8.696666666666667";42°16'9''N 8°41'48''E;Techniquement opérationnel
473065;ORANGE;714558;GSM 900;2006-06-03;02A;2A198;2G;2026-03-19T15:15:24;02A2290142;23;33;32;Marine de Porto;Lenzana;Pylone TDF;;20150;2A198;"42.26916666666666 , 8.696666666666667";42°16'9''N 8°41'48''E;En service
473066;ORANGE;714558;LTE 1800;2018-01-24;02A;2A198;4G;2026-03-19T15:15:24;02A2290142;23;33;32;Marine de Porto;Lenzana;Pylone TDF;;20150;2A198;"42.26916666666666 , 8.696666666666667";42°16'9''N 8°41'48''E;En service
473067;ORANGE;714558;LTE 2100;2019-07-19;02A;2A198;4G;2026-03-19T15:15:24;02A2290142;23;33;32;Marine de Porto;Lenzana;Pylone TDF;;20150;2A198;"42.26916666666666 , 8.696666666666667";42°16'9''N 8°41'48''E;En service
473068;ORANGE;714558;LTE 2600;2021-08-02;02A;2A198;4G;2026-03-19T15:15:24;02A2290142;23;33;32;Marine de Porto;Lenzana;Pylone TDF;;20150;2A198;"42.26916666666666 , 8.696666666666667";42°16'9''N 8°41'48''E;En service
473069;ORANGE;714558;LTE 700;2021-07-22;02A;2A198;4G;2026-03-19T15:15:24;02A2290142;23;33;32;Marine de Porto;Lenzana;Pylone TDF;;20150;2A198;"42.26916666666666 , 8.696666666666667";42°16'9''N 8°41'48''E;En service
473070;ORANGE;714558;LTE 800;2018-08-30;02A;2A198;4G;2026-03-19T15:15:24;02A2290142;23;33;32;Marine de Porto;Lenzana;Pylone TDF;;20150;2A198;"42.26916666666666 , 8.696666666666667";42°16'9''N 8°41'48''E;En service
473071;ORANGE;714558;UMTS 900;2011-06-15;02A;2A198;3G;2026-03-19T15:15:24;02A2290142;23;33;32;Marine de Porto;Lenzana;Pylone TDF;;20150;2A198;"42.26916666666666 , 8.696666666666667";42°16'9''N 8°41'48''E;En service
479158;ORANGE;754375;GSM 900;2001-05-31;02A;2A360;2G;2026-03-19T15:15:24;02A2290095;23;"26,3";74;Pinia;N.196;;;20190;2A360;"41.83583333333333 , 8.964166666666666";41°50'9''N 8°57'51''E;En service
479159;ORANGE;754375;LTE 1800;2018-04-19;02A;2A360;4G;2026-03-19T15:15:24;02A2290095;23;"26,3";74;Pinia;N.196;;;20190;2A360;"41.83583333333333 , 8.964166666666666";41°50'9''N 8°57'51''E;En service
479160;ORANGE;754375;LTE 700;2021-07-27;02A;2A360;4G;2026-03-19T15:15:24;02A2290095;23;"26,3";74;Pinia;N.196;;;20190;2A360;"41.83583333333333 , 8.964166666666666";41°50'9''N 8°57'51''E;En service
479161;ORANGE;754375;LTE 800;2018-04-19;02A;2A360;4G;2026-03-19T15:15:24;02A2290095;23;"26,3";74;Pinia;N.196;;;20190;2A360;"41.83583333333333 , 8.964166666666666";41°50'9''N 8°57'51''E;En service
479162;ORANGE;754375;UMTS 900;2011-03-24;02A;2A360;3G;2026-03-19T15:15:24;02A2290095;23;"26,3";74;Pinia;N.196;;;20190;2A360;"41.83583333333333 , 8.964166666666666";41°50'9''N 8°57'51''E;En service
482429;ORANGE;762317;5G NR 3500;2022-08-18;02A;2A349;5G;2026-03-19T15:15:24;02A2290198;23;17;74;Santa-Julia;D. 19 - Chem réservoir;;;20110;2A349;"41.672777777777775 , 8.925555555555555";41°40'22''N 8°55'32''E;Techniquement opérationnel
482430;ORANGE;762317;GSM 900;1998-03-09;02A;2A349;2G;2026-03-19T15:15:24;02A2290198;23;17;74;Santa-Julia;D. 19 - Chem réservoir;;;20110;2A349;"41.672777777777775 , 8.925555555555555";41°40'22''N 8°55'32''E;En service
482431;ORANGE;762317;LTE 1800;2017-09-19;02A;2A349;4G;2026-03-19T15:15:24;02A2290198;23;17;74;Santa-Julia;D. 19 - Chem réservoir;;;20110;2A349;"41.672777777777775 , 8.925555555555555";41°40'22''N 8°55'32''E;En service
482432;ORANGE;762317;LTE 2100;2019-07-31;02A;2A349;4G;2026-03-19T15:15:24;02A2290198;23;17;74;Santa-Julia;D. 19 - Chem réservoir;;;20110;2A349;"41.672777777777775 , 8.925555555555555";41°40'22''N 8°55'32''E;En service
482433;ORANGE;762317;LTE 2600;2015-06-30;02A;2A349;4G;2026-03-19T15:15:24;02A2290198;23;17;74;Santa-Julia;D. 19 - Chem réservoir;;;20110;2A349;"41.672777777777775 , 8.925555555555555";41°40'22''N 8°55'32''E;En service
482434;ORANGE;762317;LTE 700;2020-07-21;02A;2A349;4G;2026-03-19T15:15:24;02A2290198;23;17;74;Santa-Julia;D. 19 - Chem réservoir;;;20110;2A349;"41.672777777777775 , 8.925555555555555";41°40'22''N 8°55'32''E;En service
482435;ORANGE;762317;LTE 800;2015-07-06;02A;2A349;4G;2026-03-19T15:15:24;02A2290198;23;17;74;Santa-Julia;D. 19 - Chem réservoir;;;20110;2A349;"41.672777777777775 , 8.925555555555555";41°40'22''N 8°55'32''E;En service
482436;ORANGE;762317;UMTS 900;2016-06-15;02A;2A349;3G;2026-03-19T15:15:24;02A2290198;23;17;74;Santa-Julia;D. 19 - Chem réservoir;;;20110;2A349;"41.672777777777775 , 8.925555555555555";41°40'22''N 8°55'32''E;En service
485499;ORANGE;772214;5G NR 2100;;02A;2A189;5G;2026-03-19T15:15:24;02A2290199;26;20;74;San Michele;proche D257;;;20113;2A189;"41.71194444444445 , 8.924722222222222";41°42'43''N 8°55'29''E;Projet approuvé
485500;ORANGE;772214;GSM 900;2010-11-28;02A;2A189;2G;2026-03-19T15:15:24;02A2290199;26;20;74;San Michele;proche D257;;;20113;2A189;"41.71194444444445 , 8.924722222222222";41°42'43''N 8°55'29''E;En service
485501;ORANGE;772214;LTE 1800;2019-10-14;02A;2A189;4G;2026-03-19T15:15:24;02A2290199;26;20;74;San Michele;proche D257;;;20113;2A189;"41.71194444444445 , 8.924722222222222";41°42'43''N 8°55'29''E;En service
485502;ORANGE;772214;LTE 700;;02A;2A189;4G;2026-03-19T15:15:24;02A2290199;26;20;74;San Michele;proche D257;;;20113;2A189;"41.71194444444445 , 8.924722222222222";41°42'43''N 8°55'29''E;Projet approuvé
485503;ORANGE;772214;LTE 800;2017-08-03;02A;2A189;4G;2026-03-19T15:15:24;02A2290199;26;20;74;San Michele;proche D257;;;20113;2A189;"41.71194444444445 , 8.924722222222222";41°42'43''N 8°55'29''E;En service
485504;ORANGE;772214;UMTS 900;2017-08-28;02A;2A189;3G;2026-03-19T15:15:24;02A2290199;26;20;74;San Michele;proche D257;;;20113;2A189;"41.71194444444445 , 8.924722222222222";41°42'43''N 8°55'29''E;En service
486044;ORANGE;773828;5G NR 3500;2022-06-29;02A;2A004;5G;2026-03-19T15:15:24;02A2290018;38;35;19;;R Ottavy;pl du 24 mai;Hôtel des Postes;20000;2A004;"41.92055555555555 , 8.736388888888888";41°55'14''N 8°44'11''E;Techniquement opérationnel
486045;ORANGE;773828;5G NR 700;2025-01-08;02A;2A004;5G;2026-03-19T15:15:24;02A2290018;38;35;19;;R Ottavy;pl du 24 mai;Hôtel des Postes;20000;2A004;"41.92055555555555 , 8.736388888888888";41°55'14''N 8°44'11''E;Techniquement opérationnel
486046;ORANGE;773828;GSM 900;2006-08-29;02A;2A004;2G;2026-03-19T15:15:24;02A2290018;38;35;19;;R Ottavy;pl du 24 mai;Hôtel des Postes;20000;2A004;"41.92055555555555 , 8.736388888888888";41°55'14''N 8°44'11''E;En service
486047;ORANGE;773828;LTE 1800;2019-07-17;02A;2A004;4G;2026-03-19T15:15:24;02A2290018;38;35;19;;R Ottavy;pl du 24 mai;Hôtel des Postes;20000;2A004;"41.92055555555555 , 8.736388888888888";41°55'14''N 8°44'11''E;En service
486048;ORANGE;773828;LTE 2100;2019-06-21;02A;2A004;4G;2026-03-19T15:15:24;02A2290018;38;35;19;;R Ottavy;pl du 24 mai;Hôtel des Postes;20000;2A004;"41.92055555555555 , 8.736388888888888";41°55'14''N 8°44'11''E;En service
486049;ORANGE;773828;LTE 2600;2013-10-08;02A;2A004;4G;2026-03-19T15:15:24;02A2290018;38;35;19;;R Ottavy;pl du 24 mai;Hôtel des Postes;20000;2A004;"41.92055555555555 , 8.736388888888888";41°55'14''N 8°44'11''E;En service
486050;ORANGE;773828;LTE 700;2022-03-07;02A;2A004;4G;2026-03-19T15:15:24;02A2290018;38;35;19;;R Ottavy;pl du 24 mai;Hôtel des Postes;20000;2A004;"41.92055555555555 , 8.736388888888888";41°55'14''N 8°44'11''E;En service
486051;ORANGE;773828;LTE 800;2013-11-28;02A;2A004;4G;2026-03-19T15:15:24;02A2290018;38;35;19;;R Ottavy;pl du 24 mai;Hôtel des Postes;20000;2A004;"41.92055555555555 , 8.736388888888888";41°55'14''N 8°44'11''E;En service
486052;ORANGE;773828;UMTS 900;2016-06-15;02A;2A004;3G;2026-03-19T15:15:24;02A2290018;38;35;19;;R Ottavy;pl du 24 mai;Hôtel des Postes;20000;2A004;"41.92055555555555 , 8.736388888888888";41°55'14''N 8°44'11''E;En service
486070;ORANGE;773837;5G NR 3500;2022-11-16;02A;2A272;5G;2026-03-19T15:15:24;02A2290032;23;21;74;Les Trois Chapelles;d.65 - vc;Autocommutateur - Calderezza;;20100;2A272;"41.62388888888889 , 8.977500000000001";41°37'26''N 8°58'39''E;Techniquement opérationnel
486071;ORANGE;773837;5G NR 700;2025-01-08;02A;2A272;5G;2026-03-19T15:15:24;02A2290032;23;21;74;Les Trois Chapelles;d.65 - vc;Autocommutateur - Calderezza;;20100;2A272;"41.62388888888889 , 8.977500000000001";41°37'26''N 8°58'39''E;Techniquement opérationnel
486072;ORANGE;773837;LTE 1800;2019-06-26;02A;2A272;4G;2026-03-19T15:15:24;02A2290032;23;21;74;Les Trois Chapelles;d.65 - vc;Autocommutateur - Calderezza;;20100;2A272;"41.62388888888889 , 8.977500000000001";41°37'26''N 8°58'39''E;En service
486073;ORANGE;773837;LTE 2100;2019-06-26;02A;2A272;4G;2026-03-19T15:15:24;02A2290032;23;21;74;Les Trois Chapelles;d.65 - vc;Autocommutateur - Calderezza;;20100;2A272;"41.62388888888889 , 8.977500000000001";41°37'26''N 8°58'39''E;En service
486074;ORANGE;773837;LTE 800;2015-09-15;02A;2A272;4G;2026-03-19T15:15:24;02A2290032;23;21;74;Les Trois Chapelles;d.65 - vc;Autocommutateur - Calderezza;;20100;2A272;"41.62388888888889 , 8.977500000000001";41°37'26''N 8°58'39''E;En service
486075;ORANGE;773837;UMTS 900;2016-06-15;02A;2A272;3G;2026-03-19T15:15:24;02A2290032;23;21;74;Les Trois Chapelles;d.65 - vc;Autocommutateur - Calderezza;;20100;2A272;"41.62388888888889 , 8.977500000000001";41°37'26''N 8°58'39''E;En service
486307;ORANGE;774659;5G NR 2100;2025-04-09;02A;2A272;5G;2026-03-19T15:15:24;02A2290059;23;16;74;Cacciabello;Hameau de Cacciabello;;;20100;2A272;"41.599722222222226 , 8.9275";41°35'59''N 8°55'39''E;Techniquement opérationnel
486308;ORANGE;774659;GSM 900;1998-04-30;02A;2A272;2G;2026-03-19T15:15:24;02A2290059;23;16;74;Cacciabello;Hameau de Cacciabello;;;20100;2A272;"41.599722222222226 , 8.9275";41°35'59''N 8°55'39''E;En service
486309;ORANGE;774659;LTE 1800;2020-11-16;02A;2A272;4G;2026-03-19T15:15:24;02A2290059;23;16;74;Cacciabello;Hameau de Cacciabello;;;20100;2A272;"41.599722222222226 , 8.9275";41°35'59''N 8°55'39''E;En service
486310;ORANGE;774659;LTE 700;2025-04-04;02A;2A272;4G;2026-03-19T15:15:24;02A2290059;23;16;74;Cacciabello;Hameau de Cacciabello;;;20100;2A272;"41.599722222222226 , 8.9275";41°35'59''N 8°55'39''E;En service
486311;ORANGE;774659;LTE 800;2017-06-26;02A;2A272;4G;2026-03-19T15:15:24;02A2290059;23;16;74;Cacciabello;Hameau de Cacciabello;;;20100;2A272;"41.599722222222226 , 8.9275";41°35'59''N 8°55'39''E;En service
486312;ORANGE;774659;UMTS 900;2011-11-23;02A;2A272;3G;2026-03-19T15:15:24;02A2290059;23;16;74;Cacciabello;Hameau de Cacciabello;;;20100;2A272;"41.599722222222226 , 8.9275";41°35'59''N 8°55'39''E;En service
486313;ORANGE;774663;GSM 900;1998-12-21;02A;2A359;2G;2026-03-19T15:15:24;02A2290064;23;42;32;CAVATELLO;STATION TDF;;;20132;2A359;"41.888333333333335 , 9.105277777777777";41°53'18''N 9°6'19''E;En service
486314;ORANGE;774663;LTE 1800;2021-11-26;02A;2A359;4G;2026-03-19T15:15:24;02A2290064;23;42;32;CAVATELLO;STATION TDF;;;20132;2A359;"41.888333333333335 , 9.105277777777777";41°53'18''N 9°6'19''E;En service
486315;ORANGE;774663;LTE 700;2021-12-13;02A;2A359;4G;2026-03-19T15:15:24;02A2290064;23;42;32;CAVATELLO;STATION TDF;;;20132;2A359;"41.888333333333335 , 9.105277777777777";41°53'18''N 9°6'19''E;En service
486316;ORANGE;774663;LTE 800;2018-05-31;02A;2A359;4G;2026-03-19T15:15:24;02A2290064;23;42;32;CAVATELLO;STATION TDF;;;20132;2A359;"41.888333333333335 , 9.105277777777777";41°53'18''N 9°6'19''E;En service
486317;ORANGE;774663;UMTS 900;2011-01-06;02A;2A359;3G;2026-03-19T15:15:24;02A2290064;23;42;32;CAVATELLO;STATION TDF;;;20132;2A359;"41.888333333333335 , 9.105277777777777";41°53'18''N 9°6'19''E;En service
486318;ORANGE;774669;GSM 900;1998-10-30;02A;2A288;2G;2026-03-19T15:15:24;02A2290071;23;"22,6";72;PietraLonga-Salvini;Réservoir de PietraLonga-Salvini;;;20146;2A288;"41.50833333333333 , 9.235";41°30'30''N 9°14'6''E;En service
486319;ORANGE;774669;LTE 1800;2016-09-15;02A;2A288;4G;2026-03-19T15:15:24;02A2290071;23;"22,6";72;PietraLonga-Salvini;Réservoir de PietraLonga-Salvini;;;20146;2A288;"41.50833333333333 , 9.235";41°30'30''N 9°14'6''E;En service
486320;ORANGE;774669;LTE 2600;2019-10-04;02A;2A288;4G;2026-03-19T15:15:24;02A2290071;23;"22,6";72;PietraLonga-Salvini;Réservoir de PietraLonga-Salvini;;;20146;2A288;"41.50833333333333 , 9.235";41°30'30''N 9°14'6''E;En service
486321;ORANGE;774669;LTE 700;2021-07-20;02A;2A288;4G;2026-03-19T15:15:24;02A2290071;23;"22,6";72;PietraLonga-Salvini;Réservoir de PietraLonga-Salvini;;;20146;2A288;"41.50833333333333 , 9.235";41°30'30''N 9°14'6''E;En service
486322;ORANGE;774669;LTE 800;2019-09-26;02A;2A288;4G;2026-03-19T15:15:24;02A2290071;23;"22,6";72;PietraLonga-Salvini;Réservoir de PietraLonga-Salvini;;;20146;2A288;"41.50833333333333 , 9.235";41°30'30''N 9°14'6''E;En service
486323;ORANGE;774669;UMTS 900;2016-09-06;02A;2A288;3G;2026-03-19T15:15:24;02A2290071;23;"22,6";72;PietraLonga-Salvini;Réservoir de PietraLonga-Salvini;;;20146;2A288;"41.50833333333333 , 9.235";41°30'30''N 9°14'6''E;En service
486334;ORANGE;774674;5G NR 3500;2024-01-11;02A;2A247;5G;2026-03-19T15:15:24;02A2290074;38;19;22;;r jean nicoli;Hôtel Mistral;;20137;2A247;"41.59055555555556 , 9.276111111111112";41°35'26''N 9°16'34''E;Techniquement opérationnel
486335;ORANGE;774674;5G NR 700;2025-01-20;02A;2A247;5G;2026-03-19T15:15:24;02A2290074;38;19;22;;r jean nicoli;Hôtel Mistral;;20137;2A247;"41.59055555555556 , 9.276111111111112";41°35'26''N 9°16'34''E;Techniquement opérationnel
486336;ORANGE;774674;GSM 900;1998-01-09;02A;2A247;2G;2026-03-19T15:15:24;02A2290074;38;19;22;;r jean nicoli;Hôtel Mistral;;20137;2A247;"41.59055555555556 , 9.276111111111112";41°35'26''N 9°16'34''E;En service
486337;ORANGE;774674;LTE 1800;2017-03-13;02A;2A247;4G;2026-03-19T15:15:24;02A2290074;38;19;22;;r jean nicoli;Hôtel Mistral;;20137;2A247;"41.59055555555556 , 9.276111111111112";41°35'26''N 9°16'34''E;En service
486338;ORANGE;774674;LTE 2100;2019-06-25;02A;2A247;4G;2026-03-19T15:15:24;02A2290074;38;19;22;;r jean nicoli;Hôtel Mistral;;20137;2A247;"41.59055555555556 , 9.276111111111112";41°35'26''N 9°16'34''E;En service
486339;ORANGE;774674;LTE 2600;2014-03-11;02A;2A247;4G;2026-03-19T15:15:24;02A2290074;38;19;22;;r jean nicoli;Hôtel Mistral;;20137;2A247;"41.59055555555556 , 9.276111111111112";41°35'26''N 9°16'34''E;En service
486340;ORANGE;774674;LTE 700;2023-12-11;02A;2A247;4G;2026-03-19T15:15:24;02A2290074;38;19;22;;r jean nicoli;Hôtel Mistral;;20137;2A247;"41.59055555555556 , 9.276111111111112";41°35'26''N 9°16'34''E;En service
486341;ORANGE;774674;LTE 800;2018-07-19;02A;2A247;4G;2026-03-19T15:15:24;02A2290074;38;19;22;;r jean nicoli;Hôtel Mistral;;20137;2A247;"41.59055555555556 , 9.276111111111112";41°35'26''N 9°16'34''E;En service
486342;ORANGE;774674;UMTS 900;2018-07-16;02A;2A247;3G;2026-03-19T15:15:24;02A2290074;38;19;22;;r jean nicoli;Hôtel Mistral;;20137;2A247;"41.59055555555556 , 9.276111111111112";41°35'26''N 9°16'34''E;En service
486369;ORANGE;774683;5G NR 3500;2021-05-31;02A;2A247;5G;2026-03-19T15:15:24;02A2290076;38;16;28;;d.758 - r du 9 septembre 1943;HLM Pifano - Bât.G;;20137;2A247;"41.58305555555556 , 9.280277777777778";41°34'59''N 9°16'49''E;Techniquement opérationnel
486370;ORANGE;774683;5G NR 700;2025-01-08;02A;2A247;5G;2026-03-19T15:15:24;02A2290076;38;16;28;;d.758 - r du 9 septembre 1943;HLM Pifano - Bât.G;;20137;2A247;"41.58305555555556 , 9.280277777777778";41°34'59''N 9°16'49''E;Techniquement opérationnel
486371;ORANGE;774683;GSM 900;1999-12-22;02A;2A247;2G;2026-03-19T15:15:24;02A2290076;38;16;28;;d.758 - r du 9 septembre 1943;HLM Pifano - Bât.G;;20137;2A247;"41.58305555555556 , 9.280277777777778";41°34'59''N 9°16'49''E;En service
486372;ORANGE;774683;LTE 1800;2019-06-26;02A;2A247;4G;2026-03-19T15:15:24;02A2290076;38;16;28;;d.758 - r du 9 septembre 1943;HLM Pifano - Bât.G;;20137;2A247;"41.58305555555556 , 9.280277777777778";41°34'59''N 9°16'49''E;En service
486373;ORANGE;774683;LTE 2100;2019-06-26;02A;2A247;4G;2026-03-19T15:15:24;02A2290076;38;16;28;;d.758 - r du 9 septembre 1943;HLM Pifano - Bât.G;;20137;2A247;"41.58305555555556 , 9.280277777777778";41°34'59''N 9°16'49''E;En service
486374;ORANGE;774683;LTE 2600;2014-03-11;02A;2A247;4G;2026-03-19T15:15:24;02A2290076;38;16;28;;d.758 - r du 9 septembre 1943;HLM Pifano - Bât.G;;20137;2A247;"41.58305555555556 , 9.280277777777778";41°34'59''N 9°16'49''E;En service
486375;ORANGE;774683;LTE 700;2021-05-04;02A;2A247;4G;2026-03-19T15:15:24;02A2290076;38;16;28;;d.758 - r du 9 septembre 1943;HLM Pifano - Bât.G;;20137;2A247;"41.58305555555556 , 9.280277777777778";41°34'59''N 9°16'49''E;En service
486376;ORANGE;774683;LTE 800;2019-07-29;02A;2A247;4G;2026-03-19T15:15:24;02A2290076;38;16;28;;d.758 - r du 9 septembre 1943;HLM Pifano - Bât.G;;20137;2A247;"41.58305555555556 , 9.280277777777778";41°34'59''N 9°16'49''E;En service
486377;ORANGE;774683;UMTS 900;2019-08-19;02A;2A247;3G;2026-03-19T15:15:24;02A2290076;38;16;28;;d.758 - r du 9 septembre 1943;HLM Pifano - Bât.G;;20137;2A247;"41.58305555555556 , 9.280277777777778";41°34'59''N 9°16'49''E;En service
486378;ORANGE;774685;5G NR 3500;2021-05-31;02A;2A247;5G;2026-03-19T15:15:24;02A2290079;23;27;74;Matonara;R Giudice de Cinarca;Classe III;;20137;2A247;"41.594166666666666 , 9.27638888888889";41°35'39''N 9°16'35''E;Techniquement opérationnel
486379;ORANGE;774685;5G NR 700;2025-01-08;02A;2A247;5G;2026-03-19T15:15:24;02A2290079;23;27;74;Matonara;R Giudice de Cinarca;Classe III;;20137;2A247;"41.594166666666666 , 9.27638888888889";41°35'39''N 9°16'35''E;Techniquement opérationnel
486380;ORANGE;774685;GSM 900;1999-12-21;02A;2A247;2G;2026-03-19T15:15:24;02A2290079;23;27;74;Matonara;R Giudice de Cinarca;Classe III;;20137;2A247;"41.594166666666666 , 9.27638888888889";41°35'39''N 9°16'35''E;En service
486381;ORANGE;774685;LTE 1800;2017-11-16;02A;2A247;4G;2026-03-19T15:15:24;02A2290079;23;27;74;Matonara;R Giudice de Cinarca;Classe III;;20137;2A247;"41.594166666666666 , 9.27638888888889";41°35'39''N 9°16'35''E;En service
486382;ORANGE;774685;LTE 2100;2019-04-29;02A;2A247;4G;2026-03-19T15:15:24;02A2290079;23;27;74;Matonara;R Giudice de Cinarca;Classe III;;20137;2A247;"41.594166666666666 , 9.27638888888889";41°35'39''N 9°16'35''E;En service
486383;ORANGE;774685;LTE 2600;2014-02-20;02A;2A247;4G;2026-03-19T15:15:24;02A2290079;23;27;74;Matonara;R Giudice de Cinarca;Classe III;;20137;2A247;"41.594166666666666 , 9.27638888888889";41°35'39''N 9°16'35''E;En service
486384;ORANGE;774685;LTE 700;2021-05-04;02A;2A247;4G;2026-03-19T15:15:24;02A2290079;23;27;74;Matonara;R Giudice de Cinarca;Classe III;;20137;2A247;"41.594166666666666 , 9.27638888888889";41°35'39''N 9°16'35''E;En service
486385;ORANGE;774685;LTE 800;2019-05-23;02A;2A247;4G;2026-03-19T15:15:24;02A2290079;23;27;74;Matonara;R Giudice de Cinarca;Classe III;;20137;2A247;"41.594166666666666 , 9.27638888888889";41°35'39''N 9°16'35''E;En service
486386;ORANGE;774685;UMTS 900;2019-06-17;02A;2A247;3G;2026-03-19T15:15:24;02A2290079;23;27;74;Matonara;R Giudice de Cinarca;Classe III;;20137;2A247;"41.594166666666666 , 9.27638888888889";41°35'39''N 9°16'35''E;En service
486387;ORANGE;774687;5G NR 3500;2021-09-15;02A;2A004;5G;2026-03-19T15:15:24;02A2290096;38;14;29;Le Ricanto;D.503/N.193 - Rte de Ricanto;;;20000;2A004;"41.928888888888885 , 8.771666666666668";41°55'44''N 8°46'18''E;Techniquement opérationnel
486388;ORANGE;774687;5G NR 700;2025-01-08;02A;2A004;5G;2026-03-19T15:15:24;02A2290096;38;14;29;Le Ricanto;D.503/N.193 - Rte de Ricanto;;;20000;2A004;"41.928888888888885 , 8.771666666666668";41°55'44''N 8°46'18''E;Techniquement opérationnel
486389;ORANGE;774687;GSM 900;2000-07-27;02A;2A004;2G;2026-03-19T15:15:24;02A2290096;38;14;29;Le Ricanto;D.503/N.193 - Rte de Ricanto;;;20000;2A004;"41.928888888888885 , 8.771666666666668";41°55'44''N 8°46'18''E;En service
486390;ORANGE;774687;LTE 1800;2019-07-10;02A;2A004;4G;2026-03-19T15:15:24;02A2290096;38;14;29;Le Ricanto;D.503/N.193 - Rte de Ricanto;;;20000;2A004;"41.928888888888885 , 8.771666666666668";41°55'44''N 8°46'18''E;En service
486391;ORANGE;774687;LTE 2100;2019-07-10;02A;2A004;4G;2026-03-19T15:15:24;02A2290096;38;14;29;Le Ricanto;D.503/N.193 - Rte de Ricanto;;;20000;2A004;"41.928888888888885 , 8.771666666666668";41°55'44''N 8°46'18''E;En service
486392;ORANGE;774687;LTE 2600;2021-08-23;02A;2A004;4G;2026-03-19T15:15:24;02A2290096;38;14;29;Le Ricanto;D.503/N.193 - Rte de Ricanto;;;20000;2A004;"41.928888888888885 , 8.771666666666668";41°55'44''N 8°46'18''E;En service
486393;ORANGE;774687;LTE 700;2021-08-19;02A;2A004;4G;2026-03-19T15:15:24;02A2290096;38;14;29;Le Ricanto;D.503/N.193 - Rte de Ricanto;;;20000;2A004;"41.928888888888885 , 8.771666666666668";41°55'44''N 8°46'18''E;En service
486394;ORANGE;774687;LTE 800;2014-03-05;02A;2A004;4G;2026-03-19T15:15:24;02A2290096;38;14;29;Le Ricanto;D.503/N.193 - Rte de Ricanto;;;20000;2A004;"41.928888888888885 , 8.771666666666668";41°55'44''N 8°46'18''E;En service
486395;ORANGE;774687;UMTS 900;2016-06-15;02A;2A004;3G;2026-03-19T15:15:24;02A2290096;38;14;29;Le Ricanto;D.503/N.193 - Rte de Ricanto;;;20000;2A004;"41.928888888888885 , 8.771666666666668";41°55'44''N 8°46'18''E;En service
486396;ORANGE;774695;5G NR 3500;;02A;2A247;5G;2026-03-19T15:15:24;02A2290106;24;13;74;Piobba;D.468;L'Hippocampe;;20137;2A247;"41.632222222222225 , 9.317222222222222";41°37'56''N 9°19'2''E;Projet approuvé
486397;ORANGE;774695;5G NR 700;;02A;2A247;5G;2026-03-19T15:15:24;02A2290106;24;13;74;Piobba;D.468;L'Hippocampe;;20137;2A247;"41.632222222222225 , 9.317222222222222";41°37'56''N 9°19'2''E;Projet approuvé
486398;ORANGE;774695;GSM 900;2003-12-05;02A;2A247;2G;2026-03-19T15:15:24;02A2290106;24;13;74;Piobba;D.468;L'Hippocampe;;20137;2A247;"41.632222222222225 , 9.317222222222222";41°37'56''N 9°19'2''E;En service
486399;ORANGE;774695;LTE 1800;2016-06-14;02A;2A247;4G;2026-03-19T15:15:24;02A2290106;24;13;74;Piobba;D.468;L'Hippocampe;;20137;2A247;"41.632222222222225 , 9.317222222222222";41°37'56''N 9°19'2''E;En service
486400;ORANGE;774695;LTE 2100;2019-07-19;02A;2A247;4G;2026-03-19T15:15:24;02A2290106;24;13;74;Piobba;D.468;L'Hippocampe;;20137;2A247;"41.632222222222225 , 9.317222222222222";41°37'56''N 9°19'2''E;En service
486401;ORANGE;774695;LTE 800;2019-12-09;02A;2A247;4G;2026-03-19T15:15:24;02A2290106;24;13;74;Piobba;D.468;L'Hippocampe;;20137;2A247;"41.632222222222225 , 9.317222222222222";41°37'56''N 9°19'2''E;En service
486402;ORANGE;774695;UMTS 900;2020-08-07;02A;2A247;3G;2026-03-19T15:15:24;02A2290106;24;13;74;Piobba;D.468;L'Hippocampe;;20137;2A247;"41.632222222222225 , 9.317222222222222";41°37'56''N 9°19'2''E;En service
486403;ORANGE;774703;5G NR 700;2025-01-13;02A;2A271;5G;2026-03-19T15:15:24;02A2290152;26;14;74;Quadru bosci;Intersection D1 et D161;;;20167;2A271;"42.02305555555555 , 8.836666666666668";42°1'23''N 8°50'12''E;Techniquement opérationnel
486404;ORANGE;774703;GSM 900;2006-09-05;02A;2A271;2G;2026-03-19T15:15:24;02A2290152;26;14;74;Quadru bosci;Intersection D1 et D161;;;20167;2A271;"42.02305555555555 , 8.836666666666668";42°1'23''N 8°50'12''E;En service
486405;ORANGE;774703;LTE 1800;2018-05-17;02A;2A271;4G;2026-03-19T15:15:24;02A2290152;26;14;74;Quadru bosci;Intersection D1 et D161;;;20167;2A271;"42.02305555555555 , 8.836666666666668";42°1'23''N 8°50'12''E;En service
486406;ORANGE;774703;LTE 2100;2019-06-25;02A;2A271;4G;2026-03-19T15:15:24;02A2290152;26;14;74;Quadru bosci;Intersection D1 et D161;;;20167;2A271;"42.02305555555555 , 8.836666666666668";42°1'23''N 8°50'12''E;En service
486407;ORANGE;774703;LTE 2600;2021-02-22;02A;2A271;4G;2026-03-19T15:15:24;02A2290152;26;14;74;Quadru bosci;Intersection D1 et D161;;;20167;2A271;"42.02305555555555 , 8.836666666666668";42°1'23''N 8°50'12''E;En service
486408;ORANGE;774703;LTE 700;2020-12-21;02A;2A271;4G;2026-03-19T15:15:24;02A2290152;26;14;74;Quadru bosci;Intersection D1 et D161;;;20167;2A271;"42.02305555555555 , 8.836666666666668";42°1'23''N 8°50'12''E;En service
486409;ORANGE;774703;LTE 800;2018-06-14;02A;2A271;4G;2026-03-19T15:15:24;02A2290152;26;14;74;Quadru bosci;Intersection D1 et D161;;;20167;2A271;"42.02305555555555 , 8.836666666666668";42°1'23''N 8°50'12''E;En service
486410;ORANGE;774703;UMTS 900;2016-06-29;02A;2A271;3G;2026-03-19T15:15:24;02A2290152;26;14;74;Quadru bosci;Intersection D1 et D161;;;20167;2A271;"42.02305555555555 , 8.836666666666668";42°1'23''N 8°50'12''E;En service
486411;ORANGE;774708;5G NR 3500;2021-05-31;02A;2A004;5G;2026-03-19T15:15:24;02A2290171;17;24;5;CAMPO DELL'ORO;AEROPORT D'AJACCIO;;;20000;2A004;"41.91972222222222 , 8.794444444444444";41°55'11''N 8°47'40''E;Techniquement opérationnel
486412;ORANGE;774708;5G NR 700;2025-01-08;02A;2A004;5G;2026-03-19T15:15:24;02A2290171;17;24;5;CAMPO DELL'ORO;AEROPORT D'AJACCIO;;;20000;2A004;"41.91972222222222 , 8.794444444444444";41°55'11''N 8°47'40''E;Techniquement opérationnel
486413;ORANGE;774708;GSM 900;2008-07-11;02A;2A004;2G;2026-03-19T15:15:24;02A2290171;17;24;5;CAMPO DELL'ORO;AEROPORT D'AJACCIO;;;20000;2A004;"41.91972222222222 , 8.794444444444444";41°55'11''N 8°47'40''E;En service
486414;ORANGE;774708;LTE 1800;2016-07-04;02A;2A004;4G;2026-03-19T15:15:24;02A2290171;17;24;5;CAMPO DELL'ORO;AEROPORT D'AJACCIO;;;20000;2A004;"41.91972222222222 , 8.794444444444444";41°55'11''N 8°47'40''E;En service
486415;ORANGE;774708;LTE 2100;2020-08-24;02A;2A004;4G;2026-03-19T15:15:24;02A2290171;17;24;5;CAMPO DELL'ORO;AEROPORT D'AJACCIO;;;20000;2A004;"41.91972222222222 , 8.794444444444444";41°55'11''N 8°47'40''E;En service
486416;ORANGE;774708;LTE 2600;2014-01-14;02A;2A004;4G;2026-03-19T15:15:24;02A2290171;17;24;5;CAMPO DELL'ORO;AEROPORT D'AJACCIO;;;20000;2A004;"41.91972222222222 , 8.794444444444444";41°55'11''N 8°47'40''E;En service
486417;ORANGE;774708;LTE 700;2021-01-27;02A;2A004;4G;2026-03-19T15:15:24;02A2290171;17;24;5;CAMPO DELL'ORO;AEROPORT D'AJACCIO;;;20000;2A004;"41.91972222222222 , 8.794444444444444";41°55'11''N 8°47'40''E;En service
486418;ORANGE;774708;LTE 800;2019-07-29;02A;2A004;4G;2026-03-19T15:15:24;02A2290171;17;24;5;CAMPO DELL'ORO;AEROPORT D'AJACCIO;;;20000;2A004;"41.91972222222222 , 8.794444444444444";41°55'11''N 8°47'40''E;En service
486419;ORANGE;774708;UMTS 900;2016-06-15;02A;2A004;3G;2026-03-19T15:15:24;02A2290171;17;24;5;CAMPO DELL'ORO;AEROPORT D'AJACCIO;;;20000;2A004;"41.91972222222222 , 8.794444444444444";41°55'11''N 8°47'40''E;En service
486420;ORANGE;774712;GSM 900;2019-08-26;02A;2A004;2G;2026-03-19T15:15:24;02A2290175;17;25;9;;18 Bd Danielle Casanova;;;20000;2A004;"41.916666666666664 , 8.738888888888889";41°55'0''N 8°44'20''E;En service
486421;ORANGE;774712;LTE 1800;2016-09-22;02A;2A004;4G;2026-03-19T15:15:24;02A2290175;17;25;9;;18 Bd Danielle Casanova;;;20000;2A004;"41.916666666666664 , 8.738888888888889";41°55'0''N 8°44'20''E;En service
486422;ORANGE;774712;LTE 2100;2019-09-27;02A;2A004;4G;2026-03-19T15:15:24;02A2290175;17;25;9;;18 Bd Danielle Casanova;;;20000;2A004;"41.916666666666664 , 8.738888888888889";41°55'0''N 8°44'20''E;En service
486423;ORANGE;774712;LTE 2600;2013-11-19;02A;2A004;4G;2026-03-19T15:15:24;02A2290175;17;25;9;;18 Bd Danielle Casanova;;;20000;2A004;"41.916666666666664 , 8.738888888888889";41°55'0''N 8°44'20''E;En service
486424;ORANGE;774712;LTE 800;2019-09-23;02A;2A004;4G;2026-03-19T15:15:24;02A2290175;17;25;9;;18 Bd Danielle Casanova;;;20000;2A004;"41.916666666666664 , 8.738888888888889";41°55'0''N 8°44'20''E;En service
486425;ORANGE;774712;UMTS 900;2019-08-26;02A;2A004;3G;2026-03-19T15:15:24;02A2290175;17;25;9;;18 Bd Danielle Casanova;;;20000;2A004;"41.916666666666664 , 8.738888888888889";41°55'0''N 8°44'20''E;En service
486426;ORANGE;774716;5G NR 3500;2021-05-31;02A;2A004;5G;2026-03-19T15:15:24;02A2290176;38;31;9;;2 Av Noël Franchini;Rés Europa;;20000;2A004;"41.934999999999995 , 8.755277777777778";41°56'6''N 8°45'19''E;Techniquement opérationnel
486427;ORANGE;774716;5G NR 700;2025-01-08;02A;2A004;5G;2026-03-19T15:15:24;02A2290176;38;31;9;;2 Av Noël Franchini;Rés Europa;;20000;2A004;"41.934999999999995 , 8.755277777777778";41°56'6''N 8°45'19''E;Techniquement opérationnel
486428;ORANGE;774716;GSM 900;2008-02-07;02A;2A004;2G;2026-03-19T15:15:24;02A2290176;38;31;9;;2 Av Noël Franchini;Rés Europa;;20000;2A004;"41.934999999999995 , 8.755277777777778";41°56'6''N 8°45'19''E;En service
486429;ORANGE;774716;LTE 1800;2016-09-06;02A;2A004;4G;2026-03-19T15:15:24;02A2290176;38;31;9;;2 Av Noël Franchini;Rés Europa;;20000;2A004;"41.934999999999995 , 8.755277777777778";41°56'6''N 8°45'19''E;En service
486430;ORANGE;774716;LTE 2100;2019-08-14;02A;2A004;4G;2026-03-19T15:15:24;02A2290176;38;31;9;;2 Av Noël Franchini;Rés Europa;;20000;2A004;"41.934999999999995 , 8.755277777777778";41°56'6''N 8°45'19''E;En service
486431;ORANGE;774716;LTE 2600;2013-10-29;02A;2A004;4G;2026-03-19T15:15:24;02A2290176;38;31;9;;2 Av Noël Franchini;Rés Europa;;20000;2A004;"41.934999999999995 , 8.755277777777778";41°56'6''N 8°45'19''E;En service
486432;ORANGE;774716;LTE 700;2021-05-04;02A;2A004;4G;2026-03-19T15:15:24;02A2290176;38;31;9;;2 Av Noël Franchini;Rés Europa;;20000;2A004;"41.934999999999995 , 8.755277777777778";41°56'6''N 8°45'19''E;En service
486433;ORANGE;774716;LTE 800;2019-07-29;02A;2A004;4G;2026-03-19T15:15:24;02A2290176;38;31;9;;2 Av Noël Franchini;Rés Europa;;20000;2A004;"41.934999999999995 , 8.755277777777778";41°56'6''N 8°45'19''E;En service
486434;ORANGE;774716;UMTS 900;2016-06-15;02A;2A004;3G;2026-03-19T15:15:24;02A2290176;38;31;9;;2 Av Noël Franchini;Rés Europa;;20000;2A004;"41.934999999999995 , 8.755277777777778";41°56'6''N 8°45'19''E;En service
486471;ORANGE;775205;5G NR 3500;2022-06-29;02A;2A004;5G;2026-03-19T15:15:24;02A2290111;38;25;9;;"75, Cours Napoléon";;;20000;2A004;"41.92722222222222 , 8.738333333333333";41°55'38''N 8°44'18''E;Techniquement opérationnel
486472;ORANGE;775205;5G NR 700;2025-01-08;02A;2A004;5G;2026-03-19T15:15:24;02A2290111;38;25;9;;"75, Cours Napoléon";;;20000;2A004;"41.92722222222222 , 8.738333333333333";41°55'38''N 8°44'18''E;Techniquement opérationnel
486473;ORANGE;775205;GSM 900;2004-05-22;02A;2A004;2G;2026-03-19T15:15:24;02A2290111;38;25;9;;"75, Cours Napoléon";;;20000;2A004;"41.92722222222222 , 8.738333333333333";41°55'38''N 8°44'18''E;En service
486474;ORANGE;775205;LTE 1800;2016-06-23;02A;2A004;4G;2026-03-19T15:15:24;02A2290111;38;25;9;;"75, Cours Napoléon";;;20000;2A004;"41.92722222222222 , 8.738333333333333";41°55'38''N 8°44'18''E;En service
486475;ORANGE;775205;LTE 2100;2019-06-26;02A;2A004;4G;2026-03-19T15:15:24;02A2290111;38;25;9;;"75, Cours Napoléon";;;20000;2A004;"41.92722222222222 , 8.738333333333333";41°55'38''N 8°44'18''E;En service
486476;ORANGE;775205;LTE 2600;2013-10-29;02A;2A004;4G;2026-03-19T15:15:24;02A2290111;38;25;9;;"75, Cours Napoléon";;;20000;2A004;"41.92722222222222 , 8.738333333333333";41°55'38''N 8°44'18''E;En service
486477;ORANGE;775205;LTE 700;2022-04-04;02A;2A004;4G;2026-03-19T15:15:24;02A2290111;38;25;9;;"75, Cours Napoléon";;;20000;2A004;"41.92722222222222 , 8.738333333333333";41°55'38''N 8°44'18''E;En service
486478;ORANGE;775205;LTE 800;2019-07-29;02A;2A004;4G;2026-03-19T15:15:24;02A2290111;38;25;9;;"75, Cours Napoléon";;;20000;2A004;"41.92722222222222 , 8.738333333333333";41°55'38''N 8°44'18''E;En service
486479;ORANGE;775205;UMTS 900;2016-06-21;02A;2A004;3G;2026-03-19T15:15:24;02A2290111;38;25;9;;"75, Cours Napoléon";;;20000;2A004;"41.92722222222222 , 8.738333333333333";41°55'38''N 8°44'18''E;En service
486523;ORANGE;775252;5G NR 3500;2023-01-26;02A;2A247;5G;2026-03-19T15:15:24;02A2290125;26;12;74;;Marina de Santa Giulia;;;20137;2A247;"41.53805555555555 , 9.279444444444445";41°32'17''N 9°16'46''E;Techniquement opérationnel
486524;ORANGE;775252;5G NR 700;2025-01-08;02A;2A247;5G;2026-03-19T15:15:24;02A2290125;26;12;74;;Marina de Santa Giulia;;;20137;2A247;"41.53805555555555 , 9.279444444444445";41°32'17''N 9°16'46''E;Techniquement opérationnel
486525;ORANGE;775252;GSM 900;2005-05-28;02A;2A247;2G;2026-03-19T15:15:24;02A2290125;26;12;74;;Marina de Santa Giulia;;;20137;2A247;"41.53805555555555 , 9.279444444444445";41°32'17''N 9°16'46''E;En service
486526;ORANGE;775252;LTE 1800;2017-07-27;02A;2A247;4G;2026-03-19T15:15:24;02A2290125;26;12;74;;Marina de Santa Giulia;;;20137;2A247;"41.53805555555555 , 9.279444444444445";41°32'17''N 9°16'46''E;En service
486527;ORANGE;775252;LTE 2100;2019-07-17;02A;2A247;4G;2026-03-19T15:15:24;02A2290125;26;12;74;;Marina de Santa Giulia;;;20137;2A247;"41.53805555555555 , 9.279444444444445";41°32'17''N 9°16'46''E;En service
486528;ORANGE;775252;LTE 2600;2017-07-27;02A;2A247;4G;2026-03-19T15:15:24;02A2290125;26;12;74;;Marina de Santa Giulia;;;20137;2A247;"41.53805555555555 , 9.279444444444445";41°32'17''N 9°16'46''E;En service
486529;ORANGE;775252;LTE 700;2022-12-12;02A;2A247;4G;2026-03-19T15:15:24;02A2290125;26;12;74;;Marina de Santa Giulia;;;20137;2A247;"41.53805555555555 , 9.279444444444445";41°32'17''N 9°16'46''E;En service
486530;ORANGE;775252;LTE 800;2017-08-07;02A;2A247;4G;2026-03-19T15:15:24;02A2290125;26;12;74;;Marina de Santa Giulia;;;20137;2A247;"41.53805555555555 , 9.279444444444445";41°32'17''N 9°16'46''E;En service
486531;ORANGE;775252;UMTS 900;2019-07-17;02A;2A247;3G;2026-03-19T15:15:24;02A2290125;26;12;74;;Marina de Santa Giulia;;;20137;2A247;"41.53805555555555 , 9.279444444444445";41°32'17''N 9°16'46''E;En service
486538;ORANGE;775275;GSM 900;2005-07-23;02A;2A357;2G;2026-03-19T15:15:24;02A2290128;23;24;32;BOCA DI A TANA;;StationTDF;;20116;2A357;"41.763333333333335 , 9.042777777777777";41°45'48''N 9°2'34''E;En service
486539;ORANGE;775275;LTE 1800;2018-09-24;02A;2A357;4G;2026-03-19T15:15:24;02A2290128;23;24;32;BOCA DI A TANA;;StationTDF;;20116;2A357;"41.763333333333335 , 9.042777777777777";41°45'48''N 9°2'34''E;En service
486540;ORANGE;775275;LTE 2600;2018-09-24;02A;2A357;4G;2026-03-19T15:15:24;02A2290128;23;24;32;BOCA DI A TANA;;StationTDF;;20116;2A357;"41.763333333333335 , 9.042777777777777";41°45'48''N 9°2'34''E;En service
486541;ORANGE;775275;LTE 800;2018-09-26;02A;2A357;4G;2026-03-19T15:15:24;02A2290128;23;24;32;BOCA DI A TANA;;StationTDF;;20116;2A357;"41.763333333333335 , 9.042777777777777";41°45'48''N 9°2'34''E;En service
486542;ORANGE;775275;UMTS 900;2016-06-30;02A;2A357;3G;2026-03-19T15:15:24;02A2290128;23;24;32;BOCA DI A TANA;;StationTDF;;20116;2A357;"41.763333333333335 , 9.042777777777777";41°45'48''N 9°2'34''E;En service
486584;ORANGE;775299;5G NR 3500;2021-10-22;02A;2A004;5G;2026-03-19T15:15:24;02A2290137;17;21;9;;"2,4,6, r de Rivoli";Résidence Napoléon Bât B;;20000;2A004;"41.91611111111111 , 8.726111111111111";41°54'58''N 8°43'34''E;Techniquement opérationnel
486585;ORANGE;775299;5G NR 700;2025-01-08;02A;2A004;5G;2026-03-19T15:15:24;02A2290137;17;21;9;;"2,4,6, r de Rivoli";Résidence Napoléon Bât B;;20000;2A004;"41.91611111111111 , 8.726111111111111";41°54'58''N 8°43'34''E;Techniquement opérationnel
486586;ORANGE;775299;GSM 900;2020-03-30;02A;2A004;2G;2026-03-19T15:15:24;02A2290137;17;21;9;;"2,4,6, r de Rivoli";Résidence Napoléon Bât B;;20000;2A004;"41.91611111111111 , 8.726111111111111";41°54'58''N 8°43'34''E;En service
486587;ORANGE;775299;LTE 1800;2017-02-16;02A;2A004;4G;2026-03-19T15:15:24;02A2290137;17;21;9;;"2,4,6, r de Rivoli";Résidence Napoléon Bât B;;20000;2A004;"41.91611111111111 , 8.726111111111111";41°54'58''N 8°43'34''E;En service
486588;ORANGE;775299;LTE 2100;2019-07-25;02A;2A004;4G;2026-03-19T15:15:24;02A2290137;17;21;9;;"2,4,6, r de Rivoli";Résidence Napoléon Bât B;;20000;2A004;"41.91611111111111 , 8.726111111111111";41°54'58''N 8°43'34''E;En service
486589;ORANGE;775299;LTE 2600;2013-12-03;02A;2A004;4G;2026-03-19T15:15:24;02A2290137;17;21;9;;"2,4,6, r de Rivoli";Résidence Napoléon Bât B;;20000;2A004;"41.91611111111111 , 8.726111111111111";41°54'58''N 8°43'34''E;En service
486590;ORANGE;775299;LTE 700;2021-09-30;02A;2A004;4G;2026-03-19T15:15:24;02A2290137;17;21;9;;"2,4,6, r de Rivoli";Résidence Napoléon Bât B;;20000;2A004;"41.91611111111111 , 8.726111111111111";41°54'58''N 8°43'34''E;En service
486591;ORANGE;775299;LTE 800;2013-12-05;02A;2A004;4G;2026-03-19T15:15:24;02A2290137;17;21;9;;"2,4,6, r de Rivoli";Résidence Napoléon Bât B;;20000;2A004;"41.91611111111111 , 8.726111111111111";41°54'58''N 8°43'34''E;En service
486592;ORANGE;775299;UMTS 900;2018-10-08;02A;2A004;3G;2026-03-19T15:15:24;02A2290137;17;21;9;;"2,4,6, r de Rivoli";Résidence Napoléon Bât B;;20000;2A004;"41.91611111111111 , 8.726111111111111";41°54'58''N 8°43'34''E;En service
486929;ORANGE;776421;5G NR 3500;2022-08-18;02A;2A247;5G;2026-03-19T15:15:24;02A2290133;39;"9,5";27;Bocca di l'oru;;;;20137;2A247;"41.546388888888885 , 9.295555555555556";41°32'47''N 9°17'44''E;Techniquement opérationnel
486930;ORANGE;776421;5G NR 700;2025-01-08;02A;2A247;5G;2026-03-19T15:15:24;02A2290133;39;"9,5";27;Bocca di l'oru;;;;20137;2A247;"41.546388888888885 , 9.295555555555556";41°32'47''N 9°17'44''E;Techniquement opérationnel
486931;ORANGE;776421;GSM 900;2006-12-18;02A;2A247;2G;2026-03-19T15:15:24;02A2290133;39;"9,5";27;Bocca di l'oru;;;;20137;2A247;"41.546388888888885 , 9.295555555555556";41°32'47''N 9°17'44''E;En service
486932;ORANGE;776421;LTE 1800;2019-06-25;02A;2A247;4G;2026-03-19T15:15:24;02A2290133;39;"9,5";27;Bocca di l'oru;;;;20137;2A247;"41.546388888888885 , 9.295555555555556";41°32'47''N 9°17'44''E;En service
486933;ORANGE;776421;LTE 2100;2019-06-25;02A;2A247;4G;2026-03-19T15:15:24;02A2290133;39;"9,5";27;Bocca di l'oru;;;;20137;2A247;"41.546388888888885 , 9.295555555555556";41°32'47''N 9°17'44''E;En service
486934;ORANGE;776421;LTE 2600;2021-03-02;02A;2A247;4G;2026-03-19T15:15:24;02A2290133;39;"9,5";27;Bocca di l'oru;;;;20137;2A247;"41.546388888888885 , 9.295555555555556";41°32'47''N 9°17'44''E;En service
486935;ORANGE;776421;LTE 700;2021-02-03;02A;2A247;4G;2026-03-19T15:15:24;02A2290133;39;"9,5";27;Bocca di l'oru;;;;20137;2A247;"41.546388888888885 , 9.295555555555556";41°32'47''N 9°17'44''E;En service
486936;ORANGE;776421;LTE 800;2018-04-03;02A;2A247;4G;2026-03-19T15:15:24;02A2290133;39;"9,5";27;Bocca di l'oru;;;;20137;2A247;"41.546388888888885 , 9.295555555555556";41°32'47''N 9°17'44''E;En service
486937;ORANGE;776421;UMTS 900;2018-04-09;02A;2A247;3G;2026-03-19T15:15:24;02A2290133;39;"9,5";27;Bocca di l'oru;;;;20137;2A247;"41.546388888888885 , 9.295555555555556";41°32'47''N 9°17'44''E;En service
486938;ORANGE;776423;5G NR 3500;2023-09-11;02A;2A130;5G;2026-03-19T15:15:24;02A2290134;23;12;74;MARINA VIVA;;;;20128;2A130;"41.89111111111111 , 8.808055555555557";41°53'28''N 8°48'29''E;Techniquement opérationnel
486939;ORANGE;776423;5G NR 700;2025-01-08;02A;2A130;5G;2026-03-19T15:15:24;02A2290134;23;12;74;MARINA VIVA;;;;20128;2A130;"41.89111111111111 , 8.808055555555557";41°53'28''N 8°48'29''E;Techniquement opérationnel
486940;ORANGE;776423;GSM 900;2005-12-10;02A;2A130;2G;2026-03-19T15:15:24;02A2290134;23;12;74;MARINA VIVA;;;;20128;2A130;"41.89111111111111 , 8.808055555555557";41°53'28''N 8°48'29''E;En service
486941;ORANGE;776423;LTE 1800;2016-06-24;02A;2A130;4G;2026-03-19T15:15:24;02A2290134;23;12;74;MARINA VIVA;;;;20128;2A130;"41.89111111111111 , 8.808055555555557";41°53'28''N 8°48'29''E;En service
486942;ORANGE;776423;LTE 2100;2019-07-04;02A;2A130;4G;2026-03-19T15:15:24;02A2290134;23;12;74;MARINA VIVA;;;;20128;2A130;"41.89111111111111 , 8.808055555555557";41°53'28''N 8°48'29''E;En service
486943;ORANGE;776423;LTE 2600;2018-11-21;02A;2A130;4G;2026-03-19T15:15:24;02A2290134;23;12;74;MARINA VIVA;;;;20128;2A130;"41.89111111111111 , 8.808055555555557";41°53'28''N 8°48'29''E;En service
486944;ORANGE;776423;LTE 700;2023-09-11;02A;2A130;4G;2026-03-19T15:15:24;02A2290134;23;12;74;MARINA VIVA;;;;20128;2A130;"41.89111111111111 , 8.808055555555557";41°53'28''N 8°48'29''E;En service
486945;ORANGE;776423;LTE 800;2018-11-29;02A;2A130;4G;2026-03-19T15:15:24;02A2290134;23;12;74;MARINA VIVA;;;;20128;2A130;"41.89111111111111 , 8.808055555555557";41°53'28''N 8°48'29''E;En service
486946;ORANGE;776423;UMTS 900;2016-06-29;02A;2A130;3G;2026-03-19T15:15:24;02A2290134;23;12;74;MARINA VIVA;;;;20128;2A130;"41.89111111111111 , 8.808055555555557";41°53'28''N 8°48'29''E;En service
486947;ORANGE;776434;5G NR 3500;;02A;2A004;5G;2026-03-19T15:15:24;02A2290136;17;17;32;;rte des milleli;Délégation TDF Corse;;20000;2A004;"41.94083333333333 , 8.728055555555555";41°56'27''N 8°43'41''E;Projet approuvé
486948;ORANGE;776434;5G NR 700;;02A;2A004;5G;2026-03-19T15:15:24;02A2290136;17;17;32;;rte des milleli;Délégation TDF Corse;;20000;2A004;"41.94083333333333 , 8.728055555555555";41°56'27''N 8°43'41''E;Projet approuvé
486949;ORANGE;776434;GSM 900;2018-09-24;02A;2A004;2G;2026-03-19T15:15:24;02A2290136;17;17;32;;rte des milleli;Délégation TDF Corse;;20000;2A004;"41.94083333333333 , 8.728055555555555";41°56'27''N 8°43'41''E;En service
486950;ORANGE;776434;LTE 1800;2017-02-16;02A;2A004;4G;2026-03-19T15:15:24;02A2290136;17;17;32;;rte des milleli;Délégation TDF Corse;;20000;2A004;"41.94083333333333 , 8.728055555555555";41°56'27''N 8°43'41''E;En service
486951;ORANGE;776434;LTE 2100;2019-08-07;02A;2A004;4G;2026-03-19T15:15:24;02A2290136;17;17;32;;rte des milleli;Délégation TDF Corse;;20000;2A004;"41.94083333333333 , 8.728055555555555";41°56'27''N 8°43'41''E;En service
486952;ORANGE;776434;LTE 2600;2017-01-17;02A;2A004;4G;2026-03-19T15:15:24;02A2290136;17;17;32;;rte des milleli;Délégation TDF Corse;;20000;2A004;"41.94083333333333 , 8.728055555555555";41°56'27''N 8°43'41''E;En service
486953;ORANGE;776434;LTE 800;2018-10-18;02A;2A004;4G;2026-03-19T15:15:24;02A2290136;17;17;32;;rte des milleli;Délégation TDF Corse;;20000;2A004;"41.94083333333333 , 8.728055555555555";41°56'27''N 8°43'41''E;En service
486954;ORANGE;776434;UMTS 900;2018-09-24;02A;2A004;3G;2026-03-19T15:15:24;02A2290136;17;17;32;;rte des milleli;Délégation TDF Corse;;20000;2A004;"41.94083333333333 , 8.728055555555555";41°56'27''N 8°43'41''E;En service
487038;ORANGE;777180;5G NR 3500;;02A;2A041;5G;2026-03-19T15:15:24;02A2290120;23;18;74;Ile de Cavallo;PRES RESERVOIRS;;PYLONE FRANCE TELECOM;20169;2A041;"41.364444444444445 , 9.265277777777778";41°21'52''N 9°15'55''E;Projet approuvé
487039;ORANGE;777180;GSM 900;2005-01-18;02A;2A041;2G;2026-03-19T15:15:24;02A2290120;23;18;74;Ile de Cavallo;PRES RESERVOIRS;;PYLONE FRANCE TELECOM;20169;2A041;"41.364444444444445 , 9.265277777777778";41°21'52''N 9°15'55''E;En service
487040;ORANGE;777180;LTE 1800;2019-08-12;02A;2A041;4G;2026-03-19T15:15:24;02A2290120;23;18;74;Ile de Cavallo;PRES RESERVOIRS;;PYLONE FRANCE TELECOM;20169;2A041;"41.364444444444445 , 9.265277777777778";41°21'52''N 9°15'55''E;En service
487041;ORANGE;777180;LTE 2100;2019-08-12;02A;2A041;4G;2026-03-19T15:15:24;02A2290120;23;18;74;Ile de Cavallo;PRES RESERVOIRS;;PYLONE FRANCE TELECOM;20169;2A041;"41.364444444444445 , 9.265277777777778";41°21'52''N 9°15'55''E;En service
487042;ORANGE;777180;LTE 700;;02A;2A041;4G;2026-03-19T15:15:24;02A2290120;23;18;74;Ile de Cavallo;PRES RESERVOIRS;;PYLONE FRANCE TELECOM;20169;2A041;"41.364444444444445 , 9.265277777777778";41°21'52''N 9°15'55''E;Projet approuvé
487043;ORANGE;777180;LTE 800;2018-03-15;02A;2A041;4G;2026-03-19T15:15:24;02A2290120;23;18;74;Ile de Cavallo;PRES RESERVOIRS;;PYLONE FRANCE TELECOM;20169;2A041;"41.364444444444445 , 9.265277777777778";41°21'52''N 9°15'55''E;En service
487044;ORANGE;777180;UMTS 900;2018-01-24;02A;2A041;3G;2026-03-19T15:15:24;02A2290120;23;18;74;Ile de Cavallo;PRES RESERVOIRS;;PYLONE FRANCE TELECOM;20169;2A041;"41.364444444444445 , 9.265277777777778";41°21'52''N 9°15'55''E;En service
487808;ORANGE;779034;5G NR 3500;2024-07-23;02A;2A098;5G;2026-03-19T15:15:24;02A2290157;23;29;74;;Punta di Pinselli;Site France telecom;;20138;2A098;"41.76916666666666 , 8.772777777777778";41°46'9''N 8°46'22''E;Techniquement opérationnel
487809;ORANGE;779034;5G NR 700;2025-01-13;02A;2A098;5G;2026-03-19T15:15:24;02A2290157;23;29;74;;Punta di Pinselli;Site France telecom;;20138;2A098;"41.76916666666666 , 8.772777777777778";41°46'9''N 8°46'22''E;Techniquement opérationnel
487810;ORANGE;779034;GSM 1800;2006-12-09;02A;2A098;2G;2026-03-19T15:15:24;02A2290157;23;29;74;;Punta di Pinselli;Site France telecom;;20138;2A098;"41.76916666666666 , 8.772777777777778";41°46'9''N 8°46'22''E;En service
487811;ORANGE;779034;GSM 900;2007-08-03;02A;2A098;2G;2026-03-19T15:15:24;02A2290157;23;29;74;;Punta di Pinselli;Site France telecom;;20138;2A098;"41.76916666666666 , 8.772777777777778";41°46'9''N 8°46'22''E;En service
487812;ORANGE;779034;LTE 1800;2016-09-27;02A;2A098;4G;2026-03-19T15:15:24;02A2290157;23;29;74;;Punta di Pinselli;Site France telecom;;20138;2A098;"41.76916666666666 , 8.772777777777778";41°46'9''N 8°46'22''E;En service
487813;ORANGE;779034;LTE 2600;2020-06-16;02A;2A098;4G;2026-03-19T15:15:24;02A2290157;23;29;74;;Punta di Pinselli;Site France telecom;;20138;2A098;"41.76916666666666 , 8.772777777777778";41°46'9''N 8°46'22''E;En service
487814;ORANGE;779034;LTE 700;2021-08-23;02A;2A098;4G;2026-03-19T15:15:24;02A2290157;23;29;74;;Punta di Pinselli;Site France telecom;;20138;2A098;"41.76916666666666 , 8.772777777777778";41°46'9''N 8°46'22''E;En service
487815;ORANGE;779034;LTE 800;2020-06-22;02A;2A098;4G;2026-03-19T15:15:24;02A2290157;23;29;74;;Punta di Pinselli;Site France telecom;;20138;2A098;"41.76916666666666 , 8.772777777777778";41°46'9''N 8°46'22''E;En service
487816;ORANGE;779034;UMTS 900;2018-07-16;02A;2A098;3G;2026-03-19T15:15:24;02A2290157;23;29;74;;Punta di Pinselli;Site France telecom;;20138;2A098;"41.76916666666666 , 8.772777777777778";41°46'9''N 8°46'22''E;En service
489984;ORANGE;785242;GSM 900;2004-11-23;02A;2A211;2G;2026-03-19T15:15:24;02A2290115;23;20;74;Santa Barbara;;;;20140;2A211;"41.785555555555554 , 8.973333333333333";41°47'8''N 8°58'24''E;En service
489985;ORANGE;785242;LTE 1800;2022-11-02;02A;2A211;4G;2026-03-19T15:15:24;02A2290115;23;20;74;Santa Barbara;;;;20140;2A211;"41.785555555555554 , 8.973333333333333";41°47'8''N 8°58'24''E;En service
489986;ORANGE;785242;LTE 2100;2025-03-06;02A;2A211;4G;2026-03-19T15:15:24;02A2290115;23;20;74;Santa Barbara;;;;20140;2A211;"41.785555555555554 , 8.973333333333333";41°47'8''N 8°58'24''E;En service
489987;ORANGE;785242;LTE 700;2025-02-21;02A;2A211;4G;2026-03-19T15:15:24;02A2290115;23;20;74;Santa Barbara;;;;20140;2A211;"41.785555555555554 , 8.973333333333333";41°47'8''N 8°58'24''E;En service
489988;ORANGE;785242;LTE 800;2017-08-03;02A;2A211;4G;2026-03-19T15:15:24;02A2290115;23;20;74;Santa Barbara;;;;20140;2A211;"41.785555555555554 , 8.973333333333333";41°47'8''N 8°58'24''E;En service
489989;ORANGE;785242;UMTS 900;2011-11-22;02A;2A211;3G;2026-03-19T15:15:24;02A2290115;23;20;74;Santa Barbara;;;;20140;2A211;"41.785555555555554 , 8.973333333333333";41°47'8''N 8°58'24''E;En service
493116;ORANGE;795487;5G NR 3500;;02A;2A040;5G;2026-03-19T15:15:24;02A2290200;26;25;74;Stollo;Terrain communal;;;20136;2A040;"42.084722222222226 , 9.05";42°5'5''N 9°3'0''E;Projet approuvé
493117;ORANGE;795487;5G NR 700;;02A;2A040;5G;2026-03-19T15:15:24;02A2290200;26;25;74;Stollo;Terrain communal;;;20136;2A040;"42.084722222222226 , 9.05";42°5'5''N 9°3'0''E;Projet approuvé
493118;ORANGE;795487;LTE 1800;2018-09-24;02A;2A040;4G;2026-03-19T15:15:24;02A2290200;26;25;74;Stollo;Terrain communal;;;20136;2A040;"42.084722222222226 , 9.05";42°5'5''N 9°3'0''E;En service
493119;ORANGE;795487;LTE 2100;;02A;2A040;4G;2026-03-19T15:15:24;02A2290200;26;25;74;Stollo;Terrain communal;;;20136;2A040;"42.084722222222226 , 9.05";42°5'5''N 9°3'0''E;Projet approuvé
493120;ORANGE;795487;LTE 2600;2018-09-24;02A;2A040;4G;2026-03-19T15:15:24;02A2290200;26;25;74;Stollo;Terrain communal;;;20136;2A040;"42.084722222222226 , 9.05";42°5'5''N 9°3'0''E;En service
493121;ORANGE;795487;LTE 800;2018-09-29;02A;2A040;4G;2026-03-19T15:15:24;02A2290200;26;25;74;Stollo;Terrain communal;;;20136;2A040;"42.084722222222226 , 9.05";42°5'5''N 9°3'0''E;En service
493122;ORANGE;795487;UMTS 900;2010-12-16;02A;2A040;3G;2026-03-19T15:15:24;02A2290200;26;25;74;Stollo;Terrain communal;;;20136;2A040;"42.084722222222226 , 9.05";42°5'5''N 9°3'0''E;En service
499218;ORANGE;810092;5G NR 3500;;02A;2A006;5G;2026-03-19T15:15:24;02A2290114;23;30;16;Punta Pozzo di Borgo;;;;20167;2A006;"41.953611111111115 , 8.700555555555555";41°57'13''N 8°42'2''E;Projet approuvé
499219;ORANGE;810092;5G NR 700;2026-03-16;02A;2A006;5G;2026-03-19T15:15:24;02A2290114;23;30;16;Punta Pozzo di Borgo;;;;20167;2A006;"41.953611111111115 , 8.700555555555555";41°57'13''N 8°42'2''E;Techniquement opérationnel
499220;ORANGE;810092;GSM 900;2008-11-23;02A;2A006;2G;2026-03-19T15:15:24;02A2290114;23;30;16;Punta Pozzo di Borgo;;;;20167;2A006;"41.953611111111115 , 8.700555555555555";41°57'13''N 8°42'2''E;En service
499221;ORANGE;810092;LTE 1800;2019-07-05;02A;2A006;4G;2026-03-19T15:15:24;02A2290114;23;30;16;Punta Pozzo di Borgo;;;;20167;2A006;"41.953611111111115 , 8.700555555555555";41°57'13''N 8°42'2''E;En service
499222;ORANGE;810092;LTE 2100;2021-01-07;02A;2A006;4G;2026-03-19T15:15:24;02A2290114;23;30;16;Punta Pozzo di Borgo;;;;20167;2A006;"41.953611111111115 , 8.700555555555555";41°57'13''N 8°42'2''E;En service
499223;ORANGE;810092;LTE 2600;2021-01-07;02A;2A006;4G;2026-03-19T15:15:24;02A2290114;23;30;16;Punta Pozzo di Borgo;;;;20167;2A006;"41.953611111111115 , 8.700555555555555";41°57'13''N 8°42'2''E;En service
499224;ORANGE;810092;LTE 800;2020-01-27;02A;2A006;4G;2026-03-19T15:15:24;02A2290114;23;30;16;Punta Pozzo di Borgo;;;;20167;2A006;"41.953611111111115 , 8.700555555555555";41°57'13''N 8°42'2''E;En service
499225;ORANGE;810092;UMTS 900;2020-03-10;02A;2A006;3G;2026-03-19T15:15:24;02A2290114;23;30;16;Punta Pozzo di Borgo;;;;20167;2A006;"41.953611111111115 , 8.700555555555555";41°57'13''N 8°42'2''E;En service
499226;ORANGE;810104;5G NR 3500;;02A;2A006;5G;2026-03-19T15:15:24;02A2290114;23;37;16;Punta Pozzo di Borgo;;;;20167;2A006;"41.953611111111115 , 8.700277777777776";41°57'13''N 8°42'1''E;Projet approuvé
499227;ORANGE;810104;5G NR 700;2026-03-16;02A;2A006;5G;2026-03-19T15:15:24;02A2290114;23;37;16;Punta Pozzo di Borgo;;;;20167;2A006;"41.953611111111115 , 8.700277777777776";41°57'13''N 8°42'1''E;Techniquement opérationnel
499228;ORANGE;810104;GSM 900;2008-11-23;02A;2A006;2G;2026-03-19T15:15:24;02A2290114;23;37;16;Punta Pozzo di Borgo;;;;20167;2A006;"41.953611111111115 , 8.700277777777776";41°57'13''N 8°42'1''E;En service
499229;ORANGE;810104;LTE 1800;2019-07-05;02A;2A006;4G;2026-03-19T15:15:24;02A2290114;23;37;16;Punta Pozzo di Borgo;;;;20167;2A006;"41.953611111111115 , 8.700277777777776";41°57'13''N 8°42'1''E;En service
499230;ORANGE;810104;LTE 2100;2021-01-07;02A;2A006;4G;2026-03-19T15:15:24;02A2290114;23;37;16;Punta Pozzo di Borgo;;;;20167;2A006;"41.953611111111115 , 8.700277777777776";41°57'13''N 8°42'1''E;En service
499231;ORANGE;810104;LTE 2600;2021-01-07;02A;2A006;4G;2026-03-19T15:15:24;02A2290114;23;37;16;Punta Pozzo di Borgo;;;;20167;2A006;"41.953611111111115 , 8.700277777777776";41°57'13''N 8°42'1''E;En service
499232;ORANGE;810104;LTE 800;2020-01-27;02A;2A006;4G;2026-03-19T15:15:24;02A2290114;23;37;16;Punta Pozzo di Borgo;;;;20167;2A006;"41.953611111111115 , 8.700277777777776";41°57'13''N 8°42'1''E;En service
499233;ORANGE;810104;UMTS 900;2020-03-10;02A;2A006;3G;2026-03-19T15:15:24;02A2290114;23;37;16;Punta Pozzo di Borgo;;;;20167;2A006;"41.953611111111115 , 8.700277777777776";41°57'13''N 8°42'1''E;En service
507755;ORANGE;829166;5G NR 3500;2021-05-31;02A;2A004;5G;2026-03-19T15:15:24;02A2290061;38;59;9;;9 AV DE LA LIBERATION;IMM LE BELVEDERE;;20000;2A004;"41.92111111111111 , 8.730555555555556";41°55'16''N 8°43'50''E;Techniquement opérationnel
507756;ORANGE;829166;5G NR 700;2025-01-20;02A;2A004;5G;2026-03-19T15:15:24;02A2290061;38;59;9;;9 AV DE LA LIBERATION;IMM LE BELVEDERE;;20000;2A004;"41.92111111111111 , 8.730555555555556";41°55'16''N 8°43'50''E;Techniquement opérationnel
507757;ORANGE;829166;GSM 900;1998-06-17;02A;2A004;2G;2026-03-19T15:15:24;02A2290061;38;59;9;;9 AV DE LA LIBERATION;IMM LE BELVEDERE;;20000;2A004;"41.92111111111111 , 8.730555555555556";41°55'16''N 8°43'50''E;En service
507758;ORANGE;829166;LTE 1800;2019-07-10;02A;2A004;4G;2026-03-19T15:15:24;02A2290061;38;59;9;;9 AV DE LA LIBERATION;IMM LE BELVEDERE;;20000;2A004;"41.92111111111111 , 8.730555555555556";41°55'16''N 8°43'50''E;En service
507759;ORANGE;829166;LTE 2600;2018-06-11;02A;2A004;4G;2026-03-19T15:15:24;02A2290061;38;59;9;;9 AV DE LA LIBERATION;IMM LE BELVEDERE;;20000;2A004;"41.92111111111111 , 8.730555555555556";41°55'16''N 8°43'50''E;En service
507760;ORANGE;829166;LTE 700;2021-04-15;02A;2A004;4G;2026-03-19T15:15:24;02A2290061;38;59;9;;9 AV DE LA LIBERATION;IMM LE BELVEDERE;;20000;2A004;"41.92111111111111 , 8.730555555555556";41°55'16''N 8°43'50''E;En service
507761;ORANGE;829166;LTE 800;2018-06-18;02A;2A004;4G;2026-03-19T15:15:24;02A2290061;38;59;9;;9 AV DE LA LIBERATION;IMM LE BELVEDERE;;20000;2A004;"41.92111111111111 , 8.730555555555556";41°55'16''N 8°43'50''E;En service
507762;ORANGE;829166;UMTS 900;2016-06-15;02A;2A004;3G;2026-03-19T15:15:24;02A2290061;38;59;9;;9 AV DE LA LIBERATION;IMM LE BELVEDERE;;20000;2A004;"41.92111111111111 , 8.730555555555556";41°55'16''N 8°43'50''E;En service
507763;ORANGE;829193;LTE 700;2022-07-06;02A;2A100;4G;2026-03-19T15:15:24;02A2290210;23;41;32;COL DE SEVI;TDF EVISA;;;20126;2A100;"42.22555555555556 , 8.82638888888889";42°13'32''N 8°49'35''E;En service
507764;ORANGE;829193;LTE 800;2020-06-22;02A;2A100;4G;2026-03-19T15:15:24;02A2290210;23;41;32;COL DE SEVI;TDF EVISA;;;20126;2A100;"42.22555555555556 , 8.82638888888889";42°13'32''N 8°49'35''E;En service
507765;ORANGE;829193;UMTS 900;2015-10-21;02A;2A100;3G;2026-03-19T15:15:24;02A2290210;23;41;32;COL DE SEVI;TDF EVISA;;;20126;2A100;"42.22555555555556 , 8.82638888888889";42°13'32''N 8°49'35''E;En service
508405;ORANGE;838377;5G NR 3500;2023-11-13;02A;2A004;5G;2026-03-19T15:15:24;02A2290141;17;13;6;;HOP PSYCHIATRIQUE CASTELLUCCIO;;;20000;2A004;"41.93694444444444 , 8.714722222222221";41°56'13''N 8°42'53''E;Techniquement opérationnel
508406;ORANGE;838377;5G NR 700;2025-01-20;02A;2A004;5G;2026-03-19T15:15:24;02A2290141;17;13;6;;HOP PSYCHIATRIQUE CASTELLUCCIO;;;20000;2A004;"41.93694444444444 , 8.714722222222221";41°56'13''N 8°42'53''E;Techniquement opérationnel
508407;ORANGE;838377;LTE 1800;2016-06-24;02A;2A004;4G;2026-03-19T15:15:24;02A2290141;17;13;6;;HOP PSYCHIATRIQUE CASTELLUCCIO;;;20000;2A004;"41.93694444444444 , 8.714722222222221";41°56'13''N 8°42'53''E;En service
508408;ORANGE;838377;LTE 2100;2019-06-11;02A;2A004;4G;2026-03-19T15:15:24;02A2290141;17;13;6;;HOP PSYCHIATRIQUE CASTELLUCCIO;;;20000;2A004;"41.93694444444444 , 8.714722222222221";41°56'13''N 8°42'53''E;En service
508409;ORANGE;838377;LTE 2600;2015-07-03;02A;2A004;4G;2026-03-19T15:15:24;02A2290141;17;13;6;;HOP PSYCHIATRIQUE CASTELLUCCIO;;;20000;2A004;"41.93694444444444 , 8.714722222222221";41°56'13''N 8°42'53''E;En service
508410;ORANGE;838377;LTE 800;2015-08-27;02A;2A004;4G;2026-03-19T15:15:24;02A2290141;17;13;6;;HOP PSYCHIATRIQUE CASTELLUCCIO;;;20000;2A004;"41.93694444444444 , 8.714722222222221";41°56'13''N 8°42'53''E;En service
508411;ORANGE;838377;UMTS 900;2016-06-15;02A;2A004;3G;2026-03-19T15:15:24;02A2290141;17;13;6;;HOP PSYCHIATRIQUE CASTELLUCCIO;;;20000;2A004;"41.93694444444444 , 8.714722222222221";41°56'13''N 8°42'53''E;En service
509926;ORANGE;868751;GSM 900;2015-10-30;02A;2A345;2G;2026-03-19T15:15:24;02A2290204;23;48;32;Col de tartavello;;;;20172;2A345;"42.07222222222222 , 8.907222222222222";42°4'20''N 8°54'26''E;En service
509927;ORANGE;868751;LTE 1800;2020-11-17;02A;2A345;4G;2026-03-19T15:15:24;02A2290204;23;48;32;Col de tartavello;;;;20172;2A345;"42.07222222222222 , 8.907222222222222";42°4'20''N 8°54'26''E;En service
509928;ORANGE;868751;LTE 700;2021-06-24;02A;2A345;4G;2026-03-19T15:15:24;02A2290204;23;48;32;Col de tartavello;;;;20172;2A345;"42.07222222222222 , 8.907222222222222";42°4'20''N 8°54'26''E;En service
509929;ORANGE;868751;LTE 800;2017-10-19;02A;2A345;4G;2026-03-19T15:15:24;02A2290204;23;48;32;Col de tartavello;;;;20172;2A345;"42.07222222222222 , 8.907222222222222";42°4'20''N 8°54'26''E;En service
509930;ORANGE;868751;UMTS 900;2015-12-30;02A;2A345;3G;2026-03-19T15:15:24;02A2290204;23;48;32;Col de tartavello;;;;20172;2A345;"42.07222222222222 , 8.907222222222222";42°4'20''N 8°54'26''E;En service
511483;ORANGE;928539;GSM 900;2005-01-18;02A;2A336;2G;2026-03-19T15:15:24;02A2290116;23;15;74;Bocca Do Sarzoggiu;;;;20167;2A336;"42.038888888888884 , 8.825555555555555";42°2'20''N 8°49'32''E;En service
511484;ORANGE;928539;LTE 1800;2018-11-30;02A;2A336;4G;2026-03-19T15:15:24;02A2290116;23;15;74;Bocca Do Sarzoggiu;;;;20167;2A336;"42.038888888888884 , 8.825555555555555";42°2'20''N 8°49'32''E;En service
511485;ORANGE;928539;LTE 2100;2019-11-28;02A;2A336;4G;2026-03-19T15:15:24;02A2290116;23;15;74;Bocca Do Sarzoggiu;;;;20167;2A336;"42.038888888888884 , 8.825555555555555";42°2'20''N 8°49'32''E;En service
511486;ORANGE;928539;LTE 2600;2018-11-30;02A;2A336;4G;2026-03-19T15:15:24;02A2290116;23;15;74;Bocca Do Sarzoggiu;;;;20167;2A336;"42.038888888888884 , 8.825555555555555";42°2'20''N 8°49'32''E;En service
511487;ORANGE;928539;LTE 700;2025-02-11;02A;2A336;4G;2026-03-19T15:15:24;02A2290116;23;15;74;Bocca Do Sarzoggiu;;;;20167;2A336;"42.038888888888884 , 8.825555555555555";42°2'20''N 8°49'32''E;En service
511488;ORANGE;928539;LTE 800;2016-08-08;02A;2A336;4G;2026-03-19T15:15:24;02A2290116;23;15;74;Bocca Do Sarzoggiu;;;;20167;2A336;"42.038888888888884 , 8.825555555555555";42°2'20''N 8°49'32''E;En service
511489;ORANGE;928539;UMTS 900;2011-10-12;02A;2A336;3G;2026-03-19T15:15:24;02A2290116;23;15;74;Bocca Do Sarzoggiu;;;;20167;2A336;"42.038888888888884 , 8.825555555555555";42°2'20''N 8°49'32''E;En service
511921;ORANGE;941226;GSM 900;2020-10-07;02A;2A326;2G;2026-03-19T15:15:24;02A2290227;23;15;74;COL DE MERCUJO;;;;20117;2A326;"41.9675 , 8.960277777777778";41°58'3''N 8°57'37''E;En service
511922;ORANGE;941226;LTE 1800;2021-06-04;02A;2A326;4G;2026-03-19T15:15:24;02A2290227;23;15;74;COL DE MERCUJO;;;;20117;2A326;"41.9675 , 8.960277777777778";41°58'3''N 8°57'37''E;En service
511923;ORANGE;941226;LTE 2100;2022-05-23;02A;2A326;4G;2026-03-19T15:15:24;02A2290227;23;15;74;COL DE MERCUJO;;;;20117;2A326;"41.9675 , 8.960277777777778";41°58'3''N 8°57'37''E;En service
511924;ORANGE;941226;LTE 700;2021-07-12;02A;2A326;4G;2026-03-19T15:15:24;02A2290227;23;15;74;COL DE MERCUJO;;;;20117;2A326;"41.9675 , 8.960277777777778";41°58'3''N 8°57'37''E;En service
511925;ORANGE;941226;LTE 800;2020-04-07;02A;2A326;4G;2026-03-19T15:15:24;02A2290227;23;15;74;COL DE MERCUJO;;;;20117;2A326;"41.9675 , 8.960277777777778";41°58'3''N 8°57'37''E;En service
511926;ORANGE;941226;UMTS 900;2020-05-11;02A;2A326;3G;2026-03-19T15:15:24;02A2290227;23;15;74;COL DE MERCUJO;;;;20117;2A326;"41.9675 , 8.960277777777778";41°58'3''N 8°57'37''E;En service
515972;ORANGE;1202301;GSM 900;1998-02-18;02A;2A041;2G;2026-03-19T15:15:24;02A2290054;23;22;13;SPINELLA;N198 - Parmentile;;;20169;2A041;"41.425 , 9.1875";41°25'30''N 9°11'15''E;En service
515973;ORANGE;1202301;LTE 1800;2019-10-17;02A;2A041;4G;2026-03-19T15:15:24;02A2290054;23;22;13;SPINELLA;N198 - Parmentile;;;20169;2A041;"41.425 , 9.1875";41°25'30''N 9°11'15''E;En service
515974;ORANGE;1202301;LTE 2100;2019-10-17;02A;2A041;4G;2026-03-19T15:15:24;02A2290054;23;22;13;SPINELLA;N198 - Parmentile;;;20169;2A041;"41.425 , 9.1875";41°25'30''N 9°11'15''E;En service
515975;ORANGE;1202301;LTE 700;2020-12-21;02A;2A041;4G;2026-03-19T15:15:24;02A2290054;23;22;13;SPINELLA;N198 - Parmentile;;;20169;2A041;"41.425 , 9.1875";41°25'30''N 9°11'15''E;En service
515976;ORANGE;1202301;LTE 800;2018-06-25;02A;2A041;4G;2026-03-19T15:15:24;02A2290054;23;22;13;SPINELLA;N198 - Parmentile;;;20169;2A041;"41.425 , 9.1875";41°25'30''N 9°11'15''E;En service
515977;ORANGE;1202301;UMTS 900;2018-08-06;02A;2A041;3G;2026-03-19T15:15:24;02A2290054;23;22;13;SPINELLA;N198 - Parmentile;;;20169;2A041;"41.425 , 9.1875";41°25'30''N 9°11'15''E;En service
517251;ORANGE;1293725;5G NR 3500;2023-05-24;02A;2A114;5G;2026-03-19T15:15:24;02A2290203;23;21;74;Crucella;Central téléphonique de FIGARI;;;20114;2A114;"41.48777777777778 , 9.125277777777779";41°29'16''N 9°7'31''E;Techniquement opérationnel
517252;ORANGE;1293725;5G NR 700;2025-01-08;02A;2A114;5G;2026-03-19T15:15:24;02A2290203;23;21;74;Crucella;Central téléphonique de FIGARI;;;20114;2A114;"41.48777777777778 , 9.125277777777779";41°29'16''N 9°7'31''E;Techniquement opérationnel
517253;ORANGE;1293725;GSM 900;2013-03-05;02A;2A114;2G;2026-03-19T15:15:24;02A2290203;23;21;74;Crucella;Central téléphonique de FIGARI;;;20114;2A114;"41.48777777777778 , 9.125277777777779";41°29'16''N 9°7'31''E;En service
517254;ORANGE;1293725;LTE 1800;2019-09-17;02A;2A114;4G;2026-03-19T15:15:24;02A2290203;23;21;74;Crucella;Central téléphonique de FIGARI;;;20114;2A114;"41.48777777777778 , 9.125277777777779";41°29'16''N 9°7'31''E;En service
517255;ORANGE;1293725;LTE 2100;2019-07-05;02A;2A114;4G;2026-03-19T15:15:24;02A2290203;23;21;74;Crucella;Central téléphonique de FIGARI;;;20114;2A114;"41.48777777777778 , 9.125277777777779";41°29'16''N 9°7'31''E;En service
517256;ORANGE;1293725;LTE 2600;2022-05-23;02A;2A114;4G;2026-03-19T15:15:24;02A2290203;23;21;74;Crucella;Central téléphonique de FIGARI;;;20114;2A114;"41.48777777777778 , 9.125277777777779";41°29'16''N 9°7'31''E;En service
517257;ORANGE;1293725;LTE 700;2023-04-17;02A;2A114;4G;2026-03-19T15:15:24;02A2290203;23;21;74;Crucella;Central téléphonique de FIGARI;;;20114;2A114;"41.48777777777778 , 9.125277777777779";41°29'16''N 9°7'31''E;En service
517258;ORANGE;1293725;LTE 800;2015-09-07;02A;2A114;4G;2026-03-19T15:15:24;02A2290203;23;21;74;Crucella;Central téléphonique de FIGARI;;;20114;2A114;"41.48777777777778 , 9.125277777777779";41°29'16''N 9°7'31''E;En service
517259;ORANGE;1293725;UMTS 900;2018-10-18;02A;2A114;3G;2026-03-19T15:15:24;02A2290203;23;21;74;Crucella;Central téléphonique de FIGARI;;;20114;2A114;"41.48777777777778 , 9.125277777777779";41°29'16''N 9°7'31''E;En service
519899;ORANGE;1405513;LTE 700;2023-05-31;02A;2A363;4G;2026-03-19T15:15:24;02A2290205;23;22;32;Cherchiaja;Chemin communal ;Réservoir d'eau;;20112;2A363;"41.715 , 9.070277777777777";41°42'54''N 9°4'13''E;En service
519900;ORANGE;1405513;LTE 800;2021-06-10;02A;2A363;4G;2026-03-19T15:15:24;02A2290205;23;22;32;Cherchiaja;Chemin communal ;Réservoir d'eau;;20112;2A363;"41.715 , 9.070277777777777";41°42'54''N 9°4'13''E;En service
519901;ORANGE;1405513;UMTS 900;2021-06-10;02A;2A363;3G;2026-03-19T15:15:24;02A2290205;23;22;32;Cherchiaja;Chemin communal ;Réservoir d'eau;;20112;2A363;"41.715 , 9.070277777777777";41°42'54''N 9°4'13''E;En service
520275;ORANGE;1421366;5G NR 3500;;02A;2A035;5G;2026-03-19T15:15:24;02A2290160;26;"18,4";74;Chirghinello;Route de Belvedere-Campomoro;;;20110;2A035;"41.63361111111111 , 8.840833333333334";41°38'1''N 8°50'27''E;Projet approuvé
520276;ORANGE;1421366;GSM 900;2010-06-21;02A;2A035;2G;2026-03-19T15:15:24;02A2290160;26;"18,4";74;Chirghinello;Route de Belvedere-Campomoro;;;20110;2A035;"41.63361111111111 , 8.840833333333334";41°38'1''N 8°50'27''E;En service
520277;ORANGE;1421366;LTE 1800;2018-08-06;02A;2A035;4G;2026-03-19T15:15:24;02A2290160;26;"18,4";74;Chirghinello;Route de Belvedere-Campomoro;;;20110;2A035;"41.63361111111111 , 8.840833333333334";41°38'1''N 8°50'27''E;En service
520278;ORANGE;1421366;LTE 2100;2019-10-31;02A;2A035;4G;2026-03-19T15:15:24;02A2290160;26;"18,4";74;Chirghinello;Route de Belvedere-Campomoro;;;20110;2A035;"41.63361111111111 , 8.840833333333334";41°38'1''N 8°50'27''E;En service
520279;ORANGE;1421366;LTE 2600;2018-08-30;02A;2A035;4G;2026-03-19T15:15:24;02A2290160;26;"18,4";74;Chirghinello;Route de Belvedere-Campomoro;;;20110;2A035;"41.63361111111111 , 8.840833333333334";41°38'1''N 8°50'27''E;En service
520280;ORANGE;1421366;LTE 700;2020-12-21;02A;2A035;4G;2026-03-19T15:15:24;02A2290160;26;"18,4";74;Chirghinello;Route de Belvedere-Campomoro;;;20110;2A035;"41.63361111111111 , 8.840833333333334";41°38'1''N 8°50'27''E;En service
520281;ORANGE;1421366;LTE 800;2018-08-30;02A;2A035;4G;2026-03-19T15:15:24;02A2290160;26;"18,4";74;Chirghinello;Route de Belvedere-Campomoro;;;20110;2A035;"41.63361111111111 , 8.840833333333334";41°38'1''N 8°50'27''E;En service
520282;ORANGE;1421366;UMTS 900;2016-09-08;02A;2A035;3G;2026-03-19T15:15:24;02A2290160;26;"18,4";74;Chirghinello;Route de Belvedere-Campomoro;;;20110;2A035;"41.63361111111111 , 8.840833333333334";41°38'1''N 8°50'27''E;En service
521531;ORANGE;1463977;5G NR 3500;2023-06-20;02A;2A271;5G;2026-03-19T15:15:24;02A2290132;23;"22,5";74;Colombina;Route des Vignes;;;20167;2A271;"41.967222222222226 , 8.810833333333335";41°58'2''N 8°48'39''E;Techniquement opérationnel
521532;ORANGE;1463977;5G NR 700;2025-01-08;02A;2A271;5G;2026-03-19T15:15:24;02A2290132;23;"22,5";74;Colombina;Route des Vignes;;;20167;2A271;"41.967222222222226 , 8.810833333333335";41°58'2''N 8°48'39''E;Techniquement opérationnel
521533;ORANGE;1463977;GSM 900;2005-09-17;02A;2A271;2G;2026-03-19T15:15:24;02A2290132;23;"22,5";74;Colombina;Route des Vignes;;;20167;2A271;"41.967222222222226 , 8.810833333333335";41°58'2''N 8°48'39''E;En service
521534;ORANGE;1463977;LTE 2100;2019-07-17;02A;2A271;4G;2026-03-19T15:15:24;02A2290132;23;"22,5";74;Colombina;Route des Vignes;;;20167;2A271;"41.967222222222226 , 8.810833333333335";41°58'2''N 8°48'39''E;En service
521535;ORANGE;1463977;LTE 2600;2017-06-12;02A;2A271;4G;2026-03-19T15:15:24;02A2290132;23;"22,5";74;Colombina;Route des Vignes;;;20167;2A271;"41.967222222222226 , 8.810833333333335";41°58'2''N 8°48'39''E;En service
521536;ORANGE;1463977;LTE 700;2023-06-26;02A;2A271;4G;2026-03-19T15:15:24;02A2290132;23;"22,5";74;Colombina;Route des Vignes;;;20167;2A271;"41.967222222222226 , 8.810833333333335";41°58'2''N 8°48'39''E;En service
521537;ORANGE;1463977;LTE 800;2017-06-06;02A;2A271;4G;2026-03-19T15:15:24;02A2290132;23;"22,5";74;Colombina;Route des Vignes;;;20167;2A271;"41.967222222222226 , 8.810833333333335";41°58'2''N 8°48'39''E;En service
521538;ORANGE;1463977;UMTS 900;2016-06-15;02A;2A271;3G;2026-03-19T15:15:24;02A2290132;23;"22,5";74;Colombina;Route des Vignes;;;20167;2A271;"41.967222222222226 , 8.810833333333335";41°58'2''N 8°48'39''E;En service
527552;ORANGE;1617144;5G NR 3500;2025-10-10;02A;2A189;5G;2026-03-19T15:15:24;02A2290208;23;14;74;CIPINIELLO;;;;20113;2A189;"41.69555555555555 , 8.916666666666666";41°41'44''N 8°55'0''E;Techniquement opérationnel
527553;ORANGE;1617144;5G NR 700;2025-09-18;02A;2A189;5G;2026-03-19T15:15:24;02A2290208;23;14;74;CIPINIELLO;;;;20113;2A189;"41.69555555555555 , 8.916666666666666";41°41'44''N 8°55'0''E;Techniquement opérationnel
527554;ORANGE;1617144;GSM 900;2000-09-20;02A;2A189;2G;2026-03-19T15:15:24;02A2290208;23;14;74;CIPINIELLO;;;;20113;2A189;"41.69555555555555 , 8.916666666666666";41°41'44''N 8°55'0''E;En service
527555;ORANGE;1617144;LTE 1800;2018-03-28;02A;2A189;4G;2026-03-19T15:15:24;02A2290208;23;14;74;CIPINIELLO;;;;20113;2A189;"41.69555555555555 , 8.916666666666666";41°41'44''N 8°55'0''E;En service
527556;ORANGE;1617144;LTE 2100;2020-03-10;02A;2A189;4G;2026-03-19T15:15:24;02A2290208;23;14;74;CIPINIELLO;;;;20113;2A189;"41.69555555555555 , 8.916666666666666";41°41'44''N 8°55'0''E;En service
527557;ORANGE;1617144;LTE 2600;2018-07-11;02A;2A189;4G;2026-03-19T15:15:24;02A2290208;23;14;74;CIPINIELLO;;;;20113;2A189;"41.69555555555555 , 8.916666666666666";41°41'44''N 8°55'0''E;En service
527558;ORANGE;1617144;LTE 800;2018-07-05;02A;2A189;4G;2026-03-19T15:15:24;02A2290208;23;14;74;CIPINIELLO;;;;20113;2A189;"41.69555555555555 , 8.916666666666666";41°41'44''N 8°55'0''E;En service
527559;ORANGE;1617144;UMTS 900;2016-09-08;02A;2A189;3G;2026-03-19T15:15:24;02A2290208;23;14;74;CIPINIELLO;;;;20113;2A189;"41.69555555555555 , 8.916666666666666";41°41'44''N 8°55'0''E;En service
528529;ORANGE;1632509;5G NR 2100;2024-09-20;02A;2A098;5G;2026-03-19T15:15:24;02A2290209;26;12;74;;San Sistro;Route de la Castagne;;20138;2A098;"41.80361111111111 , 8.7525";41°48'13''N 8°45'9''E;Techniquement opérationnel
528530;ORANGE;1632509;GSM 900;2017-05-17;02A;2A098;2G;2026-03-19T15:15:24;02A2290209;26;12;74;;San Sistro;Route de la Castagne;;20138;2A098;"41.80361111111111 , 8.7525";41°48'13''N 8°45'9''E;En service
528531;ORANGE;1632509;LTE 1800;2019-09-26;02A;2A098;4G;2026-03-19T15:15:24;02A2290209;26;12;74;;San Sistro;Route de la Castagne;;20138;2A098;"41.80361111111111 , 8.7525";41°48'13''N 8°45'9''E;En service
528532;ORANGE;1632509;LTE 2600;2020-11-20;02A;2A098;4G;2026-03-19T15:15:24;02A2290209;26;12;74;;San Sistro;Route de la Castagne;;20138;2A098;"41.80361111111111 , 8.7525";41°48'13''N 8°45'9''E;En service
528533;ORANGE;1632509;LTE 700;2020-12-21;02A;2A098;4G;2026-03-19T15:15:24;02A2290209;26;12;74;;San Sistro;Route de la Castagne;;20138;2A098;"41.80361111111111 , 8.7525";41°48'13''N 8°45'9''E;En service
528534;ORANGE;1632509;LTE 800;2019-09-16;02A;2A098;4G;2026-03-19T15:15:24;02A2290209;26;12;74;;San Sistro;Route de la Castagne;;20138;2A098;"41.80361111111111 , 8.7525";41°48'13''N 8°45'9''E;En service
528535;ORANGE;1632509;UMTS 900;2020-10-07;02A;2A098;3G;2026-03-19T15:15:24;02A2290209;26;12;74;;San Sistro;Route de la Castagne;;20138;2A098;"41.80361111111111 , 8.7525";41°48'13''N 8°45'9''E;En service
528567;ORANGE;1632879;5G NR 3500;2023-07-19;02A;2A004;5G;2026-03-19T15:15:24;02A2290216;26;14;74;Caniccio;rte des Sanguinaires;;;20000;2A004;"41.91027777777778 , 8.705";41°54'37''N 8°42'18''E;Techniquement opérationnel
528568;ORANGE;1632879;5G NR 700;2025-01-08;02A;2A004;5G;2026-03-19T15:15:24;02A2290216;26;14;74;Caniccio;rte des Sanguinaires;;;20000;2A004;"41.91027777777778 , 8.705";41°54'37''N 8°42'18''E;Techniquement opérationnel
528569;ORANGE;1632879;LTE 2100;2020-04-27;02A;2A004;4G;2026-03-19T15:15:24;02A2290216;26;14;74;Caniccio;rte des Sanguinaires;;;20000;2A004;"41.91027777777778 , 8.705";41°54'37''N 8°42'18''E;En service
528570;ORANGE;1632879;LTE 2600;2019-01-30;02A;2A004;4G;2026-03-19T15:15:24;02A2290216;26;14;74;Caniccio;rte des Sanguinaires;;;20000;2A004;"41.91027777777778 , 8.705";41°54'37''N 8°42'18''E;En service
528571;ORANGE;1632879;LTE 700;2023-07-17;02A;2A004;4G;2026-03-19T15:15:24;02A2290216;26;14;74;Caniccio;rte des Sanguinaires;;;20000;2A004;"41.91027777777778 , 8.705";41°54'37''N 8°42'18''E;En service
528572;ORANGE;1632879;LTE 800;2019-02-07;02A;2A004;4G;2026-03-19T15:15:24;02A2290216;26;14;74;Caniccio;rte des Sanguinaires;;;20000;2A004;"41.91027777777778 , 8.705";41°54'37''N 8°42'18''E;En service
528573;ORANGE;1632879;UMTS 900;2019-01-30;02A;2A004;3G;2026-03-19T15:15:24;02A2290216;26;14;74;Caniccio;rte des Sanguinaires;;;20000;2A004;"41.91027777777778 , 8.705";41°54'37''N 8°42'18''E;En service
532622;ORANGE;1722667;5G NR 3500;2024-09-26;02A;2A001;5G;2026-03-19T15:15:24;02A2290211;23;20;74;;Stade Communal;Village d'Afa;;20167;2A001;"41.98833333333334 , 8.798333333333334";41°59'18''N 8°47'54''E;Techniquement opérationnel
532623;ORANGE;1722667;5G NR 700;2025-02-10;02A;2A001;5G;2026-03-19T15:15:24;02A2290211;23;20;74;;Stade Communal;Village d'Afa;;20167;2A001;"41.98833333333334 , 8.798333333333334";41°59'18''N 8°47'54''E;Techniquement opérationnel
532624;ORANGE;1722667;LTE 1800;2024-09-26;02A;2A001;4G;2026-03-19T15:15:24;02A2290211;23;20;74;;Stade Communal;Village d'Afa;;20167;2A001;"41.98833333333334 , 8.798333333333334";41°59'18''N 8°47'54''E;En service
532625;ORANGE;1722667;LTE 2100;2019-06-25;02A;2A001;4G;2026-03-19T15:15:24;02A2290211;23;20;74;;Stade Communal;Village d'Afa;;20167;2A001;"41.98833333333334 , 8.798333333333334";41°59'18''N 8°47'54''E;En service
532626;ORANGE;1722667;LTE 2600;2017-12-14;02A;2A001;4G;2026-03-19T15:15:24;02A2290211;23;20;74;;Stade Communal;Village d'Afa;;20167;2A001;"41.98833333333334 , 8.798333333333334";41°59'18''N 8°47'54''E;En service
532627;ORANGE;1722667;LTE 700;2024-09-26;02A;2A001;4G;2026-03-19T15:15:24;02A2290211;23;20;74;;Stade Communal;Village d'Afa;;20167;2A001;"41.98833333333334 , 8.798333333333334";41°59'18''N 8°47'54''E;En service
532628;ORANGE;1722667;LTE 800;2017-02-20;02A;2A001;4G;2026-03-19T15:15:24;02A2290211;23;20;74;;Stade Communal;Village d'Afa;;20167;2A001;"41.98833333333334 , 8.798333333333334";41°59'18''N 8°47'54''E;En service
532629;ORANGE;1722667;UMTS 900;2018-01-10;02A;2A001;3G;2026-03-19T15:15:24;02A2290211;23;20;74;;Stade Communal;Village d'Afa;;20167;2A001;"41.98833333333334 , 8.798333333333334";41°59'18''N 8°47'54''E;En service
533406;ORANGE;1735650;5G NR 3500;2024-03-27;02A;2A006;5G;2026-03-19T15:15:24;02A2290207;23;"13,5";74;Pietrosella;Près nouveau réservoir;;;20167;2A006;"41.98305555555556 , 8.765555555555556";41°58'59''N 8°45'56''E;Techniquement opérationnel
533407;ORANGE;1735650;5G NR 700;2025-01-08;02A;2A006;5G;2026-03-19T15:15:24;02A2290207;23;"13,5";74;Pietrosella;Près nouveau réservoir;;;20167;2A006;"41.98305555555556 , 8.765555555555556";41°58'59''N 8°45'56''E;Techniquement opérationnel
533408;ORANGE;1735650;GSM 900;1998-12-30;02A;2A006;2G;2026-03-19T15:15:24;02A2290207;23;"13,5";74;Pietrosella;Près nouveau réservoir;;;20167;2A006;"41.98305555555556 , 8.765555555555556";41°58'59''N 8°45'56''E;En service
533409;ORANGE;1735650;LTE 1800;2019-06-25;02A;2A006;4G;2026-03-19T15:15:24;02A2290207;23;"13,5";74;Pietrosella;Près nouveau réservoir;;;20167;2A006;"41.98305555555556 , 8.765555555555556";41°58'59''N 8°45'56''E;En service
533410;ORANGE;1735650;LTE 2100;2019-06-25;02A;2A006;4G;2026-03-19T15:15:24;02A2290207;23;"13,5";74;Pietrosella;Près nouveau réservoir;;;20167;2A006;"41.98305555555556 , 8.765555555555556";41°58'59''N 8°45'56''E;En service
533411;ORANGE;1735650;LTE 2600;2020-11-03;02A;2A006;4G;2026-03-19T15:15:24;02A2290207;23;"13,5";74;Pietrosella;Près nouveau réservoir;;;20167;2A006;"41.98305555555556 , 8.765555555555556";41°58'59''N 8°45'56''E;En service
533412;ORANGE;1735650;LTE 700;2020-12-21;02A;2A006;4G;2026-03-19T15:15:24;02A2290207;23;"13,5";74;Pietrosella;Près nouveau réservoir;;;20167;2A006;"41.98305555555556 , 8.765555555555556";41°58'59''N 8°45'56''E;En service
533413;ORANGE;1735650;LTE 800;2017-03-27;02A;2A006;4G;2026-03-19T15:15:24;02A2290207;23;"13,5";74;Pietrosella;Près nouveau réservoir;;;20167;2A006;"41.98305555555556 , 8.765555555555556";41°58'59''N 8°45'56''E;En service
533414;ORANGE;1735650;UMTS 900;2016-06-15;02A;2A006;3G;2026-03-19T15:15:24;02A2290207;23;"13,5";74;Pietrosella;Près nouveau réservoir;;;20167;2A006;"41.98305555555556 , 8.765555555555556";41°58'59''N 8°45'56''E;En service
534787;ORANGE;1762535;GSM 900;2006-05-27;02A;2A041;2G;2026-03-19T15:15:24;02A2290140;23;36;74;MUSELLA;CHEM RURAL;STADE DE MUSELLA;SANTA MANZA;20169;2A041;"41.403888888888886 , 9.198333333333334";41°24'14''N 9°11'54''E;En service
534788;ORANGE;1762535;LTE 1800;2019-09-26;02A;2A041;4G;2026-03-19T15:15:24;02A2290140;23;36;74;MUSELLA;CHEM RURAL;STADE DE MUSELLA;SANTA MANZA;20169;2A041;"41.403888888888886 , 9.198333333333334";41°24'14''N 9°11'54''E;En service
534789;ORANGE;1762535;LTE 2100;2019-09-26;02A;2A041;4G;2026-03-19T15:15:24;02A2290140;23;36;74;MUSELLA;CHEM RURAL;STADE DE MUSELLA;SANTA MANZA;20169;2A041;"41.403888888888886 , 9.198333333333334";41°24'14''N 9°11'54''E;En service
534790;ORANGE;1762535;LTE 700;2021-01-28;02A;2A041;4G;2026-03-19T15:15:24;02A2290140;23;36;74;MUSELLA;CHEM RURAL;STADE DE MUSELLA;SANTA MANZA;20169;2A041;"41.403888888888886 , 9.198333333333334";41°24'14''N 9°11'54''E;En service
534791;ORANGE;1762535;LTE 800;2018-08-13;02A;2A041;4G;2026-03-19T15:15:24;02A2290140;23;36;74;MUSELLA;CHEM RURAL;STADE DE MUSELLA;SANTA MANZA;20169;2A041;"41.403888888888886 , 9.198333333333334";41°24'14''N 9°11'54''E;En service
534792;ORANGE;1762535;UMTS 900;2018-08-20;02A;2A041;3G;2026-03-19T15:15:24;02A2290140;23;36;74;MUSELLA;CHEM RURAL;STADE DE MUSELLA;SANTA MANZA;20169;2A041;"41.403888888888886 , 9.198333333333334";41°24'14''N 9°11'54''E;En service
534926;ORANGE;1766847;LTE 700;2022-07-06;02A;2A115;4G;2026-03-19T15:15:24;02A2290212;23;"35,4";72;Maggiolo;Route de Vignalella;D 265;;20100;2A115;"41.62833333333333 , 9.067499999999999";41°37'42''N 9°4'3''E;En service
534927;ORANGE;1766847;LTE 800;2020-12-23;02A;2A115;4G;2026-03-19T15:15:24;02A2290212;23;"35,4";72;Maggiolo;Route de Vignalella;D 265;;20100;2A115;"41.62833333333333 , 9.067499999999999";41°37'42''N 9°4'3''E;En service
534928;ORANGE;1766847;UMTS 900;2016-11-18;02A;2A115;3G;2026-03-19T15:15:24;02A2290212;23;"35,4";72;Maggiolo;Route de Vignalella;D 265;;20100;2A115;"41.62833333333333 , 9.067499999999999";41°37'42''N 9°4'3''E;En service
538024;ORANGE;1828622;5G NR 3500;;02A;2A288;5G;2026-03-19T15:15:24;02A2290179;26;13;74;BORIVOLI;;;;20146;2A288;"41.571111111111115 , 9.160833333333334";41°34'16''N 9°9'39''E;Projet approuvé
538025;ORANGE;1828622;GSM 900;2008-04-07;02A;2A288;2G;2026-03-19T15:15:24;02A2290179;26;13;74;BORIVOLI;;;;20146;2A288;"41.571111111111115 , 9.160833333333334";41°34'16''N 9°9'39''E;En service
538026;ORANGE;1828622;LTE 1800;2019-09-19;02A;2A288;4G;2026-03-19T15:15:24;02A2290179;26;13;74;BORIVOLI;;;;20146;2A288;"41.571111111111115 , 9.160833333333334";41°34'16''N 9°9'39''E;En service
538027;ORANGE;1828622;LTE 2100;2019-09-19;02A;2A288;4G;2026-03-19T15:15:24;02A2290179;26;13;74;BORIVOLI;;;;20146;2A288;"41.571111111111115 , 9.160833333333334";41°34'16''N 9°9'39''E;En service
538028;ORANGE;1828622;LTE 700;2021-08-02;02A;2A288;4G;2026-03-19T15:15:24;02A2290179;26;13;74;BORIVOLI;;;;20146;2A288;"41.571111111111115 , 9.160833333333334";41°34'16''N 9°9'39''E;En service
538029;ORANGE;1828622;LTE 800;2017-10-09;02A;2A288;4G;2026-03-19T15:15:24;02A2290179;26;13;74;BORIVOLI;;;;20146;2A288;"41.571111111111115 , 9.160833333333334";41°34'16''N 9°9'39''E;En service
538030;ORANGE;1828622;UMTS 900;2016-06-30;02A;2A288;3G;2026-03-19T15:15:24;02A2290179;26;13;74;BORIVOLI;;;;20146;2A288;"41.571111111111115 , 9.160833333333334";41°34'16''N 9°9'39''E;En service
546422;ORANGE;2052739;5G NR 3500;2022-09-22;02A;2A271;5G;2026-03-19T15:15:24;02A2290215;26;"21,7";74;;ZI Baleone;Centre Leclerc côté livraison;;20167;2A271;"41.95416666666667 , 8.80388888888889";41°57'15''N 8°48'14''E;Techniquement opérationnel
546423;ORANGE;2052739;5G NR 700;2025-01-13;02A;2A271;5G;2026-03-19T15:15:24;02A2290215;26;"21,7";74;;ZI Baleone;Centre Leclerc côté livraison;;20167;2A271;"41.95416666666667 , 8.80388888888889";41°57'15''N 8°48'14''E;Techniquement opérationnel
546424;ORANGE;2052739;LTE 1800;2022-02-22;02A;2A271;4G;2026-03-19T15:15:24;02A2290215;26;"21,7";74;;ZI Baleone;Centre Leclerc côté livraison;;20167;2A271;"41.95416666666667 , 8.80388888888889";41°57'15''N 8°48'14''E;En service
546425;ORANGE;2052739;LTE 2100;2019-10-23;02A;2A271;4G;2026-03-19T15:15:24;02A2290215;26;"21,7";74;;ZI Baleone;Centre Leclerc côté livraison;;20167;2A271;"41.95416666666667 , 8.80388888888889";41°57'15''N 8°48'14''E;En service
546426;ORANGE;2052739;LTE 2600;2018-12-14;02A;2A271;4G;2026-03-19T15:15:24;02A2290215;26;"21,7";74;;ZI Baleone;Centre Leclerc côté livraison;;20167;2A271;"41.95416666666667 , 8.80388888888889";41°57'15''N 8°48'14''E;En service
546427;ORANGE;2052739;LTE 700;2022-02-14;02A;2A271;4G;2026-03-19T15:15:24;02A2290215;26;"21,7";74;;ZI Baleone;Centre Leclerc côté livraison;;20167;2A271;"41.95416666666667 , 8.80388888888889";41°57'15''N 8°48'14''E;En service
546428;ORANGE;2052739;LTE 800;2018-12-20;02A;2A271;4G;2026-03-19T15:15:24;02A2290215;26;"21,7";74;;ZI Baleone;Centre Leclerc côté livraison;;20167;2A271;"41.95416666666667 , 8.80388888888889";41°57'15''N 8°48'14''E;En service
546429;ORANGE;2052739;UMTS 900;2018-12-26;02A;2A271;3G;2026-03-19T15:15:24;02A2290215;26;"21,7";74;;ZI Baleone;Centre Leclerc côté livraison;;20167;2A271;"41.95416666666667 , 8.80388888888889";41°57'15''N 8°48'14''E;En service
546907;ORANGE;2061147;GSM 900;2001-09-20;02A;2A362;2G;2026-03-19T15:15:24;02A2290101;23;22;74;POZZONE;PRÈS D.468;;;20124;2A362;"41.66638888888889 , 9.363333333333333";41°39'59''N 9°21'48''E;En service
546908;ORANGE;2061147;LTE 1800;2017-07-27;02A;2A362;4G;2026-03-19T15:15:24;02A2290101;23;22;74;POZZONE;PRÈS D.468;;;20124;2A362;"41.66638888888889 , 9.363333333333333";41°39'59''N 9°21'48''E;En service
546909;ORANGE;2061147;LTE 2100;2019-08-14;02A;2A362;4G;2026-03-19T15:15:24;02A2290101;23;22;74;POZZONE;PRÈS D.468;;;20124;2A362;"41.66638888888889 , 9.363333333333333";41°39'59''N 9°21'48''E;En service
546910;ORANGE;2061147;LTE 2600;2016-07-20;02A;2A362;4G;2026-03-19T15:15:24;02A2290101;23;22;74;POZZONE;PRÈS D.468;;;20124;2A362;"41.66638888888889 , 9.363333333333333";41°39'59''N 9°21'48''E;En service
546911;ORANGE;2061147;LTE 700;;02A;2A362;4G;2026-03-19T15:15:24;02A2290101;23;22;74;POZZONE;PRÈS D.468;;;20124;2A362;"41.66638888888889 , 9.363333333333333";41°39'59''N 9°21'48''E;Projet approuvé
546912;ORANGE;2061147;LTE 800;2016-11-07;02A;2A362;4G;2026-03-19T15:15:24;02A2290101;23;22;74;POZZONE;PRÈS D.468;;;20124;2A362;"41.66638888888889 , 9.363333333333333";41°39'59''N 9°21'48''E;En service
546913;ORANGE;2061147;UMTS 2100;2011-04-26;02A;2A362;3G;2026-03-19T15:15:24;02A2290101;23;22;74;POZZONE;PRÈS D.468;;;20124;2A362;"41.66638888888889 , 9.363333333333333";41°39'59''N 9°21'48''E;En service
546914;ORANGE;2061147;UMTS 900;2019-08-26;02A;2A362;3G;2026-03-19T15:15:24;02A2290101;23;22;74;POZZONE;PRÈS D.468;;;20124;2A362;"41.66638888888889 , 9.363333333333333";41°39'59''N 9°21'48''E;En service
547699;ORANGE;2082473;5G NR 2100;2025-07-22;02A;2A114;5G;2026-03-19T15:15:24;02A2290219;26;"11,4";74;Veta;D859;Rte de Scopettu;;20114;2A114;"41.474444444444444 , 9.10388888888889";41°28'28''N 9°6'14''E;Techniquement opérationnel
547700;ORANGE;2082473;LTE 1800;2025-07-22;02A;2A114;4G;2026-03-19T15:15:24;02A2290219;26;"11,4";74;Veta;D859;Rte de Scopettu;;20114;2A114;"41.474444444444444 , 9.10388888888889";41°28'28''N 9°6'14''E;En service
547701;ORANGE;2082473;LTE 700;2021-01-05;02A;2A114;4G;2026-03-19T15:15:24;02A2290219;26;"11,4";74;Veta;D859;Rte de Scopettu;;20114;2A114;"41.474444444444444 , 9.10388888888889";41°28'28''N 9°6'14''E;En service
547702;ORANGE;2082473;LTE 800;2021-01-05;02A;2A114;4G;2026-03-19T15:15:24;02A2290219;26;"11,4";74;Veta;D859;Rte de Scopettu;;20114;2A114;"41.474444444444444 , 9.10388888888889";41°28'28''N 9°6'14''E;En service
547703;ORANGE;2082473;UMTS 900;2021-01-25;02A;2A114;3G;2026-03-19T15:15:24;02A2290219;26;"11,4";74;Veta;D859;Rte de Scopettu;;20114;2A114;"41.474444444444444 , 9.10388888888889";41°28'28''N 9°6'14''E;En service
549015;ORANGE;2109738;LTE 1800;2019-06-25;02A;2A006;4G;2026-03-19T15:15:24;02A2290193;26;18;74;MARCHESI;ROUTE DE VILLANOVA;;;20167;2A006;"41.968611111111116 , 8.713888888888889";41°58'7''N 8°42'50''E;En service
549016;ORANGE;2109738;LTE 2100;2019-06-25;02A;2A006;4G;2026-03-19T15:15:24;02A2290193;26;18;74;MARCHESI;ROUTE DE VILLANOVA;;;20167;2A006;"41.968611111111116 , 8.713888888888889";41°58'7''N 8°42'50''E;En service
549017;ORANGE;2109738;LTE 2600;2018-06-11;02A;2A006;4G;2026-03-19T15:15:24;02A2290193;26;18;74;MARCHESI;ROUTE DE VILLANOVA;;;20167;2A006;"41.968611111111116 , 8.713888888888889";41°58'7''N 8°42'50''E;En service
549018;ORANGE;2109738;LTE 700;2021-05-10;02A;2A006;4G;2026-03-19T15:15:24;02A2290193;26;18;74;MARCHESI;ROUTE DE VILLANOVA;;;20167;2A006;"41.968611111111116 , 8.713888888888889";41°58'7''N 8°42'50''E;En service
549019;ORANGE;2109738;LTE 800;2018-06-18;02A;2A006;4G;2026-03-19T15:15:24;02A2290193;26;18;74;MARCHESI;ROUTE DE VILLANOVA;;;20167;2A006;"41.968611111111116 , 8.713888888888889";41°58'7''N 8°42'50''E;En service
549020;ORANGE;2109738;UMTS 900;2020-10-30;02A;2A006;3G;2026-03-19T15:15:24;02A2290193;26;18;74;MARCHESI;ROUTE DE VILLANOVA;;;20167;2A006;"41.968611111111116 , 8.713888888888889";41°58'7''N 8°42'50''E;En service
549639;ORANGE;2121816;5G NR 2100;2024-09-18;02A;2A017;5G;2026-03-19T15:15:24;02A2290221;23;12;65;Marchisaccio;route de Carbinica;;;20167;2A017;"42.0 , 8.750555555555556";42°0'0''N 8°45'2''E;Techniquement opérationnel
549640;ORANGE;2121816;LTE 1800;2024-05-30;02A;2A017;4G;2026-03-19T15:15:24;02A2290221;23;12;65;Marchisaccio;route de Carbinica;;;20167;2A017;"42.0 , 8.750555555555556";42°0'0''N 8°45'2''E;En service
549641;ORANGE;2121816;LTE 700;2024-04-15;02A;2A017;4G;2026-03-19T15:15:24;02A2290221;23;12;65;Marchisaccio;route de Carbinica;;;20167;2A017;"42.0 , 8.750555555555556";42°0'0''N 8°45'2''E;En service
549642;ORANGE;2121816;LTE 800;2020-08-17;02A;2A017;4G;2026-03-19T15:15:24;02A2290221;23;12;65;Marchisaccio;route de Carbinica;;;20167;2A017;"42.0 , 8.750555555555556";42°0'0''N 8°45'2''E;En service
549643;ORANGE;2121816;UMTS 900;2020-08-24;02A;2A017;3G;2026-03-19T15:15:24;02A2290221;23;12;65;Marchisaccio;route de Carbinica;;;20167;2A017;"42.0 , 8.750555555555556";42°0'0''N 8°45'2''E;En service
549648;ORANGE;2122625;LTE 1800;2022-05-02;02A;2A071;4G;2026-03-19T15:15:24;02A2290222;23;15;65;Sant Andréa;bergerie;;;20140;2A071;"41.73972222222222 , 8.9325";41°44'23''N 8°55'57''E;En service
549649;ORANGE;2122625;LTE 2100;2022-05-02;02A;2A071;4G;2026-03-19T15:15:24;02A2290222;23;15;65;Sant Andréa;bergerie;;;20140;2A071;"41.73972222222222 , 8.9325";41°44'23''N 8°55'57''E;En service
549650;ORANGE;2122625;LTE 700;2021-07-27;02A;2A071;4G;2026-03-19T15:15:24;02A2290222;23;15;65;Sant Andréa;bergerie;;;20140;2A071;"41.73972222222222 , 8.9325";41°44'23''N 8°55'57''E;En service
549651;ORANGE;2122625;LTE 800;2020-02-18;02A;2A071;4G;2026-03-19T15:15:24;02A2290222;23;15;65;Sant Andréa;bergerie;;;20140;2A071;"41.73972222222222 , 8.9325";41°44'23''N 8°55'57''E;En service
549652;ORANGE;2122625;UMTS 900;2020-02-18;02A;2A071;3G;2026-03-19T15:15:24;02A2290222;23;15;65;Sant Andréa;bergerie;;;20140;2A071;"41.73972222222222 , 8.9325";41°44'23''N 8°55'57''E;En service
552487;ORANGE;2170308;LTE 1800;2019-07-31;02A;2A247;4G;2026-03-19T15:15:24;02A2290224;26;12;21;;Stade Claude Papi Av de Bastia;83 av de bastia;;20137;2A247;"41.600833333333334 , 9.276111111111112";41°36'3''N 9°16'34''E;En service
552488;ORANGE;2170308;LTE 2100;2019-07-31;02A;2A247;4G;2026-03-19T15:15:24;02A2290224;26;12;21;;Stade Claude Papi Av de Bastia;83 av de bastia;;20137;2A247;"41.600833333333334 , 9.276111111111112";41°36'3''N 9°16'34''E;En service
552489;ORANGE;2170308;LTE 2600;2019-07-31;02A;2A247;4G;2026-03-19T15:15:24;02A2290224;26;12;21;;Stade Claude Papi Av de Bastia;83 av de bastia;;20137;2A247;"41.600833333333334 , 9.276111111111112";41°36'3''N 9°16'34''E;En service
552490;ORANGE;2170308;LTE 700;2019-08-22;02A;2A247;4G;2026-03-19T15:15:24;02A2290224;26;12;21;;Stade Claude Papi Av de Bastia;83 av de bastia;;20137;2A247;"41.600833333333334 , 9.276111111111112";41°36'3''N 9°16'34''E;En service
552491;ORANGE;2170308;LTE 800;2019-08-22;02A;2A247;4G;2026-03-19T15:15:24;02A2290224;26;12;21;;Stade Claude Papi Av de Bastia;83 av de bastia;;20137;2A247;"41.600833333333334 , 9.276111111111112";41°36'3''N 9°16'34''E;En service
552492;ORANGE;2170308;UMTS 900;2019-07-31;02A;2A247;3G;2026-03-19T15:15:24;02A2290224;26;12;21;;Stade Claude Papi Av de Bastia;83 av de bastia;;20137;2A247;"41.600833333333334 , 9.276111111111112";41°36'3''N 9°16'34''E;En service
554946;ORANGE;2208690;5G NR 3500;2023-10-11;02A;2A004;5G;2026-03-19T15:15:24;02A2290225;26;20;74;;Chemin de Ranochietto;;;20000;2A004;"41.95277777777778 , 8.768333333333334";41°57'10''N 8°46'6''E;Techniquement opérationnel
554947;ORANGE;2208690;5G NR 700;2025-02-10;02A;2A004;5G;2026-03-19T15:15:24;02A2290225;26;20;74;;Chemin de Ranochietto;;;20000;2A004;"41.95277777777778 , 8.768333333333334";41°57'10''N 8°46'6''E;Techniquement opérationnel
554948;ORANGE;2208690;LTE 1800;2020-11-18;02A;2A004;4G;2026-03-19T15:15:24;02A2290225;26;20;74;;Chemin de Ranochietto;;;20000;2A004;"41.95277777777778 , 8.768333333333334";41°57'10''N 8°46'6''E;En service
554949;ORANGE;2208690;LTE 2100;2020-11-18;02A;2A004;4G;2026-03-19T15:15:24;02A2290225;26;20;74;;Chemin de Ranochietto;;;20000;2A004;"41.95277777777778 , 8.768333333333334";41°57'10''N 8°46'6''E;En service
554950;ORANGE;2208690;LTE 2600;2020-11-18;02A;2A004;4G;2026-03-19T15:15:24;02A2290225;26;20;74;;Chemin de Ranochietto;;;20000;2A004;"41.95277777777778 , 8.768333333333334";41°57'10''N 8°46'6''E;En service
554951;ORANGE;2208690;LTE 700;2020-11-19;02A;2A004;4G;2026-03-19T15:15:24;02A2290225;26;20;74;;Chemin de Ranochietto;;;20000;2A004;"41.95277777777778 , 8.768333333333334";41°57'10''N 8°46'6''E;En service
554952;ORANGE;2208690;LTE 800;2020-11-19;02A;2A004;4G;2026-03-19T15:15:24;02A2290225;26;20;74;;Chemin de Ranochietto;;;20000;2A004;"41.95277777777778 , 8.768333333333334";41°57'10''N 8°46'6''E;En service
554953;ORANGE;2208690;UMTS 900;2020-11-18;02A;2A004;3G;2026-03-19T15:15:24;02A2290225;26;20;74;;Chemin de Ranochietto;;;20000;2A004;"41.95277777777778 , 8.768333333333334";41°57'10''N 8°46'6''E;En service
555414;ORANGE;2214064;5G NR 3500;;02A;2A247;5G;2026-03-19T15:15:24;02A2290226;23;20;74;L'OSPEDALE;Quartier Agnarone;Village de l'Ospédale;;20137;2A247;"41.65222222222222 , 9.191944444444445";41°39'8''N 9°11'31''E;Projet approuvé
555415;ORANGE;2214064;5G NR 700;;02A;2A247;5G;2026-03-19T15:15:24;02A2290226;23;20;74;L'OSPEDALE;Quartier Agnarone;Village de l'Ospédale;;20137;2A247;"41.65222222222222 , 9.191944444444445";41°39'8''N 9°11'31''E;Projet approuvé
555416;ORANGE;2214064;LTE 1800;2020-08-06;02A;2A247;4G;2026-03-19T15:15:24;02A2290226;23;20;74;L'OSPEDALE;Quartier Agnarone;Village de l'Ospédale;;20137;2A247;"41.65222222222222 , 9.191944444444445";41°39'8''N 9°11'31''E;En service
555417;ORANGE;2214064;LTE 2100;2020-08-06;02A;2A247;4G;2026-03-19T15:15:24;02A2290226;23;20;74;L'OSPEDALE;Quartier Agnarone;Village de l'Ospédale;;20137;2A247;"41.65222222222222 , 9.191944444444445";41°39'8''N 9°11'31''E;En service
555418;ORANGE;2214064;LTE 2600;2020-08-06;02A;2A247;4G;2026-03-19T15:15:24;02A2290226;23;20;74;L'OSPEDALE;Quartier Agnarone;Village de l'Ospédale;;20137;2A247;"41.65222222222222 , 9.191944444444445";41°39'8''N 9°11'31''E;En service
555419;ORANGE;2214064;LTE 800;2020-08-11;02A;2A247;4G;2026-03-19T15:15:24;02A2290226;23;20;74;L'OSPEDALE;Quartier Agnarone;Village de l'Ospédale;;20137;2A247;"41.65222222222222 , 9.191944444444445";41°39'8''N 9°11'31''E;En service
555420;ORANGE;2214064;UMTS 900;2020-10-07;02A;2A247;3G;2026-03-19T15:15:24;02A2290226;23;20;74;L'OSPEDALE;Quartier Agnarone;Village de l'Ospédale;;20137;2A247;"41.65222222222222 , 9.191944444444445";41°39'8''N 9°11'31''E;En service
556576;ORANGE;2232827;LTE 700;2022-06-29;02A;2A362;4G;2026-03-19T15:15:24;02A2290229;23;15;74;Costa Del Pergolo;;;;20124;2A362;"41.717777777777776 , 9.299166666666666";41°43'4''N 9°17'57''E;En service
556577;ORANGE;2232827;LTE 800;2020-06-18;02A;2A362;4G;2026-03-19T15:15:24;02A2290229;23;15;74;Costa Del Pergolo;;;;20124;2A362;"41.717777777777776 , 9.299166666666666";41°43'4''N 9°17'57''E;En service
556578;ORANGE;2232827;UMTS 900;2020-06-18;02A;2A362;3G;2026-03-19T15:15:24;02A2290229;23;15;74;Costa Del Pergolo;;;;20124;2A362;"41.717777777777776 , 9.299166666666666";41°43'4''N 9°17'57''E;En service
557028;ORANGE;2238743;5G NR 3500;;02A;2A247;5G;2026-03-19T15:15:24;02A2290230;23;12;74;DURABILE;T10 route de Bonifacio;Terrain PANDOLFI;;20137;2A247;"41.52222222222222 , 9.256388888888889";41°31'20''N 9°15'23''E;Projet approuvé
557029;ORANGE;2238743;5G NR 700;;02A;2A247;5G;2026-03-19T15:15:24;02A2290230;23;12;74;DURABILE;T10 route de Bonifacio;Terrain PANDOLFI;;20137;2A247;"41.52222222222222 , 9.256388888888889";41°31'20''N 9°15'23''E;Projet approuvé
557030;ORANGE;2238743;LTE 1800;2021-04-16;02A;2A247;4G;2026-03-19T15:15:24;02A2290230;23;12;74;DURABILE;T10 route de Bonifacio;Terrain PANDOLFI;;20137;2A247;"41.52222222222222 , 9.256388888888889";41°31'20''N 9°15'23''E;En service
557031;ORANGE;2238743;LTE 2100;2021-04-16;02A;2A247;4G;2026-03-19T15:15:24;02A2290230;23;12;74;DURABILE;T10 route de Bonifacio;Terrain PANDOLFI;;20137;2A247;"41.52222222222222 , 9.256388888888889";41°31'20''N 9°15'23''E;En service
557032;ORANGE;2238743;LTE 2600;2021-04-16;02A;2A247;4G;2026-03-19T15:15:24;02A2290230;23;12;74;DURABILE;T10 route de Bonifacio;Terrain PANDOLFI;;20137;2A247;"41.52222222222222 , 9.256388888888889";41°31'20''N 9°15'23''E;En service
557033;ORANGE;2238743;LTE 800;2021-05-10;02A;2A247;4G;2026-03-19T15:15:24;02A2290230;23;12;74;DURABILE;T10 route de Bonifacio;Terrain PANDOLFI;;20137;2A247;"41.52222222222222 , 9.256388888888889";41°31'20''N 9°15'23''E;En service
557034;ORANGE;2238743;UMTS 900;2021-04-16;02A;2A247;3G;2026-03-19T15:15:24;02A2290230;23;12;74;DURABILE;T10 route de Bonifacio;Terrain PANDOLFI;;20137;2A247;"41.52222222222222 , 9.256388888888889";41°31'20''N 9°15'23''E;En service
562348;ORANGE;2322475;LTE 700;2023-05-04;02A;2A240;4G;2026-03-19T15:15:24;02A2290232;23;24;65;Valdarone;Sant' Anoria;Campivu;;20125;2A240;"42.17805555555555 , 8.896944444444443";42°10'41''N 8°53'49''E;En service
562349;ORANGE;2322475;LTE 800;2021-03-18;02A;2A240;4G;2026-03-19T15:15:24;02A2290232;23;24;65;Valdarone;Sant' Anoria;Campivu;;20125;2A240;"42.17805555555555 , 8.896944444444443";42°10'41''N 8°53'49''E;En service
562350;ORANGE;2322475;UMTS 900;2021-04-13;02A;2A240;3G;2026-03-19T15:15:24;02A2290232;23;24;65;Valdarone;Sant' Anoria;Campivu;;20125;2A240;"42.17805555555555 , 8.896944444444443";42°10'41''N 8°53'49''E;En service
565648;ORANGE;2403761;LTE 700;2022-07-21;02A;2A189;4G;2026-03-19T15:15:24;02A2290234;23;45;75;MILUCCIA;LECCIALTE;;;20113;2A189;"41.72972222222222 , 8.913333333333334";41°43'47''N 8°54'48''E;En service
565649;ORANGE;2403761;LTE 800;2021-03-19;02A;2A189;4G;2026-03-19T15:15:24;02A2290234;23;45;75;MILUCCIA;LECCIALTE;;;20113;2A189;"41.72972222222222 , 8.913333333333334";41°43'47''N 8°54'48''E;En service
565650;ORANGE;2403761;UMTS 900;2021-04-01;02A;2A189;3G;2026-03-19T15:15:24;02A2290234;23;45;75;MILUCCIA;LECCIALTE;;;20113;2A189;"41.72972222222222 , 8.913333333333334";41°43'47''N 8°54'48''E;En service
567019;ORANGE;2430842;LTE 700;2022-07-21;02A;2A254;4G;2026-03-19T15:15:24;02A2290238;23;33;75;Ucelli;Hameau de Bavella;;;20122;2A254;"41.797777777777775 , 9.222777777777777";41°47'52''N 9°13'22''E;En service
567020;ORANGE;2430842;LTE 800;2021-07-19;02A;2A254;4G;2026-03-19T15:15:24;02A2290238;23;33;75;Ucelli;Hameau de Bavella;;;20122;2A254;"41.797777777777775 , 9.222777777777777";41°47'52''N 9°13'22''E;En service
567021;ORANGE;2430842;UMTS 900;2021-07-19;02A;2A254;3G;2026-03-19T15:15:24;02A2290238;23;33;75;Ucelli;Hameau de Bavella;;;20122;2A254;"41.797777777777775 , 9.222777777777777";41°47'52''N 9°13'22''E;En service
567859;ORANGE;2449115;5G NR 3500;2022-06-29;02A;2A004;5G;2026-03-19T15:15:24;02A2290188;17;43;9;;r albert decaris;Résidence Plein Ciel;;20000;2A004;"41.91972222222222 , 8.728055555555555";41°55'11''N 8°43'41''E;Techniquement opérationnel
567860;ORANGE;2449115;5G NR 700;2025-01-08;02A;2A004;5G;2026-03-19T15:15:24;02A2290188;17;43;9;;r albert decaris;Résidence Plein Ciel;;20000;2A004;"41.91972222222222 , 8.728055555555555";41°55'11''N 8°43'41''E;Techniquement opérationnel
567861;ORANGE;2449115;GSM 900;2018-10-08;02A;2A004;2G;2026-03-19T15:15:24;02A2290188;17;43;9;;r albert decaris;Résidence Plein Ciel;;20000;2A004;"41.91972222222222 , 8.728055555555555";41°55'11''N 8°43'41''E;En service
567862;ORANGE;2449115;LTE 1800;2016-09-09;02A;2A004;4G;2026-03-19T15:15:24;02A2290188;17;43;9;;r albert decaris;Résidence Plein Ciel;;20000;2A004;"41.91972222222222 , 8.728055555555555";41°55'11''N 8°43'41''E;En service
567863;ORANGE;2449115;LTE 2100;2019-08-19;02A;2A004;4G;2026-03-19T15:15:24;02A2290188;17;43;9;;r albert decaris;Résidence Plein Ciel;;20000;2A004;"41.91972222222222 , 8.728055555555555";41°55'11''N 8°43'41''E;En service
567864;ORANGE;2449115;LTE 2600;2014-01-14;02A;2A004;4G;2026-03-19T15:15:24;02A2290188;17;43;9;;r albert decaris;Résidence Plein Ciel;;20000;2A004;"41.91972222222222 , 8.728055555555555";41°55'11''N 8°43'41''E;En service
567865;ORANGE;2449115;LTE 700;2022-03-07;02A;2A004;4G;2026-03-19T15:15:24;02A2290188;17;43;9;;r albert decaris;Résidence Plein Ciel;;20000;2A004;"41.91972222222222 , 8.728055555555555";41°55'11''N 8°43'41''E;En service
567866;ORANGE;2449115;LTE 800;2018-06-28;02A;2A004;4G;2026-03-19T15:15:24;02A2290188;17;43;9;;r albert decaris;Résidence Plein Ciel;;20000;2A004;"41.91972222222222 , 8.728055555555555";41°55'11''N 8°43'41''E;En service
567867;ORANGE;2449115;UMTS 900;2018-10-08;02A;2A004;3G;2026-03-19T15:15:24;02A2290188;17;43;9;;r albert decaris;Résidence Plein Ciel;;20000;2A004;"41.91972222222222 , 8.728055555555555";41°55'11''N 8°43'41''E;En service
568809;ORANGE;2466649;LTE 700;2023-05-04;02A;2A098;4G;2026-03-19T15:15:24;02A2290235;23;20;65;TERRA ROSSA;Carpina;;;20138;2A098;"41.745555555555555 , 8.696111111111112";41°44'44''N 8°41'46''E;En service
568810;ORANGE;2466649;LTE 800;2022-03-14;02A;2A098;4G;2026-03-19T15:15:24;02A2290235;23;20;65;TERRA ROSSA;Carpina;;;20138;2A098;"41.745555555555555 , 8.696111111111112";41°44'44''N 8°41'46''E;En service
568811;ORANGE;2466649;UMTS 900;2022-03-09;02A;2A098;3G;2026-03-19T15:15:24;02A2290235;23;20;65;TERRA ROSSA;Carpina;;;20138;2A098;"41.745555555555555 , 8.696111111111112";41°44'44''N 8°41'46''E;En service
569369;ORANGE;2479673;5G NR 3500;2021-11-26;02A;2A004;5G;2026-03-19T15:15:24;02A2290236;26;"17,4";21;Quartier Le Finosello;Magasin AUDI;;;20000;2A004;"41.94833333333333 , 8.769444444444446";41°56'54''N 8°46'10''E;Techniquement opérationnel
569370;ORANGE;2479673;GSM 900;2021-11-19;02A;2A004;2G;2026-03-19T15:15:24;02A2290236;26;"17,4";21;Quartier Le Finosello;Magasin AUDI;;;20000;2A004;"41.94833333333333 , 8.769444444444446";41°56'54''N 8°46'10''E;En service
569371;ORANGE;2479673;LTE 1800;2021-11-10;02A;2A004;4G;2026-03-19T15:15:24;02A2290236;26;"17,4";21;Quartier Le Finosello;Magasin AUDI;;;20000;2A004;"41.94833333333333 , 8.769444444444446";41°56'54''N 8°46'10''E;En service
569372;ORANGE;2479673;LTE 2100;2021-11-10;02A;2A004;4G;2026-03-19T15:15:24;02A2290236;26;"17,4";21;Quartier Le Finosello;Magasin AUDI;;;20000;2A004;"41.94833333333333 , 8.769444444444446";41°56'54''N 8°46'10''E;En service
569373;ORANGE;2479673;LTE 2600;2021-11-10;02A;2A004;4G;2026-03-19T15:15:24;02A2290236;26;"17,4";21;Quartier Le Finosello;Magasin AUDI;;;20000;2A004;"41.94833333333333 , 8.769444444444446";41°56'54''N 8°46'10''E;En service
569374;ORANGE;2479673;LTE 700;2021-09-09;02A;2A004;4G;2026-03-19T15:15:24;02A2290236;26;"17,4";21;Quartier Le Finosello;Magasin AUDI;;;20000;2A004;"41.94833333333333 , 8.769444444444446";41°56'54''N 8°46'10''E;En service
569375;ORANGE;2479673;LTE 800;2021-09-09;02A;2A004;4G;2026-03-19T15:15:24;02A2290236;26;"17,4";21;Quartier Le Finosello;Magasin AUDI;;;20000;2A004;"41.94833333333333 , 8.769444444444446";41°56'54''N 8°46'10''E;En service
569376;ORANGE;2479673;UMTS 900;2021-11-16;02A;2A004;3G;2026-03-19T15:15:24;02A2290236;26;"17,4";21;Quartier Le Finosello;Magasin AUDI;;;20000;2A004;"41.94833333333333 , 8.769444444444446";41°56'54''N 8°46'10''E;En service
572203;ORANGE;2538301;LTE 700;2023-05-31;02A;2A360;4G;2026-03-19T15:15:24;02A2290254;23;42;27;Costa;;;;20190;2A360;"41.84861111111111 , 8.991666666666665";41°50'55''N 8°59'30''E;En service
572204;ORANGE;2538301;LTE 800;2023-01-31;02A;2A360;4G;2026-03-19T15:15:24;02A2290254;23;42;27;Costa;;;;20190;2A360;"41.84861111111111 , 8.991666666666665";41°50'55''N 8°59'30''E;En service
572205;ORANGE;2538301;UMTS 900;2023-02-01;02A;2A360;3G;2026-03-19T15:15:24;02A2290254;23;42;27;Costa;;;;20190;2A360;"41.84861111111111 , 8.991666666666665";41°50'55''N 8°59'30''E;En service
574336;ORANGE;2598920;LTE 700;2023-05-04;02A;2A031;4G;2026-03-19T15:15:24;02A2290240;23;24;65;Lucciolaja;Cauro Bastelica;;;20119;2A031;"41.95777777777778 , 8.995277777777776";41°57'28''N 8°59'43''E;En service
574337;ORANGE;2598920;LTE 800;2022-10-17;02A;2A031;4G;2026-03-19T15:15:24;02A2290240;23;24;65;Lucciolaja;Cauro Bastelica;;;20119;2A031;"41.95777777777778 , 8.995277777777776";41°57'28''N 8°59'43''E;En service
574338;ORANGE;2598920;UMTS 900;2022-11-08;02A;2A031;3G;2026-03-19T15:15:24;02A2290240;23;24;65;Lucciolaja;Cauro Bastelica;;;20119;2A031;"41.95777777777778 , 8.995277777777776";41°57'28''N 8°59'43''E;En service
575134;ORANGE;2616553;5G NR 2100;2025-11-10;02A;2A272;5G;2026-03-19T15:15:24;02A2290243;23;"18,4";65;Pero Longo;proche route T40;;;20100;2A272;"41.53138888888889 , 8.960277777777778";41°31'53''N 8°57'37''E;Techniquement opérationnel
575135;ORANGE;2616553;LTE 1800;2023-08-17;02A;2A272;4G;2026-03-19T15:15:24;02A2290243;23;"18,4";65;Pero Longo;proche route T40;;;20100;2A272;"41.53138888888889 , 8.960277777777778";41°31'53''N 8°57'37''E;En service
575136;ORANGE;2616553;LTE 700;2023-08-17;02A;2A272;4G;2026-03-19T15:15:24;02A2290243;23;"18,4";65;Pero Longo;proche route T40;;;20100;2A272;"41.53138888888889 , 8.960277777777778";41°31'53''N 8°57'37''E;En service
575137;ORANGE;2616553;LTE 800;2023-10-03;02A;2A272;4G;2026-03-19T15:15:24;02A2290243;23;"18,4";65;Pero Longo;proche route T40;;;20100;2A272;"41.53138888888889 , 8.960277777777778";41°31'53''N 8°57'37''E;En service
575138;ORANGE;2616553;UMTS 900;2023-08-17;02A;2A272;3G;2026-03-19T15:15:24;02A2290243;23;"18,4";65;Pero Longo;proche route T40;;;20100;2A272;"41.53138888888889 , 8.960277777777778";41°31'53''N 8°57'37''E;En service
576127;ORANGE;2636988;LTE 1800;2022-12-13;02A;2A247;4G;2026-03-19T15:15:24;02A2290246;26;10;21;Port de Porto Vecchio;quai Pascal PAOLI;;;20137;2A247;"41.58972222222222 , 9.285833333333333";41°35'23''N 9°17'9''E;En service
576128;ORANGE;2636988;LTE 2100;2022-08-29;02A;2A247;4G;2026-03-19T15:15:24;02A2290246;26;10;21;Port de Porto Vecchio;quai Pascal PAOLI;;;20137;2A247;"41.58972222222222 , 9.285833333333333";41°35'23''N 9°17'9''E;En service
576129;ORANGE;2636988;LTE 2600;2022-12-13;02A;2A247;4G;2026-03-19T15:15:24;02A2290246;26;10;21;Port de Porto Vecchio;quai Pascal PAOLI;;;20137;2A247;"41.58972222222222 , 9.285833333333333";41°35'23''N 9°17'9''E;En service
576130;ORANGE;2636988;LTE 700;2022-08-29;02A;2A247;4G;2026-03-19T15:15:24;02A2290246;26;10;21;Port de Porto Vecchio;quai Pascal PAOLI;;;20137;2A247;"41.58972222222222 , 9.285833333333333";41°35'23''N 9°17'9''E;En service
576131;ORANGE;2636988;LTE 800;2022-09-26;02A;2A247;4G;2026-03-19T15:15:24;02A2290246;26;10;21;Port de Porto Vecchio;quai Pascal PAOLI;;;20137;2A247;"41.58972222222222 , 9.285833333333333";41°35'23''N 9°17'9''E;En service
576132;ORANGE;2636988;UMTS 900;2022-08-29;02A;2A247;3G;2026-03-19T15:15:24;02A2290246;26;10;21;Port de Porto Vecchio;quai Pascal PAOLI;;;20137;2A247;"41.58972222222222 , 9.285833333333333";41°35'23''N 9°17'9''E;En service
576206;ORANGE;2638785;LTE 700;2023-05-04;02A;2A026;4G;2026-03-19T15:15:24;02A2290245;23;24;74;Matre;;;;20190;2A026;"41.86416666666667 , 9.016944444444444";41°51'51''N 9°1'1''E;En service
576207;ORANGE;2638785;LTE 800;2023-03-13;02A;2A026;4G;2026-03-19T15:15:24;02A2290245;23;24;74;Matre;;;;20190;2A026;"41.86416666666667 , 9.016944444444444";41°51'51''N 9°1'1''E;En service
576208;ORANGE;2638785;UMTS 900;2023-03-03;02A;2A026;3G;2026-03-19T15:15:24;02A2290245;23;24;74;Matre;;;;20190;2A026;"41.86416666666667 , 9.016944444444444";41°51'51''N 9°1'1''E;En service
576304;ORANGE;2640911;LTE 700;2023-04-21;02A;2A269;4G;2026-03-19T15:15:24;02A2290247;23;24;74;GAGLIOLI - TRAMUTA;rte de Bavella;Ch d'expl près D268;;20145;2A269;"41.83277777777778 , 9.320833333333333";41°49'58''N 9°19'15''E;En service
576305;ORANGE;2640911;LTE 800;2023-04-21;02A;2A269;4G;2026-03-19T15:15:24;02A2290247;23;24;74;GAGLIOLI - TRAMUTA;rte de Bavella;Ch d'expl près D268;;20145;2A269;"41.83277777777778 , 9.320833333333333";41°49'58''N 9°19'15''E;En service
576306;ORANGE;2640911;UMTS 900;2023-04-17;02A;2A269;3G;2026-03-19T15:15:24;02A2290247;23;24;74;GAGLIOLI - TRAMUTA;rte de Bavella;Ch d'expl près D268;;20145;2A269;"41.83277777777778 , 9.320833333333333";41°49'58''N 9°19'15''E;En service
577070;ORANGE;2657220;LTE 1800;2023-09-01;02A;2A247;4G;2026-03-19T15:15:24;02A2290248;24;12;21;Arutoli;Route de l'Ospedale;;;20137;2A247;"41.6025 , 9.267222222222223";41°36'9''N 9°16'2''E;En service
577071;ORANGE;2657220;LTE 2100;2023-09-01;02A;2A247;4G;2026-03-19T15:15:24;02A2290248;24;12;21;Arutoli;Route de l'Ospedale;;;20137;2A247;"41.6025 , 9.267222222222223";41°36'9''N 9°16'2''E;En service
577072;ORANGE;2657220;LTE 2600;2023-09-01;02A;2A247;4G;2026-03-19T15:15:24;02A2290248;24;12;21;Arutoli;Route de l'Ospedale;;;20137;2A247;"41.6025 , 9.267222222222223";41°36'9''N 9°16'2''E;En service
577073;ORANGE;2657220;LTE 700;2023-09-04;02A;2A247;4G;2026-03-19T15:15:24;02A2290248;24;12;21;Arutoli;Route de l'Ospedale;;;20137;2A247;"41.6025 , 9.267222222222223";41°36'9''N 9°16'2''E;En service
577074;ORANGE;2657220;LTE 800;2023-09-05;02A;2A247;4G;2026-03-19T15:15:24;02A2290248;24;12;21;Arutoli;Route de l'Ospedale;;;20137;2A247;"41.6025 , 9.267222222222223";41°36'9''N 9°16'2''E;En service
577335;ORANGE;2662081;LTE 700;;02A;2A186;4G;2026-03-19T15:15:24;02A2290241;23;"18,4";65;Valdo;;;;20140;2A186;"41.844722222222224 , 9.061944444444444";41°50'41''N 9°3'43''E;Projet approuvé
577336;ORANGE;2662081;LTE 800;2023-02-01;02A;2A186;4G;2026-03-19T15:15:24;02A2290241;23;"18,4";65;Valdo;;;;20140;2A186;"41.844722222222224 , 9.061944444444444";41°50'41''N 9°3'43''E;En service
577337;ORANGE;2662081;UMTS 900;2023-02-02;02A;2A186;3G;2026-03-19T15:15:24;02A2290241;23;"18,4";65;Valdo;;;;20140;2A186;"41.844722222222224 , 9.061944444444444";41°50'41''N 9°3'43''E;En service
578389;ORANGE;2691322;LTE 700;2023-04-14;02A;2A132;4G;2026-03-19T15:15:24;02A2290259;26;18;32;;RUE CAMPIANI;;;20128;2A132;"41.83555555555556 , 8.924444444444443";41°50'8''N 8°55'28''E;En service
578390;ORANGE;2691322;LTE 800;2023-04-14;02A;2A132;4G;2026-03-19T15:15:24;02A2290259;26;18;32;;RUE CAMPIANI;;;20128;2A132;"41.83555555555556 , 8.924444444444443";41°50'8''N 8°55'28''E;En service
578391;ORANGE;2691322;UMTS 900;2023-04-14;02A;2A132;3G;2026-03-19T15:15:24;02A2290259;26;18;32;;RUE CAMPIANI;;;20128;2A132;"41.83555555555556 , 8.924444444444443";41°50'8''N 8°55'28''E;En service
578392;ORANGE;2691324;LTE 700;2023-04-14;02A;2A014;4G;2026-03-19T15:15:24;02A2290260;23;21;32;;Chemin d'Ambiegna;;;20151;2A014;"42.08444444444444 , 8.796111111111111";42°5'4''N 8°47'46''E;En service
578393;ORANGE;2691324;LTE 800;2023-04-14;02A;2A014;4G;2026-03-19T15:15:24;02A2290260;23;21;32;;Chemin d'Ambiegna;;;20151;2A014;"42.08444444444444 , 8.796111111111111";42°5'4''N 8°47'46''E;En service
578394;ORANGE;2691324;UMTS 900;2023-04-14;02A;2A014;3G;2026-03-19T15:15:24;02A2290260;23;21;32;;Chemin d'Ambiegna;;;20151;2A014;"42.08444444444444 , 8.796111111111111";42°5'4''N 8°47'46''E;En service
578530;ORANGE;2695041;LTE 700;2023-04-14;02A;2A163;4G;2026-03-19T15:15:24;02A2290270;23;21;32;Giannuccio;Proche TADU;;;20171;2A163;"41.5625 , 9.041666666666666";41°33'45''N 9°2'30''E;En service
578531;ORANGE;2695041;LTE 800;2023-04-14;02A;2A163;4G;2026-03-19T15:15:24;02A2290270;23;21;32;Giannuccio;Proche TADU;;;20171;2A163;"41.5625 , 9.041666666666666";41°33'45''N 9°2'30''E;En service
578532;ORANGE;2695041;UMTS 900;2023-06-08;02A;2A163;3G;2026-03-19T15:15:24;02A2290270;23;21;32;Giannuccio;Proche TADU;;;20171;2A163;"41.5625 , 9.041666666666666";41°33'45''N 9°2'30''E;En service
579798;ORANGE;2723844;GSM 900;2001-12-14;02A;2A085;2G;2026-03-19T15:15:24;02A2290104;23;38;74;Saina;N 196;;;20117;2A085;"41.900555555555556 , 8.927222222222222";41°54'2''N 8°55'38''E;En service
579799;ORANGE;2723844;LTE 1800;2018-08-20;02A;2A085;4G;2026-03-19T15:15:24;02A2290104;23;38;74;Saina;N 196;;;20117;2A085;"41.900555555555556 , 8.927222222222222";41°54'2''N 8°55'38''E;En service
579800;ORANGE;2723844;LTE 2100;2021-01-29;02A;2A085;4G;2026-03-19T15:15:24;02A2290104;23;38;74;Saina;N 196;;;20117;2A085;"41.900555555555556 , 8.927222222222222";41°54'2''N 8°55'38''E;En service
579801;ORANGE;2723844;LTE 2600;2021-01-29;02A;2A085;4G;2026-03-19T15:15:24;02A2290104;23;38;74;Saina;N 196;;;20117;2A085;"41.900555555555556 , 8.927222222222222";41°54'2''N 8°55'38''E;En service
579802;ORANGE;2723844;LTE 700;2021-01-12;02A;2A085;4G;2026-03-19T15:15:24;02A2290104;23;38;74;Saina;N 196;;;20117;2A085;"41.900555555555556 , 8.927222222222222";41°54'2''N 8°55'38''E;En service
579803;ORANGE;2723844;LTE 800;2018-08-30;02A;2A085;4G;2026-03-19T15:15:24;02A2290104;23;38;74;Saina;N 196;;;20117;2A085;"41.900555555555556 , 8.927222222222222";41°54'2''N 8°55'38''E;En service
579804;ORANGE;2723844;UMTS 900;2011-05-18;02A;2A085;3G;2026-03-19T15:15:24;02A2290104;23;38;74;Saina;N 196;;;20117;2A085;"41.900555555555556 , 8.927222222222222";41°54'2''N 8°55'38''E;En service
580515;ORANGE;2743017;LTE 700;2023-07-17;02A;2A142;4G;2026-03-19T15:15:24;02A2290262;23;30;32;FILOMOZZO;Route de Tirolo à Carpolitano;;;20170;2A142;"41.64944444444444 , 9.104722222222222";41°38'58''N 9°6'17''E;En service
580516;ORANGE;2743017;LTE 800;2023-07-17;02A;2A142;4G;2026-03-19T15:15:24;02A2290262;23;30;32;FILOMOZZO;Route de Tirolo à Carpolitano;;;20170;2A142;"41.64944444444444 , 9.104722222222222";41°38'58''N 9°6'17''E;En service
580517;ORANGE;2743017;UMTS 900;2023-06-27;02A;2A142;3G;2026-03-19T15:15:24;02A2290262;23;30;32;FILOMOZZO;Route de Tirolo à Carpolitano;;;20170;2A142;"41.64944444444444 , 9.104722222222222";41°38'58''N 9°6'17''E;En service
581488;ORANGE;2773430;LTE 700;2024-03-29;02A;2A114;4G;2026-03-19T15:15:24;02A2290269;23;27;42;Punta di Turricciola;Hameau de Santa Lucia.;;;20114;2A114;"41.48111111111111 , 9.157777777777778";41°28'52''N 9°9'28''E;En service
581489;ORANGE;2773430;LTE 800;2024-03-29;02A;2A114;4G;2026-03-19T15:15:24;02A2290269;23;27;42;Punta di Turricciola;Hameau de Santa Lucia.;;;20114;2A114;"41.48111111111111 , 9.157777777777778";41°28'52''N 9°9'28''E;En service
581490;ORANGE;2773430;UMTS 900;2024-04-11;02A;2A114;3G;2026-03-19T15:15:24;02A2290269;23;27;42;Punta di Turricciola;Hameau de Santa Lucia.;;;20114;2A114;"41.48111111111111 , 9.157777777777778";41°28'52''N 9°9'28''E;En service
582546;ORANGE;2803186;LTE 700;2024-06-10;02A;2A204;4G;2026-03-19T15:15:24;02A2290252;23;24;74;Canalelle;;;;20121;2A204;"42.13305555555556 , 8.974722222222223";42°7'59''N 8°58'29''E;En service
582547;ORANGE;2803186;LTE 800;2024-06-10;02A;2A204;4G;2026-03-19T15:15:24;02A2290252;23;24;74;Canalelle;;;;20121;2A204;"42.13305555555556 , 8.974722222222223";42°7'59''N 8°58'29''E;En service
582548;ORANGE;2803186;UMTS 900;2024-06-17;02A;2A204;3G;2026-03-19T15:15:24;02A2290252;23;24;74;Canalelle;;;;20121;2A204;"42.13305555555556 , 8.974722222222223";42°7'59''N 8°58'29''E;En service
582549;ORANGE;2803196;LTE 700;2025-01-02;02A;2A204;4G;2026-03-19T15:15:24;02A2290251;23;24;74;;FRASSETU;;;20121;2A204;"42.12833333333333 , 8.986944444444443";42°7'42''N 8°59'13''E;En service
582550;ORANGE;2803196;LTE 800;2025-01-02;02A;2A204;4G;2026-03-19T15:15:24;02A2290251;23;24;74;;FRASSETU;;;20121;2A204;"42.12833333333333 , 8.986944444444443";42°7'42''N 8°59'13''E;En service
582551;ORANGE;2803196;UMTS 900;2024-12-17;02A;2A204;3G;2026-03-19T15:15:24;02A2290251;23;24;74;;FRASSETU;;;20121;2A204;"42.12833333333333 , 8.986944444444443";42°7'42''N 8°59'13''E;En service
582649;ORANGE;2806719;LTE 700;2025-09-05;02A;2A262;4G;2026-03-19T15:15:24;02A2290253;23;12;74;LUCU;RD4 - Proche de Muna;;;20121;2A262;"42.13583333333333 , 8.846388888888889";42°8'9''N 8°50'47''E;En service
582650;ORANGE;2806719;LTE 800;2025-09-05;02A;2A262;4G;2026-03-19T15:15:24;02A2290253;23;12;74;LUCU;RD4 - Proche de Muna;;;20121;2A262;"42.13583333333333 , 8.846388888888889";42°8'9''N 8°50'47''E;En service
582651;ORANGE;2806719;UMTS 900;2025-10-21;02A;2A262;3G;2026-03-19T15:15:24;02A2290253;23;12;74;LUCU;RD4 - Proche de Muna;;;20121;2A262;"42.13583333333333 , 8.846388888888889";42°8'9''N 8°50'47''E;En service
583284;ORANGE;2824886;LTE 700;2023-12-12;02A;2A119;4G;2026-03-19T15:15:24;02A2290261;20;"27,7";34;;Place de l'Eglise;;;20157;2A119;"41.89555555555555 , 9.021944444444445";41°53'44''N 9°1'19''E;En service
583285;ORANGE;2824886;LTE 800;2023-12-12;02A;2A119;4G;2026-03-19T15:15:24;02A2290261;20;"27,7";34;;Place de l'Eglise;;;20157;2A119;"41.89555555555555 , 9.021944444444445";41°53'44''N 9°1'19''E;En service
583286;ORANGE;2824886;UMTS 900;2023-12-25;02A;2A119;3G;2026-03-19T15:15:24;02A2290261;20;"27,7";34;;Place de l'Eglise;;;20157;2A119;"41.89555555555555 , 9.021944444444445";41°53'44''N 9°1'19''E;En service
584277;ORANGE;2843685;LTE 700;2023-08-21;02A;2A129;4G;2026-03-19T15:15:24;02A2290263;23;18;27;Santo;SPALLA;ancien chemin de tivolaggio à Grossa;;20100;2A129;"41.61194444444445 , 8.875";41°36'43''N 8°52'30''E;En service
584278;ORANGE;2843685;LTE 800;2023-08-21;02A;2A129;4G;2026-03-19T15:15:24;02A2290263;23;18;27;Santo;SPALLA;ancien chemin de tivolaggio à Grossa;;20100;2A129;"41.61194444444445 , 8.875";41°36'43''N 8°52'30''E;En service
584279;ORANGE;2843685;UMTS 900;2023-08-10;02A;2A129;3G;2026-03-19T15:15:24;02A2290263;23;18;27;Santo;SPALLA;ancien chemin de tivolaggio à Grossa;;20100;2A129;"41.61194444444445 , 8.875";41°36'43''N 8°52'30''E;En service
584460;ORANGE;2848458;LTE 700;2024-01-15;02A;2A203;4G;2026-03-19T15:15:24;02A2290265;23;12;42;Sarra Mandriaccia;Rte du cimetière;;;20147;2A203;"42.31055555555555 , 8.686111111111112";42°18'38''N 8°41'10''E;En service
584461;ORANGE;2848458;LTE 800;2024-01-15;02A;2A203;4G;2026-03-19T15:15:24;02A2290265;23;12;42;Sarra Mandriaccia;Rte du cimetière;;;20147;2A203;"42.31055555555555 , 8.686111111111112";42°18'38''N 8°41'10''E;En service
584462;ORANGE;2848458;UMTS 900;2024-01-28;02A;2A203;3G;2026-03-19T15:15:24;02A2290265;23;12;42;Sarra Mandriaccia;Rte du cimetière;;;20147;2A203;"42.31055555555555 , 8.686111111111112";42°18'38''N 8°41'10''E;En service
584870;ORANGE;2854892;LTE 1800;2023-08-17;02A;2A004;4G;2026-03-19T15:15:24;02A2290255;26;9;21;;Chemin du stiletto;Parking Hopital;;20000;2A004;"41.943888888888885 , 8.771666666666668";41°56'38''N 8°46'18''E;En service
584871;ORANGE;2854892;LTE 2100;2023-08-17;02A;2A004;4G;2026-03-19T15:15:24;02A2290255;26;9;21;;Chemin du stiletto;Parking Hopital;;20000;2A004;"41.943888888888885 , 8.771666666666668";41°56'38''N 8°46'18''E;En service
584872;ORANGE;2854892;LTE 800;2023-09-04;02A;2A004;4G;2026-03-19T15:15:24;02A2290255;26;9;21;;Chemin du stiletto;Parking Hopital;;20000;2A004;"41.943888888888885 , 8.771666666666668";41°56'38''N 8°46'18''E;En service
585120;ORANGE;2858457;LTE 700;;02A;2A031;4G;2026-03-19T15:15:24;02A2290256;23;30;74;Alzitella;D 27;;;20119;2A031;"42.01 , 9.038611111111111";42°0'36''N 9°2'19''E;Projet approuvé
585121;ORANGE;2858457;LTE 800;;02A;2A031;4G;2026-03-19T15:15:24;02A2290256;23;30;74;Alzitella;D 27;;;20119;2A031;"42.01 , 9.038611111111111";42°0'36''N 9°2'19''E;Projet approuvé
585122;ORANGE;2858457;UMTS 900;;02A;2A031;3G;2026-03-19T15:15:24;02A2290256;23;30;74;Alzitella;D 27;;;20119;2A031;"42.01 , 9.038611111111111";42°0'36''N 9°2'19''E;Projet approuvé
585207;ORANGE;2860764;LTE 700;;02A;2A359;4G;2026-03-19T15:15:24;02A2290277;23;"9,9";42;PUNTA TOZZARELLA VALLICIONCA;PLATEAU DU COSCIONE;;;20132;2A359;"41.85416666666667 , 9.17611111111111";41°51'15''N 9°10'34''E;Projet approuvé
585208;ORANGE;2860764;LTE 800;;02A;2A359;4G;2026-03-19T15:15:24;02A2290277;23;"9,9";42;PUNTA TOZZARELLA VALLICIONCA;PLATEAU DU COSCIONE;;;20132;2A359;"41.85416666666667 , 9.17611111111111";41°51'15''N 9°10'34''E;Projet approuvé
585209;ORANGE;2860764;UMTS 900;;02A;2A359;3G;2026-03-19T15:15:24;02A2290277;23;"9,9";42;PUNTA TOZZARELLA VALLICIONCA;PLATEAU DU COSCIONE;;;20132;2A359;"41.85416666666667 , 9.17611111111111";41°51'15''N 9°10'34''E;Projet approuvé
586766;ORANGE;2889326;LTE 700;2024-10-14;02A;2A019;4G;2026-03-19T15:15:24;02A2290264;23;18;74;SAMBUGHELLE ;Chemein d'arbori;;;20160;2A019;"42.14388888888889 , 8.802222222222223";42°8'38''N 8°48'8''E;En service
586767;ORANGE;2889326;LTE 800;2024-10-14;02A;2A019;4G;2026-03-19T15:15:24;02A2290264;23;18;74;SAMBUGHELLE ;Chemein d'arbori;;;20160;2A019;"42.14388888888889 , 8.802222222222223";42°8'38''N 8°48'8''E;En service
586768;ORANGE;2889326;UMTS 900;2024-11-12;02A;2A019;3G;2026-03-19T15:15:24;02A2290264;23;18;74;SAMBUGHELLE ;Chemein d'arbori;;;20160;2A019;"42.14388888888889 , 8.802222222222223";42°8'38''N 8°48'8''E;En service
586908;ORANGE;2890760;LTE 700;;02A;2A348;4G;2026-03-19T15:15:24;02A2290272;23;24;27;Poggio;RD 56 Frasso;;;20160;2A348;"42.152499999999996 , 8.774444444444445";42°9'9''N 8°46'28''E;Projet approuvé
586909;ORANGE;2890760;LTE 800;;02A;2A348;4G;2026-03-19T15:15:24;02A2290272;23;24;27;Poggio;RD 56 Frasso;;;20160;2A348;"42.152499999999996 , 8.774444444444445";42°9'9''N 8°46'28''E;Projet approuvé
586910;ORANGE;2890760;UMTS 900;;02A;2A348;3G;2026-03-19T15:15:24;02A2290272;23;24;27;Poggio;RD 56 Frasso;;;20160;2A348;"42.152499999999996 , 8.774444444444445";42°9'9''N 8°46'28''E;Projet approuvé
587023;ORANGE;2892620;LTE 700;2025-04-22;02A;2A324;4G;2026-03-19T15:15:24;02A2290266;23;"18,4";74;CIOFELLO;CASARACCA - PRUNICCIA;D127;;20163;2A324;"42.06666666666667 , 9.020000000000001";42°4'0''N 9°1'12''E;En service
587024;ORANGE;2892620;LTE 800;2025-04-22;02A;2A324;4G;2026-03-19T15:15:24;02A2290266;23;"18,4";74;CIOFELLO;CASARACCA - PRUNICCIA;D127;;20163;2A324;"42.06666666666667 , 9.020000000000001";42°4'0''N 9°1'12''E;En service
587025;ORANGE;2892620;UMTS 900;2025-04-22;02A;2A324;3G;2026-03-19T15:15:24;02A2290266;23;"18,4";74;CIOFELLO;CASARACCA - PRUNICCIA;D127;;20163;2A324;"42.06666666666667 , 9.020000000000001";42°4'0''N 9°1'12''E;En service
587134;ORANGE;2893919;LTE 700;2024-12-16;02A;2A090;4G;2026-03-19T15:15:24;02A2290268;23;"18,4";74;RONDINAJA;Sorbolonne;;;20118;2A090;"42.12166666666667 , 8.748333333333333";42°7'18''N 8°44'54''E;En service
587135;ORANGE;2893919;LTE 800;2024-12-16;02A;2A090;4G;2026-03-19T15:15:24;02A2290268;23;"18,4";74;RONDINAJA;Sorbolonne;;;20118;2A090;"42.12166666666667 , 8.748333333333333";42°7'18''N 8°44'54''E;En service
587136;ORANGE;2893919;UMTS 900;2025-03-18;02A;2A090;3G;2026-03-19T15:15:24;02A2290268;23;"18,4";74;RONDINAJA;Sorbolonne;;;20118;2A090;"42.12166666666667 , 8.748333333333333";42°7'18''N 8°44'54''E;En service
587140;ORANGE;2894003;LTE 700;2024-12-16;02A;2A154;4G;2026-03-19T15:15:24;02A2290267;23;30;74;Monte Maggiore ;Près de la route Piano Maggiore;;;20141;2A154;"42.233333333333334 , 8.791944444444445";42°14'0''N 8°47'31''E;En service
587141;ORANGE;2894003;LTE 800;2024-12-16;02A;2A154;4G;2026-03-19T15:15:24;02A2290267;23;30;74;Monte Maggiore ;Près de la route Piano Maggiore;;;20141;2A154;"42.233333333333334 , 8.791944444444445";42°14'0''N 8°47'31''E;En service
587142;ORANGE;2894003;UMTS 900;2024-12-18;02A;2A154;3G;2026-03-19T15:15:24;02A2290267;23;30;74;Monte Maggiore ;Près de la route Piano Maggiore;;;20141;2A154;"42.233333333333334 , 8.791944444444445";42°14'0''N 8°47'31''E;En service
587882;ORANGE;2903885;LTE 700;2024-02-09;02A;2A022;4G;2026-03-19T15:15:24;02A2290273;23;24;27;MURONE;Chemin de San Chirgo;;;20151;2A022;"42.09777777777778 , 8.808611111111112";42°5'52''N 8°48'31''E;En service
587883;ORANGE;2903885;LTE 800;2024-02-09;02A;2A022;4G;2026-03-19T15:15:24;02A2290273;23;24;27;MURONE;Chemin de San Chirgo;;;20151;2A022;"42.09777777777778 , 8.808611111111112";42°5'52''N 8°48'31''E;En service
587884;ORANGE;2903885;UMTS 900;2024-02-09;02A;2A022;3G;2026-03-19T15:15:24;02A2290273;23;24;27;MURONE;Chemin de San Chirgo;;;20151;2A022;"42.09777777777778 , 8.808611111111112";42°5'52''N 8°48'31''E;En service
588463;ORANGE;2914020;LTE 700;2023-12-11;02A;2A258;4G;2026-03-19T15:15:24;02A2290275;23;26;27;PINO;Proche de Route départementale N°70;;;20160;2A258;"42.21083333333333 , 8.8225";42°12'39''N 8°49'21''E;En service
588464;ORANGE;2914020;LTE 800;2023-12-11;02A;2A258;4G;2026-03-19T15:15:24;02A2290275;23;26;27;PINO;Proche de Route départementale N°70;;;20160;2A258;"42.21083333333333 , 8.8225";42°12'39''N 8°49'21''E;En service
588465;ORANGE;2914020;UMTS 900;2023-12-19;02A;2A258;3G;2026-03-19T15:15:24;02A2290275;23;26;27;PINO;Proche de Route départementale N°70;;;20160;2A258;"42.21083333333333 , 8.8225";42°12'39''N 8°49'21''E;En service
588494;ORANGE;2914550;LTE 700;2023-12-28;02A;2A160;4G;2026-03-19T15:15:24;02A2290274;23;"20,7";27;COTONE;PILINGARDO;;;20140;2A160;"41.809999999999995 , 9.010833333333334";41°48'36''N 9°0'39''E;En service
588495;ORANGE;2914550;LTE 800;2023-12-28;02A;2A160;4G;2026-03-19T15:15:24;02A2290274;23;"20,7";27;COTONE;PILINGARDO;;;20140;2A160;"41.809999999999995 , 9.010833333333334";41°48'36''N 9°0'39''E;En service
588496;ORANGE;2914550;UMTS 900;2024-01-22;02A;2A160;3G;2026-03-19T15:15:24;02A2290274;23;"20,7";27;COTONE;PILINGARDO;;;20140;2A160;"41.809999999999995 , 9.010833333333334";41°48'36''N 9°0'39''E;En service
588750;ORANGE;2917608;LTE 700;2025-01-02;02A;2A142;4G;2026-03-19T15:15:24;02A2290271;23;18;74;;450 Petra  Pinzuta; près de la Coletta;;20170;2A142;"41.659166666666664 , 9.105833333333333";41°39'33''N 9°6'21''E;En service
588751;ORANGE;2917608;LTE 800;2025-01-02;02A;2A142;4G;2026-03-19T15:15:24;02A2290271;23;18;74;;450 Petra  Pinzuta; près de la Coletta;;20170;2A142;"41.659166666666664 , 9.105833333333333";41°39'33''N 9°6'21''E;En service
588752;ORANGE;2917608;UMTS 900;2024-11-05;02A;2A142;3G;2026-03-19T15:15:24;02A2290271;23;18;74;;450 Petra  Pinzuta; près de la Coletta;;20170;2A142;"41.659166666666664 , 9.105833333333333";41°39'33''N 9°6'21''E;En service
590992;ORANGE;2957079;5G NR 3500;;02A;2A004;5G;2026-03-19T15:15:24;02A2290276;38;"16,1";9;;Les jardins de l'Empereur;Immeuble Le Jérôme;;20000;2A004;"41.92583333333333 , 8.725555555555555";41°55'33''N 8°43'32''E;Projet approuvé
590993;ORANGE;2957079;LTE 1800;;02A;2A004;4G;2026-03-19T15:15:24;02A2290276;38;"16,1";9;;Les jardins de l'Empereur;Immeuble Le Jérôme;;20000;2A004;"41.92583333333333 , 8.725555555555555";41°55'33''N 8°43'32''E;Projet approuvé
590994;ORANGE;2957079;LTE 2100;;02A;2A004;4G;2026-03-19T15:15:24;02A2290276;38;"16,1";9;;Les jardins de l'Empereur;Immeuble Le Jérôme;;20000;2A004;"41.92583333333333 , 8.725555555555555";41°55'33''N 8°43'32''E;Projet approuvé
590995;ORANGE;2957079;LTE 2600;;02A;2A004;4G;2026-03-19T15:15:24;02A2290276;38;"16,1";9;;Les jardins de l'Empereur;Immeuble Le Jérôme;;20000;2A004;"41.92583333333333 , 8.725555555555555";41°55'33''N 8°43'32''E;Projet approuvé
590996;ORANGE;2957079;LTE 700;;02A;2A004;4G;2026-03-19T15:15:24;02A2290276;38;"16,1";9;;Les jardins de l'Empereur;Immeuble Le Jérôme;;20000;2A004;"41.92583333333333 , 8.725555555555555";41°55'33''N 8°43'32''E;Projet approuvé
590997;ORANGE;2957079;LTE 800;;02A;2A004;4G;2026-03-19T15:15:24;02A2290276;38;"16,1";9;;Les jardins de l'Empereur;Immeuble Le Jérôme;;20000;2A004;"41.92583333333333 , 8.725555555555555";41°55'33''N 8°43'32''E;Projet approuvé
590998;ORANGE;2957079;UMTS 900;;02A;2A004;3G;2026-03-19T15:15:24;02A2290276;38;"16,1";9;;Les jardins de l'Empereur;Immeuble Le Jérôme;;20000;2A004;"41.92583333333333 , 8.725555555555555";41°55'33''N 8°43'32''E;Projet approuvé
591991;ORANGE;2975056;LTE 700;2025-03-27;02A;2A066;4G;2026-03-19T15:15:24;02A2290278;23;"20,3";42;La Rocca;Station AEP de Cargiaca;;;20164;2A066;"41.733333333333334 , 9.05388888888889";41°44'0''N 9°3'14''E;En service
591992;ORANGE;2975056;LTE 800;2025-03-27;02A;2A066;4G;2026-03-19T15:15:24;02A2290278;23;"20,3";42;La Rocca;Station AEP de Cargiaca;;;20164;2A066;"41.733333333333334 , 9.05388888888889";41°44'0''N 9°3'14''E;En service
591993;ORANGE;2975056;UMTS 900;2025-03-27;02A;2A066;3G;2026-03-19T15:15:24;02A2290278;23;"20,3";42;La Rocca;Station AEP de Cargiaca;;;20164;2A066;"41.733333333333334 , 9.05388888888889";41°44'0''N 9°3'14''E;En service
592575;ORANGE;2989516;5G NR 3500;2021-05-31;02A;2A004;5G;2026-03-19T15:15:24;02A2290214;23;22;74;VAZZIO;route du docteur j paul de rocca serra;;;20000;2A004;"41.93138888888889 , 8.786111111111111";41°55'53''N 8°47'10''E;Techniquement opérationnel
592576;ORANGE;2989516;5G NR 700;2025-01-13;02A;2A004;5G;2026-03-19T15:15:24;02A2290214;23;22;74;VAZZIO;route du docteur j paul de rocca serra;;;20000;2A004;"41.93138888888889 , 8.786111111111111";41°55'53''N 8°47'10''E;Techniquement opérationnel
592577;ORANGE;2989516;GSM 900;2018-08-20;02A;2A004;2G;2026-03-19T15:15:24;02A2290214;23;22;74;VAZZIO;route du docteur j paul de rocca serra;;;20000;2A004;"41.93138888888889 , 8.786111111111111";41°55'53''N 8°47'10''E;En service
592578;ORANGE;2989516;LTE 1800;2018-08-20;02A;2A004;4G;2026-03-19T15:15:24;02A2290214;23;22;74;VAZZIO;route du docteur j paul de rocca serra;;;20000;2A004;"41.93138888888889 , 8.786111111111111";41°55'53''N 8°47'10''E;En service
592579;ORANGE;2989516;LTE 2100;2019-10-23;02A;2A004;4G;2026-03-19T15:15:24;02A2290214;23;22;74;VAZZIO;route du docteur j paul de rocca serra;;;20000;2A004;"41.93138888888889 , 8.786111111111111";41°55'53''N 8°47'10''E;En service
592580;ORANGE;2989516;LTE 2600;2018-08-20;02A;2A004;4G;2026-03-19T15:15:24;02A2290214;23;22;74;VAZZIO;route du docteur j paul de rocca serra;;;20000;2A004;"41.93138888888889 , 8.786111111111111";41°55'53''N 8°47'10''E;En service
592581;ORANGE;2989516;LTE 700;2021-04-15;02A;2A004;4G;2026-03-19T15:15:24;02A2290214;23;22;74;VAZZIO;route du docteur j paul de rocca serra;;;20000;2A004;"41.93138888888889 , 8.786111111111111";41°55'53''N 8°47'10''E;En service
592582;ORANGE;2989516;LTE 800;2018-08-30;02A;2A004;4G;2026-03-19T15:15:24;02A2290214;23;22;74;VAZZIO;route du docteur j paul de rocca serra;;;20000;2A004;"41.93138888888889 , 8.786111111111111";41°55'53''N 8°47'10''E;En service
592583;ORANGE;2989516;UMTS 900;2018-08-20;02A;2A004;3G;2026-03-19T15:15:24;02A2290214;23;22;74;VAZZIO;route du docteur j paul de rocca serra;;;20000;2A004;"41.93138888888889 , 8.786111111111111";41°55'53''N 8°47'10''E;En service
597892;ORANGE;3062686;LTE 700;2026-01-26;02A;2A027;4G;2026-03-19T15:15:24;02A2290279;23;18;74;Chianovella;Proche D4 ;;;20121;2A027;"42.11805555555556 , 8.929166666666665";42°7'5''N 8°55'45''E;En service
597893;ORANGE;3062686;LTE 800;2026-01-26;02A;2A027;4G;2026-03-19T15:15:24;02A2290279;23;18;74;Chianovella;Proche D4 ;;;20121;2A027;"42.11805555555556 , 8.929166666666665";42°7'5''N 8°55'45''E;En service
597894;ORANGE;3062686;UMTS 900;2026-01-26;02A;2A027;3G;2026-03-19T15:15:24;02A2290279;23;18;74;Chianovella;Proche D4 ;;;20121;2A027;"42.11805555555556 , 8.929166666666665";42°7'5''N 8°55'45''E;En service
599056;ORANGE;3094321;LTE 700;2025-04-30;02A;2A268;4G;2026-03-19T15:15:24;02A2290284;23;"20,2";32;Licciola;D28;;;20134;2A268;"41.93083333333333 , 9.113333333333333";41°55'51''N 9°6'48''E;En service
599057;ORANGE;3094321;LTE 800;2025-04-30;02A;2A268;4G;2026-03-19T15:15:24;02A2290284;23;"20,2";32;Licciola;D28;;;20134;2A268;"41.93083333333333 , 9.113333333333333";41°55'51''N 9°6'48''E;En service
599058;ORANGE;3094321;UMTS 900;2025-06-05;02A;2A268;3G;2026-03-19T15:15:24;02A2290284;23;"20,2";32;Licciola;D28;;;20134;2A268;"41.93083333333333 , 9.113333333333333";41°55'51''N 9°6'48''E;En service
599478;ORANGE;3104191;5G NR 3500;2025-03-26;02A;2A041;5G;2026-03-19T15:15:24;02A2290145;23;12;72;SUARTONE ;Réservoir Suartone;;;20169;2A041;"41.48444444444444 , 9.250277777777777";41°29'4''N 9°15'1''E;Techniquement opérationnel
599479;ORANGE;3104191;GSM 900;2006-08-01;02A;2A041;2G;2026-03-19T15:15:24;02A2290145;23;12;72;SUARTONE ;Réservoir Suartone;;;20169;2A041;"41.48444444444444 , 9.250277777777777";41°29'4''N 9°15'1''E;En service
599480;ORANGE;3104191;LTE 1800;2019-06-21;02A;2A041;4G;2026-03-19T15:15:24;02A2290145;23;12;72;SUARTONE ;Réservoir Suartone;;;20169;2A041;"41.48444444444444 , 9.250277777777777";41°29'4''N 9°15'1''E;En service
599481;ORANGE;3104191;LTE 2100;2021-01-07;02A;2A041;4G;2026-03-19T15:15:24;02A2290145;23;12;72;SUARTONE ;Réservoir Suartone;;;20169;2A041;"41.48444444444444 , 9.250277777777777";41°29'4''N 9°15'1''E;En service
599482;ORANGE;3104191;LTE 2600;2019-06-21;02A;2A041;4G;2026-03-19T15:15:24;02A2290145;23;12;72;SUARTONE ;Réservoir Suartone;;;20169;2A041;"41.48444444444444 , 9.250277777777777";41°29'4''N 9°15'1''E;En service
599483;ORANGE;3104191;LTE 700;2019-05-27;02A;2A041;4G;2026-03-19T15:15:24;02A2290145;23;12;72;SUARTONE ;Réservoir Suartone;;;20169;2A041;"41.48444444444444 , 9.250277777777777";41°29'4''N 9°15'1''E;En service
599484;ORANGE;3104191;LTE 800;2019-05-27;02A;2A041;4G;2026-03-19T15:15:24;02A2290145;23;12;72;SUARTONE ;Réservoir Suartone;;;20169;2A041;"41.48444444444444 , 9.250277777777777";41°29'4''N 9°15'1''E;En service
599485;ORANGE;3104191;UMTS 900;2016-06-29;02A;2A041;3G;2026-03-19T15:15:24;02A2290145;23;12;72;SUARTONE ;Réservoir Suartone;;;20169;2A041;"41.48444444444444 , 9.250277777777777";41°29'4''N 9°15'1''E;En service
600039;ORANGE;3117656;LTE 1800;2025-06-16;02A;2A139;4G;2026-03-19T15:15:24;02A2290280;24;12;21;;Route D468;169 strada di suartonu;;20137;2A139;"41.64 , 9.337222222222223";41°38'24''N 9°20'14''E;En service
600040;ORANGE;3117656;LTE 2100;2025-06-16;02A;2A139;4G;2026-03-19T15:15:24;02A2290280;24;12;21;;Route D468;169 strada di suartonu;;20137;2A139;"41.64 , 9.337222222222223";41°38'24''N 9°20'14''E;En service
600041;ORANGE;3117656;LTE 2600;2025-06-16;02A;2A139;4G;2026-03-19T15:15:24;02A2290280;24;12;21;;Route D468;169 strada di suartonu;;20137;2A139;"41.64 , 9.337222222222223";41°38'24''N 9°20'14''E;En service
600042;ORANGE;3117656;LTE 700;;02A;2A139;4G;2026-03-19T15:15:24;02A2290280;24;12;21;;Route D468;169 strada di suartonu;;20137;2A139;"41.64 , 9.337222222222223";41°38'24''N 9°20'14''E;Projet approuvé
600043;ORANGE;3117656;LTE 800;2025-06-16;02A;2A139;4G;2026-03-19T15:15:24;02A2290280;24;12;21;;Route D468;169 strada di suartonu;;20137;2A139;"41.64 , 9.337222222222223";41°38'24''N 9°20'14''E;En service
600753;ORANGE;3135925;5G NR 3500;2025-07-28;02A;2A008;5G;2026-03-19T15:15:24;02A2290285;26;12;21;;Route de la plage RD55;Rond-Point des sars;;20128;2A008;"41.86138888888889 , 8.791666666666666";41°51'41''N 8°47'30''E;Techniquement opérationnel
600754;ORANGE;3135925;5G NR 700;2025-07-28;02A;2A008;5G;2026-03-19T15:15:24;02A2290285;26;12;21;;Route de la plage RD55;Rond-Point des sars;;20128;2A008;"41.86138888888889 , 8.791666666666666";41°51'41''N 8°47'30''E;Techniquement opérationnel
600755;ORANGE;3135925;LTE 1800;2025-07-28;02A;2A008;4G;2026-03-19T15:15:24;02A2290285;26;12;21;;Route de la plage RD55;Rond-Point des sars;;20128;2A008;"41.86138888888889 , 8.791666666666666";41°51'41''N 8°47'30''E;En service
600756;ORANGE;3135925;LTE 2100;2025-07-28;02A;2A008;4G;2026-03-19T15:15:24;02A2290285;26;12;21;;Route de la plage RD55;Rond-Point des sars;;20128;2A008;"41.86138888888889 , 8.791666666666666";41°51'41''N 8°47'30''E;En service
600757;ORANGE;3135925;LTE 2600;2025-07-28;02A;2A008;4G;2026-03-19T15:15:24;02A2290285;26;12;21;;Route de la plage RD55;Rond-Point des sars;;20128;2A008;"41.86138888888889 , 8.791666666666666";41°51'41''N 8°47'30''E;En service
600758;ORANGE;3135925;LTE 800;2025-07-07;02A;2A008;4G;2026-03-19T15:15:24;02A2290285;26;12;21;;Route de la plage RD55;Rond-Point des sars;;20128;2A008;"41.86138888888889 , 8.791666666666666";41°51'41''N 8°47'30''E;En service
600971;ORANGE;3144502;LTE 700;;02A;2A104;4G;2026-03-19T15:15:24;02A2290289;23;21;27;Vincentaju;Chjassu di Vincentaju;;;20117;2A104;"41.924166666666665 , 8.861944444444443";41°55'27''N 8°51'43''E;Projet approuvé
600972;ORANGE;3144502;LTE 800;;02A;2A104;4G;2026-03-19T15:15:24;02A2290289;23;21;27;Vincentaju;Chjassu di Vincentaju;;;20117;2A104;"41.924166666666665 , 8.861944444444443";41°55'27''N 8°51'43''E;Projet approuvé
600973;ORANGE;3144502;UMTS 900;2025-08-19;02A;2A104;3G;2026-03-19T15:15:24;02A2290289;23;21;27;Vincentaju;Chjassu di Vincentaju;;;20117;2A104;"41.924166666666665 , 8.861944444444443";41°55'27''N 8°51'43''E;En service
601217;ORANGE;3159893;LTE 700;;02A;2A247;4G;2026-03-19T15:15:24;02A2290233;23;12;21;SALVACINTOGGIO;MURATELLU;;;20137;2A247;"41.596111111111114 , 9.206944444444444";41°35'46''N 9°12'25''E;Projet approuvé
601218;ORANGE;3159893;LTE 800;2025-11-12;02A;2A247;4G;2026-03-19T15:15:24;02A2290233;23;12;21;SALVACINTOGGIO;MURATELLU;;;20137;2A247;"41.596111111111114 , 9.206944444444444";41°35'46''N 9°12'25''E;En service
601234;ORANGE;3160586;5G NR 2100;2026-03-11;02A;2A092;5G;2026-03-19T15:15:24;02A2290287;23;24;65;Calvario et Vallicciole;Route Strada Di l'Aspiranti Michelin;Proche D168;;20135;2A092;"41.73222222222223 , 9.339166666666667";41°43'56''N 9°20'21''E;Techniquement opérationnel
601235;ORANGE;3160586;LTE 1800;2026-03-11;02A;2A092;4G;2026-03-19T15:15:24;02A2290287;23;24;65;Calvario et Vallicciole;Route Strada Di l'Aspiranti Michelin;Proche D168;;20135;2A092;"41.73222222222223 , 9.339166666666667";41°43'56''N 9°20'21''E;En service
601236;ORANGE;3160586;LTE 700;2026-03-11;02A;2A092;4G;2026-03-19T15:15:24;02A2290287;23;24;65;Calvario et Vallicciole;Route Strada Di l'Aspiranti Michelin;Proche D168;;20135;2A092;"41.73222222222223 , 9.339166666666667";41°43'56''N 9°20'21''E;En service
601237;ORANGE;3160586;LTE 800;2026-03-11;02A;2A092;4G;2026-03-19T15:15:24;02A2290287;23;24;65;Calvario et Vallicciole;Route Strada Di l'Aspiranti Michelin;Proche D168;;20135;2A092;"41.73222222222223 , 9.339166666666667";41°43'56''N 9°20'21''E;En service
601383;ORANGE;3163691;5G NR 3500;2025-12-15;02A;2A139;5G;2026-03-19T15:15:24;02A2290288;23;"18,4";65;;169 Strada di Suartonu;;;20137;2A139;"41.640277777777776 , 9.336944444444445";41°38'25''N 9°20'13''E;Techniquement opérationnel
601384;ORANGE;3163691;5G NR 700;2025-12-15;02A;2A139;5G;2026-03-19T15:15:24;02A2290288;23;"18,4";65;;169 Strada di Suartonu;;;20137;2A139;"41.640277777777776 , 9.336944444444445";41°38'25''N 9°20'13''E;Techniquement opérationnel
601385;ORANGE;3163691;LTE 1800;2025-12-15;02A;2A139;4G;2026-03-19T15:15:24;02A2290288;23;"18,4";65;;169 Strada di Suartonu;;;20137;2A139;"41.640277777777776 , 9.336944444444445";41°38'25''N 9°20'13''E;En service
601386;ORANGE;3163691;LTE 2100;2025-12-15;02A;2A139;4G;2026-03-19T15:15:24;02A2290288;23;"18,4";65;;169 Strada di Suartonu;;;20137;2A139;"41.640277777777776 , 9.336944444444445";41°38'25''N 9°20'13''E;En service
601387;ORANGE;3163691;LTE 2600;2025-12-15;02A;2A139;4G;2026-03-19T15:15:24;02A2290288;23;"18,4";65;;169 Strada di Suartonu;;;20137;2A139;"41.640277777777776 , 9.336944444444445";41°38'25''N 9°20'13''E;En service
601388;ORANGE;3163691;LTE 800;2025-12-15;02A;2A139;4G;2026-03-19T15:15:24;02A2290288;23;"18,4";65;;169 Strada di Suartonu;;;20137;2A139;"41.640277777777776 , 9.336944444444445";41°38'25''N 9°20'13''E;En service
602964;ORANGE;3255708;LTE 1800;2022-05-25;02A;2A114;4G;2026-03-19T15:15:24;02A2290231;23;15;74;;Pietra Pinzuta;;;20114;2A114;"41.50555555555555 , 9.137222222222222";41°30'20''N 9°8'14''E;En service
602965;ORANGE;3255708;LTE 2100;2022-05-25;02A;2A114;4G;2026-03-19T15:15:24;02A2290231;23;15;74;;Pietra Pinzuta;;;20114;2A114;"41.50555555555555 , 9.137222222222222";41°30'20''N 9°8'14''E;En service
602966;ORANGE;3255708;LTE 700;2021-08-23;02A;2A114;4G;2026-03-19T15:15:24;02A2290231;23;15;74;;Pietra Pinzuta;;;20114;2A114;"41.50555555555555 , 9.137222222222222";41°30'20''N 9°8'14''E;En service
602967;ORANGE;3255708;LTE 800;2021-08-23;02A;2A114;4G;2026-03-19T15:15:24;02A2290231;23;15;74;;Pietra Pinzuta;;;20114;2A114;"41.50555555555555 , 9.137222222222222";41°30'20''N 9°8'14''E;En service
602968;ORANGE;3255708;UMTS 900;2021-09-30;02A;2A114;3G;2026-03-19T15:15:24;02A2290231;23;15;74;;Pietra Pinzuta;;;20114;2A114;"41.50555555555555 , 9.137222222222222";41°30'20''N 9°8'14''E;En service
609462;SFR;26987;5G NR 2100;2024-09-03;02A;2A212;5G;2026-03-19T15:15:24;02A2700020;23;18;72;San Léonardo;Près station de pompage;;;20115;2A212;"42.255 , 8.667777777777777";42°15'18''N 8°40'4''E;Techniquement opérationnel
609463;SFR;26987;5G NR 3500;2024-09-03;02A;2A212;5G;2026-03-19T15:15:24;02A2700020;23;18;72;San Léonardo;Près station de pompage;;;20115;2A212;"42.255 , 8.667777777777777";42°15'18''N 8°40'4''E;Techniquement opérationnel
609464;SFR;26987;GSM 900;1999-12-09;02A;2A212;2G;2026-03-19T15:15:24;02A2700020;23;18;72;San Léonardo;Près station de pompage;;;20115;2A212;"42.255 , 8.667777777777777";42°15'18''N 8°40'4''E;En service
609465;SFR;26987;LTE 1800;2017-05-16;02A;2A212;4G;2026-03-19T15:15:24;02A2700020;23;18;72;San Léonardo;Près station de pompage;;;20115;2A212;"42.255 , 8.667777777777777";42°15'18''N 8°40'4''E;En service
609466;SFR;26987;LTE 2100;2019-08-23;02A;2A212;4G;2026-03-19T15:15:24;02A2700020;23;18;72;San Léonardo;Près station de pompage;;;20115;2A212;"42.255 , 8.667777777777777";42°15'18''N 8°40'4''E;En service
609467;SFR;26987;LTE 2600;2018-08-29;02A;2A212;4G;2026-03-19T15:15:24;02A2700020;23;18;72;San Léonardo;Près station de pompage;;;20115;2A212;"42.255 , 8.667777777777777";42°15'18''N 8°40'4''E;En service
609468;SFR;26987;LTE 700;2024-09-03;02A;2A212;4G;2026-03-19T15:15:24;02A2700020;23;18;72;San Léonardo;Près station de pompage;;;20115;2A212;"42.255 , 8.667777777777777";42°15'18''N 8°40'4''E;En service
609469;SFR;26987;LTE 800;2016-03-29;02A;2A212;4G;2026-03-19T15:15:24;02A2700020;23;18;72;San Léonardo;Près station de pompage;;;20115;2A212;"42.255 , 8.667777777777777";42°15'18''N 8°40'4''E;En service
609470;SFR;26987;UMTS 900;2016-03-24;02A;2A212;3G;2026-03-19T15:15:24;02A2700020;23;18;72;San Léonardo;Près station de pompage;;;20115;2A212;"42.255 , 8.667777777777777";42°15'18''N 8°40'4''E;En service
612386;SFR;334441;GSM 900;2016-09-23;02A;2A006;2G;2026-03-19T15:15:24;02A2700225;26;10;65;A CAMARILLA;CHEM DE FUSSAGLIOLE;;;20167;2A006;"41.97416666666667 , 8.741388888888888";41°58'27''N 8°44'29''E;En service
612387;SFR;334441;LTE 1800;2016-09-23;02A;2A006;4G;2026-03-19T15:15:24;02A2700225;26;10;65;A CAMARILLA;CHEM DE FUSSAGLIOLE;;;20167;2A006;"41.97416666666667 , 8.741388888888888";41°58'27''N 8°44'29''E;En service
612388;SFR;334441;LTE 2100;2020-09-08;02A;2A006;4G;2026-03-19T15:15:24;02A2700225;26;10;65;A CAMARILLA;CHEM DE FUSSAGLIOLE;;;20167;2A006;"41.97416666666667 , 8.741388888888888";41°58'27''N 8°44'29''E;En service
612389;SFR;334441;LTE 2600;2020-09-08;02A;2A006;4G;2026-03-19T15:15:24;02A2700225;26;10;65;A CAMARILLA;CHEM DE FUSSAGLIOLE;;;20167;2A006;"41.97416666666667 , 8.741388888888888";41°58'27''N 8°44'29''E;En service
612390;SFR;334441;LTE 800;2016-09-23;02A;2A006;4G;2026-03-19T15:15:24;02A2700225;26;10;65;A CAMARILLA;CHEM DE FUSSAGLIOLE;;;20167;2A006;"41.97416666666667 , 8.741388888888888";41°58'27''N 8°44'29''E;En service
612391;SFR;334441;UMTS 900;2016-09-23;02A;2A006;3G;2026-03-19T15:15:24;02A2700225;26;10;65;A CAMARILLA;CHEM DE FUSSAGLIOLE;;;20167;2A006;"41.97416666666667 , 8.741388888888888";41°58'27''N 8°44'29''E;En service
615604;SFR;439451;5G NR 2100;2023-12-27;02A;2A061;5G;2026-03-19T15:15:24;02A2700033;23;48;32;Col De Mela;Pylone TDF;;;20170;2A061;"41.66972222222222 , 9.184166666666666";41°40'11''N 9°11'3''E;Techniquement opérationnel
615605;SFR;439451;5G NR 3500;2023-12-27;02A;2A061;5G;2026-03-19T15:15:24;02A2700033;23;48;32;Col De Mela;Pylone TDF;;;20170;2A061;"41.66972222222222 , 9.184166666666666";41°40'11''N 9°11'3''E;Techniquement opérationnel
615606;SFR;439451;GSM 900;2016-09-23;02A;2A061;2G;2026-03-19T15:15:24;02A2700033;23;48;32;Col De Mela;Pylone TDF;;;20170;2A061;"41.66972222222222 , 9.184166666666666";41°40'11''N 9°11'3''E;En service
615607;SFR;439451;LTE 1800;2016-09-23;02A;2A061;4G;2026-03-19T15:15:24;02A2700033;23;48;32;Col De Mela;Pylone TDF;;;20170;2A061;"41.66972222222222 , 9.184166666666666";41°40'11''N 9°11'3''E;En service
615608;SFR;439451;LTE 2100;2021-01-14;02A;2A061;4G;2026-03-19T15:15:24;02A2700033;23;48;32;Col De Mela;Pylone TDF;;;20170;2A061;"41.66972222222222 , 9.184166666666666";41°40'11''N 9°11'3''E;En service
615609;SFR;439451;LTE 2600;2022-03-08;02A;2A061;4G;2026-03-19T15:15:24;02A2700033;23;48;32;Col De Mela;Pylone TDF;;;20170;2A061;"41.66972222222222 , 9.184166666666666";41°40'11''N 9°11'3''E;En service
615610;SFR;439451;LTE 700;2023-12-27;02A;2A061;4G;2026-03-19T15:15:24;02A2700033;23;48;32;Col De Mela;Pylone TDF;;;20170;2A061;"41.66972222222222 , 9.184166666666666";41°40'11''N 9°11'3''E;En service
615611;SFR;439451;LTE 800;2016-09-23;02A;2A061;4G;2026-03-19T15:15:24;02A2700033;23;48;32;Col De Mela;Pylone TDF;;;20170;2A061;"41.66972222222222 , 9.184166666666666";41°40'11''N 9°11'3''E;En service
615612;SFR;439451;UMTS 900;2016-09-10;02A;2A061;3G;2026-03-19T15:15:24;02A2700033;23;48;32;Col De Mela;Pylone TDF;;;20170;2A061;"41.66972222222222 , 9.184166666666666";41°40'11''N 9°11'3''E;En service
616331;SFR;440295;GSM 900;2007-12-11;02A;2A091;2G;2026-03-19T15:15:24;02A2700090;23;30;32;Fica Bianca;COL D'AGHIA;D 55;;20123;2A091;"41.83083333333334 , 8.87638888888889";41°49'51''N 8°52'35''E;En service
616332;SFR;440295;LTE 700;2022-05-13;02A;2A091;4G;2026-03-19T15:15:24;02A2700090;23;30;32;Fica Bianca;COL D'AGHIA;D 55;;20123;2A091;"41.83083333333334 , 8.87638888888889";41°49'51''N 8°52'35''E;En service
616333;SFR;440295;LTE 800;2020-05-11;02A;2A091;4G;2026-03-19T15:15:24;02A2700090;23;30;32;Fica Bianca;COL D'AGHIA;D 55;;20123;2A091;"41.83083333333334 , 8.87638888888889";41°49'51''N 8°52'35''E;En service
616334;SFR;440295;UMTS 900;2017-04-14;02A;2A091;3G;2026-03-19T15:15:24;02A2700090;23;30;32;Fica Bianca;COL D'AGHIA;D 55;;20123;2A091;"41.83083333333334 , 8.87638888888889";41°49'51''N 8°52'35''E;En service
620448;SFR;450868;5G NR 2100;2021-12-07;02A;2A041;5G;2026-03-19T15:15:24;02A2700259;23;24;32;CHÂTEAU BALESI;PYLONE TDF;;;20169;2A041;"41.42194444444444 , 9.176944444444445";41°25'19''N 9°10'37''E;Techniquement opérationnel
620449;SFR;450868;5G NR 3500;2023-12-19;02A;2A041;5G;2026-03-19T15:15:24;02A2700259;23;24;32;CHÂTEAU BALESI;PYLONE TDF;;;20169;2A041;"41.42194444444444 , 9.176944444444445";41°25'19''N 9°10'37''E;Techniquement opérationnel
620450;SFR;450868;GSM 900;2005-06-24;02A;2A041;2G;2026-03-19T15:15:24;02A2700259;23;24;32;CHÂTEAU BALESI;PYLONE TDF;;;20169;2A041;"41.42194444444444 , 9.176944444444445";41°25'19''N 9°10'37''E;En service
620451;SFR;450868;LTE 1800;2018-10-24;02A;2A041;4G;2026-03-19T15:15:24;02A2700259;23;24;32;CHÂTEAU BALESI;PYLONE TDF;;;20169;2A041;"41.42194444444444 , 9.176944444444445";41°25'19''N 9°10'37''E;En service
620452;SFR;450868;LTE 2100;2019-07-26;02A;2A041;4G;2026-03-19T15:15:24;02A2700259;23;24;32;CHÂTEAU BALESI;PYLONE TDF;;;20169;2A041;"41.42194444444444 , 9.176944444444445";41°25'19''N 9°10'37''E;En service
620453;SFR;450868;LTE 2600;2018-10-24;02A;2A041;4G;2026-03-19T15:15:24;02A2700259;23;24;32;CHÂTEAU BALESI;PYLONE TDF;;;20169;2A041;"41.42194444444444 , 9.176944444444445";41°25'19''N 9°10'37''E;En service
620454;SFR;450868;LTE 700;2023-12-19;02A;2A041;4G;2026-03-19T15:15:24;02A2700259;23;24;32;CHÂTEAU BALESI;PYLONE TDF;;;20169;2A041;"41.42194444444444 , 9.176944444444445";41°25'19''N 9°10'37''E;En service
620455;SFR;450868;LTE 800;2016-08-25;02A;2A041;4G;2026-03-19T15:15:24;02A2700259;23;24;32;CHÂTEAU BALESI;PYLONE TDF;;;20169;2A041;"41.42194444444444 , 9.176944444444445";41°25'19''N 9°10'37''E;En service
620456;SFR;450868;UMTS 900;2016-09-02;02A;2A041;3G;2026-03-19T15:15:24;02A2700259;23;24;32;CHÂTEAU BALESI;PYLONE TDF;;;20169;2A041;"41.42194444444444 , 9.176944444444445";41°25'19''N 9°10'37''E;En service
621287;SFR;452940;5G NR 2100;2021-11-03;02A;2A032;5G;2026-03-19T15:15:24;02A2700047;23;"11,5";65;A CELACCIA;;;;20129;2A032;"41.92611111111111 , 8.822222222222223";41°55'34''N 8°49'20''E;Techniquement opérationnel
621288;SFR;452940;5G NR 3500;2025-11-29;02A;2A032;5G;2026-03-19T15:15:24;02A2700047;23;"11,5";65;A CELACCIA;;;;20129;2A032;"41.92611111111111 , 8.822222222222223";41°55'34''N 8°49'20''E;Techniquement opérationnel
621289;SFR;452940;GSM 900;2001-09-17;02A;2A032;2G;2026-03-19T15:15:24;02A2700047;23;"11,5";65;A CELACCIA;;;;20129;2A032;"41.92611111111111 , 8.822222222222223";41°55'34''N 8°49'20''E;En service
621290;SFR;452940;LTE 1800;2019-11-19;02A;2A032;4G;2026-03-19T15:15:24;02A2700047;23;"11,5";65;A CELACCIA;;;;20129;2A032;"41.92611111111111 , 8.822222222222223";41°55'34''N 8°49'20''E;En service
621291;SFR;452940;LTE 2100;2019-11-19;02A;2A032;4G;2026-03-19T15:15:24;02A2700047;23;"11,5";65;A CELACCIA;;;;20129;2A032;"41.92611111111111 , 8.822222222222223";41°55'34''N 8°49'20''E;En service
621292;SFR;452940;LTE 2600;2021-10-04;02A;2A032;4G;2026-03-19T15:15:24;02A2700047;23;"11,5";65;A CELACCIA;;;;20129;2A032;"41.92611111111111 , 8.822222222222223";41°55'34''N 8°49'20''E;En service
621293;SFR;452940;LTE 700;2025-11-27;02A;2A032;4G;2026-03-19T15:15:24;02A2700047;23;"11,5";65;A CELACCIA;;;;20129;2A032;"41.92611111111111 , 8.822222222222223";41°55'34''N 8°49'20''E;En service
621294;SFR;452940;LTE 800;2016-03-25;02A;2A032;4G;2026-03-19T15:15:24;02A2700047;23;"11,5";65;A CELACCIA;;;;20129;2A032;"41.92611111111111 , 8.822222222222223";41°55'34''N 8°49'20''E;En service
621295;SFR;452940;UMTS 900;2016-03-23;02A;2A032;3G;2026-03-19T15:15:24;02A2700047;23;"11,5";65;A CELACCIA;;;;20129;2A032;"41.92611111111111 , 8.822222222222223";41°55'34''N 8°49'20''E;En service
622200;SFR;455116;GSM 900;2007-12-14;02A;2A131;2G;2026-03-19T15:15:24;02A2700091;23;"31,9";32;PIANELLO;PYLONE TDF GUAGNO;;;20160;2A131;"42.16611111111111 , 8.94138888888889";42°9'58''N 8°56'29''E;En service
622201;SFR;455116;LTE 700;2023-04-14;02A;2A131;4G;2026-03-19T15:15:24;02A2700091;23;"31,9";32;PIANELLO;PYLONE TDF GUAGNO;;;20160;2A131;"42.16611111111111 , 8.94138888888889";42°9'58''N 8°56'29''E;En service
622202;SFR;455116;LTE 800;2020-05-11;02A;2A131;4G;2026-03-19T15:15:24;02A2700091;23;"31,9";32;PIANELLO;PYLONE TDF GUAGNO;;;20160;2A131;"42.16611111111111 , 8.94138888888889";42°9'58''N 8°56'29''E;En service
622203;SFR;455116;UMTS 900;2017-03-22;02A;2A131;3G;2026-03-19T15:15:24;02A2700091;23;"31,9";32;PIANELLO;PYLONE TDF GUAGNO;;;20160;2A131;"42.16611111111111 , 8.94138888888889";42°9'58''N 8°56'29''E;En service
623697;SFR;459134;5G NR 2100;2022-11-04;02A;2A006;5G;2026-03-19T15:15:24;02A2700007;23;46;32;Punta Pozzo di Borgo;;;;20167;2A006;"41.95333333333333 , 8.700833333333332";41°57'12''N 8°42'3''E;Techniquement opérationnel
623698;SFR;459134;5G NR 3500;2022-11-04;02A;2A006;5G;2026-03-19T15:15:24;02A2700007;23;46;32;Punta Pozzo di Borgo;;;;20167;2A006;"41.95333333333333 , 8.700833333333332";41°57'12''N 8°42'3''E;Techniquement opérationnel
623699;SFR;459134;GSM 900;2013-05-07;02A;2A006;2G;2026-03-19T15:15:24;02A2700007;23;46;32;Punta Pozzo di Borgo;;;;20167;2A006;"41.95333333333333 , 8.700833333333332";41°57'12''N 8°42'3''E;En service
623700;SFR;459134;LTE 1800;2017-08-08;02A;2A006;4G;2026-03-19T15:15:24;02A2700007;23;46;32;Punta Pozzo di Borgo;;;;20167;2A006;"41.95333333333333 , 8.700833333333332";41°57'12''N 8°42'3''E;En service
623701;SFR;459134;LTE 2100;2019-07-25;02A;2A006;4G;2026-03-19T15:15:24;02A2700007;23;46;32;Punta Pozzo di Borgo;;;;20167;2A006;"41.95333333333333 , 8.700833333333332";41°57'12''N 8°42'3''E;En service
623702;SFR;459134;LTE 2600;2019-07-25;02A;2A006;4G;2026-03-19T15:15:24;02A2700007;23;46;32;Punta Pozzo di Borgo;;;;20167;2A006;"41.95333333333333 , 8.700833333333332";41°57'12''N 8°42'3''E;En service
623703;SFR;459134;LTE 700;2022-11-04;02A;2A006;4G;2026-03-19T15:15:24;02A2700007;23;46;32;Punta Pozzo di Borgo;;;;20167;2A006;"41.95333333333333 , 8.700833333333332";41°57'12''N 8°42'3''E;En service
623704;SFR;459134;LTE 800;2016-03-25;02A;2A006;4G;2026-03-19T15:15:24;02A2700007;23;46;32;Punta Pozzo di Borgo;;;;20167;2A006;"41.95333333333333 , 8.700833333333332";41°57'12''N 8°42'3''E;En service
623705;SFR;459134;UMTS 900;2016-03-25;02A;2A006;3G;2026-03-19T15:15:24;02A2700007;23;46;32;Punta Pozzo di Borgo;;;;20167;2A006;"41.95333333333333 , 8.700833333333332";41°57'12''N 8°42'3''E;En service
624538;SFR;461776;5G NR 2100;2022-01-28;02A;2A247;5G;2026-03-19T15:15:24;02A2700006;23;"45,2";32;PUNTA DI VARRA;CHEM DU COL DE VERRA;;;20137;2A247;"41.59861111111111 , 9.317222222222222";41°35'55''N 9°19'2''E;Techniquement opérationnel
624539;SFR;461776;5G NR 3500;2023-10-12;02A;2A247;5G;2026-03-19T15:15:24;02A2700006;23;"45,2";32;PUNTA DI VARRA;CHEM DU COL DE VERRA;;;20137;2A247;"41.59861111111111 , 9.317222222222222";41°35'55''N 9°19'2''E;Techniquement opérationnel
624540;SFR;461776;GSM 900;2012-08-24;02A;2A247;2G;2026-03-19T15:15:24;02A2700006;23;"45,2";32;PUNTA DI VARRA;CHEM DU COL DE VERRA;;;20137;2A247;"41.59861111111111 , 9.317222222222222";41°35'55''N 9°19'2''E;En service
624541;SFR;461776;LTE 1800;2016-07-20;02A;2A247;4G;2026-03-19T15:15:24;02A2700006;23;"45,2";32;PUNTA DI VARRA;CHEM DU COL DE VERRA;;;20137;2A247;"41.59861111111111 , 9.317222222222222";41°35'55''N 9°19'2''E;En service
624542;SFR;461776;LTE 2100;2019-10-23;02A;2A247;4G;2026-03-19T15:15:24;02A2700006;23;"45,2";32;PUNTA DI VARRA;CHEM DU COL DE VERRA;;;20137;2A247;"41.59861111111111 , 9.317222222222222";41°35'55''N 9°19'2''E;En service
624543;SFR;461776;LTE 2600;2018-08-29;02A;2A247;4G;2026-03-19T15:15:24;02A2700006;23;"45,2";32;PUNTA DI VARRA;CHEM DU COL DE VERRA;;;20137;2A247;"41.59861111111111 , 9.317222222222222";41°35'55''N 9°19'2''E;En service
624544;SFR;461776;LTE 700;2023-10-12;02A;2A247;4G;2026-03-19T15:15:24;02A2700006;23;"45,2";32;PUNTA DI VARRA;CHEM DU COL DE VERRA;;;20137;2A247;"41.59861111111111 , 9.317222222222222";41°35'55''N 9°19'2''E;En service
624545;SFR;461776;LTE 800;2016-07-19;02A;2A247;4G;2026-03-19T15:15:24;02A2700006;23;"45,2";32;PUNTA DI VARRA;CHEM DU COL DE VERRA;;;20137;2A247;"41.59861111111111 , 9.317222222222222";41°35'55''N 9°19'2''E;En service
624546;SFR;461776;UMTS 900;2016-07-19;02A;2A247;3G;2026-03-19T15:15:24;02A2700006;23;"45,2";32;PUNTA DI VARRA;CHEM DU COL DE VERRA;;;20137;2A247;"41.59861111111111 , 9.317222222222222";41°35'55''N 9°19'2''E;En service
625996;SFR;465377;LTE 700;2022-07-18;02A;2A119;4G;2026-03-19T15:15:24;02A2700017;23;48;32;COL DE GRANACE;;;;20157;2A119;"41.88916666666667 , 9.023888888888889";41°53'21''N 9°1'26''E;En service
625997;SFR;465377;LTE 800;2021-02-05;02A;2A119;4G;2026-03-19T15:15:24;02A2700017;23;48;32;COL DE GRANACE;;;;20157;2A119;"41.88916666666667 , 9.023888888888889";41°53'21''N 9°1'26''E;En service
625998;SFR;465377;UMTS 900;2017-03-31;02A;2A119;3G;2026-03-19T15:15:24;02A2700017;23;48;32;COL DE GRANACE;;;;20157;2A119;"41.88916666666667 , 9.023888888888889";41°53'21''N 9°1'26''E;En service
626591;SFR;466847;5G NR 2100;;02A;2A197;5G;2026-03-19T15:15:24;02A2700023;23;12;72;Bocca a Croce;Col de la croix;;;20147;2A197;"42.32666666666667 , 8.632777777777779";42°19'36''N 8°37'58''E;Projet approuvé
626592;SFR;466847;GSM 900;1999-04-01;02A;2A197;2G;2026-03-19T15:15:24;02A2700023;23;12;72;Bocca a Croce;Col de la croix;;;20147;2A197;"42.32666666666667 , 8.632777777777779";42°19'36''N 8°37'58''E;En service
626593;SFR;466847;LTE 1800;2016-12-27;02A;2A197;4G;2026-03-19T15:15:24;02A2700023;23;12;72;Bocca a Croce;Col de la croix;;;20147;2A197;"42.32666666666667 , 8.632777777777779";42°19'36''N 8°37'58''E;En service
626594;SFR;466847;LTE 2100;2019-07-12;02A;2A197;4G;2026-03-19T15:15:24;02A2700023;23;12;72;Bocca a Croce;Col de la croix;;;20147;2A197;"42.32666666666667 , 8.632777777777779";42°19'36''N 8°37'58''E;En service
626595;SFR;466847;LTE 2600;2019-02-27;02A;2A197;4G;2026-03-19T15:15:24;02A2700023;23;12;72;Bocca a Croce;Col de la croix;;;20147;2A197;"42.32666666666667 , 8.632777777777779";42°19'36''N 8°37'58''E;En service
626596;SFR;466847;LTE 700;;02A;2A197;4G;2026-03-19T15:15:24;02A2700023;23;12;72;Bocca a Croce;Col de la croix;;;20147;2A197;"42.32666666666667 , 8.632777777777779";42°19'36''N 8°37'58''E;Projet approuvé
626597;SFR;466847;LTE 800;2016-05-26;02A;2A197;4G;2026-03-19T15:15:24;02A2700023;23;12;72;Bocca a Croce;Col de la croix;;;20147;2A197;"42.32666666666667 , 8.632777777777779";42°19'36''N 8°37'58''E;En service
626598;SFR;466847;UMTS 900;2016-03-29;02A;2A197;3G;2026-03-19T15:15:24;02A2700023;23;12;72;Bocca a Croce;Col de la croix;;;20147;2A197;"42.32666666666667 , 8.632777777777779";42°19'36''N 8°37'58''E;En service
627371;SFR;468919;GSM 900;2000-11-16;02A;2A041;2G;2026-03-19T15:15:24;02A2700015;38;29;28;La Haute Ville;rue Torriciola;;;20169;2A041;"41.3875 , 9.159166666666668";41°23'15''N 9°9'33''E;En service
627372;SFR;468919;LTE 1800;2016-12-21;02A;2A041;4G;2026-03-19T15:15:24;02A2700015;38;29;28;La Haute Ville;rue Torriciola;;;20169;2A041;"41.3875 , 9.159166666666668";41°23'15''N 9°9'33''E;En service
627373;SFR;468919;LTE 2100;2021-05-25;02A;2A041;4G;2026-03-19T15:15:24;02A2700015;38;29;28;La Haute Ville;rue Torriciola;;;20169;2A041;"41.3875 , 9.159166666666668";41°23'15''N 9°9'33''E;En service
627374;SFR;468919;LTE 2600;2021-05-25;02A;2A041;4G;2026-03-19T15:15:24;02A2700015;38;29;28;La Haute Ville;rue Torriciola;;;20169;2A041;"41.3875 , 9.159166666666668";41°23'15''N 9°9'33''E;En service
627375;SFR;468919;LTE 800;2016-12-05;02A;2A041;4G;2026-03-19T15:15:24;02A2700015;38;29;28;La Haute Ville;rue Torriciola;;;20169;2A041;"41.3875 , 9.159166666666668";41°23'15''N 9°9'33''E;En service
627376;SFR;468919;UMTS 900;2016-11-28;02A;2A041;3G;2026-03-19T15:15:24;02A2700015;38;29;28;La Haute Ville;rue Torriciola;;;20169;2A041;"41.3875 , 9.159166666666668";41°23'15''N 9°9'33''E;En service
627662;SFR;469912;5G NR 2100;2021-09-29;02A;2A004;5G;2026-03-19T15:15:24;02A2700084;38;23;22;;7 r Paul Colonna d'Istria;Hôtel Castel Vecchio;;20000;2A004;"41.93333333333333 , 8.740277777777777";41°56'0''N 8°44'25''E;Techniquement opérationnel
627663;SFR;469912;5G NR 3500;2022-12-27;02A;2A004;5G;2026-03-19T15:15:24;02A2700084;38;23;22;;7 r Paul Colonna d'Istria;Hôtel Castel Vecchio;;20000;2A004;"41.93333333333333 , 8.740277777777777";41°56'0''N 8°44'25''E;Techniquement opérationnel
627664;SFR;469912;GSM 900;2008-08-08;02A;2A004;2G;2026-03-19T15:15:24;02A2700084;38;23;22;;7 r Paul Colonna d'Istria;Hôtel Castel Vecchio;;20000;2A004;"41.93333333333333 , 8.740277777777777";41°56'0''N 8°44'25''E;En service
627665;SFR;469912;LTE 1800;2016-08-08;02A;2A004;4G;2026-03-19T15:15:24;02A2700084;38;23;22;;7 r Paul Colonna d'Istria;Hôtel Castel Vecchio;;20000;2A004;"41.93333333333333 , 8.740277777777777";41°56'0''N 8°44'25''E;En service
627666;SFR;469912;LTE 2100;2019-07-12;02A;2A004;4G;2026-03-19T15:15:24;02A2700084;38;23;22;;7 r Paul Colonna d'Istria;Hôtel Castel Vecchio;;20000;2A004;"41.93333333333333 , 8.740277777777777";41°56'0''N 8°44'25''E;En service
627667;SFR;469912;LTE 2600;2018-12-07;02A;2A004;4G;2026-03-19T15:15:24;02A2700084;38;23;22;;7 r Paul Colonna d'Istria;Hôtel Castel Vecchio;;20000;2A004;"41.93333333333333 , 8.740277777777777";41°56'0''N 8°44'25''E;En service
627668;SFR;469912;LTE 700;2022-12-07;02A;2A004;4G;2026-03-19T15:15:24;02A2700084;38;23;22;;7 r Paul Colonna d'Istria;Hôtel Castel Vecchio;;20000;2A004;"41.93333333333333 , 8.740277777777777";41°56'0''N 8°44'25''E;En service
627669;SFR;469912;LTE 800;2016-03-29;02A;2A004;4G;2026-03-19T15:15:24;02A2700084;38;23;22;;7 r Paul Colonna d'Istria;Hôtel Castel Vecchio;;20000;2A004;"41.93333333333333 , 8.740277777777777";41°56'0''N 8°44'25''E;En service
627670;SFR;469912;UMTS 900;2016-03-10;02A;2A004;3G;2026-03-19T15:15:24;02A2700084;38;23;22;;7 r Paul Colonna d'Istria;Hôtel Castel Vecchio;;20000;2A004;"41.93333333333333 , 8.740277777777777";41°56'0''N 8°44'25''E;En service
628489;SFR;471984;5G NR 2100;2021-09-29;02A;2A004;5G;2026-03-19T15:15:24;02A2700030;23;13;65;MONTE SANT ANGELO;Confina;;;20000;2A004;"41.943888888888885 , 8.789444444444444";41°56'38''N 8°47'22''E;Techniquement opérationnel
628490;SFR;471984;5G NR 3500;2022-12-27;02A;2A004;5G;2026-03-19T15:15:24;02A2700030;23;13;65;MONTE SANT ANGELO;Confina;;;20000;2A004;"41.943888888888885 , 8.789444444444444";41°56'38''N 8°47'22''E;Techniquement opérationnel
628491;SFR;471984;GSM 900;1999-02-02;02A;2A004;2G;2026-03-19T15:15:24;02A2700030;23;13;65;MONTE SANT ANGELO;Confina;;;20000;2A004;"41.943888888888885 , 8.789444444444444";41°56'38''N 8°47'22''E;En service
628492;SFR;471984;LTE 1800;2017-03-31;02A;2A004;4G;2026-03-19T15:15:24;02A2700030;23;13;65;MONTE SANT ANGELO;Confina;;;20000;2A004;"41.943888888888885 , 8.789444444444444";41°56'38''N 8°47'22''E;En service
628493;SFR;471984;LTE 2100;2020-03-19;02A;2A004;4G;2026-03-19T15:15:24;02A2700030;23;13;65;MONTE SANT ANGELO;Confina;;;20000;2A004;"41.943888888888885 , 8.789444444444444";41°56'38''N 8°47'22''E;En service
628494;SFR;471984;LTE 2600;2020-03-19;02A;2A004;4G;2026-03-19T15:15:24;02A2700030;23;13;65;MONTE SANT ANGELO;Confina;;;20000;2A004;"41.943888888888885 , 8.789444444444444";41°56'38''N 8°47'22''E;En service
628495;SFR;471984;LTE 700;2022-09-15;02A;2A004;4G;2026-03-19T15:15:24;02A2700030;23;13;65;MONTE SANT ANGELO;Confina;;;20000;2A004;"41.943888888888885 , 8.789444444444444";41°56'38''N 8°47'22''E;En service
628496;SFR;471984;LTE 800;2016-04-15;02A;2A004;4G;2026-03-19T15:15:24;02A2700030;23;13;65;MONTE SANT ANGELO;Confina;;;20000;2A004;"41.943888888888885 , 8.789444444444444";41°56'38''N 8°47'22''E;En service
628497;SFR;471984;UMTS 900;2016-04-15;02A;2A004;3G;2026-03-19T15:15:24;02A2700030;23;13;65;MONTE SANT ANGELO;Confina;;;20000;2A004;"41.943888888888885 , 8.789444444444444";41°56'38''N 8°47'22''E;En service
628673;SFR;472264;LTE 700;2022-09-19;02A;2A266;4G;2026-03-19T15:15:24;02A2700095;23;33;6;Col de Tartavello;D4;;;20121;2A266;"42.073888888888895 , 8.905833333333334";42°4'26''N 8°54'21''E;En service
628674;SFR;472264;LTE 800;2019-12-06;02A;2A266;4G;2026-03-19T15:15:24;02A2700095;23;33;6;Col de Tartavello;D4;;;20121;2A266;"42.073888888888895 , 8.905833333333334";42°4'26''N 8°54'21''E;En service
628675;SFR;472264;UMTS 900;2017-04-28;02A;2A266;3G;2026-03-19T15:15:24;02A2700095;23;33;6;Col de Tartavello;D4;;;20121;2A266;"42.073888888888895 , 8.905833333333334";42°4'26''N 8°54'21''E;En service
632438;SFR;483499;5G NR 2100;2023-09-20;02A;2A065;5G;2026-03-19T15:15:24;02A2700068;23;13;32;Valle Longa;Station TDF de Cargese Longa;Près de la D 81;;20130;2A065;"42.163333333333334 , 8.596111111111112";42°9'48''N 8°35'46''E;Techniquement opérationnel
632439;SFR;483499;GSM 900;2005-05-06;02A;2A065;2G;2026-03-19T15:15:24;02A2700068;23;13;32;Valle Longa;Station TDF de Cargese Longa;Près de la D 81;;20130;2A065;"42.163333333333334 , 8.596111111111112";42°9'48''N 8°35'46''E;En service
632440;SFR;483499;LTE 1800;2016-07-22;02A;2A065;4G;2026-03-19T15:15:24;02A2700068;23;13;32;Valle Longa;Station TDF de Cargese Longa;Près de la D 81;;20130;2A065;"42.163333333333334 , 8.596111111111112";42°9'48''N 8°35'46''E;En service
632441;SFR;483499;LTE 2100;2019-07-12;02A;2A065;4G;2026-03-19T15:15:24;02A2700068;23;13;32;Valle Longa;Station TDF de Cargese Longa;Près de la D 81;;20130;2A065;"42.163333333333334 , 8.596111111111112";42°9'48''N 8°35'46''E;En service
632442;SFR;483499;LTE 2600;2018-09-27;02A;2A065;4G;2026-03-19T15:15:24;02A2700068;23;13;32;Valle Longa;Station TDF de Cargese Longa;Près de la D 81;;20130;2A065;"42.163333333333334 , 8.596111111111112";42°9'48''N 8°35'46''E;En service
632443;SFR;483499;LTE 700;2022-02-11;02A;2A065;4G;2026-03-19T15:15:24;02A2700068;23;13;32;Valle Longa;Station TDF de Cargese Longa;Près de la D 81;;20130;2A065;"42.163333333333334 , 8.596111111111112";42°9'48''N 8°35'46''E;En service
632444;SFR;483499;LTE 800;2016-05-23;02A;2A065;4G;2026-03-19T15:15:24;02A2700068;23;13;32;Valle Longa;Station TDF de Cargese Longa;Près de la D 81;;20130;2A065;"42.163333333333334 , 8.596111111111112";42°9'48''N 8°35'46''E;En service
632445;SFR;483499;UMTS 900;2016-04-22;02A;2A065;3G;2026-03-19T15:15:24;02A2700068;23;13;32;Valle Longa;Station TDF de Cargese Longa;Près de la D 81;;20130;2A065;"42.163333333333334 , 8.596111111111112";42°9'48''N 8°35'46''E;En service
632644;SFR;484247;GSM 900;2007-12-10;02A;2A089;2G;2026-03-19T15:15:24;02A2700093;23;36;32;Piannello;;;;20134;2A089;"41.95194444444445 , 9.151111111111112";41°57'7''N 9°9'4''E;En service
632645;SFR;484247;LTE 700;2022-05-13;02A;2A089;4G;2026-03-19T15:15:24;02A2700093;23;36;32;Piannello;;;;20134;2A089;"41.95194444444445 , 9.151111111111112";41°57'7''N 9°9'4''E;En service
632646;SFR;484247;LTE 800;2020-06-22;02A;2A089;4G;2026-03-19T15:15:24;02A2700093;23;36;32;Piannello;;;;20134;2A089;"41.95194444444445 , 9.151111111111112";41°57'7''N 9°9'4''E;En service
632647;SFR;484247;UMTS 900;2017-03-20;02A;2A089;3G;2026-03-19T15:15:24;02A2700093;23;36;32;Piannello;;;;20134;2A089;"41.95194444444445 , 9.151111111111112";41°57'7''N 9°9'4''E;En service
637212;SFR;503583;5G NR 2100;2021-11-25;02A;2A004;5G;2026-03-19T15:15:24;02A2700067;38;52;9;;AV MARECHAL MONCEY;Résidence Les Palmiers;;20000;2A004;"41.93 , 8.73361111111111";41°55'48''N 8°44'1''E;Techniquement opérationnel
637213;SFR;503583;5G NR 3500;2023-02-23;02A;2A004;5G;2026-03-19T15:15:24;02A2700067;38;52;9;;AV MARECHAL MONCEY;Résidence Les Palmiers;;20000;2A004;"41.93 , 8.73361111111111";41°55'48''N 8°44'1''E;Techniquement opérationnel
637214;SFR;503583;GSM 900;2016-03-29;02A;2A004;2G;2026-03-19T15:15:24;02A2700067;38;52;9;;AV MARECHAL MONCEY;Résidence Les Palmiers;;20000;2A004;"41.93 , 8.73361111111111";41°55'48''N 8°44'1''E;En service
637215;SFR;503583;LTE 1800;2017-05-16;02A;2A004;4G;2026-03-19T15:15:24;02A2700067;38;52;9;;AV MARECHAL MONCEY;Résidence Les Palmiers;;20000;2A004;"41.93 , 8.73361111111111";41°55'48''N 8°44'1''E;En service
637216;SFR;503583;LTE 2100;2019-06-21;02A;2A004;4G;2026-03-19T15:15:24;02A2700067;38;52;9;;AV MARECHAL MONCEY;Résidence Les Palmiers;;20000;2A004;"41.93 , 8.73361111111111";41°55'48''N 8°44'1''E;En service
637217;SFR;503583;LTE 2600;2019-06-21;02A;2A004;4G;2026-03-19T15:15:24;02A2700067;38;52;9;;AV MARECHAL MONCEY;Résidence Les Palmiers;;20000;2A004;"41.93 , 8.73361111111111";41°55'48''N 8°44'1''E;En service
637218;SFR;503583;LTE 700;2023-02-23;02A;2A004;4G;2026-03-19T15:15:24;02A2700067;38;52;9;;AV MARECHAL MONCEY;Résidence Les Palmiers;;20000;2A004;"41.93 , 8.73361111111111";41°55'48''N 8°44'1''E;En service
637219;SFR;503583;LTE 800;2016-03-29;02A;2A004;4G;2026-03-19T15:15:24;02A2700067;38;52;9;;AV MARECHAL MONCEY;Résidence Les Palmiers;;20000;2A004;"41.93 , 8.73361111111111";41°55'48''N 8°44'1''E;En service
637220;SFR;503583;UMTS 900;2016-03-29;02A;2A004;3G;2026-03-19T15:15:24;02A2700067;38;52;9;;AV MARECHAL MONCEY;Résidence Les Palmiers;;20000;2A004;"41.93 , 8.73361111111111";41°55'48''N 8°44'1''E;En service
637221;SFR;503598;5G NR 2100;2023-12-20;02A;2A004;5G;2026-03-19T15:15:24;02A2700236;17;"22,3";9;;RTE DES SANGUINAIRES;RES SANTA LINA;;20000;2A004;"41.91 , 8.682777777777778";41°54'36''N 8°40'58''E;Techniquement opérationnel
637222;SFR;503598;5G NR 3500;2023-12-20;02A;2A004;5G;2026-03-19T15:15:24;02A2700236;17;"22,3";9;;RTE DES SANGUINAIRES;RES SANTA LINA;;20000;2A004;"41.91 , 8.682777777777778";41°54'36''N 8°40'58''E;Techniquement opérationnel
637223;SFR;503598;GSM 900;2016-09-23;02A;2A004;2G;2026-03-19T15:15:24;02A2700236;17;"22,3";9;;RTE DES SANGUINAIRES;RES SANTA LINA;;20000;2A004;"41.91 , 8.682777777777778";41°54'36''N 8°40'58''E;En service
637224;SFR;503598;LTE 1800;2016-09-23;02A;2A004;4G;2026-03-19T15:15:24;02A2700236;17;"22,3";9;;RTE DES SANGUINAIRES;RES SANTA LINA;;20000;2A004;"41.91 , 8.682777777777778";41°54'36''N 8°40'58''E;En service
637225;SFR;503598;LTE 2100;2021-11-03;02A;2A004;4G;2026-03-19T15:15:24;02A2700236;17;"22,3";9;;RTE DES SANGUINAIRES;RES SANTA LINA;;20000;2A004;"41.91 , 8.682777777777778";41°54'36''N 8°40'58''E;En service
637226;SFR;503598;LTE 2600;2023-12-20;02A;2A004;4G;2026-03-19T15:15:24;02A2700236;17;"22,3";9;;RTE DES SANGUINAIRES;RES SANTA LINA;;20000;2A004;"41.91 , 8.682777777777778";41°54'36''N 8°40'58''E;En service
637227;SFR;503598;LTE 700;2023-12-20;02A;2A004;4G;2026-03-19T15:15:24;02A2700236;17;"22,3";9;;RTE DES SANGUINAIRES;RES SANTA LINA;;20000;2A004;"41.91 , 8.682777777777778";41°54'36''N 8°40'58''E;En service
637228;SFR;503598;LTE 800;2016-09-23;02A;2A004;4G;2026-03-19T15:15:24;02A2700236;17;"22,3";9;;RTE DES SANGUINAIRES;RES SANTA LINA;;20000;2A004;"41.91 , 8.682777777777778";41°54'36''N 8°40'58''E;En service
637229;SFR;503598;UMTS 900;2016-09-23;02A;2A004;3G;2026-03-19T15:15:24;02A2700236;17;"22,3";9;;RTE DES SANGUINAIRES;RES SANTA LINA;;20000;2A004;"41.91 , 8.682777777777778";41°54'36''N 8°40'58''E;En service
637634;SFR;505501;5G NR 2100;2021-12-07;02A;2A092;5G;2026-03-19T15:15:24;02A2700013;23;"33,4";32;Punta Di Calcina;RD 158;;;20135;2A092;"41.72 , 9.352222222222222";41°43'12''N 9°21'8''E;Techniquement opérationnel
637635;SFR;505501;5G NR 3500;2023-06-28;02A;2A092;5G;2026-03-19T15:15:24;02A2700013;23;"33,4";32;Punta Di Calcina;RD 158;;;20135;2A092;"41.72 , 9.352222222222222";41°43'12''N 9°21'8''E;Techniquement opérationnel
637636;SFR;505501;GSM 900;2012-12-13;02A;2A092;2G;2026-03-19T15:15:24;02A2700013;23;"33,4";32;Punta Di Calcina;RD 158;;;20135;2A092;"41.72 , 9.352222222222222";41°43'12''N 9°21'8''E;En service
637637;SFR;505501;LTE 1800;2016-07-22;02A;2A092;4G;2026-03-19T15:15:24;02A2700013;23;"33,4";32;Punta Di Calcina;RD 158;;;20135;2A092;"41.72 , 9.352222222222222";41°43'12''N 9°21'8''E;En service
637638;SFR;505501;LTE 2100;2019-07-26;02A;2A092;4G;2026-03-19T15:15:24;02A2700013;23;"33,4";32;Punta Di Calcina;RD 158;;;20135;2A092;"41.72 , 9.352222222222222";41°43'12''N 9°21'8''E;En service
637639;SFR;505501;LTE 2600;2018-09-05;02A;2A092;4G;2026-03-19T15:15:24;02A2700013;23;"33,4";32;Punta Di Calcina;RD 158;;;20135;2A092;"41.72 , 9.352222222222222";41°43'12''N 9°21'8''E;En service
637640;SFR;505501;LTE 700;2023-06-28;02A;2A092;4G;2026-03-19T15:15:24;02A2700013;23;"33,4";32;Punta Di Calcina;RD 158;;;20135;2A092;"41.72 , 9.352222222222222";41°43'12''N 9°21'8''E;En service
637641;SFR;505501;LTE 800;2016-06-21;02A;2A092;4G;2026-03-19T15:15:24;02A2700013;23;"33,4";32;Punta Di Calcina;RD 158;;;20135;2A092;"41.72 , 9.352222222222222";41°43'12''N 9°21'8''E;En service
637642;SFR;505501;UMTS 900;2016-06-21;02A;2A092;3G;2026-03-19T15:15:24;02A2700013;23;"33,4";32;Punta Di Calcina;RD 158;;;20135;2A092;"41.72 , 9.352222222222222";41°43'12''N 9°21'8''E;En service
638315;SFR;508088;5G NR 2100;2025-11-28;02A;2A269;5G;2026-03-19T15:15:24;02A2700064;23;21;68;PORT DE PLAISANCE;RN 196;;;20145;2A269;"41.85666666666667 , 9.40388888888889";41°51'24''N 9°24'14''E;Techniquement opérationnel
638316;SFR;508088;5G NR 3500;2025-11-29;02A;2A269;5G;2026-03-19T15:15:24;02A2700064;23;21;68;PORT DE PLAISANCE;RN 196;;;20145;2A269;"41.85666666666667 , 9.40388888888889";41°51'24''N 9°24'14''E;Techniquement opérationnel
638317;SFR;508088;GSM 900;2007-02-27;02A;2A269;2G;2026-03-19T15:15:24;02A2700064;23;21;68;PORT DE PLAISANCE;RN 196;;;20145;2A269;"41.85666666666667 , 9.40388888888889";41°51'24''N 9°24'14''E;En service
638318;SFR;508088;LTE 1800;2016-08-10;02A;2A269;4G;2026-03-19T15:15:24;02A2700064;23;21;68;PORT DE PLAISANCE;RN 196;;;20145;2A269;"41.85666666666667 , 9.40388888888889";41°51'24''N 9°24'14''E;En service
638319;SFR;508088;LTE 2100;2019-08-01;02A;2A269;4G;2026-03-19T15:15:24;02A2700064;23;21;68;PORT DE PLAISANCE;RN 196;;;20145;2A269;"41.85666666666667 , 9.40388888888889";41°51'24''N 9°24'14''E;En service
638320;SFR;508088;LTE 2600;2019-08-02;02A;2A269;4G;2026-03-19T15:15:24;02A2700064;23;21;68;PORT DE PLAISANCE;RN 196;;;20145;2A269;"41.85666666666667 , 9.40388888888889";41°51'24''N 9°24'14''E;En service
638321;SFR;508088;LTE 700;2025-11-27;02A;2A269;4G;2026-03-19T15:15:24;02A2700064;23;21;68;PORT DE PLAISANCE;RN 196;;;20145;2A269;"41.85666666666667 , 9.40388888888889";41°51'24''N 9°24'14''E;En service
638322;SFR;508088;LTE 800;2016-03-29;02A;2A269;4G;2026-03-19T15:15:24;02A2700064;23;21;68;PORT DE PLAISANCE;RN 196;;;20145;2A269;"41.85666666666667 , 9.40388888888889";41°51'24''N 9°24'14''E;En service
638323;SFR;508088;UMTS 900;2011-01-28;02A;2A269;3G;2026-03-19T15:15:24;02A2700064;23;21;68;PORT DE PLAISANCE;RN 196;;;20145;2A269;"41.85666666666667 , 9.40388888888889";41°51'24''N 9°24'14''E;En service
638803;SFR;509442;5G NR 2100;2022-08-25;02A;2A071;5G;2026-03-19T15:15:24;02A2700243;23;31;32;Punta contra maggiore;Pylone TDF PILA CANALE;;;20140;2A071;"41.76222222222222 , 8.923888888888888";41°45'44''N 8°55'26''E;Techniquement opérationnel
638804;SFR;509442;5G NR 3500;2022-09-15;02A;2A071;5G;2026-03-19T15:15:24;02A2700243;23;31;32;Punta contra maggiore;Pylone TDF PILA CANALE;;;20140;2A071;"41.76222222222222 , 8.923888888888888";41°45'44''N 8°55'26''E;Techniquement opérationnel
638805;SFR;509442;GSM 900;2016-12-21;02A;2A071;2G;2026-03-19T15:15:24;02A2700243;23;31;32;Punta contra maggiore;Pylone TDF PILA CANALE;;;20140;2A071;"41.76222222222222 , 8.923888888888888";41°45'44''N 8°55'26''E;En service
638806;SFR;509442;LTE 1800;2019-09-13;02A;2A071;4G;2026-03-19T15:15:24;02A2700243;23;31;32;Punta contra maggiore;Pylone TDF PILA CANALE;;;20140;2A071;"41.76222222222222 , 8.923888888888888";41°45'44''N 8°55'26''E;En service
638807;SFR;509442;LTE 2100;2019-09-13;02A;2A071;4G;2026-03-19T15:15:24;02A2700243;23;31;32;Punta contra maggiore;Pylone TDF PILA CANALE;;;20140;2A071;"41.76222222222222 , 8.923888888888888";41°45'44''N 8°55'26''E;En service
638808;SFR;509442;LTE 2600;2020-07-28;02A;2A071;4G;2026-03-19T15:15:24;02A2700243;23;31;32;Punta contra maggiore;Pylone TDF PILA CANALE;;;20140;2A071;"41.76222222222222 , 8.923888888888888";41°45'44''N 8°55'26''E;En service
638809;SFR;509442;LTE 700;2022-08-25;02A;2A071;4G;2026-03-19T15:15:24;02A2700243;23;31;32;Punta contra maggiore;Pylone TDF PILA CANALE;;;20140;2A071;"41.76222222222222 , 8.923888888888888";41°45'44''N 8°55'26''E;En service
638810;SFR;509442;LTE 800;2016-12-21;02A;2A071;4G;2026-03-19T15:15:24;02A2700243;23;31;32;Punta contra maggiore;Pylone TDF PILA CANALE;;;20140;2A071;"41.76222222222222 , 8.923888888888888";41°45'44''N 8°55'26''E;En service
638811;SFR;509442;UMTS 900;2016-12-21;02A;2A071;3G;2026-03-19T15:15:24;02A2700243;23;31;32;Punta contra maggiore;Pylone TDF PILA CANALE;;;20140;2A071;"41.76222222222222 , 8.923888888888888";41°45'44''N 8°55'26''E;En service
639025;SFR;510095;5G NR 2100;2023-08-10;02A;2A212;5G;2026-03-19T15:15:24;02A2700024;23;43;32;MONTE SAN GHIABICU;PYLONE TDF;;;20115;2A212;"42.238055555555555 , 8.621111111111112";42°14'17''N 8°37'16''E;Techniquement opérationnel
646533;SFR;536956;5G NR 2100;2022-01-28;02A;2A247;5G;2026-03-19T15:15:24;02A2700035;38;23;9;;R MARECHAL JUIN-IMM LE SPHINX;;;20137;2A247;"41.58722222222222 , 9.276111111111112";41°35'14''N 9°16'34''E;Techniquement opérationnel
639026;SFR;510095;5G NR 3500;2023-08-10;02A;2A212;5G;2026-03-19T15:15:24;02A2700024;23;43;32;MONTE SAN GHIABICU;PYLONE TDF;;;20115;2A212;"42.238055555555555 , 8.621111111111112";42°14'17''N 8°37'16''E;Techniquement opérationnel
639027;SFR;510095;GSM 900;1999-06-15;02A;2A212;2G;2026-03-19T15:15:24;02A2700024;23;43;32;MONTE SAN GHIABICU;PYLONE TDF;;;20115;2A212;"42.238055555555555 , 8.621111111111112";42°14'17''N 8°37'16''E;En service
639028;SFR;510095;LTE 1800;2016-08-08;02A;2A212;4G;2026-03-19T15:15:24;02A2700024;23;43;32;MONTE SAN GHIABICU;PYLONE TDF;;;20115;2A212;"42.238055555555555 , 8.621111111111112";42°14'17''N 8°37'16''E;En service
639029;SFR;510095;LTE 2100;2020-06-15;02A;2A212;4G;2026-03-19T15:15:24;02A2700024;23;43;32;MONTE SAN GHIABICU;PYLONE TDF;;;20115;2A212;"42.238055555555555 , 8.621111111111112";42°14'17''N 8°37'16''E;En service
639030;SFR;510095;LTE 2600;2019-05-06;02A;2A212;4G;2026-03-19T15:15:24;02A2700024;23;43;32;MONTE SAN GHIABICU;PYLONE TDF;;;20115;2A212;"42.238055555555555 , 8.621111111111112";42°14'17''N 8°37'16''E;En service
639031;SFR;510095;LTE 700;2023-08-10;02A;2A212;4G;2026-03-19T15:15:24;02A2700024;23;43;32;MONTE SAN GHIABICU;PYLONE TDF;;;20115;2A212;"42.238055555555555 , 8.621111111111112";42°14'17''N 8°37'16''E;En service
639032;SFR;510095;LTE 800;2016-05-23;02A;2A212;4G;2026-03-19T15:15:24;02A2700024;23;43;32;MONTE SAN GHIABICU;PYLONE TDF;;;20115;2A212;"42.238055555555555 , 8.621111111111112";42°14'17''N 8°37'16''E;En service
639033;SFR;510095;UMTS 900;2010-07-06;02A;2A212;3G;2026-03-19T15:15:24;02A2700024;23;43;32;MONTE SAN GHIABICU;PYLONE TDF;;;20115;2A212;"42.238055555555555 , 8.621111111111112";42°14'17''N 8°37'16''E;En service
639135;SFR;510317;5G NR 2100;2023-11-08;02A;2A247;5G;2026-03-19T15:15:24;02A2700258;23;"26,5";74;Poretta;96 r de Bastia;;;20137;2A247;"41.609722222222224 , 9.280833333333334";41°36'35''N 9°16'51''E;Techniquement opérationnel
639136;SFR;510317;5G NR 3500;2023-11-09;02A;2A247;5G;2026-03-19T15:15:24;02A2700258;23;"26,5";74;Poretta;96 r de Bastia;;;20137;2A247;"41.609722222222224 , 9.280833333333334";41°36'35''N 9°16'51''E;Techniquement opérationnel
639137;SFR;510317;GSM 900;2018-06-27;02A;2A247;2G;2026-03-19T15:15:24;02A2700258;23;"26,5";74;Poretta;96 r de Bastia;;;20137;2A247;"41.609722222222224 , 9.280833333333334";41°36'35''N 9°16'51''E;En service
639138;SFR;510317;LTE 1800;2018-06-27;02A;2A247;4G;2026-03-19T15:15:24;02A2700258;23;"26,5";74;Poretta;96 r de Bastia;;;20137;2A247;"41.609722222222224 , 9.280833333333334";41°36'35''N 9°16'51''E;En service
639139;SFR;510317;LTE 2100;2021-06-03;02A;2A247;4G;2026-03-19T15:15:24;02A2700258;23;"26,5";74;Poretta;96 r de Bastia;;;20137;2A247;"41.609722222222224 , 9.280833333333334";41°36'35''N 9°16'51''E;En service
639140;SFR;510317;LTE 2600;2021-06-03;02A;2A247;4G;2026-03-19T15:15:24;02A2700258;23;"26,5";74;Poretta;96 r de Bastia;;;20137;2A247;"41.609722222222224 , 9.280833333333334";41°36'35''N 9°16'51''E;En service
639141;SFR;510317;LTE 700;2023-11-09;02A;2A247;4G;2026-03-19T15:15:24;02A2700258;23;"26,5";74;Poretta;96 r de Bastia;;;20137;2A247;"41.609722222222224 , 9.280833333333334";41°36'35''N 9°16'51''E;En service
639142;SFR;510317;LTE 800;2018-06-27;02A;2A247;4G;2026-03-19T15:15:24;02A2700258;23;"26,5";74;Poretta;96 r de Bastia;;;20137;2A247;"41.609722222222224 , 9.280833333333334";41°36'35''N 9°16'51''E;En service
639143;SFR;510317;UMTS 900;2018-06-27;02A;2A247;3G;2026-03-19T15:15:24;02A2700258;23;"26,5";74;Poretta;96 r de Bastia;;;20137;2A247;"41.609722222222224 , 9.280833333333334";41°36'35''N 9°16'51''E;En service
639254;SFR;510724;LTE 700;2023-05-12;02A;2A262;4G;2026-03-19T15:15:24;02A2700096;23;15;6;;Ch de Mona;;;20121;2A262;"42.126111111111115 , 8.865833333333333";42°7'34''N 8°51'57''E;En service
639255;SFR;510724;LTE 800;2019-09-03;02A;2A262;4G;2026-03-19T15:15:24;02A2700096;23;15;6;;Ch de Mona;;;20121;2A262;"42.126111111111115 , 8.865833333333333";42°7'34''N 8°51'57''E;En service
639256;SFR;510724;UMTS 900;2017-06-05;02A;2A262;3G;2026-03-19T15:15:24;02A2700096;23;15;6;;Ch de Mona;;;20121;2A262;"42.126111111111115 , 8.865833333333333";42°7'34''N 8°51'57''E;En service
642123;SFR;519837;5G NR 2100;2022-06-30;02A;2A362;5G;2026-03-19T15:15:24;02A2700099;23;20;74;Valdo;;;;20124;2A362;"41.749722222222225 , 9.17361111111111";41°44'59''N 9°10'25''E;Techniquement opérationnel
642124;SFR;519837;GSM 900;2012-07-31;02A;2A362;2G;2026-03-19T15:15:24;02A2700099;23;20;74;Valdo;;;;20124;2A362;"41.749722222222225 , 9.17361111111111";41°44'59''N 9°10'25''E;En service
642125;SFR;519837;LTE 1800;2022-06-30;02A;2A362;4G;2026-03-19T15:15:24;02A2700099;23;20;74;Valdo;;;;20124;2A362;"41.749722222222225 , 9.17361111111111";41°44'59''N 9°10'25''E;En service
642126;SFR;519837;LTE 2100;2022-06-30;02A;2A362;4G;2026-03-19T15:15:24;02A2700099;23;20;74;Valdo;;;;20124;2A362;"41.749722222222225 , 9.17361111111111";41°44'59''N 9°10'25''E;En service
642127;SFR;519837;LTE 2600;2022-06-30;02A;2A362;4G;2026-03-19T15:15:24;02A2700099;23;20;74;Valdo;;;;20124;2A362;"41.749722222222225 , 9.17361111111111";41°44'59''N 9°10'25''E;En service
642128;SFR;519837;LTE 800;2017-10-05;02A;2A362;4G;2026-03-19T15:15:24;02A2700099;23;20;74;Valdo;;;;20124;2A362;"41.749722222222225 , 9.17361111111111";41°44'59''N 9°10'25''E;En service
642129;SFR;519837;UMTS 2100;2017-10-05;02A;2A362;3G;2026-03-19T15:15:24;02A2700099;23;20;74;Valdo;;;;20124;2A362;"41.749722222222225 , 9.17361111111111";41°44'59''N 9°10'25''E;En service
642130;SFR;519837;UMTS 900;2012-07-23;02A;2A362;3G;2026-03-19T15:15:24;02A2700099;23;20;74;Valdo;;;;20124;2A362;"41.749722222222225 , 9.17361111111111";41°44'59''N 9°10'25''E;En service
642777;SFR;522275;5G NR 2100;2025-12-03;02A;2A004;5G;2026-03-19T15:15:24;02A2700061;26;12;74;Vignola;Rte du Centre Scientifique;2 rte des Sanguinaires;;20000;2A004;"41.910555555555554 , 8.653055555555556";41°54'38''N 8°39'11''E;Techniquement opérationnel
642778;SFR;522275;5G NR 3500;2025-12-03;02A;2A004;5G;2026-03-19T15:15:24;02A2700061;26;12;74;Vignola;Rte du Centre Scientifique;2 rte des Sanguinaires;;20000;2A004;"41.910555555555554 , 8.653055555555556";41°54'38''N 8°39'11''E;Techniquement opérationnel
642779;SFR;522275;GSM 900;2009-08-28;02A;2A004;2G;2026-03-19T15:15:24;02A2700061;26;12;74;Vignola;Rte du Centre Scientifique;2 rte des Sanguinaires;;20000;2A004;"41.910555555555554 , 8.653055555555556";41°54'38''N 8°39'11''E;En service
642780;SFR;522275;LTE 1800;2017-03-14;02A;2A004;4G;2026-03-19T15:15:24;02A2700061;26;12;74;Vignola;Rte du Centre Scientifique;2 rte des Sanguinaires;;20000;2A004;"41.910555555555554 , 8.653055555555556";41°54'38''N 8°39'11''E;En service
642781;SFR;522275;LTE 2100;2021-01-28;02A;2A004;4G;2026-03-19T15:15:24;02A2700061;26;12;74;Vignola;Rte du Centre Scientifique;2 rte des Sanguinaires;;20000;2A004;"41.910555555555554 , 8.653055555555556";41°54'38''N 8°39'11''E;En service
642782;SFR;522275;LTE 2600;2021-01-28;02A;2A004;4G;2026-03-19T15:15:24;02A2700061;26;12;74;Vignola;Rte du Centre Scientifique;2 rte des Sanguinaires;;20000;2A004;"41.910555555555554 , 8.653055555555556";41°54'38''N 8°39'11''E;En service
642783;SFR;522275;LTE 700;2025-12-03;02A;2A004;4G;2026-03-19T15:15:24;02A2700061;26;12;74;Vignola;Rte du Centre Scientifique;2 rte des Sanguinaires;;20000;2A004;"41.910555555555554 , 8.653055555555556";41°54'38''N 8°39'11''E;En service
642784;SFR;522275;LTE 800;2017-03-14;02A;2A004;4G;2026-03-19T15:15:24;02A2700061;26;12;74;Vignola;Rte du Centre Scientifique;2 rte des Sanguinaires;;20000;2A004;"41.910555555555554 , 8.653055555555556";41°54'38''N 8°39'11''E;En service
642785;SFR;522275;UMTS 900;2017-03-14;02A;2A004;3G;2026-03-19T15:15:24;02A2700061;26;12;74;Vignola;Rte du Centre Scientifique;2 rte des Sanguinaires;;20000;2A004;"41.910555555555554 , 8.653055555555556";41°54'38''N 8°39'11''E;En service
643509;SFR;525646;GSM 900;2008-12-23;02A;2A085;2G;2026-03-19T15:15:24;02A2700079;23;21;72;Fiuminale;Coletta;;;20117;2A085;"41.91583333333333 , 8.916111111111112";41°54'57''N 8°54'58''E;En service
643510;SFR;525646;LTE 1800;2018-12-03;02A;2A085;4G;2026-03-19T15:15:24;02A2700079;23;21;72;Fiuminale;Coletta;;;20117;2A085;"41.91583333333333 , 8.916111111111112";41°54'57''N 8°54'58''E;En service
643511;SFR;525646;LTE 2100;2020-07-23;02A;2A085;4G;2026-03-19T15:15:24;02A2700079;23;21;72;Fiuminale;Coletta;;;20117;2A085;"41.91583333333333 , 8.916111111111112";41°54'57''N 8°54'58''E;En service
643512;SFR;525646;LTE 800;2016-09-23;02A;2A085;4G;2026-03-19T15:15:24;02A2700079;23;21;72;Fiuminale;Coletta;;;20117;2A085;"41.91583333333333 , 8.916111111111112";41°54'57''N 8°54'58''E;En service
643513;SFR;525646;UMTS 900;2016-06-30;02A;2A085;3G;2026-03-19T15:15:24;02A2700079;23;21;72;Fiuminale;Coletta;;;20117;2A085;"41.91583333333333 , 8.916111111111112";41°54'57''N 8°54'58''E;En service
644032;SFR;527318;5G NR 2100;2025-06-17;02A;2A092;5G;2026-03-19T15:15:24;02A2700014;23;52;74;PUNTA DI TELICA;rd 168;;;20135;2A092;"41.73833333333334 , 9.3875";41°44'18''N 9°23'15''E;Techniquement opérationnel
644033;SFR;527318;GSM 900;1998-12-22;02A;2A092;2G;2026-03-19T15:15:24;02A2700014;23;52;74;PUNTA DI TELICA;rd 168;;;20135;2A092;"41.73833333333334 , 9.3875";41°44'18''N 9°23'15''E;En service
644034;SFR;527318;LTE 1800;2018-10-19;02A;2A092;4G;2026-03-19T15:15:24;02A2700014;23;52;74;PUNTA DI TELICA;rd 168;;;20135;2A092;"41.73833333333334 , 9.3875";41°44'18''N 9°23'15''E;En service
644035;SFR;527318;LTE 2100;2022-06-01;02A;2A092;4G;2026-03-19T15:15:24;02A2700014;23;52;74;PUNTA DI TELICA;rd 168;;;20135;2A092;"41.73833333333334 , 9.3875";41°44'18''N 9°23'15''E;En service
644036;SFR;527318;LTE 2600;2022-06-14;02A;2A092;4G;2026-03-19T15:15:24;02A2700014;23;52;74;PUNTA DI TELICA;rd 168;;;20135;2A092;"41.73833333333334 , 9.3875";41°44'18''N 9°23'15''E;En service
644037;SFR;527318;LTE 700;2025-06-17;02A;2A092;4G;2026-03-19T15:15:24;02A2700014;23;52;74;PUNTA DI TELICA;rd 168;;;20135;2A092;"41.73833333333334 , 9.3875";41°44'18''N 9°23'15''E;En service
644038;SFR;527318;LTE 800;2018-10-19;02A;2A092;4G;2026-03-19T15:15:24;02A2700014;23;52;74;PUNTA DI TELICA;rd 168;;;20135;2A092;"41.73833333333334 , 9.3875";41°44'18''N 9°23'15''E;En service
644039;SFR;527318;UMTS 900;2018-10-19;02A;2A092;3G;2026-03-19T15:15:24;02A2700014;23;52;74;PUNTA DI TELICA;rd 168;;;20135;2A092;"41.73833333333334 , 9.3875";41°44'18''N 9°23'15''E;En service
644191;SFR;527817;5G NR 2100;2022-07-06;02A;2A272;5G;2026-03-19T15:15:24;02A2700103;23;50;32;Punta Di Valanincu;Station TDF de Figari;Serraggia;;20100;2A272;"41.51222222222222 , 8.976666666666667";41°30'44''N 8°58'36''E;Techniquement opérationnel
644192;SFR;527817;5G NR 3500;2022-07-06;02A;2A272;5G;2026-03-19T15:15:24;02A2700103;23;50;32;Punta Di Valanincu;Station TDF de Figari;Serraggia;;20100;2A272;"41.51222222222222 , 8.976666666666667";41°30'44''N 8°58'36''E;Techniquement opérationnel
644193;SFR;527817;GSM 900;2005-04-15;02A;2A272;2G;2026-03-19T15:15:24;02A2700103;23;50;32;Punta Di Valanincu;Station TDF de Figari;Serraggia;;20100;2A272;"41.51222222222222 , 8.976666666666667";41°30'44''N 8°58'36''E;En service
644194;SFR;527817;LTE 1800;2016-10-10;02A;2A272;4G;2026-03-19T15:15:24;02A2700103;23;50;32;Punta Di Valanincu;Station TDF de Figari;Serraggia;;20100;2A272;"41.51222222222222 , 8.976666666666667";41°30'44''N 8°58'36''E;En service
644195;SFR;527817;LTE 2100;2020-06-19;02A;2A272;4G;2026-03-19T15:15:24;02A2700103;23;50;32;Punta Di Valanincu;Station TDF de Figari;Serraggia;;20100;2A272;"41.51222222222222 , 8.976666666666667";41°30'44''N 8°58'36''E;En service
644196;SFR;527817;LTE 2600;2018-10-22;02A;2A272;4G;2026-03-19T15:15:24;02A2700103;23;50;32;Punta Di Valanincu;Station TDF de Figari;Serraggia;;20100;2A272;"41.51222222222222 , 8.976666666666667";41°30'44''N 8°58'36''E;En service
644197;SFR;527817;LTE 700;2022-07-06;02A;2A272;4G;2026-03-19T15:15:24;02A2700103;23;50;32;Punta Di Valanincu;Station TDF de Figari;Serraggia;;20100;2A272;"41.51222222222222 , 8.976666666666667";41°30'44''N 8°58'36''E;En service
644198;SFR;527817;LTE 800;2016-09-06;02A;2A272;4G;2026-03-19T15:15:24;02A2700103;23;50;32;Punta Di Valanincu;Station TDF de Figari;Serraggia;;20100;2A272;"41.51222222222222 , 8.976666666666667";41°30'44''N 8°58'36''E;En service
644199;SFR;527817;UMTS 900;2016-09-06;02A;2A272;3G;2026-03-19T15:15:24;02A2700103;23;50;32;Punta Di Valanincu;Station TDF de Figari;Serraggia;;20100;2A272;"41.51222222222222 , 8.976666666666667";41°30'44''N 8°58'36''E;En service
644200;SFR;527824;5G NR 2100;2022-11-10;02A;2A065;5G;2026-03-19T15:15:24;02A2700022;23;31;32;PUNTIGLIONE;LOT OUEST;;;20130;2A065;"42.13388888888889 , 8.590833333333334";42°8'2''N 8°35'27''E;Techniquement opérationnel
644201;SFR;527824;5G NR 3500;2022-12-27;02A;2A065;5G;2026-03-19T15:15:24;02A2700022;23;31;32;PUNTIGLIONE;LOT OUEST;;;20130;2A065;"42.13388888888889 , 8.590833333333334";42°8'2''N 8°35'27''E;Techniquement opérationnel
644202;SFR;527824;GSM 900;2002-09-06;02A;2A065;2G;2026-03-19T15:15:24;02A2700022;23;31;32;PUNTIGLIONE;LOT OUEST;;;20130;2A065;"42.13388888888889 , 8.590833333333334";42°8'2''N 8°35'27''E;En service
644203;SFR;527824;LTE 1800;2017-05-16;02A;2A065;4G;2026-03-19T15:15:24;02A2700022;23;31;32;PUNTIGLIONE;LOT OUEST;;;20130;2A065;"42.13388888888889 , 8.590833333333334";42°8'2''N 8°35'27''E;En service
644204;SFR;527824;LTE 2100;2019-07-12;02A;2A065;4G;2026-03-19T15:15:24;02A2700022;23;31;32;PUNTIGLIONE;LOT OUEST;;;20130;2A065;"42.13388888888889 , 8.590833333333334";42°8'2''N 8°35'27''E;En service
644205;SFR;527824;LTE 2600;2018-09-07;02A;2A065;4G;2026-03-19T15:15:24;02A2700022;23;31;32;PUNTIGLIONE;LOT OUEST;;;20130;2A065;"42.13388888888889 , 8.590833333333334";42°8'2''N 8°35'27''E;En service
644206;SFR;527824;LTE 700;2022-11-10;02A;2A065;4G;2026-03-19T15:15:24;02A2700022;23;31;32;PUNTIGLIONE;LOT OUEST;;;20130;2A065;"42.13388888888889 , 8.590833333333334";42°8'2''N 8°35'27''E;En service
644207;SFR;527824;LTE 800;2016-05-23;02A;2A065;4G;2026-03-19T15:15:24;02A2700022;23;31;32;PUNTIGLIONE;LOT OUEST;;;20130;2A065;"42.13388888888889 , 8.590833333333334";42°8'2''N 8°35'27''E;En service
644208;SFR;527824;UMTS 900;2016-05-26;02A;2A065;3G;2026-03-19T15:15:24;02A2700022;23;31;32;PUNTIGLIONE;LOT OUEST;;;20130;2A065;"42.13388888888889 , 8.590833333333334";42°8'2''N 8°35'27''E;En service
644343;SFR;528851;GSM 900;1996-10-11;02A;2A040;2G;2026-03-19T15:15:24;02A2700001;23;31;32;Col de Vizzavona;;;;20136;2A040;"42.10944444444445 , 9.114722222222222";42°6'34''N 9°6'53''E;En service
644344;SFR;528851;LTE 1800;2018-11-26;02A;2A040;4G;2026-03-19T15:15:24;02A2700001;23;31;32;Col de Vizzavona;;;;20136;2A040;"42.10944444444445 , 9.114722222222222";42°6'34''N 9°6'53''E;En service
644345;SFR;528851;LTE 2100;2020-04-09;02A;2A040;4G;2026-03-19T15:15:24;02A2700001;23;31;32;Col de Vizzavona;;;;20136;2A040;"42.10944444444445 , 9.114722222222222";42°6'34''N 9°6'53''E;En service
644346;SFR;528851;LTE 800;2016-05-23;02A;2A040;4G;2026-03-19T15:15:24;02A2700001;23;31;32;Col de Vizzavona;;;;20136;2A040;"42.10944444444445 , 9.114722222222222";42°6'34''N 9°6'53''E;En service
644347;SFR;528851;UMTS 2100;2011-07-25;02A;2A040;3G;2026-03-19T15:15:24;02A2700001;23;31;32;Col de Vizzavona;;;;20136;2A040;"42.10944444444445 , 9.114722222222222";42°6'34''N 9°6'53''E;En service
644348;SFR;528851;UMTS 900;2016-05-26;02A;2A040;3G;2026-03-19T15:15:24;02A2700001;23;31;32;Col de Vizzavona;;;;20136;2A040;"42.10944444444445 , 9.114722222222222";42°6'34''N 9°6'53''E;En service
646534;SFR;536956;5G NR 3500;2024-10-17;02A;2A247;5G;2026-03-19T15:15:24;02A2700035;38;23;9;;R MARECHAL JUIN-IMM LE SPHINX;;;20137;2A247;"41.58722222222222 , 9.276111111111112";41°35'14''N 9°16'34''E;Techniquement opérationnel
646535;SFR;536956;GSM 900;2000-12-22;02A;2A247;2G;2026-03-19T15:15:24;02A2700035;38;23;9;;R MARECHAL JUIN-IMM LE SPHINX;;;20137;2A247;"41.58722222222222 , 9.276111111111112";41°35'14''N 9°16'34''E;En service
646536;SFR;536956;LTE 1800;2016-10-27;02A;2A247;4G;2026-03-19T15:15:24;02A2700035;38;23;9;;R MARECHAL JUIN-IMM LE SPHINX;;;20137;2A247;"41.58722222222222 , 9.276111111111112";41°35'14''N 9°16'34''E;En service
646537;SFR;536956;LTE 2100;2019-07-26;02A;2A247;4G;2026-03-19T15:15:24;02A2700035;38;23;9;;R MARECHAL JUIN-IMM LE SPHINX;;;20137;2A247;"41.58722222222222 , 9.276111111111112";41°35'14''N 9°16'34''E;En service
646538;SFR;536956;LTE 2600;2018-11-22;02A;2A247;4G;2026-03-19T15:15:24;02A2700035;38;23;9;;R MARECHAL JUIN-IMM LE SPHINX;;;20137;2A247;"41.58722222222222 , 9.276111111111112";41°35'14''N 9°16'34''E;En service
646539;SFR;536956;LTE 700;2024-10-17;02A;2A247;4G;2026-03-19T15:15:24;02A2700035;38;23;9;;R MARECHAL JUIN-IMM LE SPHINX;;;20137;2A247;"41.58722222222222 , 9.276111111111112";41°35'14''N 9°16'34''E;En service
646540;SFR;536956;LTE 800;2016-10-27;02A;2A247;4G;2026-03-19T15:15:24;02A2700035;38;23;9;;R MARECHAL JUIN-IMM LE SPHINX;;;20137;2A247;"41.58722222222222 , 9.276111111111112";41°35'14''N 9°16'34''E;En service
646541;SFR;536956;UMTS 900;2016-10-06;02A;2A247;3G;2026-03-19T15:15:24;02A2700035;38;23;9;;R MARECHAL JUIN-IMM LE SPHINX;;;20137;2A247;"41.58722222222222 , 9.276111111111112";41°35'14''N 9°16'34''E;En service
648099;SFR;545920;5G NR 2100;2024-07-05;02A;2A345;5G;2026-03-19T15:15:24;02A2700004;23;44;32;Bocca di Tartavellu;;;;20172;2A345;"42.07222222222222 , 8.907222222222222";42°4'20''N 8°54'26''E;Techniquement opérationnel
648100;SFR;545920;GSM 900;2001-12-28;02A;2A345;2G;2026-03-19T15:15:24;02A2700004;23;44;32;Bocca di Tartavellu;;;;20172;2A345;"42.07222222222222 , 8.907222222222222";42°4'20''N 8°54'26''E;En service
648101;SFR;545920;LTE 1800;2017-05-16;02A;2A345;4G;2026-03-19T15:15:24;02A2700004;23;44;32;Bocca di Tartavellu;;;;20172;2A345;"42.07222222222222 , 8.907222222222222";42°4'20''N 8°54'26''E;En service
648102;SFR;545920;LTE 2100;2024-07-05;02A;2A345;4G;2026-03-19T15:15:24;02A2700004;23;44;32;Bocca di Tartavellu;;;;20172;2A345;"42.07222222222222 , 8.907222222222222";42°4'20''N 8°54'26''E;En service
648103;SFR;545920;LTE 700;2024-07-05;02A;2A345;4G;2026-03-19T15:15:24;02A2700004;23;44;32;Bocca di Tartavellu;;;;20172;2A345;"42.07222222222222 , 8.907222222222222";42°4'20''N 8°54'26''E;En service
648104;SFR;545920;LTE 800;2016-05-23;02A;2A345;4G;2026-03-19T15:15:24;02A2700004;23;44;32;Bocca di Tartavellu;;;;20172;2A345;"42.07222222222222 , 8.907222222222222";42°4'20''N 8°54'26''E;En service
648105;SFR;545920;UMTS 900;2016-05-26;02A;2A345;3G;2026-03-19T15:15:24;02A2700004;23;44;32;Bocca di Tartavellu;;;;20172;2A345;"42.07222222222222 , 8.907222222222222";42°4'20''N 8°54'26''E;En service
651147;SFR;562531;GSM 900;2010-07-08;02A;2A031;2G;2026-03-19T15:15:24;02A2700097;23;15;74;Castagneto;Ancien Chem de Bastelica à Bocognano;;;20119;2A031;"42.00361111111111 , 9.049722222222222";42°0'13''N 9°2'59''E;En service
651148;SFR;562531;LTE 1800;2020-10-21;02A;2A031;4G;2026-03-19T15:15:24;02A2700097;23;15;74;Castagneto;Ancien Chem de Bastelica à Bocognano;;;20119;2A031;"42.00361111111111 , 9.049722222222222";42°0'13''N 9°2'59''E;En service
651149;SFR;562531;LTE 2100;2020-10-21;02A;2A031;4G;2026-03-19T15:15:24;02A2700097;23;15;74;Castagneto;Ancien Chem de Bastelica à Bocognano;;;20119;2A031;"42.00361111111111 , 9.049722222222222";42°0'13''N 9°2'59''E;En service
651150;SFR;562531;LTE 800;2017-11-17;02A;2A031;4G;2026-03-19T15:15:24;02A2700097;23;15;74;Castagneto;Ancien Chem de Bastelica à Bocognano;;;20119;2A031;"42.00361111111111 , 9.049722222222222";42°0'13''N 9°2'59''E;En service
651151;SFR;562531;UMTS 2100;2017-04-14;02A;2A031;3G;2026-03-19T15:15:24;02A2700097;23;15;74;Castagneto;Ancien Chem de Bastelica à Bocognano;;;20119;2A031;"42.00361111111111 , 9.049722222222222";42°0'13''N 9°2'59''E;En service
651152;SFR;562531;UMTS 900;2010-10-18;02A;2A031;3G;2026-03-19T15:15:24;02A2700097;23;15;74;Castagneto;Ancien Chem de Bastelica à Bocognano;;;20119;2A031;"42.00361111111111 , 9.049722222222222";42°0'13''N 9°2'59''E;En service
652521;SFR;573189;5G NR 2100;2024-02-20;02A;2A269;5G;2026-03-19T15:15:24;02A2700027;23;27;72;Monticello;Pylône SFR;;;20145;2A269;"41.83277777777778 , 9.370555555555557";41°49'58''N 9°22'14''E;Techniquement opérationnel
652522;SFR;573189;5G NR 3500;2024-02-20;02A;2A269;5G;2026-03-19T15:15:24;02A2700027;23;27;72;Monticello;Pylône SFR;;;20145;2A269;"41.83277777777778 , 9.370555555555557";41°49'58''N 9°22'14''E;Techniquement opérationnel
652523;SFR;573189;GSM 900;2005-07-27;02A;2A269;2G;2026-03-19T15:15:24;02A2700027;23;27;72;Monticello;Pylône SFR;;;20145;2A269;"41.83277777777778 , 9.370555555555557";41°49'58''N 9°22'14''E;En service
652524;SFR;573189;LTE 1800;2016-06-16;02A;2A269;4G;2026-03-19T15:15:24;02A2700027;23;27;72;Monticello;Pylône SFR;;;20145;2A269;"41.83277777777778 , 9.370555555555557";41°49'58''N 9°22'14''E;En service
652525;SFR;573189;LTE 2100;2019-07-26;02A;2A269;4G;2026-03-19T15:15:24;02A2700027;23;27;72;Monticello;Pylône SFR;;;20145;2A269;"41.83277777777778 , 9.370555555555557";41°49'58''N 9°22'14''E;En service
652526;SFR;573189;LTE 2600;2018-12-07;02A;2A269;4G;2026-03-19T15:15:24;02A2700027;23;27;72;Monticello;Pylône SFR;;;20145;2A269;"41.83277777777778 , 9.370555555555557";41°49'58''N 9°22'14''E;En service
652527;SFR;573189;LTE 700;2024-02-21;02A;2A269;4G;2026-03-19T15:15:24;02A2700027;23;27;72;Monticello;Pylône SFR;;;20145;2A269;"41.83277777777778 , 9.370555555555557";41°49'58''N 9°22'14''E;En service
652528;SFR;573189;LTE 800;2016-03-25;02A;2A269;4G;2026-03-19T15:15:24;02A2700027;23;27;72;Monticello;Pylône SFR;;;20145;2A269;"41.83277777777778 , 9.370555555555557";41°49'58''N 9°22'14''E;En service
652529;SFR;573189;UMTS 900;2010-07-08;02A;2A269;3G;2026-03-19T15:15:24;02A2700027;23;27;72;Monticello;Pylône SFR;;;20145;2A269;"41.83277777777778 , 9.370555555555557";41°49'58''N 9°22'14''E;En service
655835;SFR;590337;5G NR 2100;2021-09-29;02A;2A272;5G;2026-03-19T15:15:24;02A2700036;26;13;72;TOMBES;Collo - Quartier Pallaone;N 196;;20100;2A272;"41.61805555555556 , 8.969166666666666";41°37'5''N 8°58'9''E;Techniquement opérationnel
655836;SFR;590337;5G NR 3500;2023-03-22;02A;2A272;5G;2026-03-19T15:15:24;02A2700036;26;13;72;TOMBES;Collo - Quartier Pallaone;N 196;;20100;2A272;"41.61805555555556 , 8.969166666666666";41°37'5''N 8°58'9''E;Techniquement opérationnel
655837;SFR;590337;GSM 900;2001-12-28;02A;2A272;2G;2026-03-19T15:15:24;02A2700036;26;13;72;TOMBES;Collo - Quartier Pallaone;N 196;;20100;2A272;"41.61805555555556 , 8.969166666666666";41°37'5''N 8°58'9''E;En service
655838;SFR;590337;LTE 1800;2016-07-22;02A;2A272;4G;2026-03-19T15:15:24;02A2700036;26;13;72;TOMBES;Collo - Quartier Pallaone;N 196;;20100;2A272;"41.61805555555556 , 8.969166666666666";41°37'5''N 8°58'9''E;En service
655839;SFR;590337;LTE 2100;2019-07-12;02A;2A272;4G;2026-03-19T15:15:24;02A2700036;26;13;72;TOMBES;Collo - Quartier Pallaone;N 196;;20100;2A272;"41.61805555555556 , 8.969166666666666";41°37'5''N 8°58'9''E;En service
655840;SFR;590337;LTE 2600;2018-12-05;02A;2A272;4G;2026-03-19T15:15:24;02A2700036;26;13;72;TOMBES;Collo - Quartier Pallaone;N 196;;20100;2A272;"41.61805555555556 , 8.969166666666666";41°37'5''N 8°58'9''E;En service
655841;SFR;590337;LTE 700;2023-03-30;02A;2A272;4G;2026-03-19T15:15:24;02A2700036;26;13;72;TOMBES;Collo - Quartier Pallaone;N 196;;20100;2A272;"41.61805555555556 , 8.969166666666666";41°37'5''N 8°58'9''E;En service
655842;SFR;590337;LTE 800;2016-07-12;02A;2A272;4G;2026-03-19T15:15:24;02A2700036;26;13;72;TOMBES;Collo - Quartier Pallaone;N 196;;20100;2A272;"41.61805555555556 , 8.969166666666666";41°37'5''N 8°58'9''E;En service
655843;SFR;590337;UMTS 900;2016-07-22;02A;2A272;3G;2026-03-19T15:15:24;02A2700036;26;13;72;TOMBES;Collo - Quartier Pallaone;N 196;;20100;2A272;"41.61805555555556 , 8.969166666666666";41°37'5''N 8°58'9''E;En service
656609;SFR;595159;GSM 900;2009-10-09;02A;2A200;2G;2026-03-19T15:15:24;02A2700092;48;33;32;;MAISON FORESTIERE DE ST ANTOINE;;;20134;2A200;"41.96388888888889 , 9.19111111111111";41°57'50''N 9°11'28''E;En service
656610;SFR;595159;LTE 700;2023-04-14;02A;2A200;4G;2026-03-19T15:15:24;02A2700092;48;33;32;;MAISON FORESTIERE DE ST ANTOINE;;;20134;2A200;"41.96388888888889 , 9.19111111111111";41°57'50''N 9°11'28''E;En service
656611;SFR;595159;LTE 800;2020-07-23;02A;2A200;4G;2026-03-19T15:15:24;02A2700092;48;33;32;;MAISON FORESTIERE DE ST ANTOINE;;;20134;2A200;"41.96388888888889 , 9.19111111111111";41°57'50''N 9°11'28''E;En service
656612;SFR;595159;UMTS 900;2017-03-21;02A;2A200;3G;2026-03-19T15:15:24;02A2700092;48;33;32;;MAISON FORESTIERE DE ST ANTOINE;;;20134;2A200;"41.96388888888889 , 9.19111111111111";41°57'50''N 9°11'28''E;En service
659088;SFR;609326;5G NR 2100;2025-03-12;02A;2A041;5G;2026-03-19T15:15:24;02A2700010;23;27;74;MONTE CORBU;;;;20169;2A041;"41.42333333333333 , 9.138055555555555";41°25'24''N 9°8'17''E;Techniquement opérationnel
659089;SFR;609326;GSM 900;1998-06-26;02A;2A041;2G;2026-03-19T15:15:24;02A2700010;23;27;74;MONTE CORBU;;;;20169;2A041;"41.42333333333333 , 9.138055555555555";41°25'24''N 9°8'17''E;En service
659090;SFR;609326;LTE 1800;2020-08-12;02A;2A041;4G;2026-03-19T15:15:24;02A2700010;23;27;74;MONTE CORBU;;;;20169;2A041;"41.42333333333333 , 9.138055555555555";41°25'24''N 9°8'17''E;En service
659091;SFR;609326;LTE 2100;2025-03-12;02A;2A041;4G;2026-03-19T15:15:24;02A2700010;23;27;74;MONTE CORBU;;;;20169;2A041;"41.42333333333333 , 9.138055555555555";41°25'24''N 9°8'17''E;En service
659092;SFR;609326;LTE 2600;2025-03-12;02A;2A041;4G;2026-03-19T15:15:24;02A2700010;23;27;74;MONTE CORBU;;;;20169;2A041;"41.42333333333333 , 9.138055555555555";41°25'24''N 9°8'17''E;En service
659093;SFR;609326;LTE 700;2025-03-12;02A;2A041;4G;2026-03-19T15:15:24;02A2700010;23;27;74;MONTE CORBU;;;;20169;2A041;"41.42333333333333 , 9.138055555555555";41°25'24''N 9°8'17''E;En service
659094;SFR;609326;LTE 800;2020-08-12;02A;2A041;4G;2026-03-19T15:15:24;02A2700010;23;27;74;MONTE CORBU;;;;20169;2A041;"41.42333333333333 , 9.138055555555555";41°25'24''N 9°8'17''E;En service
659095;SFR;609326;UMTS 900;2010-07-29;02A;2A041;3G;2026-03-19T15:15:24;02A2700010;23;27;74;MONTE CORBU;;;;20169;2A041;"41.42333333333333 , 9.138055555555555";41°25'24''N 9°8'17''E;En service
661549;SFR;625782;5G NR 2100;2024-01-05;02A;2A103;5G;2026-03-19T15:15:24;02A2700038;38;"26,6";22;CASARIMACCIU;Hôtel 'SOL E MONTE';;;20167;2A103;"41.98861111111111 , 8.909166666666668";41°59'19''N 8°54'33''E;Techniquement opérationnel
661550;SFR;625782;GSM 900;2000-01-17;02A;2A103;2G;2026-03-19T15:15:24;02A2700038;38;"26,6";22;CASARIMACCIU;Hôtel 'SOL E MONTE';;;20167;2A103;"41.98861111111111 , 8.909166666666668";41°59'19''N 8°54'33''E;En service
661551;SFR;625782;LTE 1800;2017-05-18;02A;2A103;4G;2026-03-19T15:15:24;02A2700038;38;"26,6";22;CASARIMACCIU;Hôtel 'SOL E MONTE';;;20167;2A103;"41.98861111111111 , 8.909166666666668";41°59'19''N 8°54'33''E;En service
661552;SFR;625782;LTE 2100;2024-01-05;02A;2A103;4G;2026-03-19T15:15:24;02A2700038;38;"26,6";22;CASARIMACCIU;Hôtel 'SOL E MONTE';;;20167;2A103;"41.98861111111111 , 8.909166666666668";41°59'19''N 8°54'33''E;En service
661553;SFR;625782;LTE 700;2025-02-07;02A;2A103;4G;2026-03-19T15:15:24;02A2700038;38;"26,6";22;CASARIMACCIU;Hôtel 'SOL E MONTE';;;20167;2A103;"41.98861111111111 , 8.909166666666668";41°59'19''N 8°54'33''E;En service
661554;SFR;625782;LTE 800;2016-04-26;02A;2A103;4G;2026-03-19T15:15:24;02A2700038;38;"26,6";22;CASARIMACCIU;Hôtel 'SOL E MONTE';;;20167;2A103;"41.98861111111111 , 8.909166666666668";41°59'19''N 8°54'33''E;En service
661555;SFR;625782;UMTS 900;2016-05-26;02A;2A103;3G;2026-03-19T15:15:24;02A2700038;38;"26,6";22;CASARIMACCIU;Hôtel 'SOL E MONTE';;;20167;2A103;"41.98861111111111 , 8.909166666666668";41°59'19''N 8°54'33''E;En service
662034;SFR;629970;5G NR 2100;2023-11-23;02A;2A041;5G;2026-03-19T15:15:24;02A2700246;23;27;65;SUARTONE;PRES DE LA RD158;;;20169;2A041;"41.48277777777778 , 9.24472222222222";41°28'58''N 9°14'41''E;Techniquement opérationnel
662035;SFR;629970;5G NR 3500;2023-11-23;02A;2A041;5G;2026-03-19T15:15:24;02A2700246;23;27;65;SUARTONE;PRES DE LA RD158;;;20169;2A041;"41.48277777777778 , 9.24472222222222";41°28'58''N 9°14'41''E;Techniquement opérationnel
662036;SFR;629970;GSM 900;2018-06-27;02A;2A041;2G;2026-03-19T15:15:24;02A2700246;23;27;65;SUARTONE;PRES DE LA RD158;;;20169;2A041;"41.48277777777778 , 9.24472222222222";41°28'58''N 9°14'41''E;En service
662037;SFR;629970;LTE 1800;2021-03-29;02A;2A041;4G;2026-03-19T15:15:24;02A2700246;23;27;65;SUARTONE;PRES DE LA RD158;;;20169;2A041;"41.48277777777778 , 9.24472222222222";41°28'58''N 9°14'41''E;En service
662038;SFR;629970;LTE 2100;2021-03-29;02A;2A041;4G;2026-03-19T15:15:24;02A2700246;23;27;65;SUARTONE;PRES DE LA RD158;;;20169;2A041;"41.48277777777778 , 9.24472222222222";41°28'58''N 9°14'41''E;En service
662039;SFR;629970;LTE 2600;2021-05-07;02A;2A041;4G;2026-03-19T15:15:24;02A2700246;23;27;65;SUARTONE;PRES DE LA RD158;;;20169;2A041;"41.48277777777778 , 9.24472222222222";41°28'58''N 9°14'41''E;En service
662040;SFR;629970;LTE 700;2023-11-23;02A;2A041;4G;2026-03-19T15:15:24;02A2700246;23;27;65;SUARTONE;PRES DE LA RD158;;;20169;2A041;"41.48277777777778 , 9.24472222222222";41°28'58''N 9°14'41''E;En service
662041;SFR;629970;LTE 800;2018-06-27;02A;2A041;4G;2026-03-19T15:15:24;02A2700246;23;27;65;SUARTONE;PRES DE LA RD158;;;20169;2A041;"41.48277777777778 , 9.24472222222222";41°28'58''N 9°14'41''E;En service
662042;SFR;629970;UMTS 900;2018-06-27;02A;2A041;3G;2026-03-19T15:15:24;02A2700246;23;27;65;SUARTONE;PRES DE LA RD158;;;20169;2A041;"41.48277777777778 , 9.24472222222222";41°28'58''N 9°14'41''E;En service
664794;SFR;650067;GSM 900;2005-04-08;02A;2A028;2G;2026-03-19T15:15:24;02A2700221;26;40;32;Punta di Tragunatu;;;;20160;2A028;"42.17722222222222 , 8.793055555555556";42°10'38''N 8°47'35''E;En service
664795;SFR;650067;LTE 1800;2017-05-17;02A;2A028;4G;2026-03-19T15:15:24;02A2700221;26;40;32;Punta di Tragunatu;;;;20160;2A028;"42.17722222222222 , 8.793055555555556";42°10'38''N 8°47'35''E;En service
664796;SFR;650067;LTE 2100;2020-04-27;02A;2A028;4G;2026-03-19T15:15:24;02A2700221;26;40;32;Punta di Tragunatu;;;;20160;2A028;"42.17722222222222 , 8.793055555555556";42°10'38''N 8°47'35''E;En service
664797;SFR;650067;LTE 2600;2018-11-02;02A;2A028;4G;2026-03-19T15:15:24;02A2700221;26;40;32;Punta di Tragunatu;;;;20160;2A028;"42.17722222222222 , 8.793055555555556";42°10'38''N 8°47'35''E;En service
664798;SFR;650067;LTE 800;2016-05-23;02A;2A028;4G;2026-03-19T15:15:24;02A2700221;26;40;32;Punta di Tragunatu;;;;20160;2A028;"42.17722222222222 , 8.793055555555556";42°10'38''N 8°47'35''E;En service
664799;SFR;650067;UMTS 900;2010-07-07;02A;2A028;3G;2026-03-19T15:15:24;02A2700221;26;40;32;Punta di Tragunatu;;;;20160;2A028;"42.17722222222222 , 8.793055555555556";42°10'38''N 8°47'35''E;En service
666694;SFR;666457;5G NR 2100;2024-10-28;02A;2A271;5G;2026-03-19T15:15:24;02A2700059;23;16;74;Mezzavia;Pernicaggio;Garage  RN 194;;20167;2A271;"41.952222222222225 , 8.788055555555555";41°57'8''N 8°47'17''E;Techniquement opérationnel
666695;SFR;666457;GSM 900;2017-03-16;02A;2A271;2G;2026-03-19T15:15:24;02A2700059;23;16;74;Mezzavia;Pernicaggio;Garage  RN 194;;20167;2A271;"41.952222222222225 , 8.788055555555555";41°57'8''N 8°47'17''E;En service
666696;SFR;666457;LTE 1800;2021-01-20;02A;2A271;4G;2026-03-19T15:15:24;02A2700059;23;16;74;Mezzavia;Pernicaggio;Garage  RN 194;;20167;2A271;"41.952222222222225 , 8.788055555555555";41°57'8''N 8°47'17''E;En service
666697;SFR;666457;LTE 2100;2021-09-06;02A;2A271;4G;2026-03-19T15:15:24;02A2700059;23;16;74;Mezzavia;Pernicaggio;Garage  RN 194;;20167;2A271;"41.952222222222225 , 8.788055555555555";41°57'8''N 8°47'17''E;En service
666698;SFR;666457;LTE 700;2024-10-22;02A;2A271;4G;2026-03-19T15:15:24;02A2700059;23;16;74;Mezzavia;Pernicaggio;Garage  RN 194;;20167;2A271;"41.952222222222225 , 8.788055555555555";41°57'8''N 8°47'17''E;En service
666699;SFR;666457;LTE 800;2017-03-16;02A;2A271;4G;2026-03-19T15:15:24;02A2700059;23;16;74;Mezzavia;Pernicaggio;Garage  RN 194;;20167;2A271;"41.952222222222225 , 8.788055555555555";41°57'8''N 8°47'17''E;En service
666700;SFR;666457;UMTS 900;2017-03-16;02A;2A271;3G;2026-03-19T15:15:24;02A2700059;23;16;74;Mezzavia;Pernicaggio;Garage  RN 194;;20167;2A271;"41.952222222222225 , 8.788055555555555";41°57'8''N 8°47'17''E;En service
666710;SFR;666487;5G NR 2100;2024-10-21;02A;2A288;5G;2026-03-19T15:15:24;02A2700248;26;12;4;TOMASCIO;;;;20146;2A288;"41.57138888888889 , 9.161111111111111";41°34'17''N 9°9'40''E;Techniquement opérationnel
666711;SFR;666487;GSM 900;2016-10-27;02A;2A288;2G;2026-03-19T15:15:24;02A2700248;26;12;4;TOMASCIO;;;;20146;2A288;"41.57138888888889 , 9.161111111111111";41°34'17''N 9°9'40''E;En service
666712;SFR;666487;LTE 1800;2019-12-11;02A;2A288;4G;2026-03-19T15:15:24;02A2700248;26;12;4;TOMASCIO;;;;20146;2A288;"41.57138888888889 , 9.161111111111111";41°34'17''N 9°9'40''E;En service
666713;SFR;666487;LTE 2100;2019-12-11;02A;2A288;4G;2026-03-19T15:15:24;02A2700248;26;12;4;TOMASCIO;;;;20146;2A288;"41.57138888888889 , 9.161111111111111";41°34'17''N 9°9'40''E;En service
666714;SFR;666487;LTE 2600;2021-07-01;02A;2A288;4G;2026-03-19T15:15:24;02A2700248;26;12;4;TOMASCIO;;;;20146;2A288;"41.57138888888889 , 9.161111111111111";41°34'17''N 9°9'40''E;En service
666715;SFR;666487;LTE 700;2024-10-21;02A;2A288;4G;2026-03-19T15:15:24;02A2700248;26;12;4;TOMASCIO;;;;20146;2A288;"41.57138888888889 , 9.161111111111111";41°34'17''N 9°9'40''E;En service
666716;SFR;666487;LTE 800;2016-10-27;02A;2A288;4G;2026-03-19T15:15:24;02A2700248;26;12;4;TOMASCIO;;;;20146;2A288;"41.57138888888889 , 9.161111111111111";41°34'17''N 9°9'40''E;En service
666717;SFR;666487;UMTS 900;2016-10-27;02A;2A288;3G;2026-03-19T15:15:24;02A2700248;26;12;4;TOMASCIO;;;;20146;2A288;"41.57138888888889 , 9.161111111111111";41°34'17''N 9°9'40''E;En service
667385;SFR;671234;5G NR 2100;2025-03-13;02A;2A041;5G;2026-03-19T15:15:24;02A2700032;23;15;72;Gallo;Compo Longo;RD 260;;20169;2A041;"41.37916666666667 , 9.197777777777778";41°22'45''N 9°11'52''E;Techniquement opérationnel
667386;SFR;671234;5G NR 3500;2025-03-13;02A;2A041;5G;2026-03-19T15:15:24;02A2700032;23;15;72;Gallo;Compo Longo;RD 260;;20169;2A041;"41.37916666666667 , 9.197777777777778";41°22'45''N 9°11'52''E;Techniquement opérationnel
667387;SFR;671234;GSM 900;2002-07-25;02A;2A041;2G;2026-03-19T15:15:24;02A2700032;23;15;72;Gallo;Compo Longo;RD 260;;20169;2A041;"41.37916666666667 , 9.197777777777778";41°22'45''N 9°11'52''E;En service
667388;SFR;671234;LTE 1800;2016-10-27;02A;2A041;4G;2026-03-19T15:15:24;02A2700032;23;15;72;Gallo;Compo Longo;RD 260;;20169;2A041;"41.37916666666667 , 9.197777777777778";41°22'45''N 9°11'52''E;En service
667389;SFR;671234;LTE 2100;2025-03-13;02A;2A041;4G;2026-03-19T15:15:24;02A2700032;23;15;72;Gallo;Compo Longo;RD 260;;20169;2A041;"41.37916666666667 , 9.197777777777778";41°22'45''N 9°11'52''E;En service
667390;SFR;671234;LTE 2600;2025-03-13;02A;2A041;4G;2026-03-19T15:15:24;02A2700032;23;15;72;Gallo;Compo Longo;RD 260;;20169;2A041;"41.37916666666667 , 9.197777777777778";41°22'45''N 9°11'52''E;En service
667391;SFR;671234;LTE 700;2025-03-13;02A;2A041;4G;2026-03-19T15:15:24;02A2700032;23;15;72;Gallo;Compo Longo;RD 260;;20169;2A041;"41.37916666666667 , 9.197777777777778";41°22'45''N 9°11'52''E;En service
667392;SFR;671234;LTE 800;2016-10-27;02A;2A041;4G;2026-03-19T15:15:24;02A2700032;23;15;72;Gallo;Compo Longo;RD 260;;20169;2A041;"41.37916666666667 , 9.197777777777778";41°22'45''N 9°11'52''E;En service
667393;SFR;671234;UMTS 900;2016-09-27;02A;2A041;3G;2026-03-19T15:15:24;02A2700032;23;15;72;Gallo;Compo Longo;RD 260;;20169;2A041;"41.37916666666667 , 9.197777777777778";41°22'45''N 9°11'52''E;En service
667808;SFR;674287;5G NR 2100;2022-11-24;02A;2A247;5G;2026-03-19T15:15:24;02A2700050;17;"7,6";22;Cuncaccia;Rte de Palombaggia;;;20137;2A247;"41.56055555555555 , 9.318055555555555";41°33'38''N 9°19'5''E;Techniquement opérationnel
667809;SFR;674287;5G NR 3500;2022-11-15;02A;2A247;5G;2026-03-19T15:15:24;02A2700050;17;"7,6";22;Cuncaccia;Rte de Palombaggia;;;20137;2A247;"41.56055555555555 , 9.318055555555555";41°33'38''N 9°19'5''E;Techniquement opérationnel
667810;SFR;674287;GSM 900;2005-01-21;02A;2A247;2G;2026-03-19T15:15:24;02A2700050;17;"7,6";22;Cuncaccia;Rte de Palombaggia;;;20137;2A247;"41.56055555555555 , 9.318055555555555";41°33'38''N 9°19'5''E;En service
667811;SFR;674287;LTE 1800;2016-12-14;02A;2A247;4G;2026-03-19T15:15:24;02A2700050;17;"7,6";22;Cuncaccia;Rte de Palombaggia;;;20137;2A247;"41.56055555555555 , 9.318055555555555";41°33'38''N 9°19'5''E;En service
667812;SFR;674287;LTE 2100;2019-07-19;02A;2A247;4G;2026-03-19T15:15:24;02A2700050;17;"7,6";22;Cuncaccia;Rte de Palombaggia;;;20137;2A247;"41.56055555555555 , 9.318055555555555";41°33'38''N 9°19'5''E;En service
667813;SFR;674287;LTE 2600;2018-09-13;02A;2A247;4G;2026-03-19T15:15:24;02A2700050;17;"7,6";22;Cuncaccia;Rte de Palombaggia;;;20137;2A247;"41.56055555555555 , 9.318055555555555";41°33'38''N 9°19'5''E;En service
667814;SFR;674287;LTE 700;2022-11-15;02A;2A247;4G;2026-03-19T15:15:24;02A2700050;17;"7,6";22;Cuncaccia;Rte de Palombaggia;;;20137;2A247;"41.56055555555555 , 9.318055555555555";41°33'38''N 9°19'5''E;En service
667815;SFR;674287;LTE 800;2016-10-26;02A;2A247;4G;2026-03-19T15:15:24;02A2700050;17;"7,6";22;Cuncaccia;Rte de Palombaggia;;;20137;2A247;"41.56055555555555 , 9.318055555555555";41°33'38''N 9°19'5''E;En service
667816;SFR;674287;UMTS 900;2016-10-26;02A;2A247;3G;2026-03-19T15:15:24;02A2700050;17;"7,6";22;Cuncaccia;Rte de Palombaggia;;;20137;2A247;"41.56055555555555 , 9.318055555555555";41°33'38''N 9°19'5''E;En service
669727;SFR;687275;5G NR 2100;2022-07-25;02A;2A048;5G;2026-03-19T15:15:24;02A2700021;23;12;72;Marijanca;;;;20111;2A048;"42.02833333333333 , 8.751944444444444";42°1'42''N 8°45'7''E;Techniquement opérationnel
669728;SFR;687275;5G NR 3500;2022-07-25;02A;2A048;5G;2026-03-19T15:15:24;02A2700021;23;12;72;Marijanca;;;;20111;2A048;"42.02833333333333 , 8.751944444444444";42°1'42''N 8°45'7''E;Techniquement opérationnel
669729;SFR;687275;GSM 900;2001-12-07;02A;2A048;2G;2026-03-19T15:15:24;02A2700021;23;12;72;Marijanca;;;;20111;2A048;"42.02833333333333 , 8.751944444444444";42°1'42''N 8°45'7''E;En service
669730;SFR;687275;LTE 1800;2017-05-16;02A;2A048;4G;2026-03-19T15:15:24;02A2700021;23;12;72;Marijanca;;;;20111;2A048;"42.02833333333333 , 8.751944444444444";42°1'42''N 8°45'7''E;En service
669731;SFR;687275;LTE 2100;2019-08-23;02A;2A048;4G;2026-03-19T15:15:24;02A2700021;23;12;72;Marijanca;;;;20111;2A048;"42.02833333333333 , 8.751944444444444";42°1'42''N 8°45'7''E;En service
669732;SFR;687275;LTE 2600;2018-10-26;02A;2A048;4G;2026-03-19T15:15:24;02A2700021;23;12;72;Marijanca;;;;20111;2A048;"42.02833333333333 , 8.751944444444444";42°1'42''N 8°45'7''E;En service
669733;SFR;687275;LTE 700;2022-07-25;02A;2A048;4G;2026-03-19T15:15:24;02A2700021;23;12;72;Marijanca;;;;20111;2A048;"42.02833333333333 , 8.751944444444444";42°1'42''N 8°45'7''E;En service
669734;SFR;687275;LTE 800;2016-05-23;02A;2A048;4G;2026-03-19T15:15:24;02A2700021;23;12;72;Marijanca;;;;20111;2A048;"42.02833333333333 , 8.751944444444444";42°1'42''N 8°45'7''E;En service
669735;SFR;687275;UMTS 900;2013-04-29;02A;2A048;3G;2026-03-19T15:15:24;02A2700021;23;12;72;Marijanca;;;;20111;2A048;"42.02833333333333 , 8.751944444444444";42°1'42''N 8°45'7''E;En service
674157;SFR;714558;5G NR 2100;2022-06-22;02A;2A198;5G;2026-03-19T15:15:24;02A2700063;23;33;32;Marine de Porto;Lenzana;Pylone TDF;;20150;2A198;"42.26916666666666 , 8.696666666666667";42°16'9''N 8°41'48''E;Techniquement opérationnel
674158;SFR;714558;5G NR 3500;2022-06-22;02A;2A198;5G;2026-03-19T15:15:24;02A2700063;23;33;32;Marine de Porto;Lenzana;Pylone TDF;;20150;2A198;"42.26916666666666 , 8.696666666666667";42°16'9''N 8°41'48''E;Techniquement opérationnel
674159;SFR;714558;GSM 900;2016-05-26;02A;2A198;2G;2026-03-19T15:15:24;02A2700063;23;33;32;Marine de Porto;Lenzana;Pylone TDF;;20150;2A198;"42.26916666666666 , 8.696666666666667";42°16'9''N 8°41'48''E;En service
674160;SFR;714558;LTE 1800;2016-06-30;02A;2A198;4G;2026-03-19T15:15:24;02A2700063;23;33;32;Marine de Porto;Lenzana;Pylone TDF;;20150;2A198;"42.26916666666666 , 8.696666666666667";42°16'9''N 8°41'48''E;En service
674161;SFR;714558;LTE 2100;2020-07-30;02A;2A198;4G;2026-03-19T15:15:24;02A2700063;23;33;32;Marine de Porto;Lenzana;Pylone TDF;;20150;2A198;"42.26916666666666 , 8.696666666666667";42°16'9''N 8°41'48''E;En service
674162;SFR;714558;LTE 2600;2020-07-30;02A;2A198;4G;2026-03-19T15:15:24;02A2700063;23;33;32;Marine de Porto;Lenzana;Pylone TDF;;20150;2A198;"42.26916666666666 , 8.696666666666667";42°16'9''N 8°41'48''E;En service
674163;SFR;714558;LTE 700;2022-06-22;02A;2A198;4G;2026-03-19T15:15:24;02A2700063;23;33;32;Marine de Porto;Lenzana;Pylone TDF;;20150;2A198;"42.26916666666666 , 8.696666666666667";42°16'9''N 8°41'48''E;En service
674164;SFR;714558;LTE 800;2016-05-23;02A;2A198;4G;2026-03-19T15:15:24;02A2700063;23;33;32;Marine de Porto;Lenzana;Pylone TDF;;20150;2A198;"42.26916666666666 , 8.696666666666667";42°16'9''N 8°41'48''E;En service
674165;SFR;714558;UMTS 900;2016-05-26;02A;2A198;3G;2026-03-19T15:15:24;02A2700063;23;33;32;Marine de Porto;Lenzana;Pylone TDF;;20150;2A198;"42.26916666666666 , 8.696666666666667";42°16'9''N 8°41'48''E;En service
678494;SFR;754375;GSM 900;2020-12-18;02A;2A360;2G;2026-03-19T15:15:24;02A2700238;23;"26,3";74;Pinia;N.196;;;20190;2A360;"41.83583333333333 , 8.964166666666666";41°50'9''N 8°57'51''E;En service
678495;SFR;754375;LTE 800;2020-12-16;02A;2A360;4G;2026-03-19T15:15:24;02A2700238;23;"26,3";74;Pinia;N.196;;;20190;2A360;"41.83583333333333 , 8.964166666666666";41°50'9''N 8°57'51''E;En service
678496;SFR;754375;UMTS 900;2020-12-18;02A;2A360;3G;2026-03-19T15:15:24;02A2700238;23;"26,3";74;Pinia;N.196;;;20190;2A360;"41.83583333333333 , 8.964166666666666";41°50'9''N 8°57'51''E;En service
681213;SFR;774659;5G NR 2100;2023-05-16;02A;2A272;5G;2026-03-19T15:15:24;02A2700052;23;16;74;Cacciabello;Hameau de Cacciabello;;;20100;2A272;"41.599722222222226 , 8.9275";41°35'59''N 8°55'39''E;Techniquement opérationnel
681214;SFR;774659;GSM 900;2006-12-11;02A;2A272;2G;2026-03-19T15:15:24;02A2700052;23;16;74;Cacciabello;Hameau de Cacciabello;;;20100;2A272;"41.599722222222226 , 8.9275";41°35'59''N 8°55'39''E;En service
681215;SFR;774659;LTE 1800;2023-05-16;02A;2A272;4G;2026-03-19T15:15:24;02A2700052;23;16;74;Cacciabello;Hameau de Cacciabello;;;20100;2A272;"41.599722222222226 , 8.9275";41°35'59''N 8°55'39''E;En service
681216;SFR;774659;LTE 2100;2023-05-16;02A;2A272;4G;2026-03-19T15:15:24;02A2700052;23;16;74;Cacciabello;Hameau de Cacciabello;;;20100;2A272;"41.599722222222226 , 8.9275";41°35'59''N 8°55'39''E;En service
681217;SFR;774659;LTE 2600;2023-05-16;02A;2A272;4G;2026-03-19T15:15:24;02A2700052;23;16;74;Cacciabello;Hameau de Cacciabello;;;20100;2A272;"41.599722222222226 , 8.9275";41°35'59''N 8°55'39''E;En service
681218;SFR;774659;LTE 800;2017-02-16;02A;2A272;4G;2026-03-19T15:15:24;02A2700052;23;16;74;Cacciabello;Hameau de Cacciabello;;;20100;2A272;"41.599722222222226 , 8.9275";41°35'59''N 8°55'39''E;En service
681219;SFR;774659;UMTS 900;2017-02-16;02A;2A272;3G;2026-03-19T15:15:24;02A2700052;23;16;74;Cacciabello;Hameau de Cacciabello;;;20100;2A272;"41.599722222222226 , 8.9275";41°35'59''N 8°55'39''E;En service
681220;SFR;774669;5G NR 2100;2024-09-23;02A;2A288;5G;2026-03-19T15:15:24;02A2700019;23;"22,6";72;PietraLonga-Salvini;Réservoir de PietraLonga-Salvini;;;20146;2A288;"41.50833333333333 , 9.235";41°30'30''N 9°14'6''E;Techniquement opérationnel
681221;SFR;774669;5G NR 3500;2024-09-23;02A;2A288;5G;2026-03-19T15:15:24;02A2700019;23;"22,6";72;PietraLonga-Salvini;Réservoir de PietraLonga-Salvini;;;20146;2A288;"41.50833333333333 , 9.235";41°30'30''N 9°14'6''E;Techniquement opérationnel
681222;SFR;774669;GSM 900;2000-10-10;02A;2A288;2G;2026-03-19T15:15:24;02A2700019;23;"22,6";72;PietraLonga-Salvini;Réservoir de PietraLonga-Salvini;;;20146;2A288;"41.50833333333333 , 9.235";41°30'30''N 9°14'6''E;En service
681223;SFR;774669;LTE 1800;2016-07-25;02A;2A288;4G;2026-03-19T15:15:24;02A2700019;23;"22,6";72;PietraLonga-Salvini;Réservoir de PietraLonga-Salvini;;;20146;2A288;"41.50833333333333 , 9.235";41°30'30''N 9°14'6''E;En service
681224;SFR;774669;LTE 2100;2020-06-03;02A;2A288;4G;2026-03-19T15:15:24;02A2700019;23;"22,6";72;PietraLonga-Salvini;Réservoir de PietraLonga-Salvini;;;20146;2A288;"41.50833333333333 , 9.235";41°30'30''N 9°14'6''E;En service
681225;SFR;774669;LTE 2600;2020-06-03;02A;2A288;4G;2026-03-19T15:15:24;02A2700019;23;"22,6";72;PietraLonga-Salvini;Réservoir de PietraLonga-Salvini;;;20146;2A288;"41.50833333333333 , 9.235";41°30'30''N 9°14'6''E;En service
681226;SFR;774669;LTE 700;2024-09-23;02A;2A288;4G;2026-03-19T15:15:24;02A2700019;23;"22,6";72;PietraLonga-Salvini;Réservoir de PietraLonga-Salvini;;;20146;2A288;"41.50833333333333 , 9.235";41°30'30''N 9°14'6''E;En service
681227;SFR;774669;LTE 800;2016-07-25;02A;2A288;4G;2026-03-19T15:15:24;02A2700019;23;"22,6";72;PietraLonga-Salvini;Réservoir de PietraLonga-Salvini;;;20146;2A288;"41.50833333333333 , 9.235";41°30'30''N 9°14'6''E;En service
681228;SFR;774669;UMTS 900;2016-07-25;02A;2A288;3G;2026-03-19T15:15:24;02A2700019;23;"22,6";72;PietraLonga-Salvini;Réservoir de PietraLonga-Salvini;;;20146;2A288;"41.50833333333333 , 9.235";41°30'30''N 9°14'6''E;En service
681229;SFR;774712;5G NR 2100;;02A;2A004;5G;2026-03-19T15:15:24;02A2700055;17;25;9;;18 Bd Danielle Casanova;;;20000;2A004;"41.916666666666664 , 8.738888888888889";41°55'0''N 8°44'20''E;Projet approuvé
681230;SFR;774712;5G NR 3500;;02A;2A004;5G;2026-03-19T15:15:24;02A2700055;17;25;9;;18 Bd Danielle Casanova;;;20000;2A004;"41.916666666666664 , 8.738888888888889";41°55'0''N 8°44'20''E;Projet approuvé
681231;SFR;774712;GSM 900;2016-03-29;02A;2A004;2G;2026-03-19T15:15:24;02A2700055;17;25;9;;18 Bd Danielle Casanova;;;20000;2A004;"41.916666666666664 , 8.738888888888889";41°55'0''N 8°44'20''E;En service
681232;SFR;774712;LTE 1800;2017-05-16;02A;2A004;4G;2026-03-19T15:15:24;02A2700055;17;25;9;;18 Bd Danielle Casanova;;;20000;2A004;"41.916666666666664 , 8.738888888888889";41°55'0''N 8°44'20''E;En service
681233;SFR;774712;LTE 2100;2019-07-19;02A;2A004;4G;2026-03-19T15:15:24;02A2700055;17;25;9;;18 Bd Danielle Casanova;;;20000;2A004;"41.916666666666664 , 8.738888888888889";41°55'0''N 8°44'20''E;En service
681234;SFR;774712;LTE 2600;2018-08-31;02A;2A004;4G;2026-03-19T15:15:24;02A2700055;17;25;9;;18 Bd Danielle Casanova;;;20000;2A004;"41.916666666666664 , 8.738888888888889";41°55'0''N 8°44'20''E;En service
681235;SFR;774712;LTE 700;;02A;2A004;4G;2026-03-19T15:15:24;02A2700055;17;25;9;;18 Bd Danielle Casanova;;;20000;2A004;"41.916666666666664 , 8.738888888888889";41°55'0''N 8°44'20''E;Projet approuvé
681236;SFR;774712;LTE 800;2016-03-29;02A;2A004;4G;2026-03-19T15:15:24;02A2700055;17;25;9;;18 Bd Danielle Casanova;;;20000;2A004;"41.916666666666664 , 8.738888888888889";41°55'0''N 8°44'20''E;En service
681237;SFR;774712;UMTS 900;2016-03-24;02A;2A004;3G;2026-03-19T15:15:24;02A2700055;17;25;9;;18 Bd Danielle Casanova;;;20000;2A004;"41.916666666666664 , 8.738888888888889";41°55'0''N 8°44'20''E;En service
681271;SFR;775275;5G NR 2100;2021-07-28;02A;2A357;5G;2026-03-19T15:15:24;02A2700256;23;24;32;BOCA DI A TANA;;StationTDF;;20116;2A357;"41.763333333333335 , 9.042777777777777";41°45'48''N 9°2'34''E;Techniquement opérationnel
681272;SFR;775275;GSM 900;2016-09-23;02A;2A357;2G;2026-03-19T15:15:24;02A2700256;23;24;32;BOCA DI A TANA;;StationTDF;;20116;2A357;"41.763333333333335 , 9.042777777777777";41°45'48''N 9°2'34''E;En service
681273;SFR;775275;LTE 1800;2021-07-28;02A;2A357;4G;2026-03-19T15:15:24;02A2700256;23;24;32;BOCA DI A TANA;;StationTDF;;20116;2A357;"41.763333333333335 , 9.042777777777777";41°45'48''N 9°2'34''E;En service
681274;SFR;775275;LTE 2100;2021-07-28;02A;2A357;4G;2026-03-19T15:15:24;02A2700256;23;24;32;BOCA DI A TANA;;StationTDF;;20116;2A357;"41.763333333333335 , 9.042777777777777";41°45'48''N 9°2'34''E;En service
681275;SFR;775275;LTE 2600;2021-07-28;02A;2A357;4G;2026-03-19T15:15:24;02A2700256;23;24;32;BOCA DI A TANA;;StationTDF;;20116;2A357;"41.763333333333335 , 9.042777777777777";41°45'48''N 9°2'34''E;En service
681276;SFR;775275;LTE 800;2016-09-23;02A;2A357;4G;2026-03-19T15:15:24;02A2700256;23;24;32;BOCA DI A TANA;;StationTDF;;20116;2A357;"41.763333333333335 , 9.042777777777777";41°45'48''N 9°2'34''E;En service
681277;SFR;775275;UMTS 900;2016-09-23;02A;2A357;3G;2026-03-19T15:15:24;02A2700256;23;24;32;BOCA DI A TANA;;StationTDF;;20116;2A357;"41.763333333333335 , 9.042777777777777";41°45'48''N 9°2'34''E;En service
681386;SFR;776421;5G NR 2100;2022-11-25;02A;2A247;5G;2026-03-19T15:15:24;02A2700073;39;"9,5";27;Bocca di l'oru;;;;20137;2A247;"41.546388888888885 , 9.295555555555556";41°32'47''N 9°17'44''E;Techniquement opérationnel
681387;SFR;776421;5G NR 3500;2022-11-25;02A;2A247;5G;2026-03-19T15:15:24;02A2700073;39;"9,5";27;Bocca di l'oru;;;;20137;2A247;"41.546388888888885 , 9.295555555555556";41°32'47''N 9°17'44''E;Techniquement opérationnel
681388;SFR;776421;GSM 900;2007-03-09;02A;2A247;2G;2026-03-19T15:15:24;02A2700073;39;"9,5";27;Bocca di l'oru;;;;20137;2A247;"41.546388888888885 , 9.295555555555556";41°32'47''N 9°17'44''E;En service
681389;SFR;776421;LTE 1800;2016-09-16;02A;2A247;4G;2026-03-19T15:15:24;02A2700073;39;"9,5";27;Bocca di l'oru;;;;20137;2A247;"41.546388888888885 , 9.295555555555556";41°32'47''N 9°17'44''E;En service
681390;SFR;776421;LTE 2100;2019-07-12;02A;2A247;4G;2026-03-19T15:15:24;02A2700073;39;"9,5";27;Bocca di l'oru;;;;20137;2A247;"41.546388888888885 , 9.295555555555556";41°32'47''N 9°17'44''E;En service
681391;SFR;776421;LTE 2600;2019-02-27;02A;2A247;4G;2026-03-19T15:15:24;02A2700073;39;"9,5";27;Bocca di l'oru;;;;20137;2A247;"41.546388888888885 , 9.295555555555556";41°32'47''N 9°17'44''E;En service
681392;SFR;776421;LTE 700;2022-11-25;02A;2A247;4G;2026-03-19T15:15:24;02A2700073;39;"9,5";27;Bocca di l'oru;;;;20137;2A247;"41.546388888888885 , 9.295555555555556";41°32'47''N 9°17'44''E;En service
681393;SFR;776421;LTE 800;2016-08-24;02A;2A247;4G;2026-03-19T15:15:24;02A2700073;39;"9,5";27;Bocca di l'oru;;;;20137;2A247;"41.546388888888885 , 9.295555555555556";41°32'47''N 9°17'44''E;En service
681394;SFR;776421;UMTS 900;2016-08-24;02A;2A247;3G;2026-03-19T15:15:24;02A2700073;39;"9,5";27;Bocca di l'oru;;;;20137;2A247;"41.546388888888885 , 9.295555555555556";41°32'47''N 9°17'44''E;En service
682442;SFR;785242;GSM 900;2011-01-14;02A;2A211;2G;2026-03-19T15:15:24;02A2700100;23;20;74;Santa Barbara;;;;20140;2A211;"41.785555555555554 , 8.973333333333333";41°47'8''N 8°58'24''E;En service
682443;SFR;785242;LTE 800;2016-12-07;02A;2A211;4G;2026-03-19T15:15:24;02A2700100;23;20;74;Santa Barbara;;;;20140;2A211;"41.785555555555554 , 8.973333333333333";41°47'8''N 8°58'24''E;En service
682444;SFR;785242;UMTS 2100;2016-12-07;02A;2A211;3G;2026-03-19T15:15:24;02A2700100;23;20;74;Santa Barbara;;;;20140;2A211;"41.785555555555554 , 8.973333333333333";41°47'8''N 8°58'24''E;En service
682445;SFR;785242;UMTS 900;2011-01-14;02A;2A211;3G;2026-03-19T15:15:24;02A2700100;23;20;74;Santa Barbara;;;;20140;2A211;"41.785555555555554 , 8.973333333333333";41°47'8''N 8°58'24''E;En service
688571;SFR;829166;5G NR 2100;2021-09-29;02A;2A004;5G;2026-03-19T15:15:24;02A2700234;38;59;9;;9 AV DE LA LIBERATION;IMM LE BELVEDERE;;20000;2A004;"41.92111111111111 , 8.730555555555556";41°55'16''N 8°43'50''E;Techniquement opérationnel
688572;SFR;829166;5G NR 3500;2023-07-05;02A;2A004;5G;2026-03-19T15:15:24;02A2700234;38;59;9;;9 AV DE LA LIBERATION;IMM LE BELVEDERE;;20000;2A004;"41.92111111111111 , 8.730555555555556";41°55'16''N 8°43'50''E;Techniquement opérationnel
688573;SFR;829166;GSM 900;2016-09-23;02A;2A004;2G;2026-03-19T15:15:24;02A2700234;38;59;9;;9 AV DE LA LIBERATION;IMM LE BELVEDERE;;20000;2A004;"41.92111111111111 , 8.730555555555556";41°55'16''N 8°43'50''E;En service
688574;SFR;829166;LTE 1800;2016-09-23;02A;2A004;4G;2026-03-19T15:15:24;02A2700234;38;59;9;;9 AV DE LA LIBERATION;IMM LE BELVEDERE;;20000;2A004;"41.92111111111111 , 8.730555555555556";41°55'16''N 8°43'50''E;En service
688575;SFR;829166;LTE 2100;2019-07-19;02A;2A004;4G;2026-03-19T15:15:24;02A2700234;38;59;9;;9 AV DE LA LIBERATION;IMM LE BELVEDERE;;20000;2A004;"41.92111111111111 , 8.730555555555556";41°55'16''N 8°43'50''E;En service
688576;SFR;829166;LTE 2600;2018-08-27;02A;2A004;4G;2026-03-19T15:15:24;02A2700234;38;59;9;;9 AV DE LA LIBERATION;IMM LE BELVEDERE;;20000;2A004;"41.92111111111111 , 8.730555555555556";41°55'16''N 8°43'50''E;En service
688577;SFR;829166;LTE 700;2023-07-05;02A;2A004;4G;2026-03-19T15:15:24;02A2700234;38;59;9;;9 AV DE LA LIBERATION;IMM LE BELVEDERE;;20000;2A004;"41.92111111111111 , 8.730555555555556";41°55'16''N 8°43'50''E;En service
688578;SFR;829166;LTE 800;2016-09-12;02A;2A004;4G;2026-03-19T15:15:24;02A2700234;38;59;9;;9 AV DE LA LIBERATION;IMM LE BELVEDERE;;20000;2A004;"41.92111111111111 , 8.730555555555556";41°55'16''N 8°43'50''E;En service
688579;SFR;829166;UMTS 900;2016-09-12;02A;2A004;3G;2026-03-19T15:15:24;02A2700234;38;59;9;;9 AV DE LA LIBERATION;IMM LE BELVEDERE;;20000;2A004;"41.92111111111111 , 8.730555555555556";41°55'16''N 8°43'50''E;En service
688580;SFR;829193;GSM 900;2006-12-28;02A;2A100;2G;2026-03-19T15:15:24;02A2700069;23;41;32;COL DE SEVI;TDF EVISA;;;20126;2A100;"42.22555555555556 , 8.82638888888889";42°13'32''N 8°49'35''E;En service
688581;SFR;829193;LTE 700;2022-05-13;02A;2A100;4G;2026-03-19T15:15:24;02A2700069;23;41;32;COL DE SEVI;TDF EVISA;;;20126;2A100;"42.22555555555556 , 8.82638888888889";42°13'32''N 8°49'35''E;En service
688582;SFR;829193;LTE 800;2020-06-22;02A;2A100;4G;2026-03-19T15:15:24;02A2700069;23;41;32;COL DE SEVI;TDF EVISA;;;20126;2A100;"42.22555555555556 , 8.82638888888889";42°13'32''N 8°49'35''E;En service
688583;SFR;829193;UMTS 900;2015-10-21;02A;2A100;3G;2026-03-19T15:15:24;02A2700069;23;41;32;COL DE SEVI;TDF EVISA;;;20126;2A100;"42.22555555555556 , 8.82638888888889";42°13'32''N 8°49'35''E;En service
688584;SFR;829202;5G NR 2100;2024-08-13;02A;2A118;5G;2026-03-19T15:15:24;02A2700012;23;45;32;PUNTA SAVAZIGLIA;;;;20143;2A118;"41.68194444444444 , 8.9675";41°40'55''N 8°58'3''E;Techniquement opérationnel
688585;SFR;829202;GSM 900;2012-11-13;02A;2A118;2G;2026-03-19T15:15:24;02A2700012;23;45;32;PUNTA SAVAZIGLIA;;;;20143;2A118;"41.68194444444444 , 8.9675";41°40'55''N 8°58'3''E;En service
688586;SFR;829202;LTE 1800;2018-05-31;02A;2A118;4G;2026-03-19T15:15:24;02A2700012;23;45;32;PUNTA SAVAZIGLIA;;;;20143;2A118;"41.68194444444444 , 8.9675";41°40'55''N 8°58'3''E;En service
688587;SFR;829202;LTE 2100;2024-08-13;02A;2A118;4G;2026-03-19T15:15:24;02A2700012;23;45;32;PUNTA SAVAZIGLIA;;;;20143;2A118;"41.68194444444444 , 8.9675";41°40'55''N 8°58'3''E;En service
688588;SFR;829202;LTE 700;2024-07-10;02A;2A118;4G;2026-03-19T15:15:24;02A2700012;23;45;32;PUNTA SAVAZIGLIA;;;;20143;2A118;"41.68194444444444 , 8.9675";41°40'55''N 8°58'3''E;En service
688589;SFR;829202;LTE 800;2018-05-31;02A;2A118;4G;2026-03-19T15:15:24;02A2700012;23;45;32;PUNTA SAVAZIGLIA;;;;20143;2A118;"41.68194444444444 , 8.9675";41°40'55''N 8°58'3''E;En service
688590;SFR;829202;UMTS 900;2018-05-31;02A;2A118;3G;2026-03-19T15:15:24;02A2700012;23;45;32;PUNTA SAVAZIGLIA;;;;20143;2A118;"41.68194444444444 , 8.9675";41°40'55''N 8°58'3''E;En service
692156;SFR;859322;5G NR 2100;2024-06-21;02A;2A017;5G;2026-03-19T15:15:24;02A2700263;23;14;32;;Chapelle San Chirgu;;;20167;2A017;"42.01027777777778 , 8.769166666666667";42°0'37''N 8°46'9''E;Techniquement opérationnel
692157;SFR;859322;GSM 900;2020-12-31;02A;2A017;2G;2026-03-19T15:15:24;02A2700263;23;14;32;;Chapelle San Chirgu;;;20167;2A017;"42.01027777777778 , 8.769166666666667";42°0'37''N 8°46'9''E;En service
692158;SFR;859322;LTE 1800;2020-12-29;02A;2A017;4G;2026-03-19T15:15:24;02A2700263;23;14;32;;Chapelle San Chirgu;;;20167;2A017;"42.01027777777778 , 8.769166666666667";42°0'37''N 8°46'9''E;En service
692159;SFR;859322;LTE 2100;2020-12-29;02A;2A017;4G;2026-03-19T15:15:24;02A2700263;23;14;32;;Chapelle San Chirgu;;;20167;2A017;"42.01027777777778 , 8.769166666666667";42°0'37''N 8°46'9''E;En service
692160;SFR;859322;LTE 2600;2024-06-21;02A;2A017;4G;2026-03-19T15:15:24;02A2700263;23;14;32;;Chapelle San Chirgu;;;20167;2A017;"42.01027777777778 , 8.769166666666667";42°0'37''N 8°46'9''E;En service
692161;SFR;859322;LTE 700;2024-06-21;02A;2A017;4G;2026-03-19T15:15:24;02A2700263;23;14;32;;Chapelle San Chirgu;;;20167;2A017;"42.01027777777778 , 8.769166666666667";42°0'37''N 8°46'9''E;En service
692162;SFR;859322;LTE 800;2020-12-29;02A;2A017;4G;2026-03-19T15:15:24;02A2700263;23;14;32;;Chapelle San Chirgu;;;20167;2A017;"42.01027777777778 , 8.769166666666667";42°0'37''N 8°46'9''E;En service
692163;SFR;859322;UMTS 900;2020-12-29;02A;2A017;3G;2026-03-19T15:15:24;02A2700263;23;14;32;;Chapelle San Chirgu;;;20167;2A017;"42.01027777777778 , 8.769166666666667";42°0'37''N 8°46'9''E;En service
700733;SFR;1405513;GSM 900;2016-02-24;02A;2A363;2G;2026-03-19T15:15:24;02A2700217;23;22;32;Cherchiaja;Chemin communal ;Réservoir d'eau;;20112;2A363;"41.715 , 9.070277777777777";41°42'54''N 9°4'13''E;En service
700734;SFR;1405513;LTE 700;2023-04-14;02A;2A363;4G;2026-03-19T15:15:24;02A2700217;23;22;32;Cherchiaja;Chemin communal ;Réservoir d'eau;;20112;2A363;"41.715 , 9.070277777777777";41°42'54''N 9°4'13''E;En service
700735;SFR;1405513;LTE 800;2021-06-10;02A;2A363;4G;2026-03-19T15:15:24;02A2700217;23;22;32;Cherchiaja;Chemin communal ;Réservoir d'eau;;20112;2A363;"41.715 , 9.070277777777777";41°42'54''N 9°4'13''E;En service
700736;SFR;1405513;UMTS 900;2016-10-21;02A;2A363;3G;2026-03-19T15:15:24;02A2700217;23;22;32;Cherchiaja;Chemin communal ;Réservoir d'eau;;20112;2A363;"41.715 , 9.070277777777777";41°42'54''N 9°4'13''E;En service
704289;SFR;1463977;5G NR 2100;2024-07-26;02A;2A271;5G;2026-03-19T15:15:24;02A2700218;23;"22,5";74;Colombina;Route des Vignes;;;20167;2A271;"41.967222222222226 , 8.810833333333335";41°58'2''N 8°48'39''E;Techniquement opérationnel
704290;SFR;1463977;GSM 900;2016-12-08;02A;2A271;2G;2026-03-19T15:15:24;02A2700218;23;"22,5";74;Colombina;Route des Vignes;;;20167;2A271;"41.967222222222226 , 8.810833333333335";41°58'2''N 8°48'39''E;En service
704291;SFR;1463977;LTE 1800;2021-09-07;02A;2A271;4G;2026-03-19T15:15:24;02A2700218;23;"22,5";74;Colombina;Route des Vignes;;;20167;2A271;"41.967222222222226 , 8.810833333333335";41°58'2''N 8°48'39''E;En service
704292;SFR;1463977;LTE 2100;2021-09-07;02A;2A271;4G;2026-03-19T15:15:24;02A2700218;23;"22,5";74;Colombina;Route des Vignes;;;20167;2A271;"41.967222222222226 , 8.810833333333335";41°58'2''N 8°48'39''E;En service
704293;SFR;1463977;LTE 700;2024-07-26;02A;2A271;4G;2026-03-19T15:15:24;02A2700218;23;"22,5";74;Colombina;Route des Vignes;;;20167;2A271;"41.967222222222226 , 8.810833333333335";41°58'2''N 8°48'39''E;En service
704294;SFR;1463977;LTE 800;2016-12-08;02A;2A271;4G;2026-03-19T15:15:24;02A2700218;23;"22,5";74;Colombina;Route des Vignes;;;20167;2A271;"41.967222222222226 , 8.810833333333335";41°58'2''N 8°48'39''E;En service
704295;SFR;1463977;UMTS 900;2016-12-08;02A;2A271;3G;2026-03-19T15:15:24;02A2700218;23;"22,5";74;Colombina;Route des Vignes;;;20167;2A271;"41.967222222222226 , 8.810833333333335";41°58'2''N 8°48'39''E;En service
708007;SFR;1525151;5G NR 2100;2021-09-29;02A;2A004;5G;2026-03-19T15:15:24;02A2700226;38;"50,6";9;;Avenue du Marechal Juin;Res les Dahlias;;20000;2A004;"41.94027777777777 , 8.749722222222221";41°56'25''N 8°44'59''E;Techniquement opérationnel
708008;SFR;1525151;5G NR 3500;2022-12-27;02A;2A004;5G;2026-03-19T15:15:24;02A2700226;38;"50,6";9;;Avenue du Marechal Juin;Res les Dahlias;;20000;2A004;"41.94027777777777 , 8.749722222222221";41°56'25''N 8°44'59''E;Techniquement opérationnel
708009;SFR;1525151;GSM 900;2016-09-23;02A;2A004;2G;2026-03-19T15:15:24;02A2700226;38;"50,6";9;;Avenue du Marechal Juin;Res les Dahlias;;20000;2A004;"41.94027777777777 , 8.749722222222221";41°56'25''N 8°44'59''E;En service
708010;SFR;1525151;LTE 1800;2016-10-05;02A;2A004;4G;2026-03-19T15:15:24;02A2700226;38;"50,6";9;;Avenue du Marechal Juin;Res les Dahlias;;20000;2A004;"41.94027777777777 , 8.749722222222221";41°56'25''N 8°44'59''E;En service
708011;SFR;1525151;LTE 2100;2019-07-26;02A;2A004;4G;2026-03-19T15:15:24;02A2700226;38;"50,6";9;;Avenue du Marechal Juin;Res les Dahlias;;20000;2A004;"41.94027777777777 , 8.749722222222221";41°56'25''N 8°44'59''E;En service
708012;SFR;1525151;LTE 2600;2018-08-27;02A;2A004;4G;2026-03-19T15:15:24;02A2700226;38;"50,6";9;;Avenue du Marechal Juin;Res les Dahlias;;20000;2A004;"41.94027777777777 , 8.749722222222221";41°56'25''N 8°44'59''E;En service
708013;SFR;1525151;LTE 700;2022-12-02;02A;2A004;4G;2026-03-19T15:15:24;02A2700226;38;"50,6";9;;Avenue du Marechal Juin;Res les Dahlias;;20000;2A004;"41.94027777777777 , 8.749722222222221";41°56'25''N 8°44'59''E;En service
708014;SFR;1525151;LTE 800;2016-08-31;02A;2A004;4G;2026-03-19T15:15:24;02A2700226;38;"50,6";9;;Avenue du Marechal Juin;Res les Dahlias;;20000;2A004;"41.94027777777777 , 8.749722222222221";41°56'25''N 8°44'59''E;En service
708015;SFR;1525151;UMTS 900;2016-08-31;02A;2A004;3G;2026-03-19T15:15:24;02A2700226;38;"50,6";9;;Avenue du Marechal Juin;Res les Dahlias;;20000;2A004;"41.94027777777777 , 8.749722222222221";41°56'25''N 8°44'59''E;En service
708636;SFR;1542705;5G NR 2100;2021-09-29;02A;2A004;5G;2026-03-19T15:15:24;02A2700233;38;27;9;;cours Napoleon;;;20000;2A004;"41.92111111111111 , 8.737222222222222";41°55'16''N 8°44'14''E;Techniquement opérationnel
708637;SFR;1542705;5G NR 3500;2022-12-27;02A;2A004;5G;2026-03-19T15:15:24;02A2700233;38;27;9;;cours Napoleon;;;20000;2A004;"41.92111111111111 , 8.737222222222222";41°55'16''N 8°44'14''E;Techniquement opérationnel
708638;SFR;1542705;GSM 900;2016-09-23;02A;2A004;2G;2026-03-19T15:15:24;02A2700233;38;27;9;;cours Napoleon;;;20000;2A004;"41.92111111111111 , 8.737222222222222";41°55'16''N 8°44'14''E;En service
708639;SFR;1542705;LTE 1800;2016-09-23;02A;2A004;4G;2026-03-19T15:15:24;02A2700233;38;27;9;;cours Napoleon;;;20000;2A004;"41.92111111111111 , 8.737222222222222";41°55'16''N 8°44'14''E;En service
708640;SFR;1542705;LTE 2100;2019-07-26;02A;2A004;4G;2026-03-19T15:15:24;02A2700233;38;27;9;;cours Napoleon;;;20000;2A004;"41.92111111111111 , 8.737222222222222";41°55'16''N 8°44'14''E;En service
708641;SFR;1542705;LTE 2600;2018-08-31;02A;2A004;4G;2026-03-19T15:15:24;02A2700233;38;27;9;;cours Napoleon;;;20000;2A004;"41.92111111111111 , 8.737222222222222";41°55'16''N 8°44'14''E;En service
708642;SFR;1542705;LTE 700;2022-12-20;02A;2A004;4G;2026-03-19T15:15:24;02A2700233;38;27;9;;cours Napoleon;;;20000;2A004;"41.92111111111111 , 8.737222222222222";41°55'16''N 8°44'14''E;En service
708643;SFR;1542705;LTE 800;2016-08-31;02A;2A004;4G;2026-03-19T15:15:24;02A2700233;38;27;9;;cours Napoleon;;;20000;2A004;"41.92111111111111 , 8.737222222222222";41°55'16''N 8°44'14''E;En service
708644;SFR;1542705;UMTS 900;2016-08-31;02A;2A004;3G;2026-03-19T15:15:24;02A2700233;38;27;9;;cours Napoleon;;;20000;2A004;"41.92111111111111 , 8.737222222222222";41°55'16''N 8°44'14''E;En service
714872;SFR;1625380;5G NR 2100;2021-09-30;02A;2A209;5G;2026-03-19T15:15:24;02A2700223;23;30;68;CHIOSU CUMMUNU;PLAINE DE PERI;RN 193;;20167;2A209;"42.00944444444445 , 8.878055555555555";42°0'34''N 8°52'41''E;Techniquement opérationnel
714873;SFR;1625380;GSM 900;2016-05-26;02A;2A209;2G;2026-03-19T15:15:24;02A2700223;23;30;68;CHIOSU CUMMUNU;PLAINE DE PERI;RN 193;;20167;2A209;"42.00944444444445 , 8.878055555555555";42°0'34''N 8°52'41''E;En service
714874;SFR;1625380;LTE 1800;2019-01-04;02A;2A209;4G;2026-03-19T15:15:24;02A2700223;23;30;68;CHIOSU CUMMUNU;PLAINE DE PERI;RN 193;;20167;2A209;"42.00944444444445 , 8.878055555555555";42°0'34''N 8°52'41''E;En service
714875;SFR;1625380;LTE 2100;2020-04-27;02A;2A209;4G;2026-03-19T15:15:24;02A2700223;23;30;68;CHIOSU CUMMUNU;PLAINE DE PERI;RN 193;;20167;2A209;"42.00944444444445 , 8.878055555555555";42°0'34''N 8°52'41''E;En service
714876;SFR;1625380;LTE 700;;02A;2A209;4G;2026-03-19T15:15:24;02A2700223;23;30;68;CHIOSU CUMMUNU;PLAINE DE PERI;RN 193;;20167;2A209;"42.00944444444445 , 8.878055555555555";42°0'34''N 8°52'41''E;Projet approuvé
714877;SFR;1625380;LTE 800;2016-05-26;02A;2A209;4G;2026-03-19T15:15:24;02A2700223;23;30;68;CHIOSU CUMMUNU;PLAINE DE PERI;RN 193;;20167;2A209;"42.00944444444445 , 8.878055555555555";42°0'34''N 8°52'41''E;En service
714878;SFR;1625380;UMTS 900;2016-05-26;02A;2A209;3G;2026-03-19T15:15:24;02A2700223;23;30;68;CHIOSU CUMMUNU;PLAINE DE PERI;RN 193;;20167;2A209;"42.00944444444445 , 8.878055555555555";42°0'34''N 8°52'41''E;En service
714879;SFR;1625387;5G NR 2100;2022-11-24;02A;2A326;5G;2026-03-19T15:15:24;02A2700224;42;"10,5";65;BOCCA DEL MERCUJO;;;;20117;2A326;"41.966944444444444 , 8.96111111111111";41°58'1''N 8°57'40''E;Techniquement opérationnel
714880;SFR;1625387;GSM 900;2021-03-18;02A;2A326;2G;2026-03-19T15:15:24;02A2700224;42;"10,5";65;BOCCA DEL MERCUJO;;;;20117;2A326;"41.966944444444444 , 8.96111111111111";41°58'1''N 8°57'40''E;En service
714881;SFR;1625387;LTE 1800;2021-10-25;02A;2A326;4G;2026-03-19T15:15:24;02A2700224;42;"10,5";65;BOCCA DEL MERCUJO;;;;20117;2A326;"41.966944444444444 , 8.96111111111111";41°58'1''N 8°57'40''E;En service
714882;SFR;1625387;LTE 2100;2021-10-25;02A;2A326;4G;2026-03-19T15:15:24;02A2700224;42;"10,5";65;BOCCA DEL MERCUJO;;;;20117;2A326;"41.966944444444444 , 8.96111111111111";41°58'1''N 8°57'40''E;En service
714883;SFR;1625387;LTE 800;2021-03-18;02A;2A326;4G;2026-03-19T15:15:24;02A2700224;42;"10,5";65;BOCCA DEL MERCUJO;;;;20117;2A326;"41.966944444444444 , 8.96111111111111";41°58'1''N 8°57'40''E;En service
714884;SFR;1625387;UMTS 900;2021-03-18;02A;2A326;3G;2026-03-19T15:15:24;02A2700224;42;"10,5";65;BOCCA DEL MERCUJO;;;;20117;2A326;"41.966944444444444 , 8.96111111111111";41°58'1''N 8°57'40''E;En service
715151;SFR;1628055;5G NR 2100;2021-11-03;02A;2A004;5G;2026-03-19T15:15:24;02A2700016;17;27;14;;Hospice Eugenie;av Pascal Rossini;;20000;2A004;"41.915 , 8.729444444444445";41°54'54''N 8°43'46''E;Techniquement opérationnel
715152;SFR;1628055;5G NR 3500;2023-03-23;02A;2A004;5G;2026-03-19T15:15:24;02A2700016;17;27;14;;Hospice Eugenie;av Pascal Rossini;;20000;2A004;"41.915 , 8.729444444444445";41°54'54''N 8°43'46''E;Techniquement opérationnel
715153;SFR;1628055;GSM 900;2001-11-23;02A;2A004;2G;2026-03-19T15:15:24;02A2700016;17;27;14;;Hospice Eugenie;av Pascal Rossini;;20000;2A004;"41.915 , 8.729444444444445";41°54'54''N 8°43'46''E;En service
715154;SFR;1628055;LTE 1800;2017-05-16;02A;2A004;4G;2026-03-19T15:15:24;02A2700016;17;27;14;;Hospice Eugenie;av Pascal Rossini;;20000;2A004;"41.915 , 8.729444444444445";41°54'54''N 8°43'46''E;En service
715155;SFR;1628055;LTE 2100;2020-07-13;02A;2A004;4G;2026-03-19T15:15:24;02A2700016;17;27;14;;Hospice Eugenie;av Pascal Rossini;;20000;2A004;"41.915 , 8.729444444444445";41°54'54''N 8°43'46''E;En service
715156;SFR;1628055;LTE 2600;2020-07-13;02A;2A004;4G;2026-03-19T15:15:24;02A2700016;17;27;14;;Hospice Eugenie;av Pascal Rossini;;20000;2A004;"41.915 , 8.729444444444445";41°54'54''N 8°43'46''E;En service
715157;SFR;1628055;LTE 700;2023-03-23;02A;2A004;4G;2026-03-19T15:15:24;02A2700016;17;27;14;;Hospice Eugenie;av Pascal Rossini;;20000;2A004;"41.915 , 8.729444444444445";41°54'54''N 8°43'46''E;En service
715158;SFR;1628055;LTE 800;2016-03-16;02A;2A004;4G;2026-03-19T15:15:24;02A2700016;17;27;14;;Hospice Eugenie;av Pascal Rossini;;20000;2A004;"41.915 , 8.729444444444445";41°54'54''N 8°43'46''E;En service
715159;SFR;1628055;UMTS 900;2016-03-10;02A;2A004;3G;2026-03-19T15:15:24;02A2700016;17;27;14;;Hospice Eugenie;av Pascal Rossini;;20000;2A004;"41.915 , 8.729444444444445";41°54'54''N 8°43'46''E;En service
715160;SFR;1628061;GSM 1800;2016-03-25;02A;2A004;2G;2026-03-19T15:15:24;02A2700041;17;8;29;;quartier St Joseph;Cours Prince Impérial;;20000;2A004;"41.93416666666666 , 8.75361111111111";41°56'3''N 8°45'13''E;En service
715161;SFR;1628061;GSM 900;2000-09-25;02A;2A004;2G;2026-03-19T15:15:24;02A2700041;17;8;29;;quartier St Joseph;Cours Prince Impérial;;20000;2A004;"41.93416666666666 , 8.75361111111111";41°56'3''N 8°45'13''E;En service
715162;SFR;1628061;LTE 1800;2016-08-03;02A;2A004;4G;2026-03-19T15:15:24;02A2700041;17;8;29;;quartier St Joseph;Cours Prince Impérial;;20000;2A004;"41.93416666666666 , 8.75361111111111";41°56'3''N 8°45'13''E;En service
715163;SFR;1628061;LTE 800;2016-03-25;02A;2A004;4G;2026-03-19T15:15:24;02A2700041;17;8;29;;quartier St Joseph;Cours Prince Impérial;;20000;2A004;"41.93416666666666 , 8.75361111111111";41°56'3''N 8°45'13''E;En service
715164;SFR;1628061;UMTS 2100;2006-05-19;02A;2A004;3G;2026-03-19T15:15:24;02A2700041;17;8;29;;quartier St Joseph;Cours Prince Impérial;;20000;2A004;"41.93416666666666 , 8.75361111111111";41°56'3''N 8°45'13''E;En service
715165;SFR;1628061;UMTS 900;2016-03-10;02A;2A004;3G;2026-03-19T15:15:24;02A2700041;17;8;29;;quartier St Joseph;Cours Prince Impérial;;20000;2A004;"41.93416666666666 , 8.75361111111111";41°56'3''N 8°45'13''E;En service
715166;SFR;1628067;5G NR 2100;2025-09-03;02A;2A004;5G;2026-03-19T15:15:24;02A2700042;17;9;34;;Cours Napoléon;pl de la gare;;20000;2A004;"41.92972222222222 , 8.739444444444443";41°55'47''N 8°44'22''E;Techniquement opérationnel
715167;SFR;1628067;5G NR 3500;2025-09-03;02A;2A004;5G;2026-03-19T15:15:24;02A2700042;17;9;34;;Cours Napoléon;pl de la gare;;20000;2A004;"41.92972222222222 , 8.739444444444443";41°55'47''N 8°44'22''E;Techniquement opérationnel
715168;SFR;1628067;GSM 900;2000-08-01;02A;2A004;2G;2026-03-19T15:15:24;02A2700042;17;9;34;;Cours Napoléon;pl de la gare;;20000;2A004;"41.92972222222222 , 8.739444444444443";41°55'47''N 8°44'22''E;En service
715169;SFR;1628067;LTE 1800;2016-08-02;02A;2A004;4G;2026-03-19T15:15:24;02A2700042;17;9;34;;Cours Napoléon;pl de la gare;;20000;2A004;"41.92972222222222 , 8.739444444444443";41°55'47''N 8°44'22''E;En service
715170;SFR;1628067;LTE 2100;2025-09-03;02A;2A004;4G;2026-03-19T15:15:24;02A2700042;17;9;34;;Cours Napoléon;pl de la gare;;20000;2A004;"41.92972222222222 , 8.739444444444443";41°55'47''N 8°44'22''E;En service
715171;SFR;1628067;LTE 2600;2025-09-03;02A;2A004;4G;2026-03-19T15:15:24;02A2700042;17;9;34;;Cours Napoléon;pl de la gare;;20000;2A004;"41.92972222222222 , 8.739444444444443";41°55'47''N 8°44'22''E;En service
715172;SFR;1628067;LTE 700;2025-09-03;02A;2A004;4G;2026-03-19T15:15:24;02A2700042;17;9;34;;Cours Napoléon;pl de la gare;;20000;2A004;"41.92972222222222 , 8.739444444444443";41°55'47''N 8°44'22''E;En service
715173;SFR;1628067;LTE 800;2016-03-25;02A;2A004;4G;2026-03-19T15:15:24;02A2700042;17;9;34;;Cours Napoléon;pl de la gare;;20000;2A004;"41.92972222222222 , 8.739444444444443";41°55'47''N 8°44'22''E;En service
715174;SFR;1628067;UMTS 900;2016-02-12;02A;2A004;3G;2026-03-19T15:15:24;02A2700042;17;9;34;;Cours Napoléon;pl de la gare;;20000;2A004;"41.92972222222222 , 8.739444444444443";41°55'47''N 8°44'22''E;En service
715175;SFR;1628074;5G NR 2100;2023-01-05;02A;2A004;5G;2026-03-19T15:15:24;02A2700082;26;"16,6";72;;Aéroport Campo Dell'Oro;Aéroclub;;20000;2A004;"41.92222222222222 , 8.793888888888889";41°55'20''N 8°47'38''E;Techniquement opérationnel
715176;SFR;1628074;5G NR 3500;2023-01-19;02A;2A004;5G;2026-03-19T15:15:24;02A2700082;26;"16,6";72;;Aéroport Campo Dell'Oro;Aéroclub;;20000;2A004;"41.92222222222222 , 8.793888888888889";41°55'20''N 8°47'38''E;Techniquement opérationnel
715177;SFR;1628074;GSM 900;2016-08-22;02A;2A004;2G;2026-03-19T15:15:24;02A2700082;26;"16,6";72;;Aéroport Campo Dell'Oro;Aéroclub;;20000;2A004;"41.92222222222222 , 8.793888888888889";41°55'20''N 8°47'38''E;En service
715178;SFR;1628074;LTE 1800;2016-09-23;02A;2A004;4G;2026-03-19T15:15:24;02A2700082;26;"16,6";72;;Aéroport Campo Dell'Oro;Aéroclub;;20000;2A004;"41.92222222222222 , 8.793888888888889";41°55'20''N 8°47'38''E;En service
715179;SFR;1628074;LTE 2100;2021-03-31;02A;2A004;4G;2026-03-19T15:15:24;02A2700082;26;"16,6";72;;Aéroport Campo Dell'Oro;Aéroclub;;20000;2A004;"41.92222222222222 , 8.793888888888889";41°55'20''N 8°47'38''E;En service
715180;SFR;1628074;LTE 2600;2021-03-31;02A;2A004;4G;2026-03-19T15:15:24;02A2700082;26;"16,6";72;;Aéroport Campo Dell'Oro;Aéroclub;;20000;2A004;"41.92222222222222 , 8.793888888888889";41°55'20''N 8°47'38''E;En service
715181;SFR;1628074;LTE 700;2023-01-05;02A;2A004;4G;2026-03-19T15:15:24;02A2700082;26;"16,6";72;;Aéroport Campo Dell'Oro;Aéroclub;;20000;2A004;"41.92222222222222 , 8.793888888888889";41°55'20''N 8°47'38''E;En service
715182;SFR;1628074;LTE 800;2016-08-22;02A;2A004;4G;2026-03-19T15:15:24;02A2700082;26;"16,6";72;;Aéroport Campo Dell'Oro;Aéroclub;;20000;2A004;"41.92222222222222 , 8.793888888888889";41°55'20''N 8°47'38''E;En service
715183;SFR;1628074;UMTS 900;2016-08-22;02A;2A004;3G;2026-03-19T15:15:24;02A2700082;26;"16,6";72;;Aéroport Campo Dell'Oro;Aéroclub;;20000;2A004;"41.92222222222222 , 8.793888888888889";41°55'20''N 8°47'38''E;En service
715184;SFR;1628082;5G NR 2100;2025-11-19;02A;2A004;5G;2026-03-19T15:15:24;02A2700085;38;19;9;;r Sylvestre Frasseto;Résidence Belvedere Paccosi;;20000;2A004;"41.92055555555555 , 8.733055555555556";41°55'14''N 8°43'59''E;Techniquement opérationnel
715185;SFR;1628082;5G NR 3500;2025-11-19;02A;2A004;5G;2026-03-19T15:15:24;02A2700085;38;19;9;;r Sylvestre Frasseto;Résidence Belvedere Paccosi;;20000;2A004;"41.92055555555555 , 8.733055555555556";41°55'14''N 8°43'59''E;Techniquement opérationnel
715186;SFR;1628082;GSM 900;2006-12-19;02A;2A004;2G;2026-03-19T15:15:24;02A2700085;38;19;9;;r Sylvestre Frasseto;Résidence Belvedere Paccosi;;20000;2A004;"41.92055555555555 , 8.733055555555556";41°55'14''N 8°43'59''E;En service
715187;SFR;1628082;LTE 1800;2017-05-18;02A;2A004;4G;2026-03-19T15:15:24;02A2700085;38;19;9;;r Sylvestre Frasseto;Résidence Belvedere Paccosi;;20000;2A004;"41.92055555555555 , 8.733055555555556";41°55'14''N 8°43'59''E;En service
715188;SFR;1628082;LTE 2100;2020-05-25;02A;2A004;4G;2026-03-19T15:15:24;02A2700085;38;19;9;;r Sylvestre Frasseto;Résidence Belvedere Paccosi;;20000;2A004;"41.92055555555555 , 8.733055555555556";41°55'14''N 8°43'59''E;En service
715189;SFR;1628082;LTE 2600;2017-08-14;02A;2A004;4G;2026-03-19T15:15:24;02A2700085;38;19;9;;r Sylvestre Frasseto;Résidence Belvedere Paccosi;;20000;2A004;"41.92055555555555 , 8.733055555555556";41°55'14''N 8°43'59''E;En service
715190;SFR;1628082;LTE 700;2025-11-19;02A;2A004;4G;2026-03-19T15:15:24;02A2700085;38;19;9;;r Sylvestre Frasseto;Résidence Belvedere Paccosi;;20000;2A004;"41.92055555555555 , 8.733055555555556";41°55'14''N 8°43'59''E;En service
715191;SFR;1628082;LTE 800;2016-03-29;02A;2A004;4G;2026-03-19T15:15:24;02A2700085;38;19;9;;r Sylvestre Frasseto;Résidence Belvedere Paccosi;;20000;2A004;"41.92055555555555 , 8.733055555555556";41°55'14''N 8°43'59''E;En service
715192;SFR;1628082;UMTS 900;2016-03-04;02A;2A004;3G;2026-03-19T15:15:24;02A2700085;38;19;9;;r Sylvestre Frasseto;Résidence Belvedere Paccosi;;20000;2A004;"41.92055555555555 , 8.733055555555556";41°55'14''N 8°43'59''E;En service
715291;SFR;1628559;5G NR 2100;2022-05-19;02A;2A006;5G;2026-03-19T15:15:24;02A2700037;23;21;72;l'Escajola;;;;20167;2A006;"41.97416666666667 , 8.688055555555556";41°58'27''N 8°41'17''E;Techniquement opérationnel
715292;SFR;1628559;5G NR 3500;2022-06-02;02A;2A006;5G;2026-03-19T15:15:24;02A2700037;23;21;72;l'Escajola;;;;20167;2A006;"41.97416666666667 , 8.688055555555556";41°58'27''N 8°41'17''E;Techniquement opérationnel
715293;SFR;1628559;GSM 900;2010-05-28;02A;2A006;2G;2026-03-19T15:15:24;02A2700037;23;21;72;l'Escajola;;;;20167;2A006;"41.97416666666667 , 8.688055555555556";41°58'27''N 8°41'17''E;En service
715294;SFR;1628559;LTE 1800;2016-08-03;02A;2A006;4G;2026-03-19T15:15:24;02A2700037;23;21;72;l'Escajola;;;;20167;2A006;"41.97416666666667 , 8.688055555555556";41°58'27''N 8°41'17''E;En service
715295;SFR;1628559;LTE 2100;2019-07-12;02A;2A006;4G;2026-03-19T15:15:24;02A2700037;23;21;72;l'Escajola;;;;20167;2A006;"41.97416666666667 , 8.688055555555556";41°58'27''N 8°41'17''E;En service
715296;SFR;1628559;LTE 2600;2018-09-10;02A;2A006;4G;2026-03-19T15:15:24;02A2700037;23;21;72;l'Escajola;;;;20167;2A006;"41.97416666666667 , 8.688055555555556";41°58'27''N 8°41'17''E;En service
715297;SFR;1628559;LTE 700;2022-05-19;02A;2A006;4G;2026-03-19T15:15:24;02A2700037;23;21;72;l'Escajola;;;;20167;2A006;"41.97416666666667 , 8.688055555555556";41°58'27''N 8°41'17''E;En service
715298;SFR;1628559;LTE 800;2016-03-25;02A;2A006;4G;2026-03-19T15:15:24;02A2700037;23;21;72;l'Escajola;;;;20167;2A006;"41.97416666666667 , 8.688055555555556";41°58'27''N 8°41'17''E;En service
715299;SFR;1628559;UMTS 900;2016-03-24;02A;2A006;3G;2026-03-19T15:15:24;02A2700037;23;21;72;l'Escajola;;;;20167;2A006;"41.97416666666667 , 8.688055555555556";41°58'27''N 8°41'17''E;En service
715732;SFR;1632739;5G NR 2100;2021-12-21;02A;2A130;5G;2026-03-19T15:15:24;02A2700080;4;"6,4";34;Marina Viva;Hôtel Club Marina Viva;;;20128;2A130;"41.894444444444446 , 8.81";41°53'40''N 8°48'36''E;Techniquement opérationnel
715733;SFR;1632739;5G NR 3500;2023-04-06;02A;2A130;5G;2026-03-19T15:15:24;02A2700080;4;"6,4";34;Marina Viva;Hôtel Club Marina Viva;;;20128;2A130;"41.894444444444446 , 8.81";41°53'40''N 8°48'36''E;Techniquement opérationnel
715734;SFR;1632739;GSM 900;2007-04-27;02A;2A130;2G;2026-03-19T15:15:24;02A2700080;4;"6,4";34;Marina Viva;Hôtel Club Marina Viva;;;20128;2A130;"41.894444444444446 , 8.81";41°53'40''N 8°48'36''E;En service
715735;SFR;1632739;LTE 1800;2016-11-18;02A;2A130;4G;2026-03-19T15:15:24;02A2700080;4;"6,4";34;Marina Viva;Hôtel Club Marina Viva;;;20128;2A130;"41.894444444444446 , 8.81";41°53'40''N 8°48'36''E;En service
715736;SFR;1632739;LTE 2100;2019-07-12;02A;2A130;4G;2026-03-19T15:15:24;02A2700080;4;"6,4";34;Marina Viva;Hôtel Club Marina Viva;;;20128;2A130;"41.894444444444446 , 8.81";41°53'40''N 8°48'36''E;En service
715737;SFR;1632739;LTE 2600;2018-08-27;02A;2A130;4G;2026-03-19T15:15:24;02A2700080;4;"6,4";34;Marina Viva;Hôtel Club Marina Viva;;;20128;2A130;"41.894444444444446 , 8.81";41°53'40''N 8°48'36''E;En service
715738;SFR;1632739;LTE 700;2023-03-15;02A;2A130;4G;2026-03-19T15:15:24;02A2700080;4;"6,4";34;Marina Viva;Hôtel Club Marina Viva;;;20128;2A130;"41.894444444444446 , 8.81";41°53'40''N 8°48'36''E;En service
715739;SFR;1632739;LTE 800;2016-11-18;02A;2A130;4G;2026-03-19T15:15:24;02A2700080;4;"6,4";34;Marina Viva;Hôtel Club Marina Viva;;;20128;2A130;"41.894444444444446 , 8.81";41°53'40''N 8°48'36''E;En service
715740;SFR;1632739;UMTS 900;2016-11-18;02A;2A130;3G;2026-03-19T15:15:24;02A2700080;4;"6,4";34;Marina Viva;Hôtel Club Marina Viva;;;20128;2A130;"41.894444444444446 , 8.81";41°53'40''N 8°48'36''E;En service
715744;SFR;1632760;5G NR 2100;2021-11-03;02A;2A001;5G;2026-03-19T15:15:24;02A2700040;26;19;27;Casa Martino;RTE DU STADE;;;20167;2A001;"41.98777777777778 , 8.799722222222222";41°59'16''N 8°47'59''E;Techniquement opérationnel
715745;SFR;1632760;GSM 900;1999-11-19;02A;2A001;2G;2026-03-19T15:15:24;02A2700040;26;19;27;Casa Martino;RTE DU STADE;;;20167;2A001;"41.98777777777778 , 8.799722222222222";41°59'16''N 8°47'59''E;En service
715746;SFR;1632760;LTE 1800;2019-01-07;02A;2A001;4G;2026-03-19T15:15:24;02A2700040;26;19;27;Casa Martino;RTE DU STADE;;;20167;2A001;"41.98777777777778 , 8.799722222222222";41°59'16''N 8°47'59''E;En service
715747;SFR;1632760;LTE 2100;2021-03-31;02A;2A001;4G;2026-03-19T15:15:24;02A2700040;26;19;27;Casa Martino;RTE DU STADE;;;20167;2A001;"41.98777777777778 , 8.799722222222222";41°59'16''N 8°47'59''E;En service
715748;SFR;1632760;LTE 2600;2019-01-07;02A;2A001;4G;2026-03-19T15:15:24;02A2700040;26;19;27;Casa Martino;RTE DU STADE;;;20167;2A001;"41.98777777777778 , 8.799722222222222";41°59'16''N 8°47'59''E;En service
715749;SFR;1632760;LTE 700;2021-09-20;02A;2A001;4G;2026-03-19T15:15:24;02A2700040;26;19;27;Casa Martino;RTE DU STADE;;;20167;2A001;"41.98777777777778 , 8.799722222222222";41°59'16''N 8°47'59''E;En service
715750;SFR;1632760;LTE 800;2016-03-25;02A;2A001;4G;2026-03-19T15:15:24;02A2700040;26;19;27;Casa Martino;RTE DU STADE;;;20167;2A001;"41.98777777777778 , 8.799722222222222";41°59'16''N 8°47'59''E;En service
715751;SFR;1632760;UMTS 900;2016-03-25;02A;2A001;3G;2026-03-19T15:15:24;02A2700040;26;19;27;Casa Martino;RTE DU STADE;;;20167;2A001;"41.98777777777778 , 8.799722222222222";41°59'16''N 8°47'59''E;En service
715762;SFR;1632784;5G NR 2100;2023-01-27;02A;2A189;5G;2026-03-19T15:15:24;02A2700230;23;17;4;CAGINA;PRES DE LA D157-RESERVOIR;;;20113;2A189;"41.69361111111111 , 8.898333333333333";41°41'37''N 8°53'54''E;Techniquement opérationnel
715763;SFR;1632784;5G NR 3500;2023-01-27;02A;2A189;5G;2026-03-19T15:15:24;02A2700230;23;17;4;CAGINA;PRES DE LA D157-RESERVOIR;;;20113;2A189;"41.69361111111111 , 8.898333333333333";41°41'37''N 8°53'54''E;Techniquement opérationnel
715764;SFR;1632784;GSM 900;2016-09-23;02A;2A189;2G;2026-03-19T15:15:24;02A2700230;23;17;4;CAGINA;PRES DE LA D157-RESERVOIR;;;20113;2A189;"41.69361111111111 , 8.898333333333333";41°41'37''N 8°53'54''E;En service
715765;SFR;1632784;LTE 1800;2016-09-23;02A;2A189;4G;2026-03-19T15:15:24;02A2700230;23;17;4;CAGINA;PRES DE LA D157-RESERVOIR;;;20113;2A189;"41.69361111111111 , 8.898333333333333";41°41'37''N 8°53'54''E;En service
715766;SFR;1632784;LTE 2100;2020-07-09;02A;2A189;4G;2026-03-19T15:15:24;02A2700230;23;17;4;CAGINA;PRES DE LA D157-RESERVOIR;;;20113;2A189;"41.69361111111111 , 8.898333333333333";41°41'37''N 8°53'54''E;En service
715767;SFR;1632784;LTE 2600;2020-08-19;02A;2A189;4G;2026-03-19T15:15:24;02A2700230;23;17;4;CAGINA;PRES DE LA D157-RESERVOIR;;;20113;2A189;"41.69361111111111 , 8.898333333333333";41°41'37''N 8°53'54''E;En service
715768;SFR;1632784;LTE 700;2021-12-23;02A;2A189;4G;2026-03-19T15:15:24;02A2700230;23;17;4;CAGINA;PRES DE LA D157-RESERVOIR;;;20113;2A189;"41.69361111111111 , 8.898333333333333";41°41'37''N 8°53'54''E;En service
715769;SFR;1632784;LTE 800;2016-09-23;02A;2A189;4G;2026-03-19T15:15:24;02A2700230;23;17;4;CAGINA;PRES DE LA D157-RESERVOIR;;;20113;2A189;"41.69361111111111 , 8.898333333333333";41°41'37''N 8°53'54''E;En service
715770;SFR;1632784;UMTS 900;2016-09-23;02A;2A189;3G;2026-03-19T15:15:24;02A2700230;23;17;4;CAGINA;PRES DE LA D157-RESERVOIR;;;20113;2A189;"41.69361111111111 , 8.898333333333333";41°41'37''N 8°53'54''E;En service
715775;SFR;1632799;5G NR 2100;2022-05-18;02A;2A006;5G;2026-03-19T15:15:24;02A2700088;23;"17,8";72;SAN GUAVINO;Terrain Ferrucci;;;20167;2A006;"41.97222222222222 , 8.713888888888889";41°58'20''N 8°42'50''E;Techniquement opérationnel
715776;SFR;1632799;GSM 900;2016-03-11;02A;2A006;2G;2026-03-19T15:15:24;02A2700088;23;"17,8";72;SAN GUAVINO;Terrain Ferrucci;;;20167;2A006;"41.97222222222222 , 8.713888888888889";41°58'20''N 8°42'50''E;En service
715777;SFR;1632799;LTE 1800;2022-04-29;02A;2A006;4G;2026-03-19T15:15:24;02A2700088;23;"17,8";72;SAN GUAVINO;Terrain Ferrucci;;;20167;2A006;"41.97222222222222 , 8.713888888888889";41°58'20''N 8°42'50''E;En service
715778;SFR;1632799;LTE 2100;2022-04-29;02A;2A006;4G;2026-03-19T15:15:24;02A2700088;23;"17,8";72;SAN GUAVINO;Terrain Ferrucci;;;20167;2A006;"41.97222222222222 , 8.713888888888889";41°58'20''N 8°42'50''E;En service
715779;SFR;1632799;LTE 2600;2022-04-29;02A;2A006;4G;2026-03-19T15:15:24;02A2700088;23;"17,8";72;SAN GUAVINO;Terrain Ferrucci;;;20167;2A006;"41.97222222222222 , 8.713888888888889";41°58'20''N 8°42'50''E;En service
715780;SFR;1632799;LTE 700;2024-11-08;02A;2A006;4G;2026-03-19T15:15:24;02A2700088;23;"17,8";72;SAN GUAVINO;Terrain Ferrucci;;;20167;2A006;"41.97222222222222 , 8.713888888888889";41°58'20''N 8°42'50''E;En service
715781;SFR;1632799;LTE 800;2016-03-29;02A;2A006;4G;2026-03-19T15:15:24;02A2700088;23;"17,8";72;SAN GUAVINO;Terrain Ferrucci;;;20167;2A006;"41.97222222222222 , 8.713888888888889";41°58'20''N 8°42'50''E;En service
715782;SFR;1632799;UMTS 900;2016-03-24;02A;2A006;3G;2026-03-19T15:15:24;02A2700088;23;"17,8";72;SAN GUAVINO;Terrain Ferrucci;;;20167;2A006;"41.97222222222222 , 8.713888888888889";41°58'20''N 8°42'50''E;En service
715829;SFR;1632872;5G NR 2100;2022-08-25;02A;2A004;5G;2026-03-19T15:15:24;02A2700008;23;29;27;Le Belvédère;CHEM USINE DE SALARIO;;;20000;2A004;"41.92388888888889 , 8.730277777777777";41°55'26''N 8°43'49''E;Techniquement opérationnel
715830;SFR;1632872;5G NR 3500;2022-08-25;02A;2A004;5G;2026-03-19T15:15:24;02A2700008;23;29;27;Le Belvédère;CHEM USINE DE SALARIO;;;20000;2A004;"41.92388888888889 , 8.730277777777777";41°55'26''N 8°43'49''E;Techniquement opérationnel
715831;SFR;1632872;GSM 900;1995-10-24;02A;2A004;2G;2026-03-19T15:15:24;02A2700008;23;29;27;Le Belvédère;CHEM USINE DE SALARIO;;;20000;2A004;"41.92388888888889 , 8.730277777777777";41°55'26''N 8°43'49''E;En service
715832;SFR;1632872;LTE 1800;2016-06-29;02A;2A004;4G;2026-03-19T15:15:24;02A2700008;23;29;27;Le Belvédère;CHEM USINE DE SALARIO;;;20000;2A004;"41.92388888888889 , 8.730277777777777";41°55'26''N 8°43'49''E;En service
715833;SFR;1632872;LTE 2100;2019-10-22;02A;2A004;4G;2026-03-19T15:15:24;02A2700008;23;29;27;Le Belvédère;CHEM USINE DE SALARIO;;;20000;2A004;"41.92388888888889 , 8.730277777777777";41°55'26''N 8°43'49''E;En service
715834;SFR;1632872;LTE 2600;2018-12-13;02A;2A004;4G;2026-03-19T15:15:24;02A2700008;23;29;27;Le Belvédère;CHEM USINE DE SALARIO;;;20000;2A004;"41.92388888888889 , 8.730277777777777";41°55'26''N 8°43'49''E;En service
715835;SFR;1632872;LTE 700;2022-08-09;02A;2A004;4G;2026-03-19T15:15:24;02A2700008;23;29;27;Le Belvédère;CHEM USINE DE SALARIO;;;20000;2A004;"41.92388888888889 , 8.730277777777777";41°55'26''N 8°43'49''E;En service
715836;SFR;1632872;LTE 800;2016-03-25;02A;2A004;4G;2026-03-19T15:15:24;02A2700008;23;29;27;Le Belvédère;CHEM USINE DE SALARIO;;;20000;2A004;"41.92388888888889 , 8.730277777777777";41°55'26''N 8°43'49''E;En service
715837;SFR;1632872;UMTS 900;2016-03-11;02A;2A004;3G;2026-03-19T15:15:24;02A2700008;23;29;27;Le Belvédère;CHEM USINE DE SALARIO;;;20000;2A004;"41.92388888888889 , 8.730277777777777";41°55'26''N 8°43'49''E;En service
715838;SFR;1632879;5G NR 2100;2021-09-29;02A;2A004;5G;2026-03-19T15:15:24;02A2700048;26;14;74;Caniccio;rte des Sanguinaires;;;20000;2A004;"41.91027777777778 , 8.705";41°54'37''N 8°42'18''E;Techniquement opérationnel
715839;SFR;1632879;GSM 900;2006-07-24;02A;2A004;2G;2026-03-19T15:15:24;02A2700048;26;14;74;Caniccio;rte des Sanguinaires;;;20000;2A004;"41.91027777777778 , 8.705";41°54'37''N 8°42'18''E;En service
715840;SFR;1632879;LTE 1800;2016-07-11;02A;2A004;4G;2026-03-19T15:15:24;02A2700048;26;14;74;Caniccio;rte des Sanguinaires;;;20000;2A004;"41.91027777777778 , 8.705";41°54'37''N 8°42'18''E;En service
715841;SFR;1632879;LTE 2100;2019-07-26;02A;2A004;4G;2026-03-19T15:15:24;02A2700048;26;14;74;Caniccio;rte des Sanguinaires;;;20000;2A004;"41.91027777777778 , 8.705";41°54'37''N 8°42'18''E;En service
715842;SFR;1632879;LTE 2600;2018-11-26;02A;2A004;4G;2026-03-19T15:15:24;02A2700048;26;14;74;Caniccio;rte des Sanguinaires;;;20000;2A004;"41.91027777777778 , 8.705";41°54'37''N 8°42'18''E;En service
715843;SFR;1632879;LTE 800;2016-03-25;02A;2A004;4G;2026-03-19T15:15:24;02A2700048;26;14;74;Caniccio;rte des Sanguinaires;;;20000;2A004;"41.91027777777778 , 8.705";41°54'37''N 8°42'18''E;En service
715844;SFR;1632879;UMTS 900;2016-03-25;02A;2A004;3G;2026-03-19T15:15:24;02A2700048;26;14;74;Caniccio;rte des Sanguinaires;;;20000;2A004;"41.91027777777778 , 8.705";41°54'37''N 8°42'18''E;En service
715845;SFR;1632885;5G NR 2100;2021-09-29;02A;2A004;5G;2026-03-19T15:15:24;02A2700049;23;18;72;Porcelone;CHEM DE RANOCHIETTO;PÉPINIÈRE DU BOIS FLEURI;;20000;2A004;"41.952222222222225 , 8.768611111111111";41°57'8''N 8°46'7''E;Techniquement opérationnel
715846;SFR;1632885;GSM 900;2002-02-15;02A;2A004;2G;2026-03-19T15:15:24;02A2700049;23;18;72;Porcelone;CHEM DE RANOCHIETTO;PÉPINIÈRE DU BOIS FLEURI;;20000;2A004;"41.952222222222225 , 8.768611111111111";41°57'8''N 8°46'7''E;En service
715847;SFR;1632885;LTE 1800;2016-08-02;02A;2A004;4G;2026-03-19T15:15:24;02A2700049;23;18;72;Porcelone;CHEM DE RANOCHIETTO;PÉPINIÈRE DU BOIS FLEURI;;20000;2A004;"41.952222222222225 , 8.768611111111111";41°57'8''N 8°46'7''E;En service
715848;SFR;1632885;LTE 2100;2020-09-09;02A;2A004;4G;2026-03-19T15:15:24;02A2700049;23;18;72;Porcelone;CHEM DE RANOCHIETTO;PÉPINIÈRE DU BOIS FLEURI;;20000;2A004;"41.952222222222225 , 8.768611111111111";41°57'8''N 8°46'7''E;En service
715849;SFR;1632885;LTE 2600;2020-09-09;02A;2A004;4G;2026-03-19T15:15:24;02A2700049;23;18;72;Porcelone;CHEM DE RANOCHIETTO;PÉPINIÈRE DU BOIS FLEURI;;20000;2A004;"41.952222222222225 , 8.768611111111111";41°57'8''N 8°46'7''E;En service
715850;SFR;1632885;LTE 700;2024-09-06;02A;2A004;4G;2026-03-19T15:15:24;02A2700049;23;18;72;Porcelone;CHEM DE RANOCHIETTO;PÉPINIÈRE DU BOIS FLEURI;;20000;2A004;"41.952222222222225 , 8.768611111111111";41°57'8''N 8°46'7''E;En service
715851;SFR;1632885;LTE 800;2016-03-25;02A;2A004;4G;2026-03-19T15:15:24;02A2700049;23;18;72;Porcelone;CHEM DE RANOCHIETTO;PÉPINIÈRE DU BOIS FLEURI;;20000;2A004;"41.952222222222225 , 8.768611111111111";41°57'8''N 8°46'7''E;En service
715852;SFR;1632885;UMTS 900;2016-03-24;02A;2A004;3G;2026-03-19T15:15:24;02A2700049;23;18;72;Porcelone;CHEM DE RANOCHIETTO;PÉPINIÈRE DU BOIS FLEURI;;20000;2A004;"41.952222222222225 , 8.768611111111111";41°57'8''N 8°46'7''E;En service
715853;SFR;1632898;5G NR 2100;2022-11-15;02A;2A004;5G;2026-03-19T15:15:24;02A2700058;38;12;29;;RTE DU VAZZIO - LOT DU RICANTO;;;20000;2A004;"41.92916666666667 , 8.773888888888889";41°55'45''N 8°46'26''E;Techniquement opérationnel
715854;SFR;1632898;5G NR 3500;2022-11-15;02A;2A004;5G;2026-03-19T15:15:24;02A2700058;38;12;29;;RTE DU VAZZIO - LOT DU RICANTO;;;20000;2A004;"41.92916666666667 , 8.773888888888889";41°55'45''N 8°46'26''E;Techniquement opérationnel
715855;SFR;1632898;GSM 900;2005-05-20;02A;2A004;2G;2026-03-19T15:15:24;02A2700058;38;12;29;;RTE DU VAZZIO - LOT DU RICANTO;;;20000;2A004;"41.92916666666667 , 8.773888888888889";41°55'45''N 8°46'26''E;En service
715856;SFR;1632898;LTE 1800;2017-05-16;02A;2A004;4G;2026-03-19T15:15:24;02A2700058;38;12;29;;RTE DU VAZZIO - LOT DU RICANTO;;;20000;2A004;"41.92916666666667 , 8.773888888888889";41°55'45''N 8°46'26''E;En service
715857;SFR;1632898;LTE 2100;2020-06-17;02A;2A004;4G;2026-03-19T15:15:24;02A2700058;38;12;29;;RTE DU VAZZIO - LOT DU RICANTO;;;20000;2A004;"41.92916666666667 , 8.773888888888889";41°55'45''N 8°46'26''E;En service
715858;SFR;1632898;LTE 2600;2020-06-17;02A;2A004;4G;2026-03-19T15:15:24;02A2700058;38;12;29;;RTE DU VAZZIO - LOT DU RICANTO;;;20000;2A004;"41.92916666666667 , 8.773888888888889";41°55'45''N 8°46'26''E;En service
715859;SFR;1632898;LTE 700;2022-11-15;02A;2A004;4G;2026-03-19T15:15:24;02A2700058;38;12;29;;RTE DU VAZZIO - LOT DU RICANTO;;;20000;2A004;"41.92916666666667 , 8.773888888888889";41°55'45''N 8°46'26''E;En service
715860;SFR;1632898;LTE 800;2016-03-29;02A;2A004;4G;2026-03-19T15:15:24;02A2700058;38;12;29;;RTE DU VAZZIO - LOT DU RICANTO;;;20000;2A004;"41.92916666666667 , 8.773888888888889";41°55'45''N 8°46'26''E;En service
715861;SFR;1632898;UMTS 900;2016-03-19;02A;2A004;3G;2026-03-19T15:15:24;02A2700058;38;12;29;;RTE DU VAZZIO - LOT DU RICANTO;;;20000;2A004;"41.92916666666667 , 8.773888888888889";41°55'45''N 8°46'26''E;En service
715862;SFR;1632904;GSM 900;2005-04-29;02A;2A004;2G;2026-03-19T15:15:24;02A2700072;39;"7,1";27;;rte de st antoine;Villa Orca;;20000;2A004;"41.925 , 8.711666666666666";41°55'30''N 8°42'42''E;En service
715863;SFR;1632904;LTE 1800;2016-08-01;02A;2A004;4G;2026-03-19T15:15:24;02A2700072;39;"7,1";27;;rte de st antoine;Villa Orca;;20000;2A004;"41.925 , 8.711666666666666";41°55'30''N 8°42'42''E;En service
715864;SFR;1632904;LTE 800;2016-03-29;02A;2A004;4G;2026-03-19T15:15:24;02A2700072;39;"7,1";27;;rte de st antoine;Villa Orca;;20000;2A004;"41.925 , 8.711666666666666";41°55'30''N 8°42'42''E;En service
715865;SFR;1632904;UMTS 2100;2005-05-27;02A;2A004;3G;2026-03-19T15:15:24;02A2700072;39;"7,1";27;;rte de st antoine;Villa Orca;;20000;2A004;"41.925 , 8.711666666666666";41°55'30''N 8°42'42''E;En service
715866;SFR;1632904;UMTS 900;2016-03-18;02A;2A004;3G;2026-03-19T15:15:24;02A2700072;39;"7,1";27;;rte de st antoine;Villa Orca;;20000;2A004;"41.925 , 8.711666666666666";41°55'30''N 8°42'42''E;En service
715999;SFR;1634565;5G NR 2100;2022-10-26;02A;2A348;5G;2026-03-19T15:15:24;02A2700051;26;"9,5";27;Liscia;;;;20160;2A348;"42.11666666666667 , 8.676944444444445";42°7'0''N 8°40'37''E;Techniquement opérationnel
716000;SFR;1634565;5G NR 3500;2022-10-26;02A;2A348;5G;2026-03-19T15:15:24;02A2700051;26;"9,5";27;Liscia;;;;20160;2A348;"42.11666666666667 , 8.676944444444445";42°7'0''N 8°40'37''E;Techniquement opérationnel
716001;SFR;1634565;GSM 900;2007-12-07;02A;2A348;2G;2026-03-19T15:15:24;02A2700051;26;"9,5";27;Liscia;;;;20160;2A348;"42.11666666666667 , 8.676944444444445";42°7'0''N 8°40'37''E;En service
716002;SFR;1634565;LTE 1800;2016-07-22;02A;2A348;4G;2026-03-19T15:15:24;02A2700051;26;"9,5";27;Liscia;;;;20160;2A348;"42.11666666666667 , 8.676944444444445";42°7'0''N 8°40'37''E;En service
716003;SFR;1634565;LTE 2100;2020-06-15;02A;2A348;4G;2026-03-19T15:15:24;02A2700051;26;"9,5";27;Liscia;;;;20160;2A348;"42.11666666666667 , 8.676944444444445";42°7'0''N 8°40'37''E;En service
716004;SFR;1634565;LTE 2600;2019-10-03;02A;2A348;4G;2026-03-19T15:15:24;02A2700051;26;"9,5";27;Liscia;;;;20160;2A348;"42.11666666666667 , 8.676944444444445";42°7'0''N 8°40'37''E;En service
716005;SFR;1634565;LTE 700;2022-10-26;02A;2A348;4G;2026-03-19T15:15:24;02A2700051;26;"9,5";27;Liscia;;;;20160;2A348;"42.11666666666667 , 8.676944444444445";42°7'0''N 8°40'37''E;En service
716006;SFR;1634565;LTE 800;2016-05-23;02A;2A348;4G;2026-03-19T15:15:24;02A2700051;26;"9,5";27;Liscia;;;;20160;2A348;"42.11666666666667 , 8.676944444444445";42°7'0''N 8°40'37''E;En service
716007;SFR;1634565;UMTS 900;2010-07-06;02A;2A348;3G;2026-03-19T15:15:24;02A2700051;26;"9,5";27;Liscia;;;;20160;2A348;"42.11666666666667 , 8.676944444444445";42°7'0''N 8°40'37''E;En service
716101;SFR;1635136;GSM 900;2016-05-26;02A;2A040;2G;2026-03-19T15:15:24;02A2700237;23;30;32;Stollo;rte du Stade;Près du Cimetière de de la RN 193;;20136;2A040;"42.085 , 9.050277777777778";42°5'6''N 9°3'1''E;En service
716102;SFR;1635136;LTE 800;2016-05-23;02A;2A040;4G;2026-03-19T15:15:24;02A2700237;23;30;32;Stollo;rte du Stade;Près du Cimetière de de la RN 193;;20136;2A040;"42.085 , 9.050277777777778";42°5'6''N 9°3'1''E;En service
716103;SFR;1635136;UMTS 900;2016-05-26;02A;2A040;3G;2026-03-19T15:15:24;02A2700237;23;30;32;Stollo;rte du Stade;Près du Cimetière de de la RN 193;;20136;2A040;"42.085 , 9.050277777777778";42°5'6''N 9°3'1''E;En service
716475;SFR;1637394;GSM 900;2007-02-07;02A;2A198;2G;2026-03-19T15:15:24;02A2700005;20;26;27;;QUARTIER CAPO SOTTANO - EGLISE D'OTA;;;20150;2A198;"42.25805555555556 , 8.74472222222222";42°15'29''N 8°44'41''E;En service
716476;SFR;1637394;LTE 1800;2017-05-17;02A;2A198;4G;2026-03-19T15:15:24;02A2700005;20;26;27;;QUARTIER CAPO SOTTANO - EGLISE D'OTA;;;20150;2A198;"42.25805555555556 , 8.74472222222222";42°15'29''N 8°44'41''E;En service
716477;SFR;1637394;LTE 2100;2019-07-19;02A;2A198;4G;2026-03-19T15:15:24;02A2700005;20;26;27;;QUARTIER CAPO SOTTANO - EGLISE D'OTA;;;20150;2A198;"42.25805555555556 , 8.74472222222222";42°15'29''N 8°44'41''E;En service
716478;SFR;1637394;LTE 2600;2018-08-22;02A;2A198;4G;2026-03-19T15:15:24;02A2700005;20;26;27;;QUARTIER CAPO SOTTANO - EGLISE D'OTA;;;20150;2A198;"42.25805555555556 , 8.74472222222222";42°15'29''N 8°44'41''E;En service
716479;SFR;1637394;LTE 800;2016-05-23;02A;2A198;4G;2026-03-19T15:15:24;02A2700005;20;26;27;;QUARTIER CAPO SOTTANO - EGLISE D'OTA;;;20150;2A198;"42.25805555555556 , 8.74472222222222";42°15'29''N 8°44'41''E;En service
716480;SFR;1637394;UMTS 900;2010-07-06;02A;2A198;3G;2026-03-19T15:15:24;02A2700005;20;26;27;;QUARTIER CAPO SOTTANO - EGLISE D'OTA;;;20150;2A198;"42.25805555555556 , 8.74472222222222";42°15'29''N 8°44'41''E;En service
716502;SFR;1637429;5G NR 2100;2024-09-27;02A;2A103;5G;2026-03-19T15:15:24;02A2700083;17;"8,7";27;Pozzo Rosso;Villa Labesse - Apietto;;;20167;2A103;"41.97694444444445 , 8.842222222222222";41°58'37''N 8°50'32''E;Techniquement opérationnel
716503;SFR;1637429;GSM 900;2005-07-29;02A;2A103;2G;2026-03-19T15:15:24;02A2700083;17;"8,7";27;Pozzo Rosso;Villa Labesse - Apietto;;;20167;2A103;"41.97694444444445 , 8.842222222222222";41°58'37''N 8°50'32''E;En service
716504;SFR;1637429;LTE 1800;2016-10-05;02A;2A103;4G;2026-03-19T15:15:24;02A2700083;17;"8,7";27;Pozzo Rosso;Villa Labesse - Apietto;;;20167;2A103;"41.97694444444445 , 8.842222222222222";41°58'37''N 8°50'32''E;En service
716505;SFR;1637429;LTE 2100;2020-07-23;02A;2A103;4G;2026-03-19T15:15:24;02A2700083;17;"8,7";27;Pozzo Rosso;Villa Labesse - Apietto;;;20167;2A103;"41.97694444444445 , 8.842222222222222";41°58'37''N 8°50'32''E;En service
716506;SFR;1637429;LTE 2600;2020-07-23;02A;2A103;4G;2026-03-19T15:15:24;02A2700083;17;"8,7";27;Pozzo Rosso;Villa Labesse - Apietto;;;20167;2A103;"41.97694444444445 , 8.842222222222222";41°58'37''N 8°50'32''E;En service
716507;SFR;1637429;LTE 700;2024-09-27;02A;2A103;4G;2026-03-19T15:15:24;02A2700083;17;"8,7";27;Pozzo Rosso;Villa Labesse - Apietto;;;20167;2A103;"41.97694444444445 , 8.842222222222222";41°58'37''N 8°50'32''E;En service
716508;SFR;1637429;LTE 800;2016-10-05;02A;2A103;4G;2026-03-19T15:15:24;02A2700083;17;"8,7";27;Pozzo Rosso;Villa Labesse - Apietto;;;20167;2A103;"41.97694444444445 , 8.842222222222222";41°58'37''N 8°50'32''E;En service
716509;SFR;1637429;UMTS 900;2016-10-05;02A;2A103;3G;2026-03-19T15:15:24;02A2700083;17;"8,7";27;Pozzo Rosso;Villa Labesse - Apietto;;;20167;2A103;"41.97694444444445 , 8.842222222222222";41°58'37''N 8°50'32''E;En service
717452;SFR;1646860;5G NR 2100;2024-06-20;02A;2A041;5G;2026-03-19T15:15:24;02A2700245;23;10;68;;DOMAINE MARINA DI FIORI;;;20169;2A041;"41.403888888888886 , 9.243611111111111";41°24'14''N 9°14'37''E;Techniquement opérationnel
717453;SFR;1646860;5G NR 3500;2024-06-20;02A;2A041;5G;2026-03-19T15:15:24;02A2700245;23;10;68;;DOMAINE MARINA DI FIORI;;;20169;2A041;"41.403888888888886 , 9.243611111111111";41°24'14''N 9°14'37''E;Techniquement opérationnel
717454;SFR;1646860;GSM 900;2017-03-02;02A;2A041;2G;2026-03-19T15:15:24;02A2700245;23;10;68;;DOMAINE MARINA DI FIORI;;;20169;2A041;"41.403888888888886 , 9.243611111111111";41°24'14''N 9°14'37''E;En service
717455;SFR;1646860;LTE 1800;2017-03-02;02A;2A041;4G;2026-03-19T15:15:24;02A2700245;23;10;68;;DOMAINE MARINA DI FIORI;;;20169;2A041;"41.403888888888886 , 9.243611111111111";41°24'14''N 9°14'37''E;En service
717456;SFR;1646860;LTE 2100;2024-06-20;02A;2A041;4G;2026-03-19T15:15:24;02A2700245;23;10;68;;DOMAINE MARINA DI FIORI;;;20169;2A041;"41.403888888888886 , 9.243611111111111";41°24'14''N 9°14'37''E;En service
717457;SFR;1646860;LTE 2600;2024-06-20;02A;2A041;4G;2026-03-19T15:15:24;02A2700245;23;10;68;;DOMAINE MARINA DI FIORI;;;20169;2A041;"41.403888888888886 , 9.243611111111111";41°24'14''N 9°14'37''E;En service
717458;SFR;1646860;LTE 700;2024-06-20;02A;2A041;4G;2026-03-19T15:15:24;02A2700245;23;10;68;;DOMAINE MARINA DI FIORI;;;20169;2A041;"41.403888888888886 , 9.243611111111111";41°24'14''N 9°14'37''E;En service
717459;SFR;1646860;LTE 800;2017-05-03;02A;2A041;4G;2026-03-19T15:15:24;02A2700245;23;10;68;;DOMAINE MARINA DI FIORI;;;20169;2A041;"41.403888888888886 , 9.243611111111111";41°24'14''N 9°14'37''E;En service
717460;SFR;1646860;UMTS 900;2017-05-03;02A;2A041;3G;2026-03-19T15:15:24;02A2700245;23;10;68;;DOMAINE MARINA DI FIORI;;;20169;2A041;"41.403888888888886 , 9.243611111111111";41°24'14''N 9°14'37''E;En service
717530;SFR;1647190;GSM 900;2008-12-19;02A;2A359;2G;2026-03-19T15:15:24;02A2700098;23;"21,4";72;Porcareccia;;;;20132;2A359;"41.88805555555555 , 9.105277777777777";41°53'17''N 9°6'19''E;En service
717531;SFR;1647190;LTE 800;2016-06-20;02A;2A359;4G;2026-03-19T15:15:24;02A2700098;23;"21,4";72;Porcareccia;;;;20132;2A359;"41.88805555555555 , 9.105277777777777";41°53'17''N 9°6'19''E;En service
717532;SFR;1647190;UMTS 2100;2016-06-20;02A;2A359;3G;2026-03-19T15:15:24;02A2700098;23;"21,4";72;Porcareccia;;;;20132;2A359;"41.88805555555555 , 9.105277777777777";41°53'17''N 9°6'19''E;En service
717533;SFR;1647190;UMTS 900;2011-09-12;02A;2A359;3G;2026-03-19T15:15:24;02A2700098;23;"21,4";72;Porcareccia;;;;20132;2A359;"41.88805555555555 , 9.105277777777777";41°53'17''N 9°6'19''E;En service
717534;SFR;1647213;5G NR 2100;2022-12-21;02A;2A276;5G;2026-03-19T15:15:24;02A2700039;4;"12,5";17;Contra Grossa;NATIONALE RVOIR DE SERRA DI FERRO;;;20140;2A276;"41.72361111111111 , 8.794166666666667";41°43'25''N 8°47'39''E;Techniquement opérationnel
717535;SFR;1647213;5G NR 3500;2022-12-27;02A;2A276;5G;2026-03-19T15:15:24;02A2700039;4;"12,5";17;Contra Grossa;NATIONALE RVOIR DE SERRA DI FERRO;;;20140;2A276;"41.72361111111111 , 8.794166666666667";41°43'25''N 8°47'39''E;Techniquement opérationnel
717536;SFR;1647213;GSM 900;1999-11-02;02A;2A276;2G;2026-03-19T15:15:24;02A2700039;4;"12,5";17;Contra Grossa;NATIONALE RVOIR DE SERRA DI FERRO;;;20140;2A276;"41.72361111111111 , 8.794166666666667";41°43'25''N 8°47'39''E;En service
717537;SFR;1647213;LTE 1800;2016-06-30;02A;2A276;4G;2026-03-19T15:15:24;02A2700039;4;"12,5";17;Contra Grossa;NATIONALE RVOIR DE SERRA DI FERRO;;;20140;2A276;"41.72361111111111 , 8.794166666666667";41°43'25''N 8°47'39''E;En service
717538;SFR;1647213;LTE 2100;2020-05-06;02A;2A276;4G;2026-03-19T15:15:24;02A2700039;4;"12,5";17;Contra Grossa;NATIONALE RVOIR DE SERRA DI FERRO;;;20140;2A276;"41.72361111111111 , 8.794166666666667";41°43'25''N 8°47'39''E;En service
717539;SFR;1647213;LTE 2600;2019-08-09;02A;2A276;4G;2026-03-19T15:15:24;02A2700039;4;"12,5";17;Contra Grossa;NATIONALE RVOIR DE SERRA DI FERRO;;;20140;2A276;"41.72361111111111 , 8.794166666666667";41°43'25''N 8°47'39''E;En service
717540;SFR;1647213;LTE 700;2022-12-21;02A;2A276;4G;2026-03-19T15:15:24;02A2700039;4;"12,5";17;Contra Grossa;NATIONALE RVOIR DE SERRA DI FERRO;;;20140;2A276;"41.72361111111111 , 8.794166666666667";41°43'25''N 8°47'39''E;En service
717541;SFR;1647213;LTE 800;2016-06-15;02A;2A276;4G;2026-03-19T15:15:24;02A2700039;4;"12,5";17;Contra Grossa;NATIONALE RVOIR DE SERRA DI FERRO;;;20140;2A276;"41.72361111111111 , 8.794166666666667";41°43'25''N 8°47'39''E;En service
717542;SFR;1647213;UMTS 900;2016-06-15;02A;2A276;3G;2026-03-19T15:15:24;02A2700039;4;"12,5";17;Contra Grossa;NATIONALE RVOIR DE SERRA DI FERRO;;;20140;2A276;"41.72361111111111 , 8.794166666666667";41°43'25''N 8°47'39''E;En service
717563;SFR;1647254;GSM 900;2009-12-04;02A;2A061;2G;2026-03-19T15:15:24;02A2700028;42;"6,6";27;Piantarella;RTE DÉPART. RD 59 - ORONE;;;20170;2A061;"41.66861111111111 , 9.144166666666667";41°40'7''N 9°8'39''E;En service
717564;SFR;1647254;LTE 1800;2018-12-18;02A;2A061;4G;2026-03-19T15:15:24;02A2700028;42;"6,6";27;Piantarella;RTE DÉPART. RD 59 - ORONE;;;20170;2A061;"41.66861111111111 , 9.144166666666667";41°40'7''N 9°8'39''E;En service
717565;SFR;1647254;LTE 2100;2020-06-08;02A;2A061;4G;2026-03-19T15:15:24;02A2700028;42;"6,6";27;Piantarella;RTE DÉPART. RD 59 - ORONE;;;20170;2A061;"41.66861111111111 , 9.144166666666667";41°40'7''N 9°8'39''E;En service
717566;SFR;1647254;LTE 2600;2018-12-18;02A;2A061;4G;2026-03-19T15:15:24;02A2700028;42;"6,6";27;Piantarella;RTE DÉPART. RD 59 - ORONE;;;20170;2A061;"41.66861111111111 , 9.144166666666667";41°40'7''N 9°8'39''E;En service
717567;SFR;1647254;LTE 800;2016-06-27;02A;2A061;4G;2026-03-19T15:15:24;02A2700028;42;"6,6";27;Piantarella;RTE DÉPART. RD 59 - ORONE;;;20170;2A061;"41.66861111111111 , 9.144166666666667";41°40'7''N 9°8'39''E;En service
717568;SFR;1647254;UMTS 2100;2011-12-09;02A;2A061;3G;2026-03-19T15:15:24;02A2700028;42;"6,6";27;Piantarella;RTE DÉPART. RD 59 - ORONE;;;20170;2A061;"41.66861111111111 , 9.144166666666667";41°40'7''N 9°8'39''E;En service
717569;SFR;1647254;UMTS 900;2016-06-27;02A;2A061;3G;2026-03-19T15:15:24;02A2700028;42;"6,6";27;Piantarella;RTE DÉPART. RD 59 - ORONE;;;20170;2A061;"41.66861111111111 , 9.144166666666667";41°40'7''N 9°8'39''E;En service
717570;SFR;1647262;5G NR 2100;2022-12-07;02A;2A228;5G;2026-03-19T15:15:24;02A2700066;26;8;72;Maccutello;CHEM D'ACCELASCA;;;20166;2A228;"41.82555555555556 , 8.784722222222221";41°49'32''N 8°47'5''E;Techniquement opérationnel
717571;SFR;1647262;5G NR 3500;2022-12-27;02A;2A228;5G;2026-03-19T15:15:24;02A2700066;26;8;72;Maccutello;CHEM D'ACCELASCA;;;20166;2A228;"41.82555555555556 , 8.784722222222221";41°49'32''N 8°47'5''E;Techniquement opérationnel
717572;SFR;1647262;GSM 900;2017-03-07;02A;2A228;2G;2026-03-19T15:15:24;02A2700066;26;8;72;Maccutello;CHEM D'ACCELASCA;;;20166;2A228;"41.82555555555556 , 8.784722222222221";41°49'32''N 8°47'5''E;En service
717573;SFR;1647262;LTE 1800;2017-03-07;02A;2A228;4G;2026-03-19T15:15:24;02A2700066;26;8;72;Maccutello;CHEM D'ACCELASCA;;;20166;2A228;"41.82555555555556 , 8.784722222222221";41°49'32''N 8°47'5''E;En service
717574;SFR;1647262;LTE 2100;2019-10-25;02A;2A228;4G;2026-03-19T15:15:24;02A2700066;26;8;72;Maccutello;CHEM D'ACCELASCA;;;20166;2A228;"41.82555555555556 , 8.784722222222221";41°49'32''N 8°47'5''E;En service
717575;SFR;1647262;LTE 2600;2019-10-25;02A;2A228;4G;2026-03-19T15:15:24;02A2700066;26;8;72;Maccutello;CHEM D'ACCELASCA;;;20166;2A228;"41.82555555555556 , 8.784722222222221";41°49'32''N 8°47'5''E;En service
717576;SFR;1647262;LTE 700;2022-12-07;02A;2A228;4G;2026-03-19T15:15:24;02A2700066;26;8;72;Maccutello;CHEM D'ACCELASCA;;;20166;2A228;"41.82555555555556 , 8.784722222222221";41°49'32''N 8°47'5''E;En service
717577;SFR;1647262;LTE 800;2017-03-07;02A;2A228;4G;2026-03-19T15:15:24;02A2700066;26;8;72;Maccutello;CHEM D'ACCELASCA;;;20166;2A228;"41.82555555555556 , 8.784722222222221";41°49'32''N 8°47'5''E;En service
717578;SFR;1647262;UMTS 900;2017-03-07;02A;2A228;3G;2026-03-19T15:15:24;02A2700066;26;8;72;Maccutello;CHEM D'ACCELASCA;;;20166;2A228;"41.82555555555556 , 8.784722222222221";41°49'32''N 8°47'5''E;En service
717652;SFR;1648188;5G NR 2100;2021-11-03;02A;2A228;5G;2026-03-19T15:15:24;02A2700247;26;8;65;CASTELLO ROSSO;CHEMIN DE TAMBONU;;;20166;2A228;"41.83972222222222 , 8.79111111111111";41°50'23''N 8°47'28''E;Techniquement opérationnel
717653;SFR;1648188;5G NR 3500;2024-10-31;02A;2A228;5G;2026-03-19T15:15:24;02A2700247;26;8;65;CASTELLO ROSSO;CHEMIN DE TAMBONU;;;20166;2A228;"41.83972222222222 , 8.79111111111111";41°50'23''N 8°47'28''E;Techniquement opérationnel
717654;SFR;1648188;GSM 900;2016-12-21;02A;2A228;2G;2026-03-19T15:15:24;02A2700247;26;8;65;CASTELLO ROSSO;CHEMIN DE TAMBONU;;;20166;2A228;"41.83972222222222 , 8.79111111111111";41°50'23''N 8°47'28''E;En service
717655;SFR;1648188;LTE 1800;2016-12-21;02A;2A228;4G;2026-03-19T15:15:24;02A2700247;26;8;65;CASTELLO ROSSO;CHEMIN DE TAMBONU;;;20166;2A228;"41.83972222222222 , 8.79111111111111";41°50'23''N 8°47'28''E;En service
717656;SFR;1648188;LTE 2100;2021-03-04;02A;2A228;4G;2026-03-19T15:15:24;02A2700247;26;8;65;CASTELLO ROSSO;CHEMIN DE TAMBONU;;;20166;2A228;"41.83972222222222 , 8.79111111111111";41°50'23''N 8°47'28''E;En service
717657;SFR;1648188;LTE 2600;2021-03-04;02A;2A228;4G;2026-03-19T15:15:24;02A2700247;26;8;65;CASTELLO ROSSO;CHEMIN DE TAMBONU;;;20166;2A228;"41.83972222222222 , 8.79111111111111";41°50'23''N 8°47'28''E;En service
717658;SFR;1648188;LTE 700;2024-10-31;02A;2A228;4G;2026-03-19T15:15:24;02A2700247;26;8;65;CASTELLO ROSSO;CHEMIN DE TAMBONU;;;20166;2A228;"41.83972222222222 , 8.79111111111111";41°50'23''N 8°47'28''E;En service
717659;SFR;1648188;LTE 800;2016-12-21;02A;2A228;4G;2026-03-19T15:15:24;02A2700247;26;8;65;CASTELLO ROSSO;CHEMIN DE TAMBONU;;;20166;2A228;"41.83972222222222 , 8.79111111111111";41°50'23''N 8°47'28''E;En service
717660;SFR;1648188;UMTS 900;2016-12-21;02A;2A228;3G;2026-03-19T15:15:24;02A2700247;26;8;65;CASTELLO ROSSO;CHEMIN DE TAMBONU;;;20166;2A228;"41.83972222222222 , 8.79111111111111";41°50'23''N 8°47'28''E;En service
717797;SFR;1649513;5G NR 2100;2021-11-03;02A;2A247;5G;2026-03-19T15:15:24;02A2700249;26;21;65;SANTA GIULIA_DURABILE;ROUTE DE BONIFACIO;;;20137;2A247;"41.5225 , 9.255277777777778";41°31'21''N 9°15'19''E;Techniquement opérationnel
717798;SFR;1649513;5G NR 3500;2023-10-12;02A;2A247;5G;2026-03-19T15:15:24;02A2700249;26;21;65;SANTA GIULIA_DURABILE;ROUTE DE BONIFACIO;;;20137;2A247;"41.5225 , 9.255277777777778";41°31'21''N 9°15'19''E;Techniquement opérationnel
717799;SFR;1649513;GSM 900;2016-12-21;02A;2A247;2G;2026-03-19T15:15:24;02A2700249;26;21;65;SANTA GIULIA_DURABILE;ROUTE DE BONIFACIO;;;20137;2A247;"41.5225 , 9.255277777777778";41°31'21''N 9°15'19''E;En service
717800;SFR;1649513;LTE 1800;2016-12-21;02A;2A247;4G;2026-03-19T15:15:24;02A2700249;26;21;65;SANTA GIULIA_DURABILE;ROUTE DE BONIFACIO;;;20137;2A247;"41.5225 , 9.255277777777778";41°31'21''N 9°15'19''E;En service
717801;SFR;1649513;LTE 2100;2020-04-27;02A;2A247;4G;2026-03-19T15:15:24;02A2700249;26;21;65;SANTA GIULIA_DURABILE;ROUTE DE BONIFACIO;;;20137;2A247;"41.5225 , 9.255277777777778";41°31'21''N 9°15'19''E;En service
717802;SFR;1649513;LTE 2600;2020-04-27;02A;2A247;4G;2026-03-19T15:15:24;02A2700249;26;21;65;SANTA GIULIA_DURABILE;ROUTE DE BONIFACIO;;;20137;2A247;"41.5225 , 9.255277777777778";41°31'21''N 9°15'19''E;En service
717803;SFR;1649513;LTE 700;2023-10-12;02A;2A247;4G;2026-03-19T15:15:24;02A2700249;26;21;65;SANTA GIULIA_DURABILE;ROUTE DE BONIFACIO;;;20137;2A247;"41.5225 , 9.255277777777778";41°31'21''N 9°15'19''E;En service
717804;SFR;1649513;LTE 800;2016-12-21;02A;2A247;4G;2026-03-19T15:15:24;02A2700249;26;21;65;SANTA GIULIA_DURABILE;ROUTE DE BONIFACIO;;;20137;2A247;"41.5225 , 9.255277777777778";41°31'21''N 9°15'19''E;En service
717805;SFR;1649513;UMTS 900;2016-12-21;02A;2A247;3G;2026-03-19T15:15:24;02A2700249;26;21;65;SANTA GIULIA_DURABILE;ROUTE DE BONIFACIO;;;20137;2A247;"41.5225 , 9.255277777777778";41°31'21''N 9°15'19''E;En service
718308;SFR;1652595;5G NR 2100;2021-09-29;02A;2A004;5G;2026-03-19T15:15:24;02A2700086;38;34;9;;Av de la Grande Armée;Résidence Le Napoléon - Les Jardins de l'Empereur;;20000;2A004;"41.92638888888889 , 8.72861111111111";41°55'35''N 8°43'43''E;Techniquement opérationnel
718309;SFR;1652595;5G NR 3500;2022-11-24;02A;2A004;5G;2026-03-19T15:15:24;02A2700086;38;34;9;;Av de la Grande Armée;Résidence Le Napoléon - Les Jardins de l'Empereur;;20000;2A004;"41.92638888888889 , 8.72861111111111";41°55'35''N 8°43'43''E;Techniquement opérationnel
718310;SFR;1652595;GSM 900;2006-12-19;02A;2A004;2G;2026-03-19T15:15:24;02A2700086;38;34;9;;Av de la Grande Armée;Résidence Le Napoléon - Les Jardins de l'Empereur;;20000;2A004;"41.92638888888889 , 8.72861111111111";41°55'35''N 8°43'43''E;En service
718311;SFR;1652595;LTE 1800;2017-05-17;02A;2A004;4G;2026-03-19T15:15:24;02A2700086;38;34;9;;Av de la Grande Armée;Résidence Le Napoléon - Les Jardins de l'Empereur;;20000;2A004;"41.92638888888889 , 8.72861111111111";41°55'35''N 8°43'43''E;En service
718312;SFR;1652595;LTE 2100;2019-07-19;02A;2A004;4G;2026-03-19T15:15:24;02A2700086;38;34;9;;Av de la Grande Armée;Résidence Le Napoléon - Les Jardins de l'Empereur;;20000;2A004;"41.92638888888889 , 8.72861111111111";41°55'35''N 8°43'43''E;En service
718313;SFR;1652595;LTE 2600;2018-11-06;02A;2A004;4G;2026-03-19T15:15:24;02A2700086;38;34;9;;Av de la Grande Armée;Résidence Le Napoléon - Les Jardins de l'Empereur;;20000;2A004;"41.92638888888889 , 8.72861111111111";41°55'35''N 8°43'43''E;En service
718314;SFR;1652595;LTE 700;2022-11-10;02A;2A004;4G;2026-03-19T15:15:24;02A2700086;38;34;9;;Av de la Grande Armée;Résidence Le Napoléon - Les Jardins de l'Empereur;;20000;2A004;"41.92638888888889 , 8.72861111111111";41°55'35''N 8°43'43''E;En service
718315;SFR;1652595;LTE 800;2016-03-29;02A;2A004;4G;2026-03-19T15:15:24;02A2700086;38;34;9;;Av de la Grande Armée;Résidence Le Napoléon - Les Jardins de l'Empereur;;20000;2A004;"41.92638888888889 , 8.72861111111111";41°55'35''N 8°43'43''E;En service
718316;SFR;1652595;UMTS 900;2016-03-18;02A;2A004;3G;2026-03-19T15:15:24;02A2700086;38;34;9;;Av de la Grande Armée;Résidence Le Napoléon - Les Jardins de l'Empereur;;20000;2A004;"41.92638888888889 , 8.72861111111111";41°55'35''N 8°43'43''E;En service
719455;SFR;1663201;5G NR 2100;;02A;2A272;5G;2026-03-19T15:15:24;02A2700250;17;14;22;Col de Roccapina;RN 196 ;L'Oasis du Lion;;20100;2A272;"41.49888888888889 , 8.94888888888889";41°29'56''N 8°56'56''E;Projet approuvé
719456;SFR;1663201;GSM 900;2017-05-03;02A;2A272;2G;2026-03-19T15:15:24;02A2700250;17;14;22;Col de Roccapina;RN 196 ;L'Oasis du Lion;;20100;2A272;"41.49888888888889 , 8.94888888888889";41°29'56''N 8°56'56''E;En service
719457;SFR;1663201;LTE 1800;2021-09-24;02A;2A272;4G;2026-03-19T15:15:24;02A2700250;17;14;22;Col de Roccapina;RN 196 ;L'Oasis du Lion;;20100;2A272;"41.49888888888889 , 8.94888888888889";41°29'56''N 8°56'56''E;En service
719458;SFR;1663201;LTE 2100;2021-09-24;02A;2A272;4G;2026-03-19T15:15:24;02A2700250;17;14;22;Col de Roccapina;RN 196 ;L'Oasis du Lion;;20100;2A272;"41.49888888888889 , 8.94888888888889";41°29'56''N 8°56'56''E;En service
719459;SFR;1663201;LTE 700;;02A;2A272;4G;2026-03-19T15:15:24;02A2700250;17;14;22;Col de Roccapina;RN 196 ;L'Oasis du Lion;;20100;2A272;"41.49888888888889 , 8.94888888888889";41°29'56''N 8°56'56''E;Projet approuvé
719460;SFR;1663201;LTE 800;2020-12-09;02A;2A272;4G;2026-03-19T15:15:24;02A2700250;17;14;22;Col de Roccapina;RN 196 ;L'Oasis du Lion;;20100;2A272;"41.49888888888889 , 8.94888888888889";41°29'56''N 8°56'56''E;En service
719461;SFR;1663201;UMTS 900;2017-05-03;02A;2A272;3G;2026-03-19T15:15:24;02A2700250;17;14;22;Col de Roccapina;RN 196 ;L'Oasis du Lion;;20100;2A272;"41.49888888888889 , 8.94888888888889";41°29'56''N 8°56'56''E;En service
