Code poste;Nom poste;FONCTION;Etat;Tension (kV);departement
JONCS;JONCS;Poste de transformation;EN EXPLOITATION;63kV;Bouches-du-Rhône
JOUDR;JOUDREVILLE;Poste de transformation;EN EXPLOITATION;63kV;Meuse
LAMOT;LAMOTHE;Poste de transformation;EN EXPLOITATION;63kV;Gironde
LAVO5;LAVOISIER;Poste de transformation;EN EXPLOITATION;63kV;Haut-Rhin
SOLOM;SOLOMIAC;Poste de transformation;EN EXPLOITATION;63kV;Gers
SSAPC;ST-CHELY-D'APCHER (63KV);Poste de transformation;EN EXPLOITATION;63kV;Lozère
ZCES6;PIQUAGE A CESSIER (LE);Point de piquage;EN EXPLOITATION;225kV;Aisne
SSAVE;ST-AVERTIN;Poste de transformation;EN EXPLOITATION;90kV;Indre-et-Loire
LUTTE;LUTTERBACH;Poste de transformation;EN EXPLOITATION;225kV;Haut-Rhin
SSLAU;ST-LAURENT;Poste de transformation;EN EXPLOITATION;225kV;Ille-et-Vilaine
ZORGE;PIQUAGE ORGEIX (LIAISON MERE5Z31TEICH);Point de piquage;EN EXPLOITATION;63kV;Ariège
AUMAL;AUMALE;Poste de transformation;EN EXPLOITATION;90kV;Seine-Maritime
AVELO;AVELON;Poste de transformation;EN EXPLOITATION;63kV;Oise
BRAEK;BRAEK;Poste de transformation;EN EXPLOITATION;225kV;
BRENO;BRENOUILLE;Poste de transformation;EN EXPLOITATION;63kV;Oise
LODEV;LODEVE;Poste de transformation;EN EXPLOITATION;63kV;Hérault
M.LAN;MONTAGNY-LES-LANCHES;Poste de transformation;EN EXPLOITATION;400kV;Haute-Savoie
SSMR5;ST-MAURICE DE BEYNOST;Poste de transformation;EN EXPLOITATION;63kV;Rhône
SSROU;ST ETIENNE DU ROUVRAY;Poste de transformation;EN EXPLOITATION;225kV;Seine-Maritime
TARTA;TARTAS;Poste de transformation;EN EXPLOITATION;63kV;Landes
ZE.CR;PIQUAGE A ECOLE DE CRUGEY;Point de piquage;EN EXPLOITATION;63kV;Côte-d'Or
M.BRU;MAS-BRUNO;Poste de transformation;EN EXPLOITATION;225kV;Pyrénées-Orientales
LONG5;LONGUYON;Poste de transformation;EN EXPLOITATION;63kV;Meurthe-et-Moselle
LANDR;LANDRES;Poste de transformation;EN EXPLOITATION;225kV;Meuse
LAZER;LAZER;Poste de transformation;EN EXPLOITATION;63kV;Hautes-Alpes
LEGUG;LEGUGNON;Poste de transformation;EN EXPLOITATION;63kV;Pyrénées-Atlantiques
ISSEL;ISSEL;Poste de transformation;EN EXPLOITATION;400kV;Aude
LEVRO;LEVROUX;Poste de transformation;EN EXPLOITATION;90kV;Indre
BOEGE;BOEGE;Poste de transformation;EN EXPLOITATION;63kV;Haute-Savoie
BREAL;BREAL;Poste de transformation;EN EXPLOITATION;90kV;Ille-et-Vilaine
BROMM;BROMMAT;Poste de transformation;EN EXPLOITATION;400kV;Aveyron
BXTO5;BEAUTOR (POSTE);Poste de transformation;EN EXPLOITATION;225kV;Aisne
RIVEN;RIVENEUVE;Poste de transformation;EN EXPLOITATION;225kV;Ariège
BAYEU;BAYEUX;Poste de transformation;EN EXPLOITATION;90kV;Calvados
BEDA5;BEDARRIDES;Poste de transformation;EN EXPLOITATION;63kV;Vaucluse
BELVE;BELVEDERE;Poste de transformation;EN EXPLOITATION;63kV;Alpes-Maritimes
BEON;BEON;Poste de transformation;EN EXPLOITATION;63kV;Côte-d'Or
BOCAG;BOCAGE;Poste de transformation;EN EXPLOITATION;90kV;Calvados
BONDY;BONDY;Poste de transformation;EN EXPLOITATION;63kV;Seine-Saint-Denis
BOULB;BOULBONNE;Poste de transformation;EN EXPLOITATION;63kV;Haute-Garonne
PTFAV;PONTFAVERGER;Poste de transformation;EN EXPLOITATION;63kV;Marne
MTERE;MONTEREAU;Poste de transformation;EN EXPLOITATION;400kV;Seine-et-Marne
MORGE;MORGE (LA);Poste de transformation;EN EXPLOITATION;63kV;Aube
MOTT6;MOTTAY (LE);Poste de transformation;EN EXPLOITATION;63kV;
MOYEN;MOYENMOUTIER;Poste de transformation;EN EXPLOITATION;63kV;Vosges
MRLLA;MARTILLAC;Poste de transformation;EN EXPLOITATION;63kV;Gironde
ZVER5;VERNA / CUDRA T.SAV 1;Point de piquage;EN EXPLOITATION;63kV;Savoie
BOCTO;BOCTOIS;Poste de transformation;EN EXPLOITATION;400kV;Aube
VOID;VOID;Poste de transformation;EN EXPLOITATION;225kV;Meuse
CAULA;CAULAINCOURT;Poste de transformation;EN EXPLOITATION;225kV;Hauts-de-Seine
CBAUD;CHAMBAUD;Poste de transformation;EN EXPLOITATION;225kV;Drôme
CHANG;CHANGE;Poste de transformation;EN EXPLOITATION;90kV;Mayenne
MACHE;MACHECOUL;Poste de transformation;EN EXPLOITATION;63kV;Loire-Atlantique
MANO5;MANOISE;Poste de transformation;EN EXPLOITATION;63kV;Aisne
MARC6;MARCILLY;Poste de transformation;EN EXPLOITATION;63kV;Côte-d'Or
MAMBE;MAMBELIN;Poste de transformation;EN EXPLOITATION;400kV;Doubs
N.ROT;NOGENT-LE-ROTROU;Poste de transformation;EN EXPLOITATION;90kV;Orne
FEROU;FEROUGE;Poste de transformation;EN EXPLOITATION;225kV;Dordogne
JARGE;JARGEAU;Poste de transformation;EN EXPLOITATION;90kV;Loiret
SANCE;SANCERRE;Poste de transformation;EN EXPLOITATION;63kV;Cher
VLEVA;VILLEVAUDE;Poste de transformation;EN EXPLOITATION;400kV;Seine-et-Marne
LAFA5;LAFARGE (CIMENTS LAFARGE A CRUAS);Poste de transformation;EN EXPLOITATION;63kV;Ardèche
SSBA5;ST-BARTHELEMY;Poste de transformation;EN EXPLOITATION;225kV;Maine-et-Loire
BETTA;BETTANT;Poste de transformation;EN EXPLOITATION;63kV;Ain
BLAN5;BLANQUEFORT (FORD);Poste de transformation;EN EXPLOITATION;63kV;Gironde
MARTY;MARTYRE (LA);Poste de transformation;EN EXPLOITATION;400kV;Finistère
MAUBE;MAUBEUGE;Poste de transformation;EN EXPLOITATION;225kV;Nord
OULLI;OULLINS;Poste de transformation;EN EXPLOITATION;225kV;Rhône
LAOS;LAOS;Poste de transformation;EN EXPLOITATION;225kV;Paris
CIZE;CIZE;Poste de transformation;EN EXPLOITATION;225kV;Ain
COMM6;COMMERCY;Poste de transformation;EN EXPLOITATION;63kV;Meuse
ZMOH5;PIQUAGE MOHET 2;Point de piquage;EN EXPLOITATION;63kV;Somme
ZSARR;PIQUAGE A SARRALBE;Point de piquage;EN EXPLOITATION;63kV;Moselle
ZSAUM;SAUMU / AVOIN DISTR 1;Point de piquage;EN EXPLOITATION;90kV;Maine-et-Loire
MARL7;MARLENS;Poste de transformation;EN EXPLOITATION;63kV;Haute-Savoie
BOR.C;BORDEAUX-CENTRE;Poste de transformation;EN EXPLOITATION;225kV;Gironde
CBRY;CHAMBRY;Poste de transformation;EN EXPLOITATION;400kV;Seine-et-Marne
VLEFR;VILLEFRANCHE (CLIENT);Poste de transformation;EN EXPLOITATION;63kV;Rhône
NOUET;NOUETTES;Poste de transformation;EN EXPLOITATION;63kV;Marne
LOMBA;LOMBARDERIE (LA);Poste de transformation;EN EXPLOITATION;90kV;Loiret
LORIO;LORIOL;Poste de transformation;EN EXPLOITATION;63kV;Ardèche
BXFOR;BEAUFORT;Poste de transformation;EN EXPLOITATION;45kV;Savoie
BXMON;BEAUMONT (BEAUMONT-DE-PERTUIS);Poste de transformation;EN EXPLOITATION;225kV;Vaucluse
CONTR;CONTRES;Poste de transformation;EN EXPLOITATION;90kV;Loir-et-Cher
EPINE;EPINETTE;Poste de transformation;EN EXPLOITATION;225kV;Nord
OUTRE;OUTREAU;Poste de transformation;EN EXPLOITATION;90kV;
OYONN;OYONNAX;Poste de transformation;EN EXPLOITATION;63kV;Ain
MELGV;MELGVEN;Poste de transformation;EN EXPLOITATION;63kV;Finistère
TEIL;TEIL (LE);Poste de transformation;EN EXPLOITATION;63kV;Ardèche
THIBA;THIBAUDIERE (LA);Poste de transformation;EN EXPLOITATION;90kV;Vendée
TMB;T.M.B.;Poste de transformation;EN EXPLOITATION;45kV;Haute-Savoie
C.GEA;CHAMP-DU-GEAI;Poste de transformation;EN EXPLOITATION;63kV;Loire
CAMP;CAMP (LE);Poste de transformation;EN EXPLOITATION;63kV;Bouches-du-Rhône
G.ROU;GUE-AU-ROUX (LE);Poste de transformation;EN EXPLOITATION;225kV;Vendée
LUZ;LUZ;Poste de transformation;EN EXPLOITATION;63kV;Hautes-Pyrénées
CHESS;CHESSY (-LES-MINES);Poste de transformation;EN EXPLOITATION;63kV;Rhône
FROGE;FROGES;Poste de transformation;EN EXPLOITATION;225kV;Isère
COIG5;COIGNIERES;Poste de transformation;EN EXPLOITATION;63kV;Yvelines
CONF6;CONFOLENS;Poste de transformation;EN EXPLOITATION;90kV;Charente
COLO6;COLOMB;Poste de transformation;EN EXPLOITATION;63kV;Gard
CREC5;CRECHY;Poste de transformation;EN EXPLOITATION;63kV;Allier
VALE9;VALENCAY;Poste de transformation;EN EXPLOITATION;90kV;Indre
M.VIR;MONCEAUX-LA-VIROLE;Poste de transformation;EN EXPLOITATION;90kV;Corrèze
MARA8;MARANTE;Poste de transformation;EN EXPLOITATION;63kV;Yvelines
ARGE6;ARGENTEUIL;Poste de transformation;EN EXPLOITATION;225kV;Yvelines
CAVAO;CAVAOU;Poste de transformation;EN EXPLOITATION;63kV;Bouches-du-Rhône
CENON;CENON;Poste de transformation;EN EXPLOITATION;63kV;Gironde
CERN;C.E.R.N.;Poste de transformation;EN EXPLOITATION;400kV;Ain
CHAFA;CHAFAUDS;Poste de transformation;EN EXPLOITATION;90kV;Loiret
CHENE;CHENET;Poste de transformation;EN EXPLOITATION;225kV;Essonne
CHEPP;CHEPPES;Poste de transformation;EN EXPLOITATION;63kV;Marne
CHOC5;CHOCQUET;Poste de transformation;EN EXPLOITATION;90kV;Pas-de-Calais
MAZE;MAZE;Poste de transformation;EN EXPLOITATION;90kV;Maine-et-Loire
CULOZ;CULOZ;Poste de transformation;EN EXPLOITATION;63kV;Ain
CUSTI;CUSTINE;Poste de transformation;EN EXPLOITATION;225kV;Meurthe-et-Moselle
FLEAC;FLEAC;Poste de transformation;EN EXPLOITATION;225kV;Charente
CZTIL;COURTILLERE (LA);Poste de transformation;EN EXPLOITATION;90kV;Charente
ZBAR5;PIQUAGE BARTHE (LIAISON BORDEZ34LANNE);Point de piquage;EN EXPLOITATION;63kV;Hautes-Pyrénées
ZBEU5;BEUVR / MAZIN VENDI 1;Point de piquage;EN EXPLOITATION;225kV;Pas-de-Calais
ZBILO;PIQUAGE A BILHO;Point de piquage;EN EXPLOITATION;63kV;Loire-Atlantique
ZBRI5;PIQUAGE BRICHE A SAINT-DENIS (ZBRI5);Point de piquage;EN EXPLOITATION;225kV;Val-d'Oise
ZCHOL;PIQUAGE CHOLOY;Point de piquage;EN EXPLOITATION;63kV;Meurthe-et-Moselle
CAUDR;CAUDRY;Poste de transformation;EN EXPLOITATION;63kV;Nord
ZUSSA;PIQUAGE USSAT (LIAISON CSLETZ31TARAS);Point de piquage;EN EXPLOITATION;63kV;Ariège
ZVLET;PIQUAGE VILLETTE DONCHERY PYL 7;Point de piquage;EN EXPLOITATION;63kV;Ardennes
ZDOUL;PIQUAGE A DOULON;Point de piquage;EN EXPLOITATION;225kV;Loire-Atlantique
ZEGLA;PIQUAGE A LES ORMES-SUR-VOULZIE;Point de piquage;EN EXPLOITATION;63kV;Seine-et-Marne
MESSA;MESSAC;Poste de transformation;EN EXPLOITATION;90kV;Ille-et-Vilaine
MEURS;MEURSAULT;Poste de transformation;EN EXPLOITATION;63kV;Côte-d'Or
TRINI;TRINITE (LA);Poste de transformation;EN EXPLOITATION;63kV;Isère
USSAT;USSAT;Poste de transformation;EN EXPLOITATION;63kV;Ariège
N.BRI;NOTRE-DAME-DE-BRIANCON;Poste de transformation;EN EXPLOITATION;45kV;Savoie
MOND5;MONDELANGE;Poste de transformation;EN EXPLOITATION;63kV;Moselle
MORES;MORESTEL;Poste de transformation;EN EXPLOITATION;63kV;Isère
MOUNE;MOUNEDE;Poste de transformation;EN EXPLOITATION;63kV;Haute-Garonne
MRNER;MARTINERIE (LA);Poste de transformation;EN EXPLOITATION;90kV;Haute-Vienne
ZGAIL;PIQUAGE A GAILLON;Point de piquage;EN EXPLOITATION;90kV;Eure
ZJAUM;JAUME / MTMOR ZFORG 1;Point de piquage;EN EXPLOITATION;90kV;Vienne
MAC.S;MACON-SUD;Poste de transformation;EN EXPLOITATION;63kV;Saône-et-Loire
V.LAN;VILLARD-DE-LANS;Poste de transformation;EN EXPLOITATION;63kV;Isère
VAUFR;VAUFREY;Poste de transformation;EN EXPLOITATION;63kV;Doubs
ZBEFF;PIQUAGE BEFFES;Point de piquage;EN EXPLOITATION;63kV;Cher
CPIG5;CHAMPIGNY;Poste de transformation;EN EXPLOITATION;63kV;Yonne
CRECH;CRECHES;Poste de transformation;EN EXPLOITATION;63kV;Saône-et-Loire
CRUAS;CRUAS (CLIENT);Poste de transformation;EN EXPLOITATION;63kV;Ardèche
VOULZ;VOULZIE (LA);Poste de transformation;EN EXPLOITATION;225kV;Seine-et-Marne
MALMA;MALMAISON;Poste de transformation;EN EXPLOITATION;90kV;Eure
MARI6;MARIE;Poste de transformation;EN EXPLOITATION;63kV;Drôme
MARIA;MARIANNE;Poste de transformation;EN EXPLOITATION;63kV;Yvelines
NISSA;NISSAN;Poste de transformation;EN EXPLOITATION;63kV;Hérault
CAUDE;CAUDEAU;Poste de transformation;EN EXPLOITATION;63kV;Dordogne
NAUCL;NAUCLAIR;Poste de transformation;EN EXPLOITATION;90kV;Charente
ZBARA;PIQUAGE A BARATTERAIS;Point de piquage;EN EXPLOITATION;63kV;Loire-Atlantique
VENCE;VENCE;Poste de transformation;EN EXPLOITATION;63kV;Alpes-Maritimes
OCHE;OCHE (L);Poste de transformation;EN EXPLOITATION;63kV;Isère
P.ARC;PONT-DE-L ARCHE;Poste de transformation;EN EXPLOITATION;90kV;Seine-Maritime
BXREG;BEAUREGARD (BRIVE-LA-GAILLARDE);Poste de transformation;EN EXPLOITATION;90kV;Corrèze
C.BAP;CROIX-BAPTISTE (LA);Poste de transformation;EN EXPLOITATION;63kV;Val-d'Oise
C.RO5;CHOISY-LE-ROI (CLIENT);Poste de transformation;EN EXPLOITATION;63kV;Val-de-Marne
CHAL7;CHALAMPE;Poste de transformation;EN EXPLOITATION;225kV;Haut-Rhin
CHAND;CHANDIEU;Poste de transformation;EN EXPLOITATION;63kV;Rhône
CHAZ5;CHAZELLES;Poste de transformation;EN EXPLOITATION;63kV;Loire
P.PAI;PRE-EN-PAIL;Poste de transformation;EN EXPLOITATION;90kV;Mayenne
PEBER;PEBERNAT;Poste de transformation;EN EXPLOITATION;63kV;Ariège
CAPEN;CAPENDU;Poste de transformation;EN EXPLOITATION;63kV;Aude
P.SAM;PONT-SUR-SAMBRE;Poste de transformation;EN EXPLOITATION;225kV;Nord
RECY;RECY;Poste de transformation;EN EXPLOITATION;225kV;Marne
REMIS;REMISE;Poste de transformation;EN EXPLOITATION;400kV;Oise
T.IND;TROYES-INDUSTRIE;Poste de transformation;EN EXPLOITATION;63kV;Aube
TARTE;TARTERETS;Poste de transformation;EN EXPLOITATION;63kV;Essonne
ZPROD;PIQUAGE A BEAUVAIS;Point de piquage;EN EXPLOITATION;63kV;Oise
ZS.CU;PIQUAGE SALLES CURAN (LIAISON O.CHAZ61SSVIC);Point de piquage;EN EXPLOITATION;225kV;Aveyron
ZSALB;SALBR / BOURG CHAI5 2;Point de piquage;EN EXPLOITATION;90kV;Loir-et-Cher
ZREBO;REBOU / C.RHO VIVI5 1;Point de piquage;EN EXPLOITATION;63kV;Ardèche
CNREI;CHANTEREINE;Poste de transformation;EN EXPLOITATION;63kV;Oise
COATA;COATAUDON;Poste de transformation;EN EXPLOITATION;63kV;Finistère
CODOL;CODOLET;Poste de transformation;EN EXPLOITATION;63kV;Gard
COLMA;COLMAR (S.N.C.F.);Poste de transformation;EN EXPLOITATION;63kV;Haut-Rhin
COMPA;COMPAS (LES);Poste de transformation;EN EXPLOITATION;90kV;Seine-Maritime
VLARD;VILLARD;Poste de transformation;EN EXPLOITATION;45kV;Savoie
VLARS;VILLARS (LE);Poste de transformation;EN EXPLOITATION;63kV;Saône-et-Loire
ZPRR5;PIQUAGE PIERREFITTE PEM (LIAISON PRRF5Z32SOULO);Point de piquage;EN EXPLOITATION;63kV;Hautes-Pyrénées
ZPRRF;PIQUAGE PIERREFITTE MITJAVILA (LIAISON PRRF5Z32SOULO);Point de piquage;EN EXPLOITATION;63kV;Hautes-Pyrénées
ZRUPR;PIQUAGE RUPREUX;Point de piquage;EN EXPLOITATION;225kV;Aisne
BOULE;BOULE (LA);Poste de transformation;EN EXPLOITATION;225kV;Yvelines
ZSSL6;PIQUAGE ST LARY (LIAISON ARRE5Z32EGET);Point de piquage;EN EXPLOITATION;63kV;Hautes-Pyrénées
ARRIG;ARRIGHI;Poste de transformation;EN EXPLOITATION;225kV;Val-de-Marne
PORTA;PORTA;Poste de transformation;EN EXPLOITATION;63kV;Pyrénées-Orientales
S.BIS;SUPER-BISSORTE;Poste de transformation;EN EXPLOITATION;400kV;Savoie
ZGAL5;PIQUAGE GALERES A CHELLES (ZGAL5);Point de piquage;EN EXPLOITATION;225kV;Seine-Saint-Denis
COR.P;CORDEMAIS-POSTE;Poste de transformation;EN EXPLOITATION;400kV;Loire-Atlantique
MEREN;MERENS;Poste de transformation;EN EXPLOITATION;225kV;Ariège
MESS5;MESSEMPRE (PORTIQUE);Poste de transformation;EN EXPLOITATION;63kV;Ardennes
VIERZ;VIERZON;Poste de transformation;EN EXPLOITATION;90kV;Cher
VESTR;VESTRIC;Poste de transformation;EN EXPLOITATION;63kV;Gard
VIGNY;VIGNY;Poste de transformation;EN EXPLOITATION;63kV;Val-d'Oise
WANTZ;WANTZENAU;Poste de transformation;EN EXPLOITATION;63kV;Bas-Rhin
C.REA;CHAPELLE-REANVILLE (LA);Poste de transformation;EN EXPLOITATION;90kV;Eure
CANET;CANET;Poste de transformation;EN EXPLOITATION;63kV;Pyrénées-Orientales
CARP5;CARPENTIER;Poste de transformation;EN EXPLOITATION;90kV;Manche
LAUR5;LAURAGAIS;Poste de transformation;EN EXPLOITATION;63kV;Haute-Garonne
AVRIL;AVRILLE;Poste de transformation;EN EXPLOITATION;90kV;Maine-et-Loire
M.AME;MINE AMELIE (LA);Poste de transformation;EN EXPLOITATION;63kV;Haut-Rhin
ZBARM;PIQUAGE A BARMAINVILLE;Point de piquage;EN EXPLOITATION;90kV;Eure-et-Loir
H.LOG;HAUTE-LOGE;Poste de transformation;EN EXPLOITATION;90kV;Nord
C.HIN;CROIX-D HINS;Poste de transformation;EN EXPLOITATION;63kV;Gironde
C.LO5;CHATEAU-DU-LOIR;Poste de transformation;EN EXPLOITATION;90kV;Sarthe
RAMBE;RAMBERVILLERS;Poste de transformation;EN EXPLOITATION;63kV;Vosges
MARNI;MARNISE (LA);Poste de transformation;EN EXPLOITATION;225kV;Ain
FEYSS;FEYSSINE(LA);Poste de transformation;EN EXPLOITATION;63kV;Rhône
FLECH;FLECHE (LA);Poste de transformation;EN EXPLOITATION;90kV;Sarthe
FLAND;FLANDRE;Poste de transformation;EN EXPLOITATION;225kV;Paris
FOUTE;FOUTEIN;Poste de transformation;EN EXPLOITATION;225kV;Nord
P.HA5;PLAINE HAUTE;Poste de transformation;EN EXPLOITATION;400kV;Côtes-d'Armor
FTOY;FONTOY;Poste de transformation;EN EXPLOITATION;63kV;Meurthe-et-Moselle
FUGER;FUGEROLLE;Poste de transformation;EN EXPLOITATION;63kV;Drôme
REFRA;REFRAIN (LE);Poste de transformation;EN EXPLOITATION;63kV;Doubs
CROIS;CROISSANT (LE);Poste de transformation;EN EXPLOITATION;90kV;Calvados
CRUA5;CRUAS (-MEYSSE);Poste de transformation;EN EXPLOITATION;400kV;Ardèche
CTAUN;CHATEAUNEUF;Poste de transformation;EN EXPLOITATION;63kV;Ardèche
CZTRY;COURTRY;Poste de transformation;EN EXPLOITATION;225kV;Seine-et-Marne
DECHY;DECHY;Poste de transformation;EN EXPLOITATION;225kV;Nord
LONG9;LONGUENESSE;Poste de transformation;EN EXPLOITATION;225kV;Pas-de-Calais
FREVE;FREVENT;Poste de transformation;EN EXPLOITATION;90kV;Pas-de-Calais
CARHA;CARHAIX;Poste de transformation;EN EXPLOITATION;63kV;Finistère
ZCREV;PIQUAGE A CHOISY-EN-BRIE;Point de piquage;EN EXPLOITATION;63kV;Seine-et-Marne
ZCRO7;PIQUAGE A LE BREUIL-EN-AUGE;Point de piquage;EN EXPLOITATION;90kV;Calvados
CRESS;CRESSANGES;Poste de transformation;EN EXPLOITATION;63kV;Allier
MEYZI;MEYZIEU;Poste de transformation;EN EXPLOITATION;225kV;Rhône
MUHLB;MUHLBACH;Poste de transformation;EN EXPLOITATION;400kV;Haut-Rhin
G.HAM;GRAND HAMEAU (LE);Poste de transformation;EN EXPLOITATION;90kV;Eure
ZP.MI;P.MIT / MEZEA PINT5 1;Point de piquage;EN EXPLOITATION;90kV;Vienne
ZP.SA;P.SAC / SSCL5 VOUGL 1;Point de piquage;EN EXPLOITATION;63kV;Jura
CRUSE;CRUSEILLES;Poste de transformation;EN EXPLOITATION;225kV;Haute-Savoie
CXMET;CHAUMETTE;Poste de transformation;EN EXPLOITATION;90kV;Indre-et-Loire
VARE5;VARENNES (-SUR-FOUZON);Poste de transformation;EN EXPLOITATION;225kV;Indre
PRIE5;PRIEURE (LE) (S.N.C.F.);Poste de transformation;EN EXPLOITATION;90kV;Vienne
GAEL;GAEL;Poste de transformation;EN EXPLOITATION;90kV;Côtes-d'Armor
GARD7;GARDE (LA);Poste de transformation;EN EXPLOITATION;225kV;Var
DORDI;DORDIVES;Poste de transformation;EN EXPLOITATION;90kV;Seine-et-Marne
DTPS;DTPS;Poste de transformation;EN EXPLOITATION;63kV;Moselle
B.MON;BEAUMONT-MONTEUX;Poste de transformation;EN EXPLOITATION;400kV;Drôme
BXCH5;BEAUCHAMPS;Poste de transformation;EN EXPLOITATION;225kV;Seine-Maritime
CANTE;CANTEGRIT;Poste de transformation;EN EXPLOITATION;400kV;Landes
CPNI5;CHAMPNIERS;Poste de transformation;EN EXPLOITATION;90kV;Charente
CABAS;CABASSE;Poste de transformation;EN EXPLOITATION;63kV;Var
DAMPJ;DAMPJOUX;Poste de transformation;EN EXPLOITATION;63kV;Doubs
DINAR;DINARD;Poste de transformation;EN EXPLOITATION;63kV;Ille-et-Vilaine
DOCEL;DOCELLES;Poste de transformation;EN EXPLOITATION;63kV;Vosges
A.COM;AVESNES-LE-COMTE;Poste de transformation;EN EXPLOITATION;225kV;Pas-de-Calais
1B.E5;BELLE-ETOILE (RHODIACETA) /BELLE-ETOILE 10KV;Poste de transformation;EN EXPLOITATION;<45kV;Rhône
BOISS;BOISSE (LA);Poste de transformation;EN EXPLOITATION;400kV;Ain
H.BOR;HAUTE-BORNE;Poste de transformation;EN EXPLOITATION;225kV;Val-d'Oise
REVI5;REVIN POSTE-CENTRALE;Poste de transformation;EN EXPLOITATION;400kV;Ardennes
AMBE5;AMBERT;Poste de transformation;EN EXPLOITATION;63kV;Puy-de-Dôme
CORGO;CORGOLOIN;Poste de transformation;EN EXPLOITATION;63kV;Côte-d'Or
ZDOUD;PIQUAGE DOUDOYE;Point de piquage;EN EXPLOITATION;63kV;Nièvre
ZE.CI;PIQUAGE EBANGE-CIMENTERIE (Ligne BXRE5Z31SSHUB);Point de piquage;EN EXPLOITATION;63kV;Moselle
ZESPA;PIQUAGE ESPALUNGUE (LIAISON E.BONZ31HOURA);Point de piquage;EN EXPLOITATION;63kV;Pyrénées-Atlantiques
ZROB5;PIQUAGE ROBINSON A LE PLESSIS-ROBINSON (ZROB5);Point de piquage;EN EXPLOITATION;225kV;Yvelines
ZRUMI;RUMIN / ATTAQ HOLQU 2;Point de piquage;EN EXPLOITATION;225kV;Pas-de-Calais
CREUT;CREUTZWALD;Poste de transformation;EN EXPLOITATION;63kV;Moselle
CZCEL;COURCELLES;Poste de transformation;EN EXPLOITATION;225kV;Hauts-de-Seine
T.DOM;TROIS DOMAINES;Poste de transformation;EN EXPLOITATION;225kV;Meuse
TALUS;TALUS (LES);Poste de transformation;EN EXPLOITATION;90kV;Ille-et-Vilaine
GORBE;GORBELLA;Poste de transformation;EN EXPLOITATION;63kV;Alpes-Maritimes
GOURI;GOURIN;Poste de transformation;EN EXPLOITATION;63kV;Morbihan
F.BER;FERTE-BERNARD (LA);Poste de transformation;EN EXPLOITATION;90kV;Sarthe
F.RAF;FEYZIN RAFFINERIE;Poste de transformation;EN EXPLOITATION;63kV;Rhône
FEURS;FEURS;Poste de transformation;EN EXPLOITATION;225kV;Loire
B.RE6;BOIS DE RENAN;Poste de transformation;EN EXPLOITATION;63kV;Haute-Saône
VOLVI;VOLVIC;Poste de transformation;EN EXPLOITATION;225kV;Puy-de-Dôme
VOUZO;VOUZON;Poste de transformation;EN EXPLOITATION;90kV;Loir-et-Cher
CASSE;CASSEAUX (LES);Poste de transformation;EN EXPLOITATION;90kV;Haute-Vienne
F.MAR;FLANDRE MARITIME;Poste de transformation;ACCORD ADMINISTRATIF;400kV;Pas-de-Calais
CUBNE;CUBNEZAIS;Poste de transformation;EN EXPLOITATION;400kV;Gironde
BVUE;BELLEVUE;Poste de transformation;EN EXPLOITATION;63kV;Haute-Loire
CAPEL;CAPELLE (LA);Poste de transformation;EN EXPLOITATION;400kV;Aisne
ISSOU;ISSOU;Poste de transformation;EN EXPLOITATION;63kV;Yvelines
GROUL;GROULLES;Poste de transformation;EN EXPLOITATION;63kV;Alpes-Maritimes
COL.N;COLMAR-NORD;Poste de transformation;EN EXPLOITATION;63kV;Haut-Rhin
CARDI;CARDINET;Poste de transformation;EN EXPLOITATION;225kV;Hauts-de-Seine
MARM5;MARMANDE;Poste de transformation;EN EXPLOITATION;63kV;Lot-et-Garonne
BRAIN;BRAINS;Poste de transformation;EN EXPLOITATION;225kV;Loire-Atlantique
ZM.FE;PIQUAGE MOTHE FENELON (LIAISON FEROUZ31GOURD);Point de piquage;EN EXPLOITATION;63kV;Dordogne
ZNAUS;NAUSS / LANG8 ZPRA5 1;Point de piquage;EN EXPLOITATION;63kV;Lozère
ZFRO6;PIQUAGE FROMAINVILLE A ACHERES (ZFRO6);Point de piquage;EN EXPLOITATION;225kV;Yvelines
ZKERH;PIQUAGE A BRECH (KERHELLEGAN);Point de piquage;EN EXPLOITATION;63kV;Morbihan
BARBE;BARBEZIEUX;Poste de transformation;EN EXPLOITATION;90kV;Charente
GUER;GUER;Poste de transformation;EN EXPLOITATION;90kV;Morbihan
ZMAS5;PIQUAGE MASSY A MASSY (ZMAS5);Point de piquage;EN EXPLOITATION;225kV;Essonne
VAYRE;VAYRES;Poste de transformation;EN EXPLOITATION;63kV;Gironde
MAYEN;MAYENNE;Poste de transformation;EN EXPLOITATION;90kV;Mayenne
HOSPI;HOSPITALET (L );Poste de transformation;EN EXPLOITATION;225kV;Ariège
ZLESU;PIQUAGE A LIEUSAINT;Point de piquage;EN EXPLOITATION;63kV;Essonne
ZGIRO;PIQUAGE GIROUFLAT (LIAISON CSLJAZ31GUPIE);Point de piquage;EN EXPLOITATION;63kV;Lot-et-Garonne
ZHERI;PIQUAGE HERIMENIL;Point de piquage;EN EXPLOITATION;63kV;Meurthe-et-Moselle
CTAUF;CHATEAUFEUILLET;Poste de transformation;EN EXPLOITATION;45kV;Savoie
CXVEN;CHAUVENCY;Poste de transformation;EN EXPLOITATION;63kV;Meuse
SOISS;SOISSONS-SAINT-PAUL;Poste de transformation;EN EXPLOITATION;63kV;Aisne
ROUS6;ROUSSINES;Poste de transformation;EN EXPLOITATION;90kV;Indre
ROMAI;ROMAINVILLE;Poste de transformation;EN EXPLOITATION;225kV;Paris
MEHUN;MEHUN (-SUR-YEVRE);Poste de transformation;EN EXPLOITATION;90kV;Cher
ZROMB;PIQUAGE ROMBAS;Point de piquage;EN EXPLOITATION;63kV;Moselle
ZSALZ;SALZU / BRIOU LANGE 1;Point de piquage;EN EXPLOITATION;63kV;Haute-Loire
ZSAVI;PIQUAGE A AULNAY-SOUS-BOIS;Point de piquage;EN EXPLOITATION;225kV;Val-d'Oise
ETAI5;ETAIN;Poste de transformation;EN EXPLOITATION;63kV;Meuse
ETINC;ETINCHELLE;Poste de transformation;EN EXPLOITATION;225kV;Pas-de-Calais
LEDEN;LEDENON;Poste de transformation;EN EXPLOITATION;63kV;Gard
LEROU;LEROUVILLE;Poste de transformation;EN EXPLOITATION;63kV;Meuse
THUR;THUR (LA);Poste de transformation;EN EXPLOITATION;225kV;Haut-Rhin
TILLI;TILLIERS;Poste de transformation;EN EXPLOITATION;225kV;Val-d'Oise
CTLLE;CHATELLERAULT;Poste de transformation;EN EXPLOITATION;90kV;Vienne
FLERS;FLERS;Poste de transformation;EN EXPLOITATION;225kV;Orne
TRAN5;TRANSLOY (LE);Poste de transformation;EN EXPLOITATION;225kV;Somme
DOUZE;DOUZE (LES);Poste de transformation;EN EXPLOITATION;90kV;Somme
GRAFF;GRAFFENSTADEN;Poste de transformation;EN EXPLOITATION;225kV;Bas-Rhin
MELLE;MELLE;Poste de transformation;EN EXPLOITATION;90kV;Deux-Sèvres
PARTH;PARTHENAY;Poste de transformation;EN EXPLOITATION;90kV;Deux-Sèvres
CHEDD;CHEDDE (S.E.R.S.);Poste de transformation;EN EXPLOITATION;45kV;Haute-Savoie
J.VIL;JOUX-LA-VILLE;Poste de transformation;EN EXPLOITATION;225kV;Yonne
ZMTRE;PIQUAGE MONTREJEAU SNCF (LIAISON GOUR5Z31P.RIV);Point de piquage;EN EXPLOITATION;63kV;Hautes-Pyrénées
MIOLL;MIOLLES;Poste de transformation;EN EXPLOITATION;225kV;Tarn
SAUJO;SAUJON;Poste de transformation;EN EXPLOITATION;90kV;Charente-Maritime
SSALB;ST-ALBAN;Poste de transformation;EN EXPLOITATION;63kV;Haute-Garonne
BORT;BORT;Poste de transformation;EN EXPLOITATION;225kV;Corrèze
MATHA;MATHA;Poste de transformation;EN EXPLOITATION;90kV;Charente-Maritime
BREJO;BREJOU (LE);Poste de transformation;EN EXPLOITATION;90kV;Haute-Vienne
VAUGO;VAUGOUIN;Poste de transformation;EN EXPLOITATION;90kV;Charente-Maritime
FERRA;FERRANDE (LA);Poste de transformation;EN EXPLOITATION;90kV;Indre
CARON;CARONTE;Poste de transformation;EN EXPLOITATION;63kV;
MTLUE;MONTLUEL;Poste de transformation;EN EXPLOITATION;63kV;Ain
SSJOR;ST-JORY;Poste de transformation;EN EXPLOITATION;63kV;Haute-Garonne
MAUGE;MAUGES (LES);Poste de transformation;EN EXPLOITATION;225kV;Maine-et-Loire
FREJO;FREJORGUES;Poste de transformation;EN EXPLOITATION;63kV;Hérault
SAUMU;SAUMUR;Poste de transformation;EN EXPLOITATION;90kV;Maine-et-Loire
LIMAN;LIMANS;Poste de transformation;EN EXPLOITATION;63kV;Alpes-de-Haute-Provence
LOTHI;LOTHIERS;Poste de transformation;EN EXPLOITATION;90kV;Indre
TUQUE;TUQUET (LE);Poste de transformation;EN EXPLOITATION;90kV;Haute-Vienne
V.MAN;VITREY-SUR-MANCE;Poste de transformation;EN EXPLOITATION;63kV;Haute-Saône
VALAU;VALAURIE;Poste de transformation;EN EXPLOITATION;63kV;Drôme
FROME;FROMELENNES;Poste de transformation;EN EXPLOITATION;63kV;Ardennes
SAUMA;SAUMADE;Poste de transformation;EN EXPLOITATION;225kV;Hérault
S.SOL;SEREMANGE-SOLLAC;Poste de transformation;EN EXPLOITATION;63kV;Moselle
SALIG;SALIGNAC;Poste de transformation;EN EXPLOITATION;225kV;Alpes-de-Haute-Provence
SAUIL;SAUILLY;Poste de transformation;EN EXPLOITATION;63kV;Yonne
SAULC;SAULCE-SUR-RHONE (LA);Poste de transformation;EN EXPLOITATION;63kV;Ardèche
LONG6;LONGEFAN;Poste de transformation;EN EXPLOITATION;225kV;Savoie
LUMES;LUMES;Poste de transformation;EN EXPLOITATION;225kV;Ardennes
CASTI;CASTILLON (LE);Poste de transformation;EN EXPLOITATION;150kV;Alpes-de-Haute-Provence
CATOY;CATOY;Poste de transformation;EN EXPLOITATION;63kV;Lot-et-Garonne
RQROU;ROQUEROUSSE;Poste de transformation;EN EXPLOITATION;225kV;Bouches-du-Rhône
TRAVA;TRAVAILLAN;Poste de transformation;EN EXPLOITATION;63kV;Vaucluse
BIARR;BIARRITZ (BIARRITZ);Poste de transformation;EN EXPLOITATION;63kV;
BIBER;BIBERKIRCH;Poste de transformation;EN EXPLOITATION;63kV;Moselle
BILEM;BILEMONT;Poste de transformation;EN EXPLOITATION;90kV;Nord
BONN9;BONNETABLE;Poste de transformation;EN EXPLOITATION;90kV;Sarthe
ZCAR5;PIQUAGE CARLA (LIAISON GOURJZ32LUZI2);Point de piquage;EN EXPLOITATION;63kV;Tarn
ZCSL5;PIQUAGE CASTELNAUDARY (LIAISON AVIG5Z31BAGAT);Point de piquage;EN EXPLOITATION;63kV;Aude
ZGRA6;PIQUAGE A GRANZAY;Point de piquage;EN EXPLOITATION;225kV;Charente-Maritime
ZJARN;JARNE / AYTRE BXLIE 1;Point de piquage;EN EXPLOITATION;90kV;
ZTHAI;THAIM / PREGU ROYAN 1;Point de piquage;EN EXPLOITATION;90kV;Charente-Maritime
ZTHUR;PIQUAGE THURIES (LIAISON BARAQZ31P.GRA);Point de piquage;EN EXPLOITATION;63kV;Tarn
TOLLE;TOLLEVAST;Poste de transformation;EN EXPLOITATION;400kV;Manche
CATT5;CATTENOM (STATION DE POMPAGE);Poste de transformation;EN EXPLOITATION;63kV;Moselle
BUZEN;BUZENVAL;Poste de transformation;EN EXPLOITATION;63kV;Yvelines
ZMIOL;PIQUAGE MIOLLES (LIAISON GOURJZ61SSVIC);Point de piquage;EN EXPLOITATION;225kV;Tarn
SOULO;SOULOM;Poste de transformation;EN EXPLOITATION;150kV;Hautes-Pyrénées
ECRAI;ECRAINVILLE;Poste de transformation;EN EXPLOITATION;90kV;Seine-Maritime
PELOU;PELOUSE (LA);Poste de transformation;EN EXPLOITATION;90kV;Indre-et-Loire
CHAIL;CHAILLOTS (LES);Poste de transformation;EN EXPLOITATION;63kV;Yonne
CHANT;CHANTIERS;Poste de transformation;EN EXPLOITATION;63kV;Loire-Atlantique
CHARB;CHARBONNIERE;Poste de transformation;EN EXPLOITATION;90kV;Charente-Maritime
VITRO;VITROLLES;Poste de transformation;EN EXPLOITATION;63kV;
PTET;PONTET (LE);Poste de transformation;EN EXPLOITATION;63kV;Gard
ZSSJ8;PIQUAGE ST JORY (LIAISON ONDESZ32SSALB);Point de piquage;EN EXPLOITATION;63kV;Haute-Garonne
ZBEZZ;PIQUAGE A BEZ (LE);Point de piquage;EN EXPLOITATION;63kV;Tarn
VERIN;VERINNERIE (LA);Poste de transformation;EN EXPLOITATION;225kV;Yvelines
ANCIZ;ANCIZES (LES);Poste de transformation;EN EXPLOITATION;63kV;Puy-de-Dôme
ATTAQ;ATTAQUES (LES);Poste de transformation;EN EXPLOITATION;400kV;Pas-de-Calais
BONNA;BONNAT;Poste de transformation;EN EXPLOITATION;90kV;Creuse
AMPON;AMPONT;Poste de transformation;EN EXPLOITATION;225kV;Yvelines
CLAIR;CLAIREFONTAINE;Poste de transformation;EN EXPLOITATION;63kV;Vosges
POLIS;POLISOT;Poste de transformation;EN EXPLOITATION;63kV;Aube
BOUVA;BOUVANTE;Poste de transformation;EN EXPLOITATION;63kV;Drôme
BOZEL;BOZEL;Poste de transformation;EN EXPLOITATION;63kV;Savoie
BREVI;BREVIERES (LES);Poste de transformation;EN EXPLOITATION;225kV;Savoie
BRIS;BRIS;Poste de transformation;EN EXPLOITATION;90kV;Charente-Maritime
PRAG5;PRAGNERES (STATION DE POMPAGE);Poste de transformation;EN EXPLOITATION;63kV;Hautes-Pyrénées
ZDOM5;PIQUAGE DOMBASLE;Point de piquage;EN EXPLOITATION;63kV;Meurthe-et-Moselle
MALA6;MALASSIS;Poste de transformation;EN EXPLOITATION;225kV;Paris
C.GON;CHATEAU-GONTIER;Poste de transformation;EN EXPLOITATION;90kV;Mayenne
CAIL5;CAILLOLS;Poste de transformation;EN EXPLOITATION;225kV;Bouches-du-Rhône
ZARRO;PIQUAGE ARROUX;Point de piquage;EN EXPLOITATION;63kV;Saône-et-Loire
SSCOG;ST-PIERRE-COGNET;Poste de transformation;EN EXPLOITATION;225kV;Isère
ROMAN;ROMANECHE;Poste de transformation;EN EXPLOITATION;63kV;Rhône
GUILL;GUILLAUMES;Poste de transformation;EN EXPLOITATION;63kV;Alpes-Maritimes
ZFAYE;FAYET / PASSY SALLA 1;Point de piquage;EN EXPLOITATION;63kV;Haute-Savoie
ZGRAV;RAVEL / CORM5 EGUZO 1;Point de piquage;EN EXPLOITATION;90kV;Indre
VIAS;VIAS;Poste de transformation;EN EXPLOITATION;63kV;Hérault
SSDAX;ST-PAUL-LES-DAX;Poste de transformation;EN EXPLOITATION;63kV;Landes
ARGOE;ARGOEUVES;Poste de transformation;EN EXPLOITATION;400kV;Somme
B.EPI;BELLE-EPINE;Poste de transformation;EN EXPLOITATION;225kV;Ille-et-Vilaine
GACE;GACE;Poste de transformation;EN EXPLOITATION;90kV;Orne
GARD6;GARDANNE (ALUMINIUM PECHINEY);Poste de transformation;EN EXPLOITATION;63kV;Bouches-du-Rhône
CONST;CONSTANTIN;Poste de transformation;EN EXPLOITATION;225kV;Gironde
PAGAN;PAGANIN;Poste de transformation;EN EXPLOITATION;63kV;Alpes-Maritimes
PAPAU;PAPAULT;Poste de transformation;EN EXPLOITATION;90kV;Vienne
PARAD;PARADIS (LE);Poste de transformation;EN EXPLOITATION;90kV;Cher
BIONN;BIONNAY;Poste de transformation;EN EXPLOITATION;63kV;Haute-Savoie
BOUC7;BOUCHET;Poste de transformation;EN EXPLOITATION;63kV;Aude
S.LOI;SULLY-SUR-LOIRE;Poste de transformation;EN EXPLOITATION;90kV;Loiret
EVRO1;EVRON 1;Poste de transformation;EN EXPLOITATION;90kV;Mayenne
MANCI;MANCIOUX;Poste de transformation;EN EXPLOITATION;63kV;Haute-Garonne
MARG5;MARGATS;Poste de transformation;EN EXPLOITATION;63kV;Seine-et-Marne
P.CHR;PLEYBER-CHRIST;Poste de transformation;EN EXPLOITATION;225kV;Finistère
UZEL;UZEL;Poste de transformation;EN EXPLOITATION;63kV;Côtes-d'Armor
PALA5;PALAISEAU;Poste de transformation;EN EXPLOITATION;63kV;Essonne
PALIS;PALISSE (LA);Poste de transformation;EN EXPLOITATION;63kV;Ardèche
PALAN;PALANT (LE);Poste de transformation;EN EXPLOITATION;90kV;Charente
PENHA;PENHARS;Poste de transformation;EN EXPLOITATION;63kV;Finistère
ZBEYR;PIQUAGE BEYREDE (LIAISON LANNEZ33SSLAR);Point de piquage;EN EXPLOITATION;63kV;Hautes-Pyrénées
SSAVI;ST-AVIT;Poste de transformation;EN EXPLOITATION;63kV;Drôme
DOUVO;DOUVOT;Poste de transformation;EN EXPLOITATION;63kV;Doubs
DUVY;DUVY;Poste de transformation;EN EXPLOITATION;63kV;Oise
VALL9;VALLADE (LA);Poste de transformation;EN EXPLOITATION;90kV;Charente
ZE.BL;PIQUAGE A EAU-BLANCHE;Point de piquage;EN EXPLOITATION;63kV;Finistère
ZEYRA;PIQUAGE EYRANS (LIAISON MRLLAZ31PODEN);Point de piquage;EN EXPLOITATION;63kV;Gironde
ZCAIR;PIQUAGE A CAIRANNE;Point de piquage;EN EXPLOITATION;63kV;Vaucluse
ZCASS;PIQUAGE LA CASSAGNE (LIAISON PERCHZ31THUES);Point de piquage;EN EXPLOITATION;63kV;Pyrénées-Orientales
ZCHIC;TOUR9 / DAMBR SARAN 2;Point de piquage;EN EXPLOITATION;90kV;Loiret
ZCOL;COL / LONG6 S.BAR 1;Point de piquage;EN EXPLOITATION;150kV;Savoie
MERE5;MERENS (PORT SNCF);Poste de transformation;EN EXPLOITATION;63kV;Ariège
AIME;AIME;Poste de transformation;EN EXPLOITATION;63kV;Savoie
ALERI;ALERIE;Poste de transformation;EN EXPLOITATION;90kV;Manche
GAZER;GAZERAN;Poste de transformation;EN EXPLOITATION;63kV;Yvelines
PAU.E;PAU-EST;Poste de transformation;EN EXPLOITATION;63kV;Pyrénées-Atlantiques
BOUV5;BOUVETS;Poste de transformation;EN EXPLOITATION;63kV;Val-de-Marne
GODI5;GODINIERE (LA);Poste de transformation;EN EXPLOITATION;90kV;Indre-et-Loire
GRAY;GRAY;Poste de transformation;EN EXPLOITATION;63kV;Haute-Saône
GUERI;GUERINIERE;Poste de transformation;EN EXPLOITATION;90kV;
SASSE;SASSENAGE;Poste de transformation;EN EXPLOITATION;63kV;Isère
G.LUS;GAY-LUSSAC;Poste de transformation;EN EXPLOITATION;63kV;Haut-Rhin
G.SYN;GRANDE-SYNTHE;Poste de transformation;EN EXPLOITATION;225kV;Nord
PERPI;PERPIGNAN;Poste de transformation;EN EXPLOITATION;63kV;Pyrénées-Orientales
POISS;POISSY;Poste de transformation;EN EXPLOITATION;63kV;Yvelines
ZC.CA;PIQUAGE CROIX CADET (LIAISON CTLUSZ41MAURE);Point de piquage;EN EXPLOITATION;90kV;Haute-Vienne
ANSER;ANSEREUILLES (LES);Poste de transformation;EN EXPLOITATION;225kV;Nord
POLYG;POLYGONE;Poste de transformation;EN EXPLOITATION;<45kV;Bas-Rhin
1BIAR;BIARD /SAILLANT 8KV;Poste de transformation;EN EXPLOITATION;<45kV;Corrèze
CHOO5;CHOOZ;Poste de transformation;EN EXPLOITATION;225kV;Ardennes
ZSEMO;PIQUAGE A SEMONVILLE;Point de piquage;EN EXPLOITATION;225kV;Eure-et-Loir
GARDA;GARDANNE;Poste de transformation;EN EXPLOITATION;63kV;Bouches-du-Rhône
GARDO;GARDON;Poste de transformation;EN EXPLOITATION;63kV;Ardèche
UZES;UZES;Poste de transformation;EN EXPLOITATION;63kV;Gard
ZLACQ;PIQUAGE LACQ SNCF (LIAISON MARSIZ31ORTH5);Point de piquage;EN EXPLOITATION;63kV;Pyrénées-Atlantiques
ZV.M5;PIQUAGE A VIREUX;Point de piquage;EN EXPLOITATION;63kV;
S.SED;SOMMER-SEDAN;Poste de transformation;EN EXPLOITATION;63kV;Ardennes
SALEL;SALELLES (LES);Poste de transformation;EN EXPLOITATION;63kV;Ardèche
ZLENT;LENT5 / RIORG VLERE 1;Point de piquage;EN EXPLOITATION;63kV;Loire
ZLIN5;PIQUAGE LINGUET;Point de piquage;EN EXPLOITATION;63kV;Marne
ZMIG5;PIQUAGE A MIGENNES (LIGNE N0 2);Point de piquage;EN EXPLOITATION;63kV;Yonne
ZGOBS;CARME / CHECY SOUR5 1;Point de piquage;EN EXPLOITATION;90kV;Loiret
ZGRA5;PIQUAGE A GERZAT;Point de piquage;EN EXPLOITATION;63kV;Puy-de-Dôme
ZH.J5;PIQUAGE HAYANGE-ST-JACQUES;Point de piquage;EN EXPLOITATION;63kV;Moselle
MTREA;MONTREAL;Poste de transformation;EN EXPLOITATION;63kV;Gers
ZBET5;BETTA / SSV.E TENAY 1;Point de piquage;EN EXPLOITATION;63kV;Ain
TANIN;TANINGES;Poste de transformation;EN EXPLOITATION;63kV;Haute-Savoie
MARSA;MARSAC;Poste de transformation;EN EXPLOITATION;63kV;Dordogne
PERRI;PERRIGNY;Poste de transformation;EN EXPLOITATION;63kV;Côte-d'Or
PEYME;PEYMEINADE;Poste de transformation;EN EXPLOITATION;63kV;Alpes-Maritimes
VENAR;VENAREY;Poste de transformation;EN EXPLOITATION;63kV;Côte-d'Or
VERN7;VERNEY (LE);Poste de transformation;EN EXPLOITATION;63kV;Isère
CAIRA;CAIRANNE;Poste de transformation;EN EXPLOITATION;63kV;Vaucluse
ZM.NI;PIQUAGE A MESNIL-SAINT-NICAISE;Point de piquage;EN EXPLOITATION;63kV;Somme
SCHEE;SCHEER;Poste de transformation;EN EXPLOITATION;400kV;Bas-Rhin
DIE;DIE;Poste de transformation;EN EXPLOITATION;63kV;Drôme
DOUVA;DOUVAINE;Poste de transformation;EN EXPLOITATION;63kV;
EGUIL;EGUILLES;Poste de transformation;EN EXPLOITATION;63kV;Bouches-du-Rhône
OSTRO;OSTROHOVE;Poste de transformation;EN EXPLOITATION;90kV;Pas-de-Calais
ZCER7;PIQUAGE CERONS (LIAISON LANGOZ31PODEN);Point de piquage;EN EXPLOITATION;63kV;Gironde
ZCREP;CREPI / CUS.P RILLI 1;Point de piquage;EN EXPLOITATION;63kV;Rhône
MTEZI;MONTEZIC (CENTRALE);Poste de transformation;EN EXPLOITATION;400kV;Aveyron
P.TEM;PORT-DU-TEMPLE;Poste de transformation;EN EXPLOITATION;63kV;Rhône
PANIS;PANISSO;Poste de transformation;EN EXPLOITATION;63kV;Pyrénées-Orientales
PAILL;PAILLERES;Poste de transformation;EN EXPLOITATION;63kV;Gironde
P.BRI;PONT DE BRIQUES;Poste de transformation;EN EXPLOITATION;90kV;
MALEB;MALEBARGE;Poste de transformation;EN EXPLOITATION;63kV;Bouches-du-Rhône
MOUX;MOUX;Poste de transformation;EN EXPLOITATION;63kV;Jura
MTOIR;MONTOIR;Poste de transformation;EN EXPLOITATION;63kV;Loire-Atlantique
BUTTA;BUTTAVENT;Poste de transformation;EN EXPLOITATION;225kV;Mayenne
MORA6;MORANDIE (LA);Poste de transformation;EN EXPLOITATION;90kV;Charente
POISY;POISY;Poste de transformation;EN EXPLOITATION;63kV;Haute-Savoie
SSAM5;ST-AMAND;Poste de transformation;EN EXPLOITATION;63kV;Nord
RUHBO;RUHBOGEN;Poste de transformation;EN EXPLOITATION;225kV;Bas-Rhin
LIART;LIART;Poste de transformation;EN EXPLOITATION;63kV;Ardennes
SSTOU;ST-MARTIN-DU-TOUCH;Poste de transformation;EN EXPLOITATION;63kV;Haute-Garonne
TEICH;TEICH (LE);Poste de transformation;EN EXPLOITATION;63kV;Ariège
TEIL5;TEIL (LE) (CIMENTS LAFARGE AU TEIL);Poste de transformation;EN EXPLOITATION;63kV;Ardèche
NATI3;NATION III;Poste de transformation;EN EXPLOITATION;225kV;Paris
P.GRA;PRE-GRAND;Poste de transformation;EN EXPLOITATION;63kV;Tarn
SSBEN;ST-BENOIT;Poste de transformation;EN EXPLOITATION;90kV;Vienne
SSCHA;ST-CHAMAS;Poste de transformation;EN EXPLOITATION;225kV;Bouches-du-Rhône
SSEA2;ST-LAURENT-DES-EAUX B;Poste de transformation;EN EXPLOITATION;400kV;Loir-et-Cher
RICHA;RICHARDET;Poste de transformation;EN EXPLOITATION;225kV;Val-de-Marne
ROANN;ROANNE;Poste de transformation;EN EXPLOITATION;63kV;Loire
THOR;THOR (LE);Poste de transformation;EN EXPLOITATION;63kV;Vaucluse
TRINQ;TRINQUETAILLE;Poste de transformation;EN EXPLOITATION;63kV;Bouches-du-Rhône
MINIM;MINIMES;Poste de transformation;EN EXPLOITATION;90kV;Charente-Maritime
MTAUB;MONTAUBAN;Poste de transformation;EN EXPLOITATION;63kV;Tarn-et-Garonne
MIONN;MIONNAY;Poste de transformation;EN EXPLOITATION;225kV;Rhône
GIFFR;GIFFRE (LE);Poste de transformation;EN EXPLOITATION;63kV;Haute-Savoie
BLAY5;BLAYAIS (POSTE AEROSOUTERRAIN);Poste de transformation;EN EXPLOITATION;225kV;
VALEN;VALENCIENNES;Poste de transformation;EN EXPLOITATION;225kV;Nord
VANDI;VANDIERES;Poste de transformation;EN EXPLOITATION;225kV;Meurthe-et-Moselle
VANNE;VANNES;Poste de transformation;EN EXPLOITATION;63kV;Morbihan
S.MOR;SAUT-MORTIER;Poste de transformation;EN EXPLOITATION;63kV;Jura
SABL5;SABLES (LES);Poste de transformation;EN EXPLOITATION;225kV;Isère
SAMOR;SAMOREAU;Poste de transformation;EN EXPLOITATION;63kV;Seine-et-Marne
ZB.PL;PIQUAGE A BOUIN-PLUMOISON;Point de piquage;EN EXPLOITATION;90kV;Pas-de-Calais
BELV5;BELVES;Poste de transformation;EN EXPLOITATION;63kV;Dordogne
ARBI2;ARBINE 2;Poste de transformation;EN EXPLOITATION;45kV;Savoie
BLYE;BLYE;Poste de transformation;EN EXPLOITATION;63kV;Jura
MORIN;MORINANT;Poste de transformation;EN EXPLOITATION;90kV;Charente-Maritime
AIRVA;AIRVAULT;Poste de transformation;EN EXPLOITATION;225kV;Deux-Sèvres
ABLAI;ABLAINCOURT;Poste de transformation;EN EXPLOITATION;225kV;Somme
BOUFF;BOUFFERE;Poste de transformation;EN EXPLOITATION;90kV;Loire-Atlantique
AMILL;AMILLY;Poste de transformation;EN EXPLOITATION;90kV;Loiret
ANGE5;ANGELIN;Poste de transformation;EN EXPLOITATION;45kV;Savoie
ARQUE;ARQUES;Poste de transformation;EN EXPLOITATION;90kV;Pas-de-Calais
ARRAS;ARRAS;Poste de transformation;EN EXPLOITATION;90kV;Pas-de-Calais
LUXEU;LUXEUIL;Poste de transformation;EN EXPLOITATION;63kV;Haute-Saône
ARTOU;ARTOUSTE;Poste de transformation;EN EXPLOITATION;63kV;Pyrénées-Atlantiques
SSJOS;ST-JOSEPH;Poste de transformation;EN EXPLOITATION;225kV;Loire-Atlantique
HOUCH;HOUCHARDE(LA);Poste de transformation;EN EXPLOITATION;90kV;Vienne
KERBI;KERBILIGUET;Poste de transformation;EN EXPLOITATION;63kV;Finistère
GAUCH;GAUCHET (LE);Poste de transformation;EN EXPLOITATION;90kV;Corrèze
B.LOM;BEAUMONT-DE-LOMAGNE;Poste de transformation;EN EXPLOITATION;63kV;Tarn-et-Garonne
DIEUP;DIEUPENTALE;Poste de transformation;EN EXPLOITATION;63kV;Tarn-et-Garonne
VEZIN;VEZINS;Poste de transformation;EN EXPLOITATION;90kV;Manche
ASPR5;ASPRES;Poste de transformation;EN EXPLOITATION;63kV;Pyrénées-Orientales
ESQUE;ESQUERCHIN;Poste de transformation;EN EXPLOITATION;90kV;Pas-de-Calais
AUZER;AUZERETTE;Poste de transformation;EN EXPLOITATION;90kV;Cantal
BIRON;BIRON;Poste de transformation;EN EXPLOITATION;90kV;Essonne
GETEU;GETEU;Poste de transformation;EN EXPLOITATION;63kV;Pyrénées-Atlantiques
BAIGT;BAIGTS;Poste de transformation;EN EXPLOITATION;63kV;Pyrénées-Atlantiques
L.DEL;LILLE-DELIVRANCE;Poste de transformation;EN EXPLOITATION;225kV;Nord
GORR6;GORRE (SETHELEC);Poste de transformation;EN EXPLOITATION;90kV;Charente
HALLE;HALLES;Poste de transformation;EN EXPLOITATION;225kV;Paris
FAYMO;FAYMOREAU;Poste de transformation;EN EXPLOITATION;90kV;Vendée
PINIE;PINIER (LE);Poste de transformation;EN EXPLOITATION;90kV;Charente-Maritime
HERB5;HERBETTE (L);Poste de transformation;EN EXPLOITATION;63kV;Isère
HERMI;HERMILLON;Poste de transformation;EN EXPLOITATION;225kV;Savoie
GOURN;GOURNAY;Poste de transformation;EN EXPLOITATION;63kV;Seine-Maritime
GRANG;GRANGE (LA);Poste de transformation;EN EXPLOITATION;63kV;Saône-et-Loire
GUIGN;GUIGNICOURT;Poste de transformation;EN EXPLOITATION;63kV;Aisne
HAVR5;HAVRE (LE) (POSTE);Poste de transformation;EN EXPLOITATION;400kV;
HURTE;HURTEBISE;Poste de transformation;EN EXPLOITATION;63kV;Nord
BRIZE;BRIZEAUX (LES);Poste de transformation;EN EXPLOITATION;225kV;Deux-Sèvres
GRISO;GRISOLLES;Poste de transformation;EN EXPLOITATION;225kV;Hautes-Alpes
ARGON;ARGONAY;Poste de transformation;EN EXPLOITATION;63kV;Haute-Savoie
MENUE;MENUEL;Poste de transformation;EN EXPLOITATION;400kV;Manche
HESDI;HESDIN;Poste de transformation;EN EXPLOITATION;90kV;Pas-de-Calais
I.JOU;ISLE-JOURDAIN (MILLAC);Poste de transformation;EN EXPLOITATION;90kV;Vienne
SIGNE;SIGNES;Poste de transformation;EN EXPLOITATION;63kV;Var
SOUR5;SOURCE;Poste de transformation;EN EXPLOITATION;90kV;Loiret
B.TOL;BOIS-TOLLOT;Poste de transformation;EN EXPLOITATION;400kV;Ain
BELNE;BELNEUF;Poste de transformation;EN EXPLOITATION;90kV;Loiret
ZLOCQ;PIQUAGE A PLAUDREN (LOCQUELTAS);Point de piquage;EN EXPLOITATION;63kV;Morbihan
ZPELT;PIQUAGE A PELTRE;Point de piquage;EN EXPLOITATION;225kV;Moselle
SSVIL;ST-ILLIERS-LA-VILLE;Poste de transformation;EN EXPLOITATION;90kV;Yvelines
TERR5;TERRIMBO;Poste de transformation;EN EXPLOITATION;63kV;Pyrénées-Orientales
BENFE;BENFELD;Poste de transformation;EN EXPLOITATION;63kV;Bas-Rhin
BENS;BENS (LE);Poste de transformation;EN EXPLOITATION;63kV;Savoie
BIGNA;BIGNAN;Poste de transformation;EN EXPLOITATION;63kV;Morbihan
GONNE;GONNEVILLE;Poste de transformation;EN EXPLOITATION;90kV;Seine-Maritime
M.MAU;MELLES-SUR-MAUDAN;Poste de transformation;EN EXPLOITATION;63kV;Haute-Garonne
SIONI;SIONIAC;Poste de transformation;EN EXPLOITATION;63kV;Corrèze
SORIG;SORIGNY;Poste de transformation;EN EXPLOITATION;90kV;Indre-et-Loire
FOUR5;FOURMIES (CLIENT);Poste de transformation;EN EXPLOITATION;63kV;Aisne
FRON5;FRONTENAUD;Poste de transformation;EN EXPLOITATION;63kV;Saône-et-Loire
G.MAR;GRANGES-STE-MARIE;Poste de transformation;EN EXPLOITATION;63kV;Doubs
G.VIO;GRANDS-VIOLETS;Poste de transformation;EN EXPLOITATION;63kV;Rhône
SUIS5;SUISSE;Poste de transformation;EN EXPLOITATION;225kV;Moselle
SARR5;SARRE;Poste de transformation;EN EXPLOITATION;225kV;Puy-de-Dôme
RHENA;RHENALU;Poste de transformation;EN EXPLOITATION;225kV;Haut-Rhin
PANO5;PANOUSE (LA);Poste de transformation;EN EXPLOITATION;63kV;Lozère
RANDE;RANDENS;Poste de transformation;EN EXPLOITATION;225kV;Savoie
1MTER;MONTEREAU /CHESNOY 5KV;Poste de transformation;EN EXPLOITATION;<45kV;Seine-et-Marne
VIREU;VIREUX;Poste de transformation;EN EXPLOITATION;63kV;
GAMBE;GAMBETTA;Poste de transformation;EN EXPLOITATION;225kV;Paris
GARD9;GARDES (LES);Poste de transformation;EN EXPLOITATION;90kV;Indre-et-Loire
GARGE;GARGENVILLE;Poste de transformation;EN EXPLOITATION;63kV;Yvelines
GERAR;GERARDMER;Poste de transformation;EN EXPLOITATION;63kV;Vosges
GERMI;GERMIGNY;Poste de transformation;EN EXPLOITATION;63kV;Yonne
GERST;GERSTHEIM;Poste de transformation;EN EXPLOITATION;225kV;Bas-Rhin
AYTRE;AYTRE;Poste de transformation;EN EXPLOITATION;90kV;
PAUIL;PAUILLAC;Poste de transformation;EN EXPLOITATION;63kV;Gironde
JALLI;JALLIEU;Poste de transformation;EN EXPLOITATION;63kV;Isère
SSLEO;ST-POL-DE-LEON;Poste de transformation;EN EXPLOITATION;63kV;Finistère
SSLON;ST-MARTIN-DE-LONDRES;Poste de transformation;EN EXPLOITATION;63kV;Hérault
ZSSL7;PIQUAGE A SAINT-LAURENT;Point de piquage;EN EXPLOITATION;225kV;Ille-et-Vilaine
ORVAU;ORVAULT;Poste de transformation;EN EXPLOITATION;225kV;Loire-Atlantique
ZTONN;PIQUAGE TONNERRE;Point de piquage;EN EXPLOITATION;225kV;Yonne
GLORI;GLORIA;Poste de transformation;EN EXPLOITATION;63kV;Bouches-du-Rhône
GRAVE;GRAVELINES;Poste de transformation;EN EXPLOITATION;90kV;Pas-de-Calais
GUINE;GUINEBERT;Poste de transformation;EN EXPLOITATION;63kV;Seine-et-Marne
FALLO;FALLOU;Poste de transformation;EN EXPLOITATION;63kV;Yvelines
LERE;LERE;Poste de transformation;EN EXPLOITATION;63kV;Tarn-et-Garonne
KERBA;KERBACH;Poste de transformation;EN EXPLOITATION;63kV;Moselle
SEVER;SEVERAC-LE-CHATEAU;Poste de transformation;EN EXPLOITATION;63kV;Aveyron
ZTRIN;TRINI / SSMRI ZP.F5 1;Point de piquage;EN EXPLOITATION;63kV;Isère
MONDI;MONDION;Poste de transformation;EN EXPLOITATION;225kV;Vienne
ZV.PA;PIQUAGE A RIEUX;Point de piquage;EN EXPLOITATION;63kV;Oise
ZORVA;PIQUAGE A ORVAULT;Point de piquage;EN EXPLOITATION;225kV;Loire-Atlantique
ZOZ;OZ / SSGUI VERN7 1;Point de piquage;EN EXPLOITATION;63kV;Isère
ZPOIS;PIQUAGE POISEUL;Point de piquage;EN EXPLOITATION;63kV;Côte-d'Or
A.BAI;AIX-LES-BAINS;Poste de transformation;EN EXPLOITATION;63kV;Savoie
SSSAV;ST-SAVIOL;Poste de transformation;EN EXPLOITATION;90kV;Deux-Sèvres
SSSIX;ST-JEAN-DE-SIXT;Poste de transformation;EN EXPLOITATION;63kV;Haute-Savoie
MULHO;MULHOUSE;Poste de transformation;EN EXPLOITATION;63kV;Haut-Rhin
NANTE;NANTERRE (EDF);Poste de transformation;EN EXPLOITATION;225kV;Yvelines
PRAL5;PRALONG;Poste de transformation;EN EXPLOITATION;225kV;Hautes-Alpes
MIGOE;MIGOELOU;Poste de transformation;EN EXPLOITATION;150kV;Pyrénées-Atlantiques
MEZE5;MEZEROLLES;Poste de transformation;EN EXPLOITATION;400kV;Yvelines
POMPA;POMPADOUR;Poste de transformation;EN EXPLOITATION;63kV;Val-de-Marne
GUEUG;GUEUGNON;Poste de transformation;EN EXPLOITATION;225kV;Saône-et-Loire
JALIS;JALIS;Poste de transformation;EN EXPLOITATION;225kV;Gers
SAONN;SAONNET;Poste de transformation;EN EXPLOITATION;90kV;Calvados
M.SEN;MIRAMONT-SENSACQ;Poste de transformation;EN EXPLOITATION;63kV;Landes
ORCH5;ORCHIDEES (LES);Poste de transformation;EN EXPLOITATION;90kV;Cher
OUDON;OUDON;Poste de transformation;EN EXPLOITATION;400kV;Ille-et-Vilaine
G.HAY;GRANDE-HAYE (LA);Poste de transformation;EN EXPLOITATION;90kV;Ille-et-Vilaine
RUPER;RUPEREUX;Poste de transformation;EN EXPLOITATION;63kV;Seine-et-Marne
P.GAS;PLESSIS-GASSOT;Poste de transformation;EN EXPLOITATION;400kV;Val-d'Oise
FLAMI;FLAMINA;Poste de transformation;EN EXPLOITATION;63kV;Puy-de-Dôme
SSHE8;ST-HERBLAIN;Poste de transformation;EN EXPLOITATION;63kV;Loire-Atlantique
PERTR;PERTRE (LE);Poste de transformation;EN EXPLOITATION;225kV;Ille-et-Vilaine
BUTTE;BUTTE;Poste de transformation;EN EXPLOITATION;90kV;Ille-et-Vilaine
P.DEM;PONT-DES-DEMOISELLES;Poste de transformation;EN EXPLOITATION;63kV;Haute-Garonne
MTAGN;MONTAGNY (LES BEAUNE);Poste de transformation;EN EXPLOITATION;63kV;Côte-d'Or
P.RHO;PORT-ST-LOUIS-DU-RHONE;Poste de transformation;EN EXPLOITATION;63kV;Bouches-du-Rhône
KERAN;KERANGALL;Poste de transformation;EN EXPLOITATION;63kV;Finistère
L.ATH;LICQ-ATHEREY;Poste de transformation;EN EXPLOITATION;63kV;Pyrénées-Atlantiques
RENAR;RENARDIERES (LES);Poste de transformation;EN EXPLOITATION;400kV;Seine-et-Marne
RIBEA;RIBEAUVILLE;Poste de transformation;EN EXPLOITATION;63kV;Haut-Rhin
MAINT;MAINTENON;Poste de transformation;EN EXPLOITATION;90kV;Eure-et-Loir
BZGUE;BOURGUEIL;Poste de transformation;EN EXPLOITATION;90kV;Indre-et-Loire
CSLLE;CASTELLET (LE);Poste de transformation;EN EXPLOITATION;225kV;Bouches-du-Rhône
ADAST;PORTIQUE S5 (ADAST);Poste de transformation;EN EXPLOITATION;63kV;Hautes-Pyrénées
CAMBE;CAMBEYRAC;Poste de transformation;EN EXPLOITATION;63kV;Aveyron
ZBLO2;BLO.N / VALL5 VLERB 2;Point de piquage;EN EXPLOITATION;90kV;Loir-et-Cher
ZC.NO;PIQUAGE A LA CARNEILLE;Point de piquage;EN EXPLOITATION;90kV;Orne
ZCA10;CAMP / P.ORG ZCAVA 1;Point de piquage;EN EXPLOITATION;63kV;Bouches-du-Rhône
ZCAI6;PIQUAGE A CAIRAC;Point de piquage;EN EXPLOITATION;63kV;Aude
H.SAN;HANGEST-EN-SANTERRE;Poste de transformation;EN EXPLOITATION;63kV;Somme
MOLL5;MOLLETTES (LES);Poste de transformation;EN EXPLOITATION;225kV;Isère
PUTTE;PUTTELANGE;Poste de transformation;EN EXPLOITATION;63kV;Moselle
Q.CRO;QUATRE CROIX;Poste de transformation;EN EXPLOITATION;63kV;Loiret
ZBASS;PIQUAGE BASSENS (LIAISON BACALZ31MQIS );Point de piquage;EN EXPLOITATION;63kV;Gironde
PERRO;PERROTINS (LES);Poste de transformation;EN EXPLOITATION;90kV;Charente
PLAIS;PLAISANCE;Poste de transformation;EN EXPLOITATION;225kV;Seine-Saint-Denis
BORD6;BORDES (TURBOMECA);Poste de transformation;EN EXPLOITATION;63kV;Pyrénées-Atlantiques
PALUE;PALUEL;Poste de transformation;EN EXPLOITATION;400kV;
ETIVA;ETIVAL;Poste de transformation;EN EXPLOITATION;225kV;Vosges
TANNI;TANNIN;Poste de transformation;EN EXPLOITATION;90kV;Charente
LACQ5;LACQ ( E.A.E.P.F.);Poste de transformation;EN EXPLOITATION;63kV;Pyrénées-Atlantiques
RUIRE;RUIRES (LES);Poste de transformation;EN EXPLOITATION;63kV;Isère
ZFIE5;FIER / CHAV6 ZMEYT 1;Point de piquage;EN EXPLOITATION;63kV;Haute-Savoie
ZGIEN;GIEN / GARCH TABAR 1;Point de piquage;EN EXPLOITATION;225kV;Loiret
PAREN;PARENTIS;Poste de transformation;EN EXPLOITATION;63kV;Landes
PASIP;PASIPHAE;Poste de transformation;EN EXPLOITATION;63kV;Val-de-Marne
GOULA;GOULAINE;Poste de transformation;EN EXPLOITATION;90kV;Loire-Atlantique
GOUZO;GOUZON;Poste de transformation;EN EXPLOITATION;63kV;Creuse
GRAVA;GRAVANCHES;Poste de transformation;EN EXPLOITATION;63kV;Puy-de-Dôme
GREVA;GREVAUX (LES);Poste de transformation;EN EXPLOITATION;90kV;Nord
GRIMA;GRIMAUDIERE (LA);Poste de transformation;EN EXPLOITATION;90kV;Vienne
GRIPO;GRIPOY;Poste de transformation;EN EXPLOITATION;90kV;Loiret
BREAU;BREAU;Poste de transformation;EN EXPLOITATION;225kV;Yonne
I.NAN;ILE-DE-NANTES;Poste de transformation;EN EXPLOITATION;63kV;Loire-Atlantique
VERR5;VERRERIE (LA);Poste de transformation;EN EXPLOITATION;225kV;Var
E.RHO;ETOILE-SUR-RHONE;Poste de transformation;EN EXPLOITATION;225kV;Drôme
RAN.P;RANCE-POSTE;Poste de transformation;EN EXPLOITATION;225kV;Ille-et-Vilaine
BUIS;BUIS (LES);Poste de transformation;EN EXPLOITATION;90kV;Cher
CHAP5;CHAPELLE (LA) (AUX NAUX);Poste de transformation;EN EXPLOITATION;90kV;Indre-et-Loire
ZCARR;PIQUAGE LES CARRES A MARCOUSSIS (ZCARR);Point de piquage;EN EXPLOITATION;225kV;Essonne
ZCON5;CONTR / S.CHE SOING 1;Point de piquage;EN EXPLOITATION;90kV;Loir-et-Cher
ZCZRI;CZRIE / CARVI HENIN 2;Point de piquage;EN EXPLOITATION;90kV;Pas-de-Calais
ZLIN7;PIQUAGE A LINAS (SECOURS);Point de piquage;ACCORD ADMINISTRATIF;225kV;Essonne
RABIO;RABION;Poste de transformation;EN EXPLOITATION;90kV;Charente
RAYNA;RAYNAUDS (LES);Poste de transformation;EN EXPLOITATION;63kV;Allier
ZBAIG;PIQUAGE BAIGTS (LIAISON ORTH5Z31PUYO5);Point de piquage;EN EXPLOITATION;63kV;Pyrénées-Atlantiques
ZBEN5;BENS / C.BAR F.FRA 1;Point de piquage;EN EXPLOITATION;63kV;Isère
ROUTY;ROUTY;Poste de transformation;ACCORD ADMINISTRATIF;400kV;Ardennes
FISME;FISMES;Poste de transformation;EN EXPLOITATION;63kV;Aisne
ZVERV;PALAN / AIGRE LUXE 1;Point de piquage;EN EXPLOITATION;90kV;Charente
ZVLAR;VLARD / BXFOR VEN.P 1;Point de piquage;EN EXPLOITATION;45kV;Savoie
PLOUV;PLOUVARA;Poste de transformation;EN EXPLOITATION;63kV;Côtes-d'Armor
PRAT5;PRAT (LE);Poste de transformation;EN EXPLOITATION;63kV;Allier
REVEN;REVENTIN;Poste de transformation;EN EXPLOITATION;63kV;Rhône
ANNEM;ANNEMASSE;Poste de transformation;EN EXPLOITATION;63kV;
APT;APT;Poste de transformation;EN EXPLOITATION;63kV;Vaucluse
ARENC;ARENC;Poste de transformation;EN EXPLOITATION;225kV;
ZMRN5;PIQUAGE MARTINERIE (LIAISON AURENZ41MAURE);Point de piquage;EN EXPLOITATION;90kV;Haute-Vienne
ZBORD;PIQUAGE BORDES (LIAISON LEDARZ31LESTE);Point de piquage;EN EXPLOITATION;63kV;Ariège
LONG7;LONGEVILLE;Poste de transformation;EN EXPLOITATION;90kV;Vendée
LOUBE;LOUBERT;Poste de transformation;EN EXPLOITATION;90kV;Charente
LOUVE;LOUVECIENNES;Poste de transformation;EN EXPLOITATION;63kV;Yvelines
QUAR5;QUARTES (POWEO);Poste de transformation;EN EXPLOITATION;225kV;Nord
ZLUDR;PIQUAGE A LUDRES (Ligne LANEUZ31LUDRE);Point de piquage;EN EXPLOITATION;63kV;Meurthe-et-Moselle
ZMRNE;PIQUAGE MARTINERIE (LIAISON CASSEZ41MAURE);Point de piquage;EN EXPLOITATION;90kV;Haute-Vienne
SALZU;SALZUIT;Poste de transformation;EN EXPLOITATION;63kV;Haute-Loire
PLANC;PLANCHAMP;Poste de transformation;EN EXPLOITATION;63kV;Lozère
ZBART;PIQUAGE BARTHE (LIAISON LANNEZ33SSLAR);Point de piquage;EN EXPLOITATION;63kV;Hautes-Pyrénées
ROU.N;ROUBAIX-NORD;Poste de transformation;EN EXPLOITATION;225kV;Nord
RUEYR;RUEYRES;Poste de transformation;EN EXPLOITATION;400kV;Aveyron
BXGEN;BEAUGENCY;Poste de transformation;EN EXPLOITATION;90kV;Loir-et-Cher
ZBXC5;PIQUAGE A BEAUCOUZE;Point de piquage;EN EXPLOITATION;90kV;Maine-et-Loire
ZC.L5;PIQUAGE CROIX-LEONARD (LIGNE N0 1);Point de piquage;EN EXPLOITATION;63kV;Saône-et-Loire
FESS5;FESSENHEIM (CENTRALE NUCLEAIRE);Poste de transformation;EN EXPLOITATION;400kV;Haut-Rhin
QUARE;QUAREZ;Poste de transformation;EN EXPLOITATION;225kV;Nord
PLOUG;PLOUGASTEL;Poste de transformation;EN EXPLOITATION;63kV;
FLAME;FLAMENGRIE;Poste de transformation;EN EXPLOITATION;225kV;Pas-de-Calais
RONCI;RONCIERE (LA);Poste de transformation;EN EXPLOITATION;63kV;Côte-d'Or
ROUGI;ROUGIER;Poste de transformation;EN EXPLOITATION;225kV;Gard
C.JAN;CAP JANET;Poste de transformation;EN EXPLOITATION;225kV;
ANDUZ;ANDUZE;Poste de transformation;EN EXPLOITATION;63kV;Gard
ARLY;ARLY;Poste de transformation;EN EXPLOITATION;63kV;Haute-Savoie
ZMOU7;MOUTI / CONTA VNOTA 1;Point de piquage;EN EXPLOITATION;63kV;Savoie
ZHESD;HESDI / FREVE SORRU 1;Point de piquage;EN EXPLOITATION;90kV;Pas-de-Calais
ZKERS;PIQUAGE A KERSULEC;Point de piquage;EN EXPLOITATION;63kV;Finistère
ZLA10;PIQUAGE LANTON (LIAISON LEGE Z31MASQU);Point de piquage;EN EXPLOITATION;63kV;Gironde
AVELI;AVELIN;Poste de transformation;EN EXPLOITATION;400kV;Nord
LINXE;LINXE;Poste de transformation;EN EXPLOITATION;63kV;Landes
GRAMO;GRAMONT;Poste de transformation;EN EXPLOITATION;225kV;Haute-Garonne
AVEZE;AVEZE;Poste de transformation;EN EXPLOITATION;63kV;Gard
AVREU;AVREUIL;Poste de transformation;EN EXPLOITATION;63kV;Aube
AUMON;AUMONE (L );Poste de transformation;EN EXPLOITATION;63kV;Haute-Savoie
B.ARC;BOURBON-L ARCHAMBAULT;Poste de transformation;EN EXPLOITATION;63kV;Allier
ZGUIS;PIQUAGE A LE GUISLAIN;Point de piquage;EN EXPLOITATION;90kV;Manche
MTRI5;MONTRICHARD;Poste de transformation;EN EXPLOITATION;90kV;Indre-et-Loire
MONDO;MONDOUBLEAU;Poste de transformation;EN EXPLOITATION;90kV;Loir-et-Cher
SEIGY;SEIGY;Poste de transformation;EN EXPLOITATION;90kV;Loir-et-Cher
TERTR;TERTRE;Poste de transformation;EN EXPLOITATION;90kV;Loir-et-Cher
DOGNE;DOGNEVILLE;Poste de transformation;EN EXPLOITATION;63kV;Vosges
SSREN;ST-RENAN;Poste de transformation;EN EXPLOITATION;63kV;Finistère
SSV.O;ST-VULBAS-OUEST;Poste de transformation;EN EXPLOITATION;400kV;Ain
SELTZ;SELTZ;Poste de transformation;EN EXPLOITATION;225kV;Bas-Rhin
SENNE;SENNECEY;Poste de transformation;EN EXPLOITATION;63kV;Saône-et-Loire
ZGAN5;PIQUAGE GANDRANGE;Point de piquage;EN EXPLOITATION;225kV;Moselle
ZGEN5;PIQUAGE A GENET;Point de piquage;EN EXPLOITATION;90kV;Maine-et-Loire
ZGYSS;PIQUAGE GYSSERIE;Point de piquage;EN EXPLOITATION;63kV;Jura
DOMEN;DOMENE;Poste de transformation;EN EXPLOITATION;63kV;Isère
ZJ.TO;J.TOU / LARCA SSCO7 1;Point de piquage;EN EXPLOITATION;90kV;Indre-et-Loire
ASTIL;ASTILLE;Poste de transformation;EN EXPLOITATION;90kV;Mayenne
ROESC;ROESCHWOOG;Poste de transformation;EN EXPLOITATION;63kV;Bas-Rhin
BARAG;BARAGARRY;Poste de transformation;EN EXPLOITATION;63kV;Pyrénées-Atlantiques
ASTON;ASTON;Poste de transformation;EN EXPLOITATION;225kV;Ariège
BELON;BELONIERE (LA);Poste de transformation;EN EXPLOITATION;90kV;Indre-et-Loire
ROUVE;ROUVERADE;Poste de transformation;EN EXPLOITATION;90kV;Corrèze
SEVE5;SEVERAC;Poste de transformation;EN EXPLOITATION;63kV;Morbihan
SEVRE;SEVRES;Poste de transformation;EN EXPLOITATION;225kV;Paris
AUBES;AUBES (LES);Poste de transformation;EN EXPLOITATION;63kV;Bouches-du-Rhône
HELLE;HELLEMMES;Poste de transformation;EN EXPLOITATION;225kV;Nord
SSBO5;ST-JEAN-DE-BOURNAY;Poste de transformation;EN EXPLOITATION;63kV;Isère
SSCO5;ST-GENIES-DE-COMOLAS;Poste de transformation;EN EXPLOITATION;63kV;Gard
HOERD;HOERDT;Poste de transformation;EN EXPLOITATION;63kV;Bas-Rhin
AVOIN;AVOINE;Poste de transformation;EN EXPLOITATION;225kV;Indre-et-Loire
ZMERO;MERON / DISTR THOUA 1;Point de piquage;EN EXPLOITATION;90kV;Maine-et-Loire
ZMTFE;MTFER / ANCIZ QUEUI 1;Point de piquage;EN EXPLOITATION;63kV;Puy-de-Dôme
BOOS;BOOS;Poste de transformation;EN EXPLOITATION;90kV;Seine-Maritime
B.BAI;BAINS-LES-BAINS;Poste de transformation;EN EXPLOITATION;63kV;Vosges
ZP.TR;PIQUAGE PONT TRINQUAT (LIAISON MTPELZ61SSCHR);Point de piquage;EN EXPLOITATION;225kV;Hérault
SSAMA;SAINT-AMAND-MONTROND;Poste de transformation;EN EXPLOITATION;90kV;Cher
BOSCH;BOSCHERVILLE;Poste de transformation;EN EXPLOITATION;225kV;Eure
ZSAB6;PIQUAGE A SABATOUSE;Point de piquage;EN EXPLOITATION;63kV;Haute-Garonne
FLAMA;FLAMANVILLE;Poste de transformation;EN EXPLOITATION;400kV;
FIRMI;FIRMINELLES;Poste de transformation;EN EXPLOITATION;63kV;Gard
ZLONG;PIQUAGE A RIVECOURT;Point de piquage;EN EXPLOITATION;63kV;Oise
ZRIC6;PIQUAGE RICHEBOURG A RICHEBOURG (ZRIC6);Point de piquage;EN EXPLOITATION;225kV;Eure-et-Loir
ZRICH;V.BRE / LARCA VALL5 1;Point de piquage;EN EXPLOITATION;90kV;Indre-et-Loire
HEINL;HEINLEX;Poste de transformation;EN EXPLOITATION;63kV;Loire-Atlantique
SSCYR;ST-CYR-SUR-MER;Poste de transformation;EN EXPLOITATION;63kV;Bouches-du-Rhône
JOUSS;JOUSSEAU;Poste de transformation;EN EXPLOITATION;90kV;Vienne
JUNIA;JUNIAT;Poste de transformation;EN EXPLOITATION;90kV;Haute-Vienne
AMPE5;AMPERE (VILLEFRANCHE-SUR-SAONE);Poste de transformation;EN EXPLOITATION;63kV;Rhône
AMPE7;AMPEREVIELLE;Poste de transformation;EN EXPLOITATION;63kV;Hautes-Pyrénées
TAUPI;TAUPINIERES (LES);Poste de transformation;EN EXPLOITATION;90kV;Marne
G.POR;GRAND-PORT;Poste de transformation;EN EXPLOITATION;225kV;Nord
F.GAL;FONTAINE-GALUCHE;Poste de transformation;EN EXPLOITATION;90kV;Marne
JARNA;JARNAC;Poste de transformation;EN EXPLOITATION;90kV;Charente
BOUI5;BOUILLENS;Poste de transformation;EN EXPLOITATION;63kV;Gard
BRIO6;BRIOUX-SUR-BOUTONNE;Poste de transformation;EN EXPLOITATION;225kV;Deux-Sèvres
1SSGO;ST-GOBAIN /GRAND-QUEVILLY;Poste de transformation;EN EXPLOITATION;<45kV;Seine-Maritime
ZC.CH;PIQUAGE A LA CONDAMINE;Point de piquage;EN EXPLOITATION;63kV;Alpes-de-Haute-Provence
ZMEES;PIQUAGE AUX MEES;Point de piquage;EN EXPLOITATION;225kV;Alpes-de-Haute-Provence
ZPEN5;PIQUAGE 2 AUX PENNES;Point de piquage;EN EXPLOITATION;63kV;Bouches-du-Rhône
ZT.SU;PIQUAGE A TORE SUPRA;Point de piquage;EN EXPLOITATION;400kV;Vaucluse
JAZEN;JAZENEUIL;Poste de transformation;EN EXPLOITATION;90kV;Deux-Sèvres
ZMAME;MAMER / COMM7 ZG.MO 1;Point de piquage;EN EXPLOITATION;90kV;Sarthe
OLLI5;OLLIERES;Poste de transformation;EN EXPLOITATION;225kV;Var
H.BOU;HORNOY-LE-BOURG;Poste de transformation;EN EXPLOITATION;225kV;Somme
QUEBE;QUEBEC;Poste de transformation;ACCORD ADMINISTRATIF;225kV;Essonne
G.OUC;GRANDE-OUCHE;Poste de transformation;EN EXPLOITATION;90kV;Maine-et-Loire
ZVICL;VICLA / BREVI MALGO 1;Point de piquage;EN EXPLOITATION;63kV;Savoie
ZTEMP;TEMP6 / SAUS2 SSMM5 1;Point de piquage;EN EXPLOITATION;45kV;Savoie
1LUZE;LUZENAC;Poste de transformation;EN EXPLOITATION;<45kV;Ariège
1ONER;ONERA /AVRIEUX 10KV;Poste de transformation;EN EXPLOITATION;<45kV;Savoie
TROUI;TROUILLAS;Poste de transformation;EN EXPLOITATION;63kV;Pyrénées-Orientales
USIN6;USINOR (SOLLAC A DUNKERQUE);Poste de transformation;EN EXPLOITATION;90kV;
ZPRAT;PRAT5 / MTLUC TEIL2 1;Point de piquage;EN EXPLOITATION;63kV;Allier
ZPROV;PIQUAGE PROVENCE A LES ULIS (ZPROV);Point de piquage;EN EXPLOITATION;90kV;Essonne
BRILL;BRILLANNE (LA);Poste de transformation;EN EXPLOITATION;63kV;Alpes-de-Haute-Provence
BXMET;BEAUMETTES (LES);Poste de transformation;EN EXPLOITATION;63kV;Vaucluse
BZSEU;BOURSEUL;Poste de transformation;EN EXPLOITATION;63kV;Côtes-d'Armor
ESSA5;ESSARTS;Poste de transformation;EN EXPLOITATION;90kV;Vendée
F.ALL;FOUX D ALLOS;Poste de transformation;EN EXPLOITATION;63kV;Alpes-de-Haute-Provence
CHAST;CHASTANG (LE);Poste de transformation;EN EXPLOITATION;225kV;Corrèze
BAUGE;BAUGE;Poste de transformation;EN EXPLOITATION;90kV;Maine-et-Loire
BERGH;BERGHOLZ;Poste de transformation;EN EXPLOITATION;225kV;Moselle
GAUVI;GAUVILLE;Poste de transformation;EN EXPLOITATION;225kV;Seine-Maritime
ISBE5;ISBERGUES (UGINE ACIERS) (225KV);Poste de transformation;EN EXPLOITATION;225kV;Pas-de-Calais
ZB.HA;PIQUAGE BASSE-HAM;Point de piquage;EN EXPLOITATION;225kV;Moselle
ZBRE6;PIQUAGE A BREVANS;Point de piquage;EN EXPLOITATION;63kV;Jura
ZBRUG;PIQUAGE BRUGALE (LIAISON L.CE1Z31LAVA2);Point de piquage;EN EXPLOITATION;63kV;Corrèze
ZBXRE;PIQUAGE BEAUREGARD (LIAISON BORIEZ41MTIGN);Point de piquage;EN EXPLOITATION;90kV;Corrèze
ZDUN;DUN / MAZIE ORCH5 1;Point de piquage;EN EXPLOITATION;90kV;Cher
JOINV;JOINVILLE;Poste de transformation;EN EXPLOITATION;63kV;Haute-Marne
JOUX;JOUX;Poste de transformation;EN EXPLOITATION;225kV;Rhône
ZF.MO;PIQUAGE FAUX-LA-MONTAGNE (LIAISON P.CHAZ41SSSET);Point de piquage;EN EXPLOITATION;90kV;Haute-Vienne
VAUGR;VAUGRIS (S.N.C.F.);Poste de transformation;EN EXPLOITATION;63kV;Rhône
TOURS;TOURS;Poste de transformation;EN EXPLOITATION;90kV;Indre-et-Loire
TRESC;TRESCLEOUX;Poste de transformation;EN EXPLOITATION;63kV;Hautes-Alpes
LANAU;LANAU;Poste de transformation;EN EXPLOITATION;225kV;Cantal
LAND5;LANDROFF;Poste de transformation;EN EXPLOITATION;63kV;Moselle
SSMIN;STE-MARIE-AUX-MINES;Poste de transformation;EN EXPLOITATION;63kV;Vosges
V.JUH;VILLAINES-LA-JUHEL;Poste de transformation;EN EXPLOITATION;90kV;Mayenne
TAILL;TAILLIS;Poste de transformation;EN EXPLOITATION;63kV;Seine-et-Marne
COLO5;COLOMIERS;Poste de transformation;EN EXPLOITATION;63kV;Haute-Garonne
RUMIN;RUMINGHEM;Poste de transformation;EN EXPLOITATION;225kV;Pas-de-Calais
SSYOR;ST-YORRE;Poste de transformation;EN EXPLOITATION;63kV;Allier
T.NO6;TERRES-NOIRES (RFF A VILLEFRANCHE SUR CHER );Poste de transformation;EN EXPLOITATION;225kV;Loir-et-Cher
1P.CL;PONT-DE-CLAIX /CHAMPAGNIE;Poste de transformation;EN EXPLOITATION;<45kV;Isère
KEROL;KEROLAY;Poste de transformation;EN EXPLOITATION;63kV;Morbihan
FORBA;FORBACH;Poste de transformation;EN EXPLOITATION;63kV;
ZCAM8;PIQUAGE CAMPAGNE (LIAISON MAUZAZ31SARLA);Point de piquage;EN EXPLOITATION;63kV;Dordogne
TAVEL;TAVEL;Poste de transformation;EN EXPLOITATION;400kV;Gard
ZCHAT;PIQUAGE CHATRE (LIAISON CTLUSZ41MAURE);Point de piquage;EN EXPLOITATION;90kV;Haute-Vienne
ZCOMT;COMTA / CARPE TRAVA 1;Point de piquage;EN EXPLOITATION;63kV;Vaucluse
BATZE;BATZENDORF;Poste de transformation;EN EXPLOITATION;225kV;Bas-Rhin
ZEST6;PIQUAGE A ESTANCARBON;Point de piquage;EN EXPLOITATION;63kV;Haute-Garonne
LANCE;LANCEY;Poste de transformation;EN EXPLOITATION;63kV;Isère
LANN7;LANNEMEZAN (S.N.C.F.);Poste de transformation;EN EXPLOITATION;63kV;Hautes-Pyrénées
LARRI;LARRIS (LES);Poste de transformation;EN EXPLOITATION;63kV;Seine-et-Marne
MAINV;MAINVILLIERS;Poste de transformation;EN EXPLOITATION;90kV;Eure-et-Loir
COMB7;COMBES(LES);Poste de transformation;EN EXPLOITATION;90kV;Charente
ORAN6;ORANGE;Poste de transformation;EN EXPLOITATION;63kV;Vaucluse
GAMPA;GAMPALOUP;Poste de transformation;EN EXPLOITATION;225kV;Isère
MARL8;MARLY;Poste de transformation;EN EXPLOITATION;63kV;Moselle
LAUZ5;LAUZE;Poste de transformation;EN EXPLOITATION;63kV;Isère
HOLQU;HOLQUE;Poste de transformation;EN EXPLOITATION;225kV;Pas-de-Calais
MACON;MACON;Poste de transformation;EN EXPLOITATION;225kV;Saône-et-Loire
RIGOT;RIGOTTE (LA);Poste de transformation;EN EXPLOITATION;225kV;Haute-Marne
ZSEMB;SEMBL / CHAN5 COUE5 1;Point de piquage;EN EXPLOITATION;90kV;Indre-et-Loire
ZSERV;PIQUAGE A ACIGNE (SERVON);Point de piquage;EN EXPLOITATION;90kV;Ille-et-Vilaine
ZTHIB;PIQUAGE A THIBAUDIERE;Point de piquage;EN EXPLOITATION;90kV;Vendée
PRODA;PRODAIR (BEAUVAIS);Poste de transformation;EN EXPLOITATION;63kV;Oise
BAZAN;BAZANCOURT;Poste de transformation;EN EXPLOITATION;63kV;Marne
LAURE;LAURE;Poste de transformation;EN EXPLOITATION;63kV;Bouches-du-Rhône
LAZAR;LAZARET (LE);Poste de transformation;EN EXPLOITATION;63kV;Gironde
LECER;LECERF;Poste de transformation;EN EXPLOITATION;90kV;Eure
G.PAR;GRANDE-PAROISSE;Poste de transformation;EN EXPLOITATION;63kV;Seine-et-Marne
GEDRE;GEDRE;Poste de transformation;EN EXPLOITATION;63kV;Hautes-Pyrénées
GOUR6;GOURDON (CLIENT);Poste de transformation;EN EXPLOITATION;63kV;Lot
P.CL5;PONT DE CLAIX;Poste de transformation;EN EXPLOITATION;63kV;Isère
MAROU;MAROUE;Poste de transformation;EN EXPLOITATION;63kV;Côtes-d'Armor
LOCHE;LOCHES;Poste de transformation;EN EXPLOITATION;90kV;Indre-et-Loire
MIZOE;MIZOEN;Poste de transformation;EN EXPLOITATION;63kV;Isère
SAULE;SAULES;Poste de transformation;EN EXPLOITATION;225kV;Yvelines
RABAT;RABATAU;Poste de transformation;EN EXPLOITATION;225kV;
TUPIG;TUPIGNY;Poste de transformation;EN EXPLOITATION;63kV;Aisne
MOLLE;MOLLEPIERRE;Poste de transformation;EN EXPLOITATION;63kV;Côte-d'Or
M.JUL;MOTTE-JULIENNE (LA);Poste de transformation;EN EXPLOITATION;90kV;Nord
REALT;REALTOR;Poste de transformation;EN EXPLOITATION;400kV;Bouches-du-Rhône
ZVAL1;PIQUAGE A VALIN;Point de piquage;EN EXPLOITATION;63kV;Bouches-du-Rhône
THORI;THORIGNE;Poste de transformation;EN EXPLOITATION;90kV;Maine-et-Loire
DUVIG;DUVIGNEAU;Poste de transformation;EN EXPLOITATION;225kV;
VASTO;VASTON;Poste de transformation;EN EXPLOITATION;90kV;Calvados
VAUBA;VAUBAN;Poste de transformation;EN EXPLOITATION;90kV;Nord
A.NOU;ASNIERES-SUR-NOUERE;Poste de transformation;EN EXPLOITATION;225kV;Charente
NAY;NAY;Poste de transformation;EN EXPLOITATION;63kV;Pyrénées-Atlantiques
OBERH;OBERHOFFEN;Poste de transformation;EN EXPLOITATION;63kV;Bas-Rhin
VENTA;VENTAVON;Poste de transformation;EN EXPLOITATION;63kV;Hautes-Alpes
VIDAU;VIDAUBAN;Poste de transformation;EN EXPLOITATION;63kV;Var
MOUIL;MOUILLONNE (LA);Poste de transformation;EN EXPLOITATION;63kV;Haute-Garonne
MOURE;MOUREMBOZ;Poste de transformation;EN EXPLOITATION;63kV;Doubs
MOUZ5;MOUZON (PORTIQUE);Poste de transformation;EN EXPLOITATION;63kV;Ardennes
ZLACA;PIQUAGE A LACALM;Point de piquage;EN EXPLOITATION;225kV;Tarn
ZFONC;PIQUAGE A FONCROSE;Point de piquage;EN EXPLOITATION;225kV;Gironde
VENT5;RINGO-VENTAVON;Poste de transformation;EN EXPLOITATION;63kV;Hautes-Alpes
MUR;MUR (-DE-BRETAGNE);Poste de transformation;EN EXPLOITATION;225kV;Morbihan
TONN5;TONNEINS;Poste de transformation;EN EXPLOITATION;63kV;Lot-et-Garonne
LEDAR;LEDAR;Poste de transformation;EN EXPLOITATION;63kV;Ariège
BORD5;BORDES;Poste de transformation;EN EXPLOITATION;63kV;Ariège
ARVAN;ARVAN;Poste de transformation;EN EXPLOITATION;45kV;Savoie
SSAVR;ST-AVRE;Poste de transformation;EN EXPLOITATION;45kV;Savoie
GLAND;GLANDON;Poste de transformation;EN EXPLOITATION;45kV;Savoie
FAGNI;FAGNIERES;Poste de transformation;EN EXPLOITATION;63kV;Marne
H.DIE;HOTEL-DIEU;Poste de transformation;EN EXPLOITATION;225kV;Seine-Maritime
AVENN;AVENNES (LES);Poste de transformation;ACCORD ADMINISTRATIF;225kV;Aisne
ARGI5;ARGIA;Poste de transformation;EN EXPLOITATION;HORS TENSION;Pyrénées-Atlantiques
ZP.CA;PIQUAGE-A-PRADE-DE-CAUSSANUS;Point de piquage;EN EXPLOITATION;63kV;Aveyron
ZBOUS;PIQUAGE BOUSSENS (LIAISON MANCIZ31PALAM);Point de piquage;EN EXPLOITATION;63kV;Haute-Garonne
HOQUI;HOQUINS (LES);Poste de transformation;ACCORD ADMINISTRATIF;225kV;Aisne
BERG5;BERGERAC (DISTRIBUTEUR);Poste de transformation;EN EXPLOITATION;63kV;Dordogne
BEFFE;BEFFES;Poste de transformation;EN EXPLOITATION;63kV;Cher
BARTH;BARTHE (LA);Poste de transformation;EN EXPLOITATION;63kV;Hautes-Pyrénées
B.BER;BOIS-BERNARD;Poste de transformation;ACCORD ADMINISTRATIF;225kV;Pas-de-Calais
CHARE;CHARENTON;Poste de transformation;EN EXPLOITATION;225kV;Paris
MTELI;MONTELIMAR;Poste de transformation;EN EXPLOITATION;63kV;Ardèche
LISSE;LISSES;Poste de transformation;EN EXPLOITATION;225kV;Essonne
MARLE;MARLE;Poste de transformation;EN EXPLOITATION;90kV;Aisne
C.NEU;COUPELLE-NEUVE;Poste de transformation;EN EXPLOITATION;90kV;Pas-de-Calais
PELAD;PELADE;Poste de transformation;EN EXPLOITATION;225kV;Var
BERG7;BERGERIE (LA);Poste de transformation;EN EXPLOITATION;63kV;Var
CXFFA;CHAUFFAILLES;Poste de transformation;EN EXPLOITATION;63kV;Saône-et-Loire
TRUEL;TRUEL (LE);Poste de transformation;EN EXPLOITATION;63kV;Aveyron
COCHE;COCHE (LA);Poste de transformation;EN EXPLOITATION;400kV;Savoie
POUGE;POUGET (LE);Poste de transformation;EN EXPLOITATION;225kV;Aveyron
FREIG;FREIGNE;Poste de transformation;EN EXPLOITATION;90kV;Loire-Atlantique
BORDE;BORDERES;Poste de transformation;EN EXPLOITATION;63kV;Hautes-Pyrénées
GENTI;GENTILLE (LA);Poste de transformation;EN EXPLOITATION;63kV;Haute-Garonne
HAGUE;HAGUE (LA);Poste de transformation;EN EXPLOITATION;90kV;
AUBET;AUBETTE;Poste de transformation;EN EXPLOITATION;225kV;Bouches-du-Rhône
CTAUB;CHATEAUBRIANT;Poste de transformation;EN EXPLOITATION;90kV;Loire-Atlantique
PENC5;PENCHARD;Poste de transformation;EN EXPLOITATION;400kV;Seine-et-Marne
AMPLE;AMPLEPUIS;Poste de transformation;EN EXPLOITATION;63kV;Rhône
SEGRE;SEGRE;Poste de transformation;EN EXPLOITATION;90kV;Maine-et-Loire
GUCHE;GUCHEN;Poste de transformation;EN EXPLOITATION;63kV;Hautes-Pyrénées
LABAR;LABARDE;Poste de transformation;EN EXPLOITATION;63kV;Gironde
VINCE;VINCEY;Poste de transformation;EN EXPLOITATION;400kV;Vosges
LOUD5;LOUDENVIELLE (PORTIQUE);Poste de transformation;EN EXPLOITATION;63kV;Hautes-Pyrénées
PREUI;PREUILLY;Poste de transformation;EN EXPLOITATION;90kV;Indre-et-Loire
SSELO;ST-ELOI;Poste de transformation;EN EXPLOITATION;400kV;Nièvre
RAGEA;RAGEAT (LA);Poste de transformation;EN EXPLOITATION;63kV;Savoie
CRENE;CRENEY;Poste de transformation;EN EXPLOITATION;225kV;Aube
H.VIE;HERIE-LA-VIEVILLE (LE);Poste de transformation;EN EXPLOITATION;225kV;Aisne
JOURD;JOURDANIE (LA);Poste de transformation;EN EXPLOITATION;63kV;Aveyron
CORIO;CORIOLIS;Poste de transformation;EN EXPLOITATION;225kV;Paris
MEYTH;MEYTHET;Poste de transformation;EN EXPLOITATION;63kV;Haute-Savoie
SAVE5;SAVERDUN;Poste de transformation;EN EXPLOITATION;63kV;Ariège
NEVER;NEVERS;Poste de transformation;EN EXPLOITATION;63kV;Nièvre
AGUES;AGUESSAC;Poste de transformation;EN EXPLOITATION;63kV;Aveyron
CREI5;CREIL (RFF);Poste de transformation;EN EXPLOITATION;225kV;Oise
HYPER;HYPERCOURT;Poste de transformation;EN EXPLOITATION;63kV;Somme
MTREJ;MONTREJEAU;Poste de transformation;EN EXPLOITATION;63kV;Hautes-Pyrénées
BETOU;BETOUS;Poste de transformation;ACCORD ADMINISTRATIF;225kV;Bouches-du-Rhône
SSLAR;ST-LARY;Poste de transformation;EN EXPLOITATION;63kV;Hautes-Pyrénées
CIBLE;CIBLE (LA);Poste de transformation;ACCORD ADMINISTRATIF;90kV;Indre
VENUS;VENUS;Poste de transformation;ACCORD ADMINISTRATIF;225kV;Nord
VERQU;VERQUIGNEUL;Poste de transformation;EN EXPLOITATION;90kV;Pas-de-Calais
GESS2;GESSE (USINE GEH);Poste de transformation;EN EXPLOITATION;63kV;Aude
S.SAB;SAUT-DE-SABO;Poste de transformation;EN EXPLOITATION;63kV;Tarn
L.INA;LABARTHE-INARD;Poste de transformation;EN EXPLOITATION;63kV;Haute-Garonne
ZVOUZ;PIQUAGE-A-VOUZON;Point de piquage;EN EXPLOITATION;90kV;Loir-et-Cher
ZANCI;PIQUAGE AUX ANCIZES;Point de piquage;EN EXPLOITATION;225kV;Puy-de-Dôme
CORD6;CORDES;Poste de transformation;EN EXPLOITATION;63kV;Tarn
GUISL;GUISLAIN (LE);Poste de transformation;EN EXPLOITATION;90kV;Manche
N.ERD;NORT-SUR-ERDRE;Poste de transformation;EN EXPLOITATION;90kV;Loire-Atlantique
COUDR;COUDRAIE;Poste de transformation;EN EXPLOITATION;90kV;Orne
PENLY;PENLY (POSTE CENTRALE);Poste de transformation;EN EXPLOITATION;400kV;
SSFL7;ST-FLOUR (CLIENT);Poste de transformation;EN EXPLOITATION;63kV;Cantal
BAUMO;BAUMONT;Poste de transformation;EN EXPLOITATION;63kV;Doubs
CROUX;CROUX (LA);Poste de transformation;EN EXPLOITATION;63kV;Tarn
REALM;REALMONT;Poste de transformation;EN EXPLOITATION;63kV;Tarn
D.GAR;DEUVE GARBE;Poste de transformation;EN EXPLOITATION;225kV;Pas-de-Calais
COSNE;COSNE;Poste de transformation;EN EXPLOITATION;63kV;Cher
MAUZA;MAUZAC;Poste de transformation;EN EXPLOITATION;63kV;Dordogne
CAUD5;CAUDEBECQUET;Poste de transformation;EN EXPLOITATION;90kV;Seine-Maritime
SSCE5;SAINT-LAURENT-DE-CERIS;Poste de transformation;ACCORD ADMINISTRATIF;90kV;Charente
ZM.TO;PIQUAGE A MARTRES-TOLOSANE;Point de piquage;EN EXPLOITATION;63kV;Haute-Garonne
LARDI;LARDIT;Poste de transformation;EN EXPLOITATION;225kV;Aveyron
SORNA;SORNAT;Poste de transformation;EN EXPLOITATION;63kV;Allier
SQUIV;SQUIVIDAN;Poste de transformation;EN EXPLOITATION;225kV;Finistère
ANSTA;ANSTAING;Poste de transformation;EN EXPLOITATION;90kV;Nord
SSCOR;ST-ANDRE-DE-CORCY;Poste de transformation;EN EXPLOITATION;63kV;Ain
SSDIZ;ST-DIZIER;Poste de transformation;EN EXPLOITATION;63kV;Haute-Marne
SSFER;ST-FERJEUX;Poste de transformation;EN EXPLOITATION;63kV;Doubs
SSFIA;ST-FIACRE;Poste de transformation;EN EXPLOITATION;63kV;Finistère
ZNAR5;PIQUAGE LUNES (LIAISON LIVIEZ31LUNES);Point de piquage;EN EXPLOITATION;63kV;Aude
ZNEGR;PIQUAGE NEGRESSE (LIAISON MOUSSZ31SSLUZ);Point de piquage;EN EXPLOITATION;63kV;
AVEIL;AVEILLANS (LES);Poste de transformation;EN EXPLOITATION;63kV;Pyrénées-Orientales
B.DUC;BAR-LE-DUC;Poste de transformation;EN EXPLOITATION;63kV;Meuse
LESTI;LESTIOU;Poste de transformation;EN EXPLOITATION;90kV;Loir-et-Cher
LONG4;LONGCHAMP PARIS;Poste de transformation;EN EXPLOITATION;225kV;Hauts-de-Seine
M.DEP;MARCEL-DEPREZ;Poste de transformation;EN EXPLOITATION;63kV;Isère
SSMEU;ST-MICHEL-SUR-MEURTHE;Poste de transformation;EN EXPLOITATION;63kV;Vosges
SSMM5;ST-MICHEL-DE-MAURIENNE (CLIENT);Poste de transformation;EN EXPLOITATION;45kV;Savoie
SSVIE;ST-PRIVAT-DES-VIEUX;Poste de transformation;EN EXPLOITATION;63kV;Gard
SSYMO;ST-VIGOR-D'YMONVILLE;Poste de transformation;EN EXPLOITATION;90kV;Seine-Maritime
STEA5;STEAM STE EXXON A PORT JEROME;Poste de transformation;EN EXPLOITATION;90kV;Seine-Maritime
SSGE7;ST-JULIEN-EN-GENEVOIS;Poste de transformation;EN EXPLOITATION;63kV;Haute-Savoie
SSJU5;ST-JULIEN-SUR-GARONNE;Poste de transformation;EN EXPLOITATION;63kV;Haute-Garonne
SSPAZ;STE-PAZANNE;Poste de transformation;EN EXPLOITATION;63kV;Loire-Atlantique
TRANS;TRANS;Poste de transformation;EN EXPLOITATION;400kV;Var
L.OR;LION D OR;Poste de transformation;EN EXPLOITATION;90kV;Loire-Atlantique
LAMAS;LAMASTRE;Poste de transformation;EN EXPLOITATION;63kV;Ardèche
LAMAT;LAMATIVIE;Poste de transformation;EN EXPLOITATION;90kV;Corrèze
LANDE;LANDERNEAU;Poste de transformation;EN EXPLOITATION;225kV;Finistère
LAPAR;LAPARAN;Poste de transformation;EN EXPLOITATION;225kV;Ariège
LENT5;LENTIGNY;Poste de transformation;EN EXPLOITATION;63kV;Loire
LIEUS;LIEUSAINT;Poste de transformation;EN EXPLOITATION;63kV;Essonne
BRIAR;BRIARE;Poste de transformation;EN EXPLOITATION;90kV;Loiret
BRUNN;BRUNNENWASSER;Poste de transformation;EN EXPLOITATION;225kV;Bas-Rhin
PUSY;PUSY;Poste de transformation;EN EXPLOITATION;225kV;Haute-Saône
BABLO;BABLONS (LES);Poste de transformation;EN EXPLOITATION;90kV;Marne
BAJAT;BAJATIERE;Poste de transformation;EN EXPLOITATION;63kV;Isère
BARAL;BARALET;Poste de transformation;EN EXPLOITATION;63kV;Pyrénées-Atlantiques
SSCAN;ST-ETIENNE-CANTALES;Poste de transformation;EN EXPLOITATION;90kV;Cantal
MOUTI;MOUTIERS;Poste de transformation;EN EXPLOITATION;63kV;Savoie
MOUZE;MOUZEUIL;Poste de transformation;EN EXPLOITATION;90kV;Vendée
BROUZ;BROUZEN;Poste de transformation;EN EXPLOITATION;63kV;Gard
MANSA;MANSAT;Poste de transformation;EN EXPLOITATION;90kV;Creuse
MTPEL;MONTPELLIER;Poste de transformation;EN EXPLOITATION;225kV;Hérault
RIVI5;RIVIER (LE);Poste de transformation;EN EXPLOITATION;63kV;Isère
SOMMI;SOMMIERES;Poste de transformation;EN EXPLOITATION;63kV;Hérault
VNOL;VIGNOL;Poste de transformation;EN EXPLOITATION;225kV;Nièvre
MARTR;MARTRAITS (LES);Poste de transformation;EN EXPLOITATION;90kV;Yvelines
BEGL5;BEGLES (CLIENT);Poste de transformation;EN EXPLOITATION;63kV;Gironde
BERMO;BERMONTS;Poste de transformation;EN EXPLOITATION;63kV;Savoie
BIZAN;BIZANOS;Poste de transformation;EN EXPLOITATION;63kV;Pyrénées-Atlantiques
BLARI;BLARINGHEM;Poste de transformation;EN EXPLOITATION;90kV;Pas-de-Calais
MIEGE;MIEGEBAT;Poste de transformation;EN EXPLOITATION;225kV;Pyrénées-Atlantiques
EPINA;EPINAC;Poste de transformation;EN EXPLOITATION;63kV;Saône-et-Loire
WARAN;WARANDE;Poste de transformation;EN EXPLOITATION;400kV;Pas-de-Calais
1ARRI;ARRIGHI /VITRY-NORD;Poste de transformation;EN EXPLOITATION;<45kV;Val-de-Marne
LANME;LANMEUR;Poste de transformation;EN EXPLOITATION;63kV;Finistère
CORDI;CORDIEU;Poste de transformation;EN EXPLOITATION;90kV;Orne
ZSSUR;PIQUAGE A SAINT-URBAIN;Point de piquage;EN EXPLOITATION;63kV;Finistère
ZTAY;BREAL / CROQU SSCOU 1;Point de piquage;EN EXPLOITATION;90kV;Ille-et-Vilaine
BEZAU;BEZAUMONT;Poste de transformation;EN EXPLOITATION;400kV;Meurthe-et-Moselle
NIME6;NIMES;Poste de transformation;EN EXPLOITATION;225kV;Gard
NOISY;NOISY;Poste de transformation;EN EXPLOITATION;225kV;Seine-Saint-Denis
LOGER;LOGERIE;Poste de transformation;EN EXPLOITATION;90kV;Eure
LORRI;LORRIS;Poste de transformation;EN EXPLOITATION;90kV;Loiret
LUMBR;LUMBRES;Poste de transformation;EN EXPLOITATION;90kV;Pas-de-Calais
LUZE;LUZE (DE);Poste de transformation;EN EXPLOITATION;63kV;Gironde
BXLIN;BEAULIN;Poste de transformation;EN EXPLOITATION;90kV;Vienne
BXSOL;BEAUSOLEIL;Poste de transformation;EN EXPLOITATION;63kV;Alpes-Maritimes
BZNIL;BOURNILLON;Poste de transformation;EN EXPLOITATION;63kV;Isère
MAUBO;MAUBOURGUET;Poste de transformation;EN EXPLOITATION;63kV;Pyrénées-Atlantiques
C.FRA;CIMENTS-FRANCAIS;Poste de transformation;EN EXPLOITATION;63kV;Gard
CAMP5;CAMPAN;Poste de transformation;EN EXPLOITATION;63kV;Hautes-Pyrénées
CARME;CARMES (LES);Poste de transformation;EN EXPLOITATION;90kV;Loiret
MAULE;MAULEON;Poste de transformation;EN EXPLOITATION;90kV;Deux-Sèvres
COLAY;COLAYRAC;Poste de transformation;EN EXPLOITATION;225kV;Lot-et-Garonne
CONDO;CONDOM;Poste de transformation;EN EXPLOITATION;63kV;Gers
COARR;COARRAZE;Poste de transformation;EN EXPLOITATION;63kV;Pyrénées-Atlantiques
CONFL;CONFLANS;Poste de transformation;EN EXPLOITATION;63kV;Haute-Saône
URSU5;URSULE;Poste de transformation;EN EXPLOITATION;225kV;Drôme
V.ALL;VARENNES-SUR-ALLIER;Poste de transformation;EN EXPLOITATION;63kV;Allier
V.YON;VILLENEUVE-SUR-YONNE;Poste de transformation;EN EXPLOITATION;63kV;Yonne
VALS;VALS;Poste de transformation;EN EXPLOITATION;63kV;Ardèche
VALGR;VALGROS;Poste de transformation;EN EXPLOITATION;63kV;Aude
ZMENU;MENUI / G.COE V.THO 1;Point de piquage;EN EXPLOITATION;63kV;Savoie
MALL6;MALLEMORT;Poste de transformation;EN EXPLOITATION;63kV;Bouches-du-Rhône
SANDO;SANDOUVILLE;Poste de transformation;EN EXPLOITATION;225kV;Seine-Maritime
CORME;CORMEILLES;Poste de transformation;EN EXPLOITATION;225kV;Yvelines
CPFLE;CHAMPFLEURY (E.D.F. ET S.N.C.F);Poste de transformation;EN EXPLOITATION;63kV;Gard
CPNY;CHAMPAGNY;Poste de transformation;EN EXPLOITATION;63kV;Savoie
CHOUY;CHOUY;Poste de transformation;EN EXPLOITATION;63kV;Aisne
MASTA;MASTAING;Poste de transformation;EN EXPLOITATION;400kV;Nord
MAUGU;MAUGUIO;Poste de transformation;EN EXPLOITATION;63kV;Hérault
CAILL;CAILLY;Poste de transformation;EN EXPLOITATION;90kV;Seine-Maritime
D.BUR;DAMPIERRE-EN-BURLY;Poste de transformation;EN EXPLOITATION;400kV;Loiret
DAVID;DAVID;Poste de transformation;EN EXPLOITATION;63kV;Essonne
ZASTI;ASTIL / CRAON LAVAL 1;Point de piquage;EN EXPLOITATION;90kV;Mayenne
ZAURI;PIQUAGE AURIOLLES (LIAISON SSFOYZ31SSPEY);Point de piquage;EN EXPLOITATION;63kV;Dordogne
ZAVEI;PIQUAGE AVEILLANS LIAISON CASSAZ31PERCH;Point de piquage;EN EXPLOITATION;63kV;Pyrénées-Orientales
ZB.M5;T.PIN / AOSTE I.ABE 1;Point de piquage;EN EXPLOITATION;63kV;Isère
CAUDI;CAUDIERE;Poste de transformation;EN EXPLOITATION;90kV;
ZUSS5;PIQUAGE USSAT (LIAISON FERRIZ31TARAS);Point de piquage;EN EXPLOITATION;63kV;Ariège
ZVAL9;PIQUAGE A PRONLEROY;Point de piquage;EN EXPLOITATION;225kV;Oise
ZVANE;VANEL / B.MON CURSO 1;Point de piquage;EN EXPLOITATION;63kV;Drôme
ZTOU9;TOURN / B.MON LAMAS 1;Point de piquage;EN EXPLOITATION;63kV;Ardèche
ZTRIT;TRIT5 / G.CAI TRITH 1;Point de piquage;EN EXPLOITATION;225kV;Nord
ZDAVI;PIQUAGE A LE COUDRAY-MONTCEAUX;Point de piquage;EN EXPLOITATION;63kV;Essonne
ZFACT;PIQUAGE FACTURE (LIAISON FACTUZ31LAMOT);Point de piquage;EN EXPLOITATION;63kV;Gironde
TRIEY;TRIEY;Poste de transformation;EN EXPLOITATION;63kV;Côte-d'Or
NEGRE;NEGRESSE (LA);Poste de transformation;EN EXPLOITATION;63kV;
MOUR5;MOURETTES (LES);Poste de transformation;EN EXPLOITATION;63kV;Ardèche
ZLABA;PIQUAGE LABARRE (LIAISON FOIX5Z31RIVEN);Point de piquage;EN EXPLOITATION;63kV;Ariège
MALE5;MALESTROIT;Poste de transformation;EN EXPLOITATION;63kV;Morbihan
V.PAU;VILLERS-SAINT-PAUL;Poste de transformation;EN EXPLOITATION;63kV;Oise
ORAIS;ORAISON;Poste de transformation;EN EXPLOITATION;225kV;Alpes-de-Haute-Provence
ZB.LA;PIQUAGE A BOURBON-LANCY;Point de piquage;EN EXPLOITATION;63kV;Allier
ZBRE5;PIQUAGE BREVAL A VAUREAL (ZBRE5);Point de piquage;EN EXPLOITATION;63kV;Val-d'Oise
ZARGO;ARGOE / AMARG AMIEN 1;Point de piquage;EN EXPLOITATION;225kV;Somme
NEMOU;NEMOURS;Poste de transformation;EN EXPLOITATION;225kV;Seine-et-Marne
ZSSNA;PIQUAGE ST-NABORD;Point de piquage;EN EXPLOITATION;225kV;Vosges
ZTOUR;TOURE / ARLY VEN.P 1;Point de piquage;EN EXPLOITATION;45kV;Savoie
CATEN;CATENOY;Poste de transformation;EN EXPLOITATION;63kV;Oise
BURCI;BURCIN;Poste de transformation;EN EXPLOITATION;63kV;Isère
WATTI;WATTIGNIES;Poste de transformation;EN EXPLOITATION;90kV;Nord
BRIDO;BRIDOIRE (LA);Poste de transformation;EN EXPLOITATION;63kV;Isère
BXVAI;BEAUVAIS;Poste de transformation;EN EXPLOITATION;63kV;Oise
C.CH5;CONDAMINE-CHATELARD;Poste de transformation;EN EXPLOITATION;63kV;Alpes-de-Haute-Provence
C.LAR;CONDAT-LE-LARDIN (STE ANON.PAPETERIES DE CONDAT);Poste de transformation;EN EXPLOITATION;90kV;Dordogne
CHALL;CHALLANS;Poste de transformation;EN EXPLOITATION;90kV;Vendée
HOUDR;HOUDREVILLE;Poste de transformation;EN EXPLOITATION;400kV;Meurthe-et-Moselle
CHAT7;CHATILLON (-SUR INDRE);Poste de transformation;EN EXPLOITATION;90kV;Indre
CHEZY;CHEZY;Poste de transformation;EN EXPLOITATION;63kV;Aisne
PARIS;PARISET;Poste de transformation;EN EXPLOITATION;225kV;Isère
CARLO;CARLO;Poste de transformation;EN EXPLOITATION;63kV;Alpes-Maritimes
CAVEL;CAVELL;Poste de transformation;EN EXPLOITATION;63kV;Val-de-Marne
CAUMO;CAUMONT-LEVENTE;Poste de transformation;EN EXPLOITATION;90kV;Manche
MAZUR;MAZURES;Poste de transformation;EN EXPLOITATION;400kV;Ardennes
ZSAL6;SALIG / SISTE SSAUB 1;Point de piquage;EN EXPLOITATION;225kV;Alpes-de-Haute-Provence
ZSABL;SABL5 / CORDE CPNIE 1;Point de piquage;EN EXPLOITATION;225kV;Isère
CNNAY;CHANTENAY;Poste de transformation;EN EXPLOITATION;63kV;Loire-Atlantique
VITTE;VITTEL;Poste de transformation;EN EXPLOITATION;225kV;Vosges
VNOTA;VIGNOTAN;Poste de transformation;EN EXPLOITATION;63kV;Savoie
ZSAU6;PIQUAGE SAUGEES A SAINT-MICHEL-SUR-ORGE (ZSAU6);Point de piquage;EN EXPLOITATION;90kV;Essonne
ZVEXI;PIQUAGE A CHARS;Point de piquage;EN EXPLOITATION;63kV;Eure
AGNEA;AGNEAUX;Poste de transformation;EN EXPLOITATION;90kV;Manche
CHEVA;CHEVALET;Poste de transformation;EN EXPLOITATION;400kV;Pas-de-Calais
MORU;MORU;Poste de transformation;EN EXPLOITATION;225kV;Oise
MOUIS;MOUISSONNES;Poste de transformation;EN EXPLOITATION;225kV;Vaucluse
G.LIE;GRAND LIEU;Poste de transformation;EN EXPLOITATION;90kV;Loire-Atlantique
PRAUD;PRAUD (LE);Poste de transformation;EN EXPLOITATION;90kV;Loire-Atlantique
S.GUI;SILLE-LE-GUILLAUME;Poste de transformation;EN EXPLOITATION;90kV;Mayenne
ZG.LU;G.LUC / ARNAG SSCAL 1;Point de piquage;EN EXPLOITATION;90kV;Sarthe
CONF5;CONFLUENT;Poste de transformation;EN EXPLOITATION;225kV;Isère
CORNI;CORNIER;Poste de transformation;EN EXPLOITATION;400kV;Haute-Savoie
CXSSE;CHAUSSEE (LA);Poste de transformation;EN EXPLOITATION;225kV;Marne
ERRON;ERRONDENIA;Poste de transformation;EN EXPLOITATION;150kV;
MERON;MERON;Poste de transformation;EN EXPLOITATION;90kV;Maine-et-Loire
MIGNA;MIGNALOUX;Poste de transformation;EN EXPLOITATION;90kV;Vienne
MINIE;MINIERES (LES);Poste de transformation;EN EXPLOITATION;90kV;Vienne
VOING;VOINGT;Poste de transformation;EN EXPLOITATION;63kV;Puy-de-Dôme
CABAN;CABAN;Poste de transformation;EN EXPLOITATION;225kV;Bouches-du-Rhône
CARR5;CARRES(LES);Poste de transformation;EN EXPLOITATION;225kV;Essonne
ALLO5;ALLONNES;Poste de transformation;EN EXPLOITATION;90kV;Sarthe
ZMOOS;PIQUAGE A MOOS (LE);Point de piquage;EN EXPLOITATION;63kV;Haut-Rhin
C.FOU;CHAMP-FOURNIER;Poste de transformation;EN EXPLOITATION;63kV;Saône-et-Loire
G.VER;GRAND-VERGER;Poste de transformation;EN EXPLOITATION;63kV;Savoie
GAVOT;GAVOTTE (LA);Poste de transformation;EN EXPLOITATION;63kV;Bouches-du-Rhône
Q.ECL;QUATRE-ECLUSES;Poste de transformation;EN EXPLOITATION;225kV;Nord
QUEUI;QUEUILLE;Poste de transformation;EN EXPLOITATION;63kV;Puy-de-Dôme
RAMIE;RAMIER;Poste de transformation;EN EXPLOITATION;63kV;Haute-Garonne
LARCA;LARCAY;Poste de transformation;EN EXPLOITATION;90kV;Indre-et-Loire
RHOVY;RHOVYL;Poste de transformation;EN EXPLOITATION;63kV;Meuse
CURTI;CURTIL;Poste de transformation;EN EXPLOITATION;225kV;Saône-et-Loire
ZCAMP;PIQUAGE CAMPEAUX A PISSY-POVILLE (ZCAMP);Point de piquage;EN EXPLOITATION;90kV;Seine-Maritime
P.SIM;PORTET-ST-SIMON;Poste de transformation;EN EXPLOITATION;225kV;Haute-Garonne
SINCE;SINCENY;Poste de transformation;EN EXPLOITATION;63kV;Aisne
FUMEL;FUMEL;Poste de transformation;EN EXPLOITATION;63kV;Lot-et-Garonne
ZMTJ5;PIQUAGE A SAINT-JEAN-DE-BEAUREGARD;Point de piquage;EN EXPLOITATION;225kV;Essonne
F.VER;FIRMINY-VERT;Poste de transformation;EN EXPLOITATION;63kV;Haute-Loire
FANAU;FANAUDES;Poste de transformation;EN EXPLOITATION;225kV;Val-d'Oise
CUPER;CUPERLY;Poste de transformation;EN EXPLOITATION;225kV;Marne
CZBES;COURBESSAC;Poste de transformation;EN EXPLOITATION;63kV;Gard
CZTIN;COURTINE;Poste de transformation;EN EXPLOITATION;63kV;Gard
C.FEU;CHAMBON-FEUGEROLLES;Poste de transformation;EN EXPLOITATION;63kV;Loire
A.VOU;ANCHE-VOULON;Poste de transformation;EN EXPLOITATION;90kV;Vienne
AIGUI;AIGUILLON;Poste de transformation;EN EXPLOITATION;63kV;Lot-et-Garonne
C.FON;CLAIRE-FONTAINE;Poste de transformation;EN EXPLOITATION;225kV;Sarthe
CHAN5;CHANCEAUX;Poste de transformation;EN EXPLOITATION;400kV;Indre-et-Loire
CADAR;CADARACHE;Poste de transformation;EN EXPLOITATION;63kV;Bouches-du-Rhône
CAMBR;CAMBRAI;Poste de transformation;EN EXPLOITATION;63kV;Nord
ABOND;ABONDANCE;Poste de transformation;EN EXPLOITATION;63kV;Haute-Savoie
ADELS;ADELSBERG;Poste de transformation;EN EXPLOITATION;63kV;Moselle
ABBEV;ABBEVILLE;Poste de transformation;EN EXPLOITATION;90kV;Somme
AUBE6;AUBERVILLIERS;Poste de transformation;EN EXPLOITATION;225kV;Hauts-de-Seine
ANCEN;ANCENIS;Poste de transformation;EN EXPLOITATION;90kV;Loire-Atlantique
ANGRE;ANGRESSE;Poste de transformation;EN EXPLOITATION;63kV;Landes
ARLES;ARLES;Poste de transformation;EN EXPLOITATION;63kV;Bouches-du-Rhône
DAX;DAX;Poste de transformation;EN EXPLOITATION;63kV;Landes
ZFRO7;PIQUAGE FROMAINVILLE A ACHERES (ZFRO7);Point de piquage;EN EXPLOITATION;225kV;Yvelines
ZG.MO;CPFL5 / REINI ZMAME 1;Point de piquage;EN EXPLOITATION;90kV;Sarthe
SSPUY;ST-GERMAIN-DU-PUY;Poste de transformation;EN EXPLOITATION;90kV;Cher
SSROY;ST-THOMAS-EN-ROYANS;Poste de transformation;EN EXPLOITATION;63kV;Drôme
SSTIN;ST-ETIENNE-DE-TINEE;Poste de transformation;EN EXPLOITATION;63kV;Alpes-Maritimes
ARMON;ARMONVILLE;Poste de transformation;EN EXPLOITATION;90kV;Eure-et-Loir
MTLAU;MONTLAUR;Poste de transformation;EN EXPLOITATION;63kV;Haute-Garonne
CZBAI;COURBAISSE (LA);Poste de transformation;EN EXPLOITATION;63kV;Alpes-Maritimes
T.SUP;TORE SUPRA;Poste de transformation;EN EXPLOITATION;400kV;Vaucluse
TABLE;TABLE(LA);Poste de transformation;EN EXPLOITATION;63kV;Gard
EYRAN;EYRANS;Poste de transformation;EN EXPLOITATION;63kV;Gironde
FARGE;FARGEAS;Poste de transformation;EN EXPLOITATION;90kV;Haute-Vienne
FERE;FERE(-EN-TARDENOIS);Poste de transformation;EN EXPLOITATION;63kV;Aisne
FESSE;FESSENHEIM (CENTRALE HYDRAULIQUE);Poste de transformation;EN EXPLOITATION;225kV;Haut-Rhin
VALLE;VALLEE (LA);Poste de transformation;EN EXPLOITATION;90kV;Calvados
VARET;VARETS;Poste de transformation;EN EXPLOITATION;90kV;
ZSSV6;PIQUAGE ST JEAN LE VIEUX (LIAISON MOUGUZ31URCUR);Point de piquage;EN EXPLOITATION;63kV;Pyrénées-Atlantiques
ROMA6;ROMAGNE;Poste de transformation;EN EXPLOITATION;90kV;Ille-et-Vilaine
SSFL6;ST-FLORENTIN;Poste de transformation;EN EXPLOITATION;63kV;Yonne
TOU.C;TOULOUSE-CENTRE;Poste de transformation;EN EXPLOITATION;225kV;Haute-Garonne
VLEF5;VILLEFRANCHE;Poste de transformation;EN EXPLOITATION;63kV;Allier
WASSE;WASSELONNE;Poste de transformation;EN EXPLOITATION;63kV;Bas-Rhin
CLONA;CLONAS;Poste de transformation;EN EXPLOITATION;63kV;Loire
BONN6;BONNEAU;Poste de transformation;EN EXPLOITATION;225kV;Vienne
ELANC;ELANCOURT (ANNEXE GMR SUD OUEST);Poste de transformation;EN EXPLOITATION;225kV;Yvelines
JONQU;JONQUIERES (ANNEXE GMR CEVENNES);Poste de transformation;EN EXPLOITATION;400kV;Gard
FOUSC;FOUSCAIS;Poste de transformation;EN EXPLOITATION;225kV;Hérault
ARRO5;ARROUX;Poste de transformation;EN EXPLOITATION;63kV;Saône-et-Loire
B.VER;BOIS VERT;Poste de transformation;EN EXPLOITATION;63kV;Haute-Garonne
GOSNE;GOSNE;Poste de transformation;EN EXPLOITATION;90kV;Ille-et-Vilaine
COL;COL (LE);Poste de transformation;EN EXPLOITATION;150kV;Savoie
CONT5;CONTRISSON;Poste de transformation;EN EXPLOITATION;63kV;Meuse
CORD5;CORDEMAIS;Poste de transformation;EN EXPLOITATION;400kV;Loire-Atlantique
COUDE;COUDEKERQUE;Poste de transformation;EN EXPLOITATION;90kV;Nord
CREUL;CREULLY;Poste de transformation;EN EXPLOITATION;90kV;Calvados
ZM.AC;PIQUAGE A MOTHE ACHARD;Point de piquage;EN EXPLOITATION;90kV;Vendée
ZP.CL;P.CL5 / CPNIE MARCE 1;Point de piquage;EN EXPLOITATION;63kV;Isère
ZEPE5;PIQUAGE EPERNAY;Point de piquage;EN EXPLOITATION;63kV;Marne
ITTEV;ITTEVILLE;Poste de transformation;EN EXPLOITATION;63kV;Essonne
BARR6;BARROIR;Poste de transformation;EN EXPLOITATION;63kV;Oise
SSFLO;ST-FLORENT;Poste de transformation;EN EXPLOITATION;225kV;Deux-Sèvres
VERNA;VERNAYS (LES);Poste de transformation;EN EXPLOITATION;63kV;Savoie
ZKERA;PIQUAGE A KERANGALL;Point de piquage;EN EXPLOITATION;63kV;Finistère
ZLACS;LAND6 / MOUS5 VLEME 1;Point de piquage;EN EXPLOITATION;90kV;Indre
ZLANM;PIQUAGE A PLOUIGNEAU (LANMEUR);Point de piquage;EN EXPLOITATION;63kV;Finistère
ZLORR;LORRI / PAYOL VLEMA 1;Point de piquage;EN EXPLOITATION;90kV;Loiret
ZISSO;PIQUAGE A ISSOU;Point de piquage;EN EXPLOITATION;63kV;Yvelines
CRIQU;CRIQUET;Poste de transformation;EN EXPLOITATION;90kV;Seine-Maritime
CROLL;CROLLES;Poste de transformation;EN EXPLOITATION;225kV;Isère
CUTRY;CUTRY;Poste de transformation;EN EXPLOITATION;63kV;Meurthe-et-Moselle
SSAM6;ST-AMOUR (PIPE-LINE SUD EUROPEEN NO 4A);Poste de transformation;EN EXPLOITATION;63kV;Saône-et-Loire
BATHI;BATHIE (LA);Poste de transformation;EN EXPLOITATION;400kV;Savoie
ENTRA;ENTRAIGUES;Poste de transformation;EN EXPLOITATION;63kV;Var
ZAGE;PIQUAGE AGE (LIAISON COTEZ42V.GRA);Point de piquage;EN EXPLOITATION;90kV;Haute-Vienne
ZB.CO;B.COR / AOSTE MORES 1;Point de piquage;EN EXPLOITATION;63kV;Isère
ZPRIN;PIQUAGE A PRINQUIAU;Point de piquage;EN EXPLOITATION;225kV;Loire-Atlantique
ZSSCE;PIQUAGE ST CERE (LIAISON L.CE1Z31TALAM);Point de piquage;EN EXPLOITATION;63kV;Corrèze
ESTIV;ESTIVAUX;Poste de transformation;EN EXPLOITATION;90kV;Corrèze
ZSSLA;PIQUAGE A RUBELLES;Point de piquage;EN EXPLOITATION;63kV;Seine-et-Marne
CESSO;CESSON (CLIENT);Poste de transformation;EN EXPLOITATION;90kV;Ille-et-Vilaine
AUVIL;AUVILLIERS;Poste de transformation;EN EXPLOITATION;90kV;Loiret
LANG9;LANGLEY;Poste de transformation;EN EXPLOITATION;63kV;Vosges
LAPOU;LAPOUTROIE;Poste de transformation;EN EXPLOITATION;63kV;Haut-Rhin
BERSA;BERSAUCOURT;Poste de transformation;EN EXPLOITATION;225kV;Somme
LAVA5;LAVALDUC;Poste de transformation;EN EXPLOITATION;63kV;Bouches-du-Rhône
LEGE;LEGE;Poste de transformation;EN EXPLOITATION;63kV;Gironde
TOUQU;TOUQUES;Poste de transformation;EN EXPLOITATION;90kV;
CTLUS;CHATELUS;Poste de transformation;EN EXPLOITATION;90kV;Creuse
VENDA;VENDARGUES;Poste de transformation;EN EXPLOITATION;63kV;Hérault
DONJO;DONJON (LE);Poste de transformation;EN EXPLOITATION;63kV;Allier
EGLAN;EGLANTIER;Poste de transformation;EN EXPLOITATION;63kV;Seine-et-Marne
CPVAN;CHAMPVANS;Poste de transformation;EN EXPLOITATION;225kV;Côte-d'Or
CUDRA;CUDRAZ;Poste de transformation;EN EXPLOITATION;63kV;Savoie
EYBEN;EYBENS;Poste de transformation;EN EXPLOITATION;225kV;Isère
FLOIR;FLOIRAC;Poste de transformation;EN EXPLOITATION;225kV;Gironde
CXCON;CHAUCONIN;Poste de transformation;EN EXPLOITATION;63kV;Seine-et-Marne
CZEGE;COUREGES;Poste de transformation;EN EXPLOITATION;63kV;Vaucluse
NAUSS;NAUSSAC;Poste de transformation;EN EXPLOITATION;63kV;Lozère
SCARP;SCARPE;Poste de transformation;EN EXPLOITATION;90kV;Pas-de-Calais
SECAR;SECARY;Poste de transformation;EN EXPLOITATION;63kV;Gironde
SOUIL;SOUILLAC;Poste de transformation;EN EXPLOITATION;63kV;Dordogne
ESQUI;ESQUIT;Poste de transformation;EN EXPLOITATION;63kV;Pyrénées-Atlantiques
ESPO5;ESPONDEILHAN;Poste de transformation;EN EXPLOITATION;63kV;Hérault
NIORT;NIORT;Poste de transformation;EN EXPLOITATION;225kV;Deux-Sèvres
BOUHE;BOUHET (LE);Poste de transformation;EN EXPLOITATION;63kV;Hautes-Pyrénées
BOURG;BOURG (LE);Poste de transformation;EN EXPLOITATION;90kV;Loir-et-Cher
BRAUD;BRAUD;Poste de transformation;EN EXPLOITATION;400kV;
MOLSH;MOLSHEIM;Poste de transformation;EN EXPLOITATION;225kV;Bas-Rhin
NANGI;NANGIS;Poste de transformation;EN EXPLOITATION;63kV;Seine-et-Marne
V.AGE;VALENCE D AGEN;Poste de transformation;EN EXPLOITATION;63kV;Tarn-et-Garonne
VALIN;VALINIERE (LA);Poste de transformation;EN EXPLOITATION;90kV;
THAIM;THAIMS;Poste de transformation;EN EXPLOITATION;90kV;Charente-Maritime
ETAB5;ETABLES;Poste de transformation;EN EXPLOITATION;63kV;Gironde
FACT5;CELLULOSE (FACTURE);Poste de transformation;EN EXPLOITATION;63kV;Gironde
C.GIB;CROIX GIBAT (LA);Poste de transformation;EN EXPLOITATION;63kV;Côtes-d'Armor
CANT5;CANTEGRIT WEYERHAUSER;Poste de transformation;EN EXPLOITATION;63kV;Landes
CAMPA;CAMPAGNAC;Poste de transformation;EN EXPLOITATION;63kV;Aveyron
CARAB;CARABINS (LES);Poste de transformation;EN EXPLOITATION;63kV;Ardennes
CARPO;CARPONT;Poste de transformation;EN EXPLOITATION;63kV;Côtes-d'Armor
LICAU;LICAUGAS;Poste de transformation;EN EXPLOITATION;63kV;Landes
TRAIS;TRAISNEL;Poste de transformation;EN EXPLOITATION;90kV;Nord
VAUX;VAUX;Poste de transformation;EN EXPLOITATION;90kV;Charente-Maritime
SAINN;SAINNEVILLE;Poste de transformation;EN EXPLOITATION;225kV;Seine-Maritime
LONGU;LONGUEIL;Poste de transformation;EN EXPLOITATION;63kV;Oise
TREFF;TREFFORT;Poste de transformation;EN EXPLOITATION;63kV;Ain
URCUR;URCURAY;Poste de transformation;EN EXPLOITATION;63kV;Pyrénées-Atlantiques
V.BEL;VILLIERS-LE-BEL;Poste de transformation;EN EXPLOITATION;225kV;Val-d'Oise
GARDI;GARDIOLE (COURNONTERRAL);Poste de transformation;EN EXPLOITATION;63kV;Hérault
SAUCO;SAUCOURT;Poste de transformation;EN EXPLOITATION;90kV;Somme
SAVEN;SAVENAY;Poste de transformation;EN EXPLOITATION;63kV;Loire-Atlantique
HARC7;HARCOURT (POSTE BLINDE);Poste de transformation;EN EXPLOITATION;225kV;Hauts-de-Seine
ZBXV6;PIQUAGE A BEAUVAL;Point de piquage;EN EXPLOITATION;225kV;Somme
SAUL5;SAULNOIS;Poste de transformation;EN EXPLOITATION;225kV;Moselle
SELON;SELONCOURT;Poste de transformation;EN EXPLOITATION;63kV;Doubs
MADRO;MADRON (LE);Poste de transformation;EN EXPLOITATION;90kV;Indre
BLA.N;BLAGNAC-NORD;Poste de transformation;EN EXPLOITATION;63kV;Haute-Garonne
BLAYA;BLAYAIS (LE);Poste de transformation;EN EXPLOITATION;400kV;
BOLO5;BOLOGNE (PORTIQUE);Poste de transformation;EN EXPLOITATION;63kV;Haute-Marne
BONN8;BONNEVILLE;Poste de transformation;EN EXPLOITATION;63kV;Haute-Savoie
ZV.AG;PIQUAGE VALENCE D AGEN (LIAISON COLAYZ31GOLFE);Point de piquage;EN EXPLOITATION;63kV;Tarn-et-Garonne
ZCHA9;TREVI / NIORT SSMAI;Point de piquage;EN EXPLOITATION;90kV;Deux-Sèvres
A.DOU;ARNAC-SUR-DOURDOU;Poste de transformation;EN EXPLOITATION;225kV;Tarn
C.CRA;COUSTIERES DE CRAU;Poste de transformation;ACCORD ADMINISTRATIF;63kV;Bouches-du-Rhône
SEMEZ;SEMEZIES;Poste de transformation;EN EXPLOITATION;63kV;Gers
SENOZ;SENOZAN;Poste de transformation;EN EXPLOITATION;63kV;Saône-et-Loire
ECOMM;ECOMMOY;Poste de transformation;EN EXPLOITATION;90kV;Sarthe
ROSIE;ROSIERES;Poste de transformation;EN EXPLOITATION;225kV;Aube
BRUYE;BRUYERES (LES);Poste de transformation;EN EXPLOITATION;63kV;Meurthe-et-Moselle
BUSSI;BUSSIERES;Poste de transformation;EN EXPLOITATION;63kV;Loire
TAULH;TAULHAC;Poste de transformation;EN EXPLOITATION;63kV;Haute-Loire
VLEMU;VILLEMUR;Poste de transformation;EN EXPLOITATION;63kV;Tarn-et-Garonne
SEMBL;SEMBLANCAY;Poste de transformation;EN EXPLOITATION;90kV;Indre-et-Loire
SOUST;SOUSTONS;Poste de transformation;EN EXPLOITATION;63kV;Landes
P.PET;PORT-AUX-PETROLES;Poste de transformation;EN EXPLOITATION;63kV;Bas-Rhin
PAIMB;PAIMBOEUF;Poste de transformation;EN EXPLOITATION;63kV;Loire-Atlantique
PAROY;PAROY;Poste de transformation;EN EXPLOITATION;63kV;Yonne
CHAGN;CHAGNY;Poste de transformation;EN EXPLOITATION;63kV;Côte-d'Or
EPN;E.P.N.;Poste de transformation;EN EXPLOITATION;90kV;Seine-Maritime
VERRI;VERRIERE (LA);Poste de transformation;EN EXPLOITATION;63kV;Yvelines
VIRE;VIRE;Poste de transformation;EN EXPLOITATION;90kV;Calvados
VONNA;VONNAS;Poste de transformation;EN EXPLOITATION;63kV;Ain
SSAG5;ST-AGATHON;Poste de transformation;EN EXPLOITATION;63kV;Côtes-d'Armor
PTIFF;PONTIFFROY;Poste de transformation;EN EXPLOITATION;63kV;Moselle
ZCSL7;PIQUAGE CASTELSARRASIN(CLIENT) (LIAISON CSLSAZ31LAVIL);Point de piquage;EN EXPLOITATION;63kV;Tarn-et-Garonne
ZMEYM;PIQUAGE LUZECH (LIAISON CAHORZ31LUZEC);Point de piquage;EN EXPLOITATION;63kV;Lot
PEUPL;PEUPLERAIE;Poste de transformation;EN EXPLOITATION;63kV;Oise
VESOU;VESOUL;Poste de transformation;EN EXPLOITATION;63kV;Haute-Saône
ZSEYS;SEYSS / ARLOD GENI6 1;Point de piquage;EN EXPLOITATION;63kV;Ain
ZWOES;WOEST / GUARB HOLQU 1;Point de piquage;EN EXPLOITATION;225kV;Pas-de-Calais
PUTE5;PUTEAUX IMPASSE LEGAGNEUX;Poste de transformation;EN EXPLOITATION;225kV;Hauts-de-Seine
QUARO;QUAROUBLE;Poste de transformation;EN EXPLOITATION;63kV;Nord
R.GI5;RIVE-DE-GIER;Poste de transformation;EN EXPLOITATION;63kV;Loire
PLUZU;PLUZUNET;Poste de transformation;EN EXPLOITATION;63kV;Côtes-d'Armor
CBERY;CHAMBERY;Poste de transformation;EN EXPLOITATION;63kV;Savoie
CHABA;CHABANAIS;Poste de transformation;EN EXPLOITATION;90kV;Charente
VAUVI;VAUVILLERS (HARBONNIERES);Poste de transformation;EN EXPLOITATION;63kV;Somme
BRUFF;BRUFFIERE;Poste de transformation;EN EXPLOITATION;90kV;Vendée
BXRE6;BEAUREGARD (SAINT-LAURENT-NOUAN);Poste de transformation;EN EXPLOITATION;225kV;Loir-et-Cher
SAUM6;SAUMATY;Poste de transformation;EN EXPLOITATION;225kV;Bouches-du-Rhône
PREDE;PREDEMBOURG;Poste de transformation;EN EXPLOITATION;225kV;
ZDONZ;PIQUAGE DONZENAC (LIAISON BREUIZ61CHAST);Point de piquage;EN EXPLOITATION;225kV;Corrèze
ZE.C5;PIQUAGE EBANGE-CIMENTERIE (Ligne SSHUBZ31THIO6);Point de piquage;EN EXPLOITATION;63kV;Moselle
CHIN2;CHINON B;Poste de transformation;EN EXPLOITATION;400kV;Indre-et-Loire
CHOO2;CHOOZ B;Poste de transformation;EN EXPLOITATION;400kV;Ardennes
CIVRI;CIVRIEUX;Poste de transformation;EN EXPLOITATION;63kV;Rhône
C.LEM;CARDINAL-LEMOINE;Poste de transformation;EN EXPLOITATION;225kV;Paris
CAMPE;CAMPEAUX (LES);Poste de transformation;EN EXPLOITATION;90kV;Seine-Maritime
RIOU;RIOU;Poste de transformation;EN EXPLOITATION;90kV;Loir-et-Cher
RIVAR;RIVARDIERE (LA);Poste de transformation;EN EXPLOITATION;90kV;Vienne
ZFOU5;FOURA / C.LO5 CHAN5 1;Point de piquage;EN EXPLOITATION;90kV;Sarthe
ZHENR;HENRI / AUBI5 FORTA 1;Point de piquage;EN EXPLOITATION;63kV;Cher
MARC7;MARCOUSSIS;Poste de transformation;EN EXPLOITATION;90kV;Essonne
MARCO;MARCOULE;Poste de transformation;EN EXPLOITATION;63kV;Gard
MARGU;MARGUAND;Poste de transformation;EN EXPLOITATION;63kV;Yvelines
SSCRI;ST-CRICQ;Poste de transformation;EN EXPLOITATION;63kV;Pyrénées-Atlantiques
SSCUB;ST-ANDRE-DE-CUBZAC;Poste de transformation;EN EXPLOITATION;63kV;Gironde
SSEVR;ST-EVROULT;Poste de transformation;EN EXPLOITATION;90kV;Essonne
FTAI6;FONTAINES (NYLSTAR);Poste de transformation;EN EXPLOITATION;90kV;Pas-de-Calais
GAZ;GAZ;Poste de transformation;EN EXPLOITATION;63kV;Seine-et-Marne
P.GR5;PLAN-DE-GRASSE;Poste de transformation;EN EXPLOITATION;225kV;Alpes-Maritimes
P.TER;POIX-TERRON;Poste de transformation;EN EXPLOITATION;63kV;Ardennes
BOE;BOE;Poste de transformation;EN EXPLOITATION;63kV;Lot-et-Garonne
BOIST;BOISTHOREL;Poste de transformation;EN EXPLOITATION;90kV;Orne
BOUC6;BOUCHAUD (LE);Poste de transformation;EN EXPLOITATION;63kV;Jura
ZFONT;PIQUAGE A FONTENELLE;Point de piquage;EN EXPLOITATION;63kV;Côte-d'Or
CHAT9;CHATRES;Poste de transformation;EN EXPLOITATION;90kV;Aube
JUSTI;JUSTICE (LA);Poste de transformation;EN EXPLOITATION;225kV;Eure-et-Loir
PASSA;PASSAIRE;Poste de transformation;EN EXPLOITATION;63kV;Alpes-de-Haute-Provence
ROUS7;ROUSSY;Poste de transformation;EN EXPLOITATION;63kV;Moselle
RQFOR;ROQUEFORT;Poste de transformation;EN EXPLOITATION;63kV;Landes
ESTER;ESTERRE;Poste de transformation;EN EXPLOITATION;63kV;Hautes-Pyrénées
F.MON;FAUX-LA-MONTAGNE;Poste de transformation;EN EXPLOITATION;90kV;Haute-Vienne
MANSL;MANSLE;Poste de transformation;EN EXPLOITATION;90kV;Charente
OLLIE;OLLIERGUES;Poste de transformation;EN EXPLOITATION;63kV;Puy-de-Dôme
P.BOU;PORT-DE-BOUC (CLIENT);Poste de transformation;EN EXPLOITATION;225kV;
V.AVR;VERNEUIL-SUR-AVRE;Poste de transformation;EN EXPLOITATION;90kV;Eure
PAU;PAU (CLIENT);Poste de transformation;EN EXPLOITATION;63kV;Pyrénées-Atlantiques
ZBEZI;PIQUAGE BEZIERS (LIAISON ENSERZ31SAUCL);Point de piquage;EN EXPLOITATION;63kV;Hérault
SSCAS;ST-CASSIEN;Poste de transformation;EN EXPLOITATION;63kV;Var
EMALE;EMALES (LES);Poste de transformation;EN EXPLOITATION;225kV;Calvados
PICOC;PICOCHERIE (LA);Poste de transformation;EN EXPLOITATION;400kV;Indre-et-Loire
ZCOQU;PIQUAGE COQUIBUS A EVRY (ZCOQU);Point de piquage;EN EXPLOITATION;225kV;Essonne
ZDIEP;PIQUAGE A CANTELEU;Point de piquage;EN EXPLOITATION;90kV;Seine-Maritime
ESTAI;ESTAIRES;Poste de transformation;EN EXPLOITATION;90kV;Nord
EYGLI;EYGLIERS;Poste de transformation;EN EXPLOITATION;63kV;Hautes-Alpes
ZESQU;PIQUAGE A ESQUIROULET;Point de piquage;EN EXPLOITATION;63kV;Ariège
BERT;BERT;Poste de transformation;EN EXPLOITATION;63kV;Oise
PEILL;PEILLE;Poste de transformation;EN EXPLOITATION;63kV;Alpes-Maritimes
PERR6;PERROS;Poste de transformation;EN EXPLOITATION;63kV;Côtes-d'Armor
BRICH;BRICHE (LA);Poste de transformation;EN EXPLOITATION;225kV;Val-d'Oise
BUSSU;BUSSUREL;Poste de transformation;EN EXPLOITATION;225kV;Haute-Saône
GORRO;GORRON;Poste de transformation;EN EXPLOITATION;90kV;Mayenne
GOUD5;GOUDOUNECHE (ISOROY A USSEL);Poste de transformation;EN EXPLOITATION;90kV;Corrèze
SALBR;SALBRIS;Poste de transformation;EN EXPLOITATION;90kV;Loir-et-Cher
SARLA;SARLAT;Poste de transformation;EN EXPLOITATION;63kV;Dordogne
SELES;SELESTAT;Poste de transformation;EN EXPLOITATION;63kV;Bas-Rhin
G.MOT;GENERAL-MOTORS;Poste de transformation;EN EXPLOITATION;63kV;Bas-Rhin
MERMO;MERMOZ;Poste de transformation;EN EXPLOITATION;63kV;Rhône
MESSE;MESSEMPRE (PROFILES ET TUBES DE L EST);Poste de transformation;EN EXPLOITATION;63kV;Ardennes
PLOUF;PLOUFRAGAN;Poste de transformation;EN EXPLOITATION;63kV;Côtes-d'Armor
TRIT5;TRITH-ST-LEGER (PORT-ARTHUR LME);Poste de transformation;EN EXPLOITATION;225kV;Nord
ARVIE;ARVIEU;Poste de transformation;EN EXPLOITATION;63kV;Aveyron
TRAVE;TRAVERSE (LA);Poste de transformation;EN EXPLOITATION;90kV;Haute-Vienne
COURS;COURS;Poste de transformation;EN EXPLOITATION;63kV;Loire
ZBRIV;PIQUAGE A BRIVET;Point de piquage;EN EXPLOITATION;63kV;Loire-Atlantique
AQUED;AQUEDUCS (LES);Poste de transformation;EN EXPLOITATION;225kV;Essonne
BUIRE;BUIRE;Poste de transformation;EN EXPLOITATION;225kV;Aisne
CHABO;CHABOSSIERE (LA);Poste de transformation;EN EXPLOITATION;225kV;Loire-Atlantique
SSRIV;ST-JEAN-LA-RIVIERE;Poste de transformation;EN EXPLOITATION;63kV;Alpes-Maritimes
SYLVA;SYLVABELLE;Poste de transformation;EN EXPLOITATION;63kV;
PLOUR;PLOURHAN;Poste de transformation;EN EXPLOITATION;63kV;Côtes-d'Armor
POLYM;POLYMERES;Poste de transformation;EN EXPLOITATION;90kV;Seine-Maritime
POUGN;POUGNY;Poste de transformation;EN EXPLOITATION;150kV;Ain
PRAT;PRAT (LE)(CLIENT);Poste de transformation;EN EXPLOITATION;63kV;Morbihan
V.GEO;VILLENEUVE-ST-GEORGES;Poste de transformation;EN EXPLOITATION;225kV;Val-de-Marne
PROD5;PRODAIR (PORT DU RHIN);Poste de transformation;EN EXPLOITATION;63kV;Bas-Rhin
PUYRE;PUYRENAUD;Poste de transformation;EN EXPLOITATION;90kV;Charente
ZL.NO;PIQUAGE LAC-NOIR;Point de piquage;EN EXPLOITATION;225kV;Vosges
LONCA;LONCAT;Poste de transformation;EN EXPLOITATION;63kV;Landes
ZLIMA;PIQUAGE LIMAY A PORCHEVILLE (ZLIMA);Point de piquage;EN EXPLOITATION;63kV;Yvelines
ZLOUE;LOUE / ALLO5 S.GUI 1;Point de piquage;EN EXPLOITATION;90kV;Sarthe
ZGIR6;PIQUAGE GIROMAGNY;Point de piquage;EN EXPLOITATION;63kV;Territoire de Belfort
ZGUIG;PIQUAGE LES GUIGNONS;Point de piquage;EN EXPLOITATION;63kV;Aube
ZHIRS;PIQUAGE A HIRSINGUE;Point de piquage;EN EXPLOITATION;225kV;Haut-Rhin
ZILON;PIQUAGE A ILONS;Point de piquage;EN EXPLOITATION;63kV;Ardèche
MURET;MURET;Poste de transformation;EN EXPLOITATION;63kV;Haute-Garonne
NERON;NERONDES;Poste de transformation;EN EXPLOITATION;90kV;Cher
NONTR;NONTRON;Poste de transformation;EN EXPLOITATION;63kV;Dordogne
NOUAU;NOUAUX;Poste de transformation;EN EXPLOITATION;150kV;Hautes-Pyrénées
ZAUBR;AUBRE / B.DUR FLEAC 1;Point de piquage;EN EXPLOITATION;90kV;Charente
ZBRAN;PIQUAGE A BRANDE;Point de piquage;EN EXPLOITATION;90kV;Vendée
ARJOM;ARJOMARI;Poste de transformation;EN EXPLOITATION;90kV;Sarthe
THEOD;THEODORE;Poste de transformation;EN EXPLOITATION;63kV;Haut-Rhin
NOORD;NOORD (-GRACHT);Poste de transformation;EN EXPLOITATION;90kV;Nord
MEYSS;MEYSSE;Poste de transformation;EN EXPLOITATION;63kV;Ardèche
MIRA6;MIRAMAS (S.N.C.F.);Poste de transformation;EN EXPLOITATION;63kV;Bouches-du-Rhône
ZP.VE;P.VEY / MTPEZ VALS 1;Point de piquage;EN EXPLOITATION;63kV;Ardèche
ZPASS;PIQUAGE A MANOSQUE;Point de piquage;EN EXPLOITATION;63kV;Alpes-de-Haute-Provence
ZPEUG;PIQUAGE PEUGEOT (LIGNE N0 1);Point de piquage;EN EXPLOITATION;63kV;Haut-Rhin
SARR9;SARRALTROFF;Poste de transformation;EN EXPLOITATION;225kV;Moselle
CLERA;CLERAC;Poste de transformation;EN EXPLOITATION;400kV;Charente-Maritime
P.VIL;PONT-LA-VILLE;Poste de transformation;EN EXPLOITATION;225kV;Haute-Marne
PALLU;PALLUAU;Poste de transformation;EN EXPLOITATION;90kV;Vendée
PEREL;PERELLE;Poste de transformation;EN EXPLOITATION;225kV;Isère
PERQU;PERQUIE;Poste de transformation;EN EXPLOITATION;63kV;Landes
MIRAM;MIRAMAS;Poste de transformation;EN EXPLOITATION;63kV;Bouches-du-Rhône
MAGDE;MAGDELEINE (LA);Poste de transformation;EN EXPLOITATION;90kV;Charente
B.GUE;BANC-DE-GUERANDE;Poste de transformation;ACCORD ADMINISTRATIF;225kV;
ORNA5;ORNANO;Poste de transformation;EN EXPLOITATION;225kV;Hauts-de-Seine
VAISE;VAISE;Poste de transformation;EN EXPLOITATION;225kV;Rhône
SEYS5;SEYSSES;Poste de transformation;EN EXPLOITATION;63kV;Haute-Garonne
ROCH7;ROCHEFOUCAULD (LA);Poste de transformation;EN EXPLOITATION;90kV;Charente
DIGOI;DIGOIN;Poste de transformation;EN EXPLOITATION;63kV;Saône-et-Loire
DONZE;DONZENAC;Poste de transformation;EN EXPLOITATION;225kV;Corrèze
ENNER;ENNERY;Poste de transformation;EN EXPLOITATION;63kV;Moselle
OTTMA;OTTMARSHEIM;Poste de transformation;EN EXPLOITATION;225kV;Haut-Rhin
P.BER;PETIT-BERNARD;Poste de transformation;EN EXPLOITATION;63kV;Côte-d'Or
ZCPNY;CPNY / BOZEL PRALO 1;Point de piquage;EN EXPLOITATION;63kV;Savoie
MTCRO;MONTCROISETTE;Poste de transformation;EN EXPLOITATION;225kV;Pas-de-Calais
P.JEA;PONT-ST-JEAN;Poste de transformation;EN EXPLOITATION;63kV;Alpes-Maritimes
PIAT;PIAT (LE);Poste de transformation;EN EXPLOITATION;63kV;Puy-de-Dôme
P.GEN;PONT-DE-GENNES;Poste de transformation;EN EXPLOITATION;90kV;Sarthe
P.GUI;PUY-GUILLAUME;Poste de transformation;EN EXPLOITATION;63kV;Puy-de-Dôme
P.RHI;PORT-DU-RHIN;Poste de transformation;EN EXPLOITATION;225kV;Bas-Rhin
ESSON;ESSONNES;Poste de transformation;EN EXPLOITATION;63kV;Essonne
MALLE;MALLEMORT (CLIENT);Poste de transformation;EN EXPLOITATION;225kV;Bouches-du-Rhône
MTRON;MONTROND;Poste de transformation;EN EXPLOITATION;63kV;Loire
PORT7;PORTE;Poste de transformation;EN EXPLOITATION;63kV;Morbihan
ZCAU6;PIQUAGE A SEPT-VENTS;Point de piquage;EN EXPLOITATION;90kV;Manche
ZCHOC;CHOC5 / GOSNA SSOME 1;Point de piquage;EN EXPLOITATION;90kV;Pas-de-Calais
EVRO2;EVRON 2;Poste de transformation;EN EXPLOITATION;90kV;Mayenne
DOUV6;DOUVRES;Poste de transformation;EN EXPLOITATION;90kV;Calvados
ERNEE;ERNEE;Poste de transformation;EN EXPLOITATION;90kV;Mayenne
MTAHU;MONTAHUT;Poste de transformation;EN EXPLOITATION;225kV;Hérault
SERVA;SERVAS;Poste de transformation;EN EXPLOITATION;63kV;Ain
SIAGN;SIAGNE (LA);Poste de transformation;EN EXPLOITATION;63kV;Var
SOLES;SOLESMES;Poste de transformation;EN EXPLOITATION;63kV;Nord
ALSAC;ALSACE;Poste de transformation;EN EXPLOITATION;225kV;Hauts-de-Seine
TALAM;TALAMET;Poste de transformation;EN EXPLOITATION;225kV;Corrèze
SSUST;ST-USTRE (FONDERIE DU POITOU);Poste de transformation;EN EXPLOITATION;90kV;Vienne
HARGI;HARGICOURT;Poste de transformation;EN EXPLOITATION;63kV;Somme
SSCOU;ST-PIERRE-LA-COUR;Poste de transformation;EN EXPLOITATION;90kV;Ille-et-Vilaine
SSEST;ST-ESTEVE;Poste de transformation;EN EXPLOITATION;225kV;Bouches-du-Rhône
RIDEN;RIDEN;Poste de transformation;EN EXPLOITATION;90kV;
CPVER;CHAMPVERT;Poste de transformation;EN EXPLOITATION;63kV;Nièvre
DOUVR;DOUVRIN;Poste de transformation;EN EXPLOITATION;225kV;Pas-de-Calais
TREPO;TREPORT (LE);Poste de transformation;EN EXPLOITATION;90kV;
TRI.P;TRICASTIN-POSTE (LE);Poste de transformation;EN EXPLOITATION;400kV;Drôme
V.ETI;VILLEY ST ETIENNE;Poste de transformation;EN EXPLOITATION;63kV;Meurthe-et-Moselle
MTAU5;MONTAUBAN (MIROULETTE);Poste de transformation;EN EXPLOITATION;63kV;Tarn-et-Garonne
MOUS6;MOUSSAC;Poste de transformation;EN EXPLOITATION;63kV;Gard
ZP.V6;PIQUAGE A PONCET-LA-VILLE;Point de piquage;EN EXPLOITATION;225kV;Indre
GUICH;GUICHE;Poste de transformation;EN EXPLOITATION;63kV;Landes
VARS;VARS;Poste de transformation;EN EXPLOITATION;63kV;Hautes-Alpes
C.RHO;CHATEAUNEUF-DU-RHONE;Poste de transformation;EN EXPLOITATION;225kV;Ardèche
ROSSI;ROSSILLON;Poste de transformation;EN EXPLOITATION;63kV;Ain
S.VES;SAUT-DE-VESOLES;Poste de transformation;EN EXPLOITATION;63kV;Hérault
BOUSC;BOUSCAT;Poste de transformation;EN EXPLOITATION;225kV;Gironde
CURSO;CURSON;Poste de transformation;EN EXPLOITATION;63kV;Drôme
MARA7;MARANS;Poste de transformation;EN EXPLOITATION;90kV;Charente-Maritime
BARBO;BARBOTAN;Poste de transformation;EN EXPLOITATION;63kV;Landes
ARC18;ARC 1800;Poste de transformation;EN EXPLOITATION;63kV;Savoie
ARGE8;ARGENTAN;Poste de transformation;EN EXPLOITATION;90kV;Orne
B.DA5;BAN LA DAME;Poste de transformation;EN EXPLOITATION;63kV;Meurthe-et-Moselle
B.GES;BOULOGNE-SUR-GESSE;Poste de transformation;EN EXPLOITATION;63kV;Hautes-Pyrénées
G.ILE;GRANDE-ILE;Poste de transformation;EN EXPLOITATION;400kV;Isère
A.MER;ARGELES-SUR-MER;Poste de transformation;EN EXPLOITATION;63kV;Pyrénées-Orientales
ACHI5;ACHIET (CLIENT);Poste de transformation;EN EXPLOITATION;90kV;Pas-de-Calais
ALMA;ALMA;Poste de transformation;EN EXPLOITATION;225kV;Hauts-de-Seine
AURI5;AURIOL;Poste de transformation;EN EXPLOITATION;63kV;Bouches-du-Rhône
ISOLA;ISOLA (2000);Poste de transformation;EN EXPLOITATION;63kV;Alpes-Maritimes
GENAS;GENAS;Poste de transformation;EN EXPLOITATION;63kV;Rhône
ARGEN;ARGENTIERE (L);Poste de transformation;EN EXPLOITATION;150kV;Hautes-Alpes
SSJA5;ST-JACQUES;Poste de transformation;EN EXPLOITATION;63kV;Allier
ARRIO;ARRIOSSE;Poste de transformation;EN EXPLOITATION;63kV;Landes
ARRIV;ARRIVAUX (LES);Poste de transformation;EN EXPLOITATION;63kV;Isère
AUXON;AUXONNE;Poste de transformation;EN EXPLOITATION;63kV;Côte-d'Or
GLONV;GLONVILLE;Poste de transformation;EN EXPLOITATION;63kV;Meurthe-et-Moselle
GREGY;GREGY-SUR-YERRE;Poste de transformation;EN EXPLOITATION;63kV;Seine-et-Marne
GRENA;GRENAY;Poste de transformation;EN EXPLOITATION;225kV;Rhône
F.ARG;FIEF D ARGENT;Poste de transformation;EN EXPLOITATION;90kV;Deux-Sèvres
BARCE;BARCELONNETTE;Poste de transformation;EN EXPLOITATION;63kV;Alpes-de-Haute-Provence
BASS6;BASSIGNY;Poste de transformation;EN EXPLOITATION;63kV;Haute-Marne
BATAV;BATAVIA;Poste de transformation;EN EXPLOITATION;90kV;Pas-de-Calais
ARPAJ;ARPAJON;Poste de transformation;EN EXPLOITATION;90kV;Essonne
CASTO;CASTOR;Poste de transformation;EN EXPLOITATION;63kV;Somme
BISC6;BISCARRAT;Poste de transformation;EN EXPLOITATION;225kV;Gard
H.JAC;HAYANGE-ST-JACQUES;Poste de transformation;EN EXPLOITATION;63kV;Moselle
HAM;HAM;Poste de transformation;EN EXPLOITATION;63kV;Somme
PALLI;PALLICE (LA);Poste de transformation;EN EXPLOITATION;90kV;
GUIDE;GUIDEL;Poste de transformation;EN EXPLOITATION;63kV;Finistère
GUERL;GUERLEDAN;Poste de transformation;EN EXPLOITATION;63kV;Morbihan
H.PUI;HAYE-DU-PUITS (LA);Poste de transformation;EN EXPLOITATION;90kV;Manche
HAZEB;HAZEBROUCK;Poste de transformation;EN EXPLOITATION;90kV;Nord
E.BOT;ENCO-DE-BOTTE;Poste de transformation;EN EXPLOITATION;225kV;Bouches-du-Rhône
SALAN;SALANQUES;Poste de transformation;EN EXPLOITATION;63kV;Pyrénées-Orientales
ARLAN;ARLANDE (L );Poste de transformation;EN EXPLOITATION;63kV;Savoie
AUBE;AUBE;Poste de transformation;EN EXPLOITATION;225kV;Orne
NOVIO;NOVION;Poste de transformation;EN EXPLOITATION;225kV;Hauts-de-Seine
AURIA;AURIAC;Poste de transformation;EN EXPLOITATION;63kV;Pyrénées-Atlantiques
AVENI;AVENIR;Poste de transformation;EN EXPLOITATION;225kV;Seine-Saint-Denis
HYERE;HYERES;Poste de transformation;EN EXPLOITATION;225kV;Var
SSELB;ST-AUBIN-LES-ELBEUF;Poste de transformation;EN EXPLOITATION;90kV;Eure
SSHIL;ST-HILAIRE;Poste de transformation;EN EXPLOITATION;63kV;Isère
COUBE;COUBERT;Poste de transformation;EN EXPLOITATION;225kV;Seine-et-Marne
LAVER;LAVERA;Poste de transformation;EN EXPLOITATION;225kV;
AYDES;AYDES (LES);Poste de transformation;EN EXPLOITATION;90kV;Loiret
B.LAM;BORDERES-ET-LAMENSANS;Poste de transformation;EN EXPLOITATION;63kV;Landes
B.RON;BUISSON-ROND;Poste de transformation;EN EXPLOITATION;63kV;Savoie
SSMAL;ST-MALO;Poste de transformation;EN EXPLOITATION;63kV;
JANAS;JANAS;Poste de transformation;EN EXPLOITATION;63kV;
JAVEL;JAVEL;Poste de transformation;EN EXPLOITATION;225kV;Hauts-de-Seine
BATIL;BATILLY;Poste de transformation;EN EXPLOITATION;63kV;Meurthe-et-Moselle
ZPARR;PIQUAGE A PARROT;Point de piquage;EN EXPLOITATION;225kV;Gironde
ZMTAL;PIQUAGE MONTALET A PORCHEVILLE (ZMTAL);Point de piquage;EN EXPLOITATION;63kV;Yvelines
T.BAR;TRONVILLE-EN-BARROIS;Poste de transformation;EN EXPLOITATION;63kV;Meuse
BENOD;BENODET;Poste de transformation;EN EXPLOITATION;63kV;
ARVER;ARVERT;Poste de transformation;EN EXPLOITATION;90kV;Charente-Maritime
BELLO;BELLOY-EN-FRANCE;Poste de transformation;EN EXPLOITATION;225kV;Val-d'Oise
ROBI5;ROBINSON;Poste de transformation;EN EXPLOITATION;225kV;Yvelines
THIE5;THIERS;Poste de transformation;EN EXPLOITATION;63kV;Puy-de-Dôme
SEZAN;SEZANNE;Poste de transformation;EN EXPLOITATION;90kV;Marne
SOING;SOINGS;Poste de transformation;EN EXPLOITATION;90kV;Loir-et-Cher
FOCH;FOCH;Poste de transformation;EN EXPLOITATION;225kV;Hauts-de-Seine
BEZ.E;BEZIERS-EST;Poste de transformation;EN EXPLOITATION;225kV;Hérault
ARNOU;ARNOULT;Poste de transformation;EN EXPLOITATION;90kV;Charente-Maritime
ARCHI;ARCHINGEAY;Poste de transformation;EN EXPLOITATION;90kV;Charente-Maritime
S.CUR;SALLES CURAN;Poste de transformation;EN EXPLOITATION;225kV;Aveyron
SOULC;SOULCEM;Poste de transformation;EN EXPLOITATION;63kV;Ariège
SSDID;ST-DIDIER;Poste de transformation;EN EXPLOITATION;63kV;Isère
VERRE;VERREY;Poste de transformation;EN EXPLOITATION;63kV;Côte-d'Or
SSGE6;ST-GEORGES-SUR-LOIRE;Poste de transformation;EN EXPLOITATION;90kV;Maine-et-Loire
SSILL;ST-JEAN-D ILLAC;Poste de transformation;EN EXPLOITATION;63kV;Gironde
SSJOU;ST-LAURENT-DE-JOURDE;Poste de transformation;EN EXPLOITATION;90kV;Vienne
GALEJ;GALEJON;Poste de transformation;EN EXPLOITATION;63kV;Bouches-du-Rhône
AULN5;AULNAY;Poste de transformation;EN EXPLOITATION;90kV;Charente-Maritime
VIT.N;VITRY-NORD;Poste de transformation;EN EXPLOITATION;225kV;Val-de-Marne
BOIS5;BOISSEUIL;Poste de transformation;EN EXPLOITATION;90kV;Charente-Maritime
ZSSAS;PIQUAGE SAINT ASTIER (LIAISON SANILZ31SSISL);Point de piquage;EN EXPLOITATION;63kV;Dordogne
ZSSR5;PIQUAGE A SAINT-RENE;Point de piquage;EN EXPLOITATION;63kV;Côtes-d'Armor
ZSSRO;SSRO5 / ENVAL SSSAU 1;Point de piquage;EN EXPLOITATION;63kV;Puy-de-Dôme
GORRE;GORRE (SMURFIT KAPPA);Poste de transformation;EN EXPLOITATION;90kV;Charente
GOSNA;GOSNAY;Poste de transformation;EN EXPLOITATION;90kV;Pas-de-Calais
GRAN6;GRANGENT;Poste de transformation;EN EXPLOITATION;63kV;Loire
THURI;THURIES;Poste de transformation;EN EXPLOITATION;63kV;Tarn
BREN5;BRENS (CNR);Poste de transformation;EN EXPLOITATION;225kV;Tarn
LAVIL;LAVILLEDIEU;Poste de transformation;EN EXPLOITATION;63kV;Tarn-et-Garonne
JOSSE;JOSSELIN;Poste de transformation;EN EXPLOITATION;63kV;Morbihan
KERHU;KERHUEL;Poste de transformation;EN EXPLOITATION;63kV;Finistère
SERMA;SERMAISES;Poste de transformation;EN EXPLOITATION;90kV;Loiret
SENLI;SENLIS;Poste de transformation;EN EXPLOITATION;63kV;Oise
SERQU;SERQUIGNY;Poste de transformation;EN EXPLOITATION;90kV;Eure
ZNOVI;PIQUAGE NOVILLARS;Point de piquage;EN EXPLOITATION;63kV;Doubs
ZPTMA;PIQUAGE A PONTMAIN;Point de piquage;EN EXPLOITATION;90kV;Ille-et-Vilaine
HARGE;HARGEVILLE;Poste de transformation;EN EXPLOITATION;63kV;Yvelines
SSMR;ST-MAUR;Poste de transformation;EN EXPLOITATION;225kV;Val-de-Marne
SSMRE;STE-MAURE;Poste de transformation;EN EXPLOITATION;90kV;Indre-et-Loire
SSPAR;ST-PARDOUX;Poste de transformation;EN EXPLOITATION;63kV;Creuse
FLEVI;FLEVILLE;Poste de transformation;EN EXPLOITATION;63kV;Ardennes
FOUG5;FOUGEROLLES;Poste de transformation;EN EXPLOITATION;63kV;Haute-Saône
MEUN5;MEUNIERS (LES);Poste de transformation;EN EXPLOITATION;90kV;Vienne
MIREP;MIREPOIX;Poste de transformation;EN EXPLOITATION;63kV;Ariège
RUSSY;RUSSY;Poste de transformation;EN EXPLOITATION;63kV;Oise
PODEN;PODENSAC;Poste de transformation;EN EXPLOITATION;63kV;Gironde
LAUNA;LAUNAY;Poste de transformation;EN EXPLOITATION;400kV;Manche
QUINC;QUINCIEUX;Poste de transformation;EN EXPLOITATION;63kV;Rhône
R.GIE;RIVE-DE-GIER (CLIENT);Poste de transformation;EN EXPLOITATION;63kV;Loire
RAON;RAON;Poste de transformation;EN EXPLOITATION;63kV;Meurthe-et-Moselle
SANSS;SANSSAC (L'EGLISE);Poste de transformation;EN EXPLOITATION;225kV;Haute-Loire
M.MAR;MONT-DE-MARSAN;Poste de transformation;EN EXPLOITATION;63kV;Landes
MEZOT;MEZOT;Poste de transformation;EN EXPLOITATION;63kV;Meurthe-et-Moselle
VERDI;VERDIN;Poste de transformation;EN EXPLOITATION;90kV;Cher
DESCH;DESCHAMPS;Poste de transformation;EN EXPLOITATION;63kV;Gironde
BATIS;BATISSEURS;Poste de transformation;ACCORD ADMINISTRATIF;225kV;Val-de-Marne
ZSULA;PIQUAGE A SULAUZE;Point de piquage;EN EXPLOITATION;63kV;Bouches-du-Rhône
AILLA;AILLAS;Poste de transformation;EN EXPLOITATION;63kV;Gironde
MOING;MOINGT;Poste de transformation;EN EXPLOITATION;63kV;Loire
ZV.BE;PIQUAGE A VILLIERS LE BEL;Point de piquage;EN EXPLOITATION;225kV;Val-d'Oise
ZTALI;TALIZ / NEUSS SAVIG 1;Point de piquage;EN EXPLOITATION;63kV;Cantal
PORTE;PORTES;Poste de transformation;EN EXPLOITATION;63kV;Ardèche
PRIVA;PRIVAS;Poste de transformation;EN EXPLOITATION;63kV;Ardèche
MONDR;MONDRAGON;Poste de transformation;EN EXPLOITATION;63kV;Gard
MRLOQ;MARTILOQUE;Poste de transformation;EN EXPLOITATION;63kV;Lot-et-Garonne
MAGRE;MAGRE;Poste de transformation;EN EXPLOITATION;90kV;Haute-Vienne
P.SE5;PRE-SEIGNEURS;Poste de transformation;EN EXPLOITATION;63kV;Ain
P.SI4;PUITS-SIMON IV;Poste de transformation;EN EXPLOITATION;63kV;Moselle
DONGE;DONGES;Poste de transformation;EN EXPLOITATION;63kV;Loire-Atlantique
IMLIN;IMLING;Poste de transformation;EN EXPLOITATION;63kV;Moselle
INDRE;INDRET;Poste de transformation;EN EXPLOITATION;63kV;Loire-Atlantique
L.SAU;LONS-LE-SAUNIER;Poste de transformation;EN EXPLOITATION;63kV;Jura
VION;VION;Poste de transformation;EN EXPLOITATION;90kV;Sarthe
RIVAG;RIVAGES (LES);Poste de transformation;EN EXPLOITATION;90kV;Cher
RIETV;RIETVELD;Poste de transformation;EN EXPLOITATION;90kV;Nord
RIXHE;RIXHEIM;Poste de transformation;EN EXPLOITATION;63kV;Haut-Rhin
ROCAD;ROCADE;Poste de transformation;EN EXPLOITATION;225kV;Bouches-du-Rhône
ROMIL;ROMILLY;Poste de transformation;EN EXPLOITATION;90kV;Aube
ROPHE;ROPHEMEL;Poste de transformation;EN EXPLOITATION;63kV;Côtes-d'Armor
MAILL;MAILLY;Poste de transformation;EN EXPLOITATION;63kV;Yonne
MARGA;MARGAUX;Poste de transformation;EN EXPLOITATION;63kV;Gironde
E.LES;EYGUN-LESCUN;Poste de transformation;EN EXPLOITATION;63kV;Pyrénées-Atlantiques
EGLET;EGLETONS;Poste de transformation;EN EXPLOITATION;90kV;Corrèze
C.AIG;CHAUDES AIGUES;Poste de transformation;EN EXPLOITATION;63kV;Cantal
PALAY;PALAYRE (ENEDIS);Poste de transformation;EN EXPLOITATION;225kV;Haute-Garonne
ZJARR;PIQUAGE A LA JARRIE;Point de piquage;EN EXPLOITATION;90kV;Vendée
PREUS;PREUSCHDORF;Poste de transformation;EN EXPLOITATION;63kV;Bas-Rhin
CALAI;CALAIS;Poste de transformation;EN EXPLOITATION;90kV;Pas-de-Calais
CANAL;CANAL;Poste de transformation;EN EXPLOITATION;90kV;Seine-Maritime
PRRLA;PIERRELATTE (COGEMA A PIERRELATTE) (225KV);Poste de transformation;EN EXPLOITATION;225kV;Drôme
PULUT;PULUTENIA;Poste de transformation;EN EXPLOITATION;63kV;
R.LAN;RION-DES-LANDES;Poste de transformation;EN EXPLOITATION;63kV;Landes
PECQ;PECQ (LE);Poste de transformation;EN EXPLOITATION;63kV;Yvelines
PIZAN;PIZANCON;Poste de transformation;EN EXPLOITATION;63kV;Drôme
VIRIA;VIRIAT;Poste de transformation;EN EXPLOITATION;63kV;Ain
VLERA;VILLERAS;Poste de transformation;EN EXPLOITATION;225kV;Yvelines
VOLVO;VOLVON;Poste de transformation;EN EXPLOITATION;225kV;Loire
BLANQ;BLANQUEFORT (S.N.C.F.);Poste de transformation;EN EXPLOITATION;63kV;Gironde
ENVER;ENVERMEU;Poste de transformation;EN EXPLOITATION;90kV;Seine-Maritime
LAIRO;LAIRON;Poste de transformation;EN EXPLOITATION;90kV;Manche
RUPRE;RUPREUX;Poste de transformation;EN EXPLOITATION;225kV;Aisne
ZESS5;PIQUAGE A ESSARTS;Point de piquage;EN EXPLOITATION;90kV;Vendée
ZFLI5;PIQUAGE FLINS A AUBERGENVILLE (ZFLI5);Point de piquage;EN EXPLOITATION;63kV;Yvelines
ZGIFF;GIFFR / BONN8 PRESS 1;Point de piquage;EN EXPLOITATION;63kV;Haute-Savoie
PARIL;PARILLY;Poste de transformation;EN EXPLOITATION;63kV;Rhône
PASQU;PASQUIER;Poste de transformation;EN EXPLOITATION;225kV;Hauts-de-Seine
PATUR;PATURAL;Poste de transformation;EN EXPLOITATION;63kV;Rhône
GUEU5;GUEUGNON (CLIENT);Poste de transformation;EN EXPLOITATION;63kV;Saône-et-Loire
ZBETJ;PIQUAGE A BETJANOT;Point de piquage;EN EXPLOITATION;63kV;Lot-et-Garonne
BETJA;BETJANOT;Poste de transformation;EN EXPLOITATION;63kV;Lot-et-Garonne
NEOUL;NEOULES;Poste de transformation;EN EXPLOITATION;400kV;Var
PASSY;PASSY;Poste de transformation;EN EXPLOITATION;225kV;Haute-Savoie
ZARR5;PIQUAGE ARRIOSSE (LIAISON DAX Z31ORTH5);Point de piquage;EN EXPLOITATION;63kV;Landes
C.VE5;CROIX-VERTE (LA);Poste de transformation;EN EXPLOITATION;63kV;Yonne
ZP.AN;PIQUAGE A LA PRAZ-ST-ANDRE;Point de piquage;EN EXPLOITATION;400kV;Savoie
F.IRA;FONT D IRAC;Poste de transformation;EN EXPLOITATION;63kV;Gard
POMER;POMEROL;Poste de transformation;EN EXPLOITATION;90kV;Gironde
RELAI;RELAIS (LES);Poste de transformation;EN EXPLOITATION;90kV;Loiret
PHENI;PHENIX;Poste de transformation;EN EXPLOITATION;225kV;Gard
ALTOR;ALTORF;Poste de transformation;EN EXPLOITATION;63kV;Bas-Rhin
AMARI;AMARIN;Poste de transformation;EN EXPLOITATION;63kV;Haut-Rhin
AMPUI;AMPUIS;Poste de transformation;EN EXPLOITATION;63kV;Rhône
ANDE5;ANDELYS (LES);Poste de transformation;EN EXPLOITATION;90kV;Eure
SALER;SALERNES;Poste de transformation;EN EXPLOITATION;63kV;Var
SALLA;SALLANCHES;Poste de transformation;EN EXPLOITATION;63kV;Haute-Savoie
ZBARP;PIQUAGE LE BARP (LIAISON MASQUZ61SAUCA);Point de piquage;EN EXPLOITATION;225kV;Gironde
S.CHE;SELLES-SUR-CHER;Poste de transformation;EN EXPLOITATION;90kV;Loir-et-Cher
ZBRUO;SUZE / ARNAG FLECH;Point de piquage;EN EXPLOITATION;90kV;Sarthe
ZC.H5;PIQUAGE CROIX DHINS (LIAISON FACTUZ31SSILL);Point de piquage;EN EXPLOITATION;63kV;Gironde
ZBIGN;BIGNY / SSAMA VENES 1;Point de piquage;EN EXPLOITATION;90kV;Cher
DRAGU;DRAGUIGNAN;Poste de transformation;EN EXPLOITATION;63kV;Var
B.CO6;BRAILLY-CORNEHOTTE;Poste de transformation;EN EXPLOITATION;225kV;Somme
FORTA;FORTAIE (LA);Poste de transformation;EN EXPLOITATION;63kV;Loiret
FESC;FESC (LE);Poste de transformation;EN EXPLOITATION;63kV;Gard
R.ROU;ROCHES-ROUSSILLON;Poste de transformation;ACCORD ADMINISTRATIF;225kV;Ardèche
AICIR;AICIRITS;Poste de transformation;EN EXPLOITATION;63kV;Pyrénées-Atlantiques
AIGU6;AIGUEPERSE;Poste de transformation;EN EXPLOITATION;63kV;Puy-de-Dôme
RHINA;RHINAU;Poste de transformation;EN EXPLOITATION;225kV;Bas-Rhin
ROSEN;ROSENAU;Poste de transformation;EN EXPLOITATION;63kV;Haut-Rhin
M.FEN;MOTHE-FENELON (LA);Poste de transformation;EN EXPLOITATION;63kV;Dordogne
M.MOR;MITRY-MORY (E.D.F.);Poste de transformation;EN EXPLOITATION;225kV;Seine-Saint-Denis
ARBI1;ARBINE 1;Poste de transformation;EN EXPLOITATION;45kV;Savoie
LUBER;LUBERSAC;Poste de transformation;EN EXPLOITATION;90kV;Corrèze
LUDRE;LUDRES;Poste de transformation;EN EXPLOITATION;63kV;Meurthe-et-Moselle
NEPEL;NEPELLIER;Poste de transformation;EN EXPLOITATION;63kV;Ardennes
LUSSA;LUSSAGNET;Poste de transformation;EN EXPLOITATION;63kV;Landes
SSNI6;ST-NICOLAS (DU PELEM);Poste de transformation;EN EXPLOITATION;63kV;Côtes-d'Armor
SSPRI;ST-PRIX;Poste de transformation;EN EXPLOITATION;63kV;Allier
ONZAI;ONZAIN;Poste de transformation;EN EXPLOITATION;90kV;Loir-et-Cher
VALL5;VALLEES (LES);Poste de transformation;EN EXPLOITATION;90kV;Loir-et-Cher
DRONN;DRONNIERE (LA);Poste de transformation;EN EXPLOITATION;225kV;Calvados
GUEZE;GUEZENNEC;Poste de transformation;EN EXPLOITATION;63kV;Côtes-d'Armor
GUIL5;GUILHERAND;Poste de transformation;EN EXPLOITATION;63kV;Ardèche
ENCHA;ENCHANET;Poste de transformation;EN EXPLOITATION;225kV;Corrèze
B.CO5;BRAILLY-CORNEHOTTE (CLIENT);Poste de transformation;EN EXPLOITATION;225kV;Somme
SSTYR;ST-VINCENT-DE-TYROSSE;Poste de transformation;EN EXPLOITATION;63kV;Landes
HAGU5;HAGUENAU;Poste de transformation;EN EXPLOITATION;225kV;Bas-Rhin
SUIVE;SUIVES;Poste de transformation;EN EXPLOITATION;63kV;Var
CRETA;CRETAINE;Poste de transformation;EN EXPLOITATION;225kV;Hauts-de-Seine
GIROM;GIROMAGNY;Poste de transformation;EN EXPLOITATION;63kV;Territoire de Belfort
BAIXA;BAIXAS;Poste de transformation;EN EXPLOITATION;400kV;Pyrénées-Orientales
T.VER;TAPIS-VERT;Poste de transformation;EN EXPLOITATION;63kV;Meurthe-et-Moselle
BANNA;BANNALEC;Poste de transformation;EN EXPLOITATION;63kV;Finistère
BASIN;BASIN;Poste de transformation;EN EXPLOITATION;63kV;Marne
NIVEL;NIVELLE;Poste de transformation;EN EXPLOITATION;63kV;Pyrénées-Atlantiques
ASTUR;ASTURIES;Poste de transformation;EN EXPLOITATION;225kV;Pas-de-Calais
BESSE;BESSEGES;Poste de transformation;EN EXPLOITATION;63kV;Gard
E.REF;ELECTRO-REFRACTAIRE;Poste de transformation;EN EXPLOITATION;63kV;Gard
BATIG;BATIGNOLLES;Poste de transformation;EN EXPLOITATION;225kV;Hauts-de-Seine
BARJA;BARJAC;Poste de transformation;EN EXPLOITATION;225kV;Ardèche
SETIE;SETIER;Poste de transformation;EN EXPLOITATION;225kV;Aisne
BERG9;BERGE;Poste de transformation;EN EXPLOITATION;225kV;Landes
BISCA;BISCARROSSE;Poste de transformation;EN EXPLOITATION;63kV;
GISSE;GISSEY;Poste de transformation;EN EXPLOITATION;63kV;Côte-d'Or
VIZIL;VIZILLE;Poste de transformation;EN EXPLOITATION;63kV;Isère
ZTUPI;PIQUAGE A TUPIGNY;Point de piquage;EN EXPLOITATION;63kV;Aisne
RELE;RELE;Poste de transformation;EN EXPLOITATION;225kV;Meurthe-et-Moselle
BLERE;BLERE;Poste de transformation;EN EXPLOITATION;90kV;Indre-et-Loire
SSAL7;ST-ALBAN-ST-MAURICE;Poste de transformation;EN EXPLOITATION;400kV;Loire
AUBRI;AUBRIVES;Poste de transformation;EN EXPLOITATION;63kV;Meurthe-et-Moselle
FEYZ5;FEYZIN (PORTIQUE);Poste de transformation;EN EXPLOITATION;63kV;Rhône
GRIM5;GRIMAUD;Poste de transformation;EN EXPLOITATION;63kV;Var
B.AIR;BEL-AIR;Poste de transformation;EN EXPLOITATION;63kV;Aveyron
SAMER;SAMER;Poste de transformation;EN EXPLOITATION;90kV;Pas-de-Calais
PORC2;PORCHEVILLE B;Poste de transformation;EN EXPLOITATION;400kV;Yvelines
A.FEU;ACIERIES DE FEURS;Poste de transformation;EN EXPLOITATION;63kV;Loire
SSCLA;ST-CLAIR;Poste de transformation;EN EXPLOITATION;63kV;Loire
ZPAU;PIQUAGE PAU (CLIENT);Point de piquage;EN EXPLOITATION;63kV;Pyrénées-Atlantiques
ALLEM;ALLEMENT;Poste de transformation;EN EXPLOITATION;63kV;Ain
SSISL;ST-LEON-SUR-L ISLE;Poste de transformation;EN EXPLOITATION;63kV;Dordogne
HERBE;HERBE (L);Poste de transformation;EN EXPLOITATION;63kV;
HERM5;HERMITAGE;Poste de transformation;EN EXPLOITATION;90kV;Ille-et-Vilaine
ABBAY;ABBAYE (GAZ ET ELECTRICITE DE GRENOBLE);Poste de transformation;EN EXPLOITATION;63kV;Isère
AISER;AISEREY;Poste de transformation;EN EXPLOITATION;63kV;Côte-d'Or
KEMBS;KEMBS;Poste de transformation;EN EXPLOITATION;225kV;Haut-Rhin
HOURA;HOURAT (LE);Poste de transformation;EN EXPLOITATION;225kV;Pyrénées-Atlantiques
J.LOI;JUIGNE-SUR-LOIRE;Poste de transformation;EN EXPLOITATION;90kV;Maine-et-Loire
ZMAR6;PIQUAGE A LIMAY;Point de piquage;EN EXPLOITATION;63kV;Yvelines
AMPER;AMPERE (SAINT-DENIS);Poste de transformation;EN EXPLOITATION;225kV;Hauts-de-Seine
SAUTE;SAUTET (LE);Poste de transformation;EN EXPLOITATION;225kV;Isère
ZBLOT;PIQUAGE A BLOTTEREAU;Point de piquage;EN EXPLOITATION;225kV;Loire-Atlantique
GONCE;GONCELIN;Poste de transformation;EN EXPLOITATION;63kV;Isère
GOLIN;GOLINHAC;Poste de transformation;EN EXPLOITATION;225kV;Aveyron
ZLAGU;PIQUAGE LAGUIAN (LIAISON LOUSLZ31MAUBO);Point de piquage;EN EXPLOITATION;63kV;Gers
KIR;KIR;Poste de transformation;EN EXPLOITATION;63kV;Côte-d'Or
E.CL5;EAUX CLAIRES;Poste de transformation;EN EXPLOITATION;90kV;Charente
SSDOU;ST-DOULCHARD;Poste de transformation;EN EXPLOITATION;90kV;Cher
ZCOLO;PIQUAGE A COLOMB;Point de piquage;EN EXPLOITATION;63kV;Gard
ZLAFI;PIQUAGE A LAFIGERE;Point de piquage;EN EXPLOITATION;225kV;Lozère
ZSSCR;PIQUAGE A STE CROIX;Point de piquage;EN EXPLOITATION;225kV;Alpes-de-Haute-Provence
MTVAR;MONT-VARIN;Poste de transformation;EN EXPLOITATION;225kV;Aisne
LESCA;LESCAR;Poste de transformation;EN EXPLOITATION;225kV;Pyrénées-Atlantiques
ZMER5;PIQUAGE MERENS (LIAISON MERE5Z31TEICH);Point de piquage;EN EXPLOITATION;63kV;Ariège
LESNE;LESNEVEN;Poste de transformation;EN EXPLOITATION;63kV;Finistère
DREUX;DREUX;Poste de transformation;EN EXPLOITATION;90kV;Eure-et-Loir
CHAPO;CHAPON;Poste de transformation;EN EXPLOITATION;225kV;Meuse
ZSSV7;PIQUAGE A SAINT-ILLIERS-LA-VILLE;Point de piquage;EN EXPLOITATION;90kV;Eure
CARVI;CARVIN;Poste de transformation;EN EXPLOITATION;90kV;Pas-de-Calais
ZIVRY;PIQUAGE A IVRY;Point de piquage;EN EXPLOITATION;63kV;Paris
ZAUBE;PIQUAGE AUX AUBES;Point de piquage;EN EXPLOITATION;63kV;Bouches-du-Rhône
TUILI;TUILIERES;Poste de transformation;EN EXPLOITATION;63kV;Dordogne
TUILI;TUILIERES;Poste de transformation;EN EXPLOITATION;225kV;Dordogne
BRUGE;BRUGES;Poste de transformation;EN EXPLOITATION;225kV;Gironde
F.ABE;FORGES-D ABEL;Poste de transformation;EN EXPLOITATION;63kV;
CHESN;CHESNOY (LE);Poste de transformation;EN EXPLOITATION;400kV;Seine-et-Marne
RICHI;RICHIER;Poste de transformation;EN EXPLOITATION;225kV;Bouches-du-Rhône
RISCL;RISCLE;Poste de transformation;EN EXPLOITATION;63kV;Gers
BAYAR;BAYARD;Poste de transformation;EN EXPLOITATION;63kV;Haute-Marne
I.LON;ILE-LONGUE;Poste de transformation;EN EXPLOITATION;63kV;
ZAVR5;PIQUAGE A GAGNY;Point de piquage;EN EXPLOITATION;225kV;Seine-Saint-Denis
ZCADO;PIQUAGE A CADOREES;Point de piquage;EN EXPLOITATION;63kV;Côtes-d'Armor
ZCOUT;PIQUAGE COUTRAS (LIAISON BESSAZ41POMER);Point de piquage;EN EXPLOITATION;90kV;Gironde
ZCRIM;PIQUAGE CRIMOLOIS;Point de piquage;EN EXPLOITATION;63kV;Côte-d'Or
ROSTR;ROSTRENEN;Poste de transformation;EN EXPLOITATION;63kV;Côtes-d'Armor
DUN;DUN;Poste de transformation;EN EXPLOITATION;90kV;Cher
V.SEP;VILLERS-SAINT-SEPULCRE;Poste de transformation;EN EXPLOITATION;225kV;Oise
VALBO;VALBONNE;Poste de transformation;EN EXPLOITATION;63kV;Alpes-Maritimes
TREVA;TREVAS;Poste de transformation;EN EXPLOITATION;225kV;Haute-Loire
TULLE;TULLE;Poste de transformation;EN EXPLOITATION;90kV;Corrèze
DURRE;DURRE (LA);Poste de transformation;EN EXPLOITATION;63kV;Allier
ETANG;ETANG (L)(CLIENT);Poste de transformation;EN EXPLOITATION;63kV;
N.SEI;NOGENT-SUR-SEINE;Poste de transformation;EN EXPLOITATION;63kV;Aube
CREVE;CREVECOEUR;Poste de transformation;EN EXPLOITATION;63kV;Seine-et-Marne
COLUM;COLUMEAUX (LES);Poste de transformation;EN EXPLOITATION;90kV;Loiret
L.MOR;LAC-MORT;Poste de transformation;EN EXPLOITATION;63kV;Isère
ZCAPE;PIQUAGE CAPENDU (LIAISON CROZEZ31MOREA);Point de piquage;EN EXPLOITATION;63kV;Aude
ZBROU;BROU / CLUS5 FLEYR 1;Point de piquage;EN EXPLOITATION;63kV;Ain
ZC.SE;PIQUAGE CHATILLON-SUR-SEINE;Point de piquage;EN EXPLOITATION;225kV;Côte-d'Or
ZCOCH;COCHE / G.COE MENUI 1;Point de piquage;EN EXPLOITATION;63kV;Savoie
ZCOSQ;PIQUAGE A  LA COSQUER;Point de piquage;EN EXPLOITATION;63kV;Finistère
LAMA5;LAMATIVIE (PORTIQUE);Poste de transformation;EN EXPLOITATION;90kV;Corrèze
MADE5;MADELEINE (LA)(CREUSOT LOIRE INDUSTRIE A RIVE-DE-GIERS);Poste de transformation;EN EXPLOITATION;225kV;Loire
SSCES;ST-CESAIRE;Poste de transformation;EN EXPLOITATION;225kV;Gard
NEUBO;NEUBOURG;Poste de transformation;EN EXPLOITATION;90kV;Eure
NEULI;NEULISE;Poste de transformation;EN EXPLOITATION;63kV;Loire
NORSO;NORSOLOR;Poste de transformation;EN EXPLOITATION;63kV;Moselle
P.AU5;PONT-AUDEMER CLIENT;Poste de transformation;EN EXPLOITATION;90kV;Eure
P.BE5;PETIT-BERU;Poste de transformation;EN EXPLOITATION;63kV;Yonne
P.BOR;PIED-DE-BORNE;Poste de transformation;EN EXPLOITATION;225kV;Lozère
MAURI;MAURIAC;Poste de transformation;EN EXPLOITATION;90kV;Cantal
LIESS;LIESSE;Poste de transformation;EN EXPLOITATION;225kV;Val-d'Oise
LIMAY;LIMAY;Poste de transformation;EN EXPLOITATION;63kV;Yvelines
COUGN;COUGNALA;Poste de transformation;EN EXPLOITATION;63kV;Landes
VAUVE;VAUVERT;Poste de transformation;EN EXPLOITATION;63kV;Gard
SSMAI;ST-MAIXENT;Poste de transformation;EN EXPLOITATION;90kV;Deux-Sèvres
VAYNE;VAYNE;Poste de transformation;EN EXPLOITATION;63kV;
PALUN;PALUN (LA);Poste de transformation;EN EXPLOITATION;225kV;Bouches-du-Rhône
VEAUC;VEAUCHE;Poste de transformation;EN EXPLOITATION;63kV;Loire
ZS.CO;S.COM / MOING SSJUS 1;Point de piquage;EN EXPLOITATION;63kV;Loire
ZSSMA;PIQUAGE SAINT MACAIRE (LIAISON BAZASZ31LANGO);Point de piquage;EN EXPLOITATION;63kV;Gironde
POL45;POLE 45;Poste de transformation;EN EXPLOITATION;90kV;Loiret
PREMY;PREMY;Poste de transformation;EN EXPLOITATION;90kV;Pas-de-Calais
PROVE;PROVENCE;Poste de transformation;EN EXPLOITATION;90kV;Essonne
ZGESS;PIQUAGE A GESSE;Point de piquage;EN EXPLOITATION;63kV;Aude
TURGO;TURGOT;Poste de transformation;EN EXPLOITATION;225kV;Hauts-de-Seine
LAVEL;LAVELANET;Poste de transformation;EN EXPLOITATION;63kV;Ariège
LECHE;LECHERE (LA);Poste de transformation;EN EXPLOITATION;45kV;Savoie
GENIT;GENITOY;Poste de transformation;EN EXPLOITATION;225kV;Seine-et-Marne
GEX;GEX;Poste de transformation;EN EXPLOITATION;63kV;Ain
MOREA;MOREAU;Poste de transformation;EN EXPLOITATION;225kV;Aude
BEGLE;BEGLES;Poste de transformation;EN EXPLOITATION;63kV;Gironde
P.ETI;PAPETERIES-ETIENNE;Poste de transformation;EN EXPLOITATION;63kV;Bouches-du-Rhône
LONG8;LONGUE;Poste de transformation;EN EXPLOITATION;90kV;Maine-et-Loire
VNES;VIGNES (LES);Poste de transformation;EN EXPLOITATION;90kV;Indre
P.ORG;PLAN-D ORGON;Poste de transformation;EN EXPLOITATION;400kV;Bouches-du-Rhône
ENTR5;ENTREPRISES;Poste de transformation;EN EXPLOITATION;90kV;Seine-Maritime
MORIG;MORIGNY;Poste de transformation;EN EXPLOITATION;90kV;Essonne
M.VEY;MARTRES DE VEYRE;Poste de transformation;EN EXPLOITATION;63kV;Puy-de-Dôme
ZVAYR;PIQUAGE VAYRES (LIAISON IZON Z31PTAC);Point de piquage;EN EXPLOITATION;63kV;Gironde
ZRUNI;PIQUAGE A RUNIO;Point de piquage;EN EXPLOITATION;63kV;Morbihan
ZLAMB;PIQUAGE LAMBRES-LEZ-DOUAI;Point de piquage;ACCORD ADMINISTRATIF;225kV;Pas-de-Calais
ZSSG7;PIQUAGE A SAINT GERONS;Point de piquage;EN EXPLOITATION;225kV;Cantal
TEMPL;TEMPLE (LE);Poste de transformation;EN EXPLOITATION;63kV;Lot-et-Garonne
THEZI;THEZIERS;Poste de transformation;EN EXPLOITATION;63kV;Gard
BIZET;BIZETTE;Poste de transformation;EN EXPLOITATION;90kV;Loiret
VINS;VINS;Poste de transformation;EN EXPLOITATION;225kV;Var
CERNA;CERNAY;Poste de transformation;EN EXPLOITATION;225kV;Marne
GUEBW;GUEBWILLER;Poste de transformation;EN EXPLOITATION;225kV;Haut-Rhin
ZP.VI;P.VIZ / EYBEN VIZIL 1;Point de piquage;EN EXPLOITATION;63kV;Isère
ZPAU5;PIQUAGE PAU SNCF (LIAISON BIZANZ31BORD7);Point de piquage;EN EXPLOITATION;63kV;Pyrénées-Atlantiques
R.JAN;TIVERNON SNCF (ROUTE DE JANVILLE);Poste de transformation;EN EXPLOITATION;90kV;Eure-et-Loir
ZR.MA;PIQUAGE A ROUTE DE MARVILLE;Point de piquage;EN EXPLOITATION;225kV;Meuse
MRNIE;MARTINIERE (LA);Poste de transformation;EN EXPLOITATION;63kV;Vaucluse
SSTUL;STE-TULLE;Poste de transformation;EN EXPLOITATION;225kV;Alpes-de-Haute-Provence
STENA;STENAY;Poste de transformation;EN EXPLOITATION;225kV;Meuse
MUETT;MUETTE;Poste de transformation;EN EXPLOITATION;225kV;Hauts-de-Seine
N.GEO;NUITS-ST-GEORGES;Poste de transformation;EN EXPLOITATION;63kV;Côte-d'Or
TIGNI;TIGNIEU;Poste de transformation;EN EXPLOITATION;63kV;Isère
NACEL;NACELLE;Poste de transformation;EN EXPLOITATION;90kV;Marne
MINER;MINERALIER;Poste de transformation;ACCORD ADMINISTRATIF;225kV;Bouches-du-Rhône
SSAV6;ST-AVRE (CLIENT);Poste de transformation;EN EXPLOITATION;45kV;Savoie
CHEV9;CHEVREAUX (LES);Poste de transformation;ACCORD ADMINISTRATIF;225kV;Vienne
BARBA;BARBAN;Poste de transformation;EN EXPLOITATION;225kV;Gironde
HUTTE;HUTTES (LES);Poste de transformation;ACCORD ADMINISTRATIF;225kV;
1CNRS;LNCMI-CNRS;Poste de transformation;EN EXPLOITATION;<45kV;Isère
COMMU;COMMUNE;Poste de transformation;EN EXPLOITATION;225kV;Saône-et-Loire
BOURB;BOURBOURG;Poste de transformation;ACCORD ADMINISTRATIF;400kV;Pas-de-Calais
GONES;GONESSE;Poste de transformation;EN EXPLOITATION;225kV;Val-d'Oise
PIER6;PIERRE (LA);Poste de transformation;ACCORD ADMINISTRATIF;90kV;Indre-et-Loire
LOREN;LORENZI;Poste de transformation;ACCORD ADMINISTRATIF;225kV;Seine-Saint-Denis
ARMAN;ARMAND;Poste de transformation;ACCORD ADMINISTRATIF;225kV;Val-de-Marne
LEUCA;LEUCATE;Poste de transformation;ACCORD ADMINISTRATIF;63kV;
TRAME;TRAMEZAYGUES;Poste de transformation;EN EXPLOITATION;63kV;Hautes-Pyrénées
MARGE;MARGERIDE;Poste de transformation;EN EXPLOITATION;225kV;Lozère
CAMON;CAMON;Poste de transformation;EN EXPLOITATION;63kV;Haute-Garonne
CSLNA;CASTELNAU;Poste de transformation;EN EXPLOITATION;63kV;Aveyron
S.AIR;SALON-BEL-AIR;Poste de transformation;EN EXPLOITATION;225kV;Bouches-du-Rhône
SEIX;SEIX;Poste de transformation;EN EXPLOITATION;63kV;Ariège
PROV6;PROVILLE;Poste de transformation;EN EXPLOITATION;63kV;Nord
MENDE;MENDE;Poste de transformation;EN EXPLOITATION;63kV;Lozère
CHARL;CHARLIEU;Poste de transformation;EN EXPLOITATION;63kV;Loire
MAIE;MAIE (LA);Poste de transformation;EN EXPLOITATION;90kV;Pas-de-Calais
CUSSE;CUSSET-HYDRAULIQUE;Poste de transformation;EN EXPLOITATION;63kV;Rhône
E.SOL;EBANGE-SOLLAC;Poste de transformation;EN EXPLOITATION;63kV;Moselle
MONAS;MONASTIER (LE);Poste de transformation;EN EXPLOITATION;63kV;Lozère
ARRE5;ARREAU;Poste de transformation;EN EXPLOITATION;63kV;Hautes-Pyrénées
GRABE;GRABES;Poste de transformation;EN EXPLOITATION;150kV;Hautes-Pyrénées
F.LOU;FOSSE AUX LOUPS (LA);Poste de transformation;EN EXPLOITATION;225kV;Yvelines
S.PON;SERRE-PONCON;Poste de transformation;EN EXPLOITATION;225kV;Hautes-Alpes
MELI5;MELINCOLS;Poste de transformation;EN EXPLOITATION;63kV;Jura
RODEZ;RODEZ;Poste de transformation;EN EXPLOITATION;63kV;Aveyron
CAPEY;CAPEY;Poste de transformation;EN EXPLOITATION;63kV;Oise
P.SAL;PONT-SALOMON;Poste de transformation;EN EXPLOITATION;63kV;Haute-Loire
ZMTLA;PIQUAGE A MONTLAUR;Point de piquage;EN EXPLOITATION;63kV;Haute-Garonne
REVEL;REVEL;Poste de transformation;EN EXPLOITATION;63kV;Haute-Garonne
I.BRU;ILE BRUNE;Poste de transformation;ACCORD ADMINISTRATIF;63kV;Isère
STOUR;STOURNEMIL;Poste de transformation;EN EXPLOITATION;63kV;Haute-Garonne
P.MAC;PLESSIS-MACE;Poste de transformation;EN EXPLOITATION;90kV;Maine-et-Loire
ZRESO;PIQUAGE A RESOLUT;Point de piquage;EN EXPLOITATION;63kV;Landes
MORA5;MORANDES (LES);Poste de transformation;EN EXPLOITATION;225kV;Allier
MILLA;MILLAU;Poste de transformation;EN EXPLOITATION;63kV;Aveyron
VALE7;VALENTINE;Poste de transformation;EN EXPLOITATION;63kV;Haute-Garonne
BARAQ;BARAQUEVILLE;Poste de transformation;EN EXPLOITATION;63kV;Aveyron
CIVAU;CIVAUX;Poste de transformation;EN EXPLOITATION;400kV;Vienne
COSNI;COSNIERE (LA);Poste de transformation;EN EXPLOITATION;90kV;Loire-Atlantique
BLANC;BLANCHARDIERE;Poste de transformation;EN EXPLOITATION;90kV;Maine-et-Loire
SSPL5;ST-AUBIN-DU-PLAIN;Poste de transformation;EN EXPLOITATION;90kV;Deux-Sèvres
ROCH4;ROCHEREAU;Poste de transformation;EN EXPLOITATION;90kV;Vienne
AMBON;AMBON;Poste de transformation;EN EXPLOITATION;63kV;Morbihan
C.CHI;CHATEAU-CHINON;Poste de transformation;EN EXPLOITATION;63kV;Nièvre
B.CEZ;BAGNOLS-SUR-CEZE;Poste de transformation;EN EXPLOITATION;63kV;Gard
M.RAD;MARAIS DE RADICATEL (LES);Poste de transformation;EN EXPLOITATION;225kV;Seine-Maritime
GALOR;GALOREAUX (LES);Poste de transformation;EN EXPLOITATION;400kV;Maine-et-Loire
DOMB5;DOMBASLE (COGENERATEUR ELYO);Poste de transformation;EN EXPLOITATION;63kV;Meurthe-et-Moselle
D.BRU;DEUVE BRULEE;Poste de transformation;EN EXPLOITATION;225kV;Pas-de-Calais
SSRLA;ST-REMY-DES-LANDES;Poste de transformation;EN EXPLOITATION;90kV;
NIVOU;NIVOUVILLE;Poste de transformation;EN EXPLOITATION;90kV;Eure-et-Loir
COLO9;COLONNE (LA);Poste de transformation;EN EXPLOITATION;90kV;Deux-Sèvres
ROCBA;ROCBARON;Poste de transformation;EN EXPLOITATION;225kV;Var
JARLA;JARLARD;Poste de transformation;EN EXPLOITATION;63kV;Tarn
L.VOL;LAVAL-SUR-VOLOGNE;Poste de transformation;EN EXPLOITATION;63kV;Vosges
1GUIL;GUILLOTIERE;Poste de transformation;EN EXPLOITATION;<45kV;Rhône
AIGLE;AIGLE (L );Poste de transformation;EN EXPLOITATION;225kV;Corrèze
SSVIC;ST-VICTOR;Poste de transformation;EN EXPLOITATION;225kV;Aveyron
L.CE2;LAVAL-DE-CERE II;Poste de transformation;EN EXPLOITATION;225kV;Lot
PORTI;PORTILLON POSTE-CENTRALE;Poste de transformation;EN EXPLOITATION;150kV;Haute-Garonne
LANSL;LANSLEBOURG;Poste de transformation;EN EXPLOITATION;63kV;Savoie
LOHAN;LOHAN (LE);Poste de transformation;EN EXPLOITATION;63kV;Morbihan
CADAL;CADALLES (LES);Poste de transformation;EN EXPLOITATION;63kV;Ain
S.TAR;SAUT-DU-TARN;Poste de transformation;EN EXPLOITATION;63kV;Tarn
TOURL;TOURLAVILLE;Poste de transformation;EN EXPLOITATION;90kV;Manche
ESCA5;ESCARGOT;Poste de transformation;ACCORD ADMINISTRATIF;225kV;Essonne
LABO5;LABOUHEYRE (CLIENT);Poste de transformation;EN EXPLOITATION;63kV;Landes
SOSPE;SOSPEL;Poste de transformation;EN EXPLOITATION;63kV;Alpes-Maritimes
SSBR6;ST-BRICE-EN-COGLES;Poste de transformation;EN EXPLOITATION;90kV;Ille-et-Vilaine
SSCL5;ST-CLAUDE;Poste de transformation;EN EXPLOITATION;63kV;Jura
SSAL5;ST-PIERRE-D ALBIGNY;Poste de transformation;EN EXPLOITATION;63kV;Savoie
SSEUL;STE-EULALIE;Poste de transformation;EN EXPLOITATION;63kV;Gironde
SSMAC;ST-MACAIRE;Poste de transformation;EN EXPLOITATION;63kV;Gironde
ZNAY;PIQUAGE NAY SNCF (LIAISON BORD7Z31COARR);Point de piquage;EN EXPLOITATION;63kV;Pyrénées-Atlantiques
ZP.V5;PIQUAGE A PONT-LA-VILLE;Point de piquage;EN EXPLOITATION;225kV;Haute-Marne
AUNEA;AUNEAU;Poste de transformation;EN EXPLOITATION;90kV;Eure-et-Loir
BRADA;BRADASCOU (LE);Poste de transformation;EN EXPLOITATION;90kV;Corrèze
BROU;BROU (BOURG-EN-BRESSE);Poste de transformation;EN EXPLOITATION;63kV;Ain
LIGNA;LIGNAT;Poste de transformation;EN EXPLOITATION;225kV;Puy-de-Dôme
LOISI;LOISIVIERE;Poste de transformation;EN EXPLOITATION;90kV;Orne
LESTA;LESTARQUIT;Poste de transformation;EN EXPLOITATION;225kV;Pas-de-Calais
LESUR;LESURCQ;Poste de transformation;EN EXPLOITATION;63kV;Essonne
LISIE;LISIEUX;Poste de transformation;EN EXPLOITATION;90kV;Calvados
SSMC;ST-MARC;Poste de transformation;EN EXPLOITATION;90kV;Haute-Vienne
THANN;THANN;Poste de transformation;EN EXPLOITATION;63kV;Haut-Rhin
THILL;THILLOT (LE);Poste de transformation;EN EXPLOITATION;63kV;Vosges
TINTE;TINTENIAC;Poste de transformation;EN EXPLOITATION;90kV;Ille-et-Vilaine
TIVER;TIVERNON;Poste de transformation;EN EXPLOITATION;225kV;Eure-et-Loir
SSJUS;ST-JUST (-SUR-LOIRE);Poste de transformation;EN EXPLOITATION;63kV;Loire
SSOU5;ST-OUEN (POSTE);Poste de transformation;EN EXPLOITATION;225kV;Hauts-de-Seine
SSSET;ST-SETIERS;Poste de transformation;EN EXPLOITATION;90kV;Corrèze
CABES;CABESTANY;Poste de transformation;EN EXPLOITATION;63kV;Pyrénées-Orientales
SSVAL;ST-VALLIER;Poste de transformation;EN EXPLOITATION;63kV;Ardèche
LOSCO;LOSCOAT;Poste de transformation;EN EXPLOITATION;225kV;Finistère
L.BEU;LAMOTTE-BEUVRON;Poste de transformation;EN EXPLOITATION;90kV;Loir-et-Cher
LANNI;LANNION;Poste de transformation;EN EXPLOITATION;63kV;Côtes-d'Armor
LAVAU;LAVAUD;Poste de transformation;EN EXPLOITATION;90kV;Creuse
LIERS;LIERS;Poste de transformation;EN EXPLOITATION;225kV;Essonne
LINGU;LINGUET;Poste de transformation;EN EXPLOITATION;63kV;Marne
LIZY;LIZY (-SUR-OURCQ);Poste de transformation;EN EXPLOITATION;63kV;Seine-et-Marne
BOUC5;BOUCHEIX (LE);Poste de transformation;EN EXPLOITATION;63kV;Puy-de-Dôme
BRAM;BRAM;Poste de transformation;EN EXPLOITATION;63kV;Aude
BLOCA;BLOCAUX;Poste de transformation;EN EXPLOITATION;225kV;Seine-Maritime
BOCCA;BOCCA (LA);Poste de transformation;EN EXPLOITATION;225kV;Var
BONIC;BONICHAUD;Poste de transformation;EN EXPLOITATION;90kV;Creuse
BOUCA;BOUCAU (LE);Poste de transformation;EN EXPLOITATION;63kV;
BOUS5;BOUSSAC;Poste de transformation;EN EXPLOITATION;63kV;Creuse
BREU5;BREUIL;Poste de transformation;EN EXPLOITATION;225kV;Saône-et-Loire
B.CHA;BUTTES-CHAUMONT;Poste de transformation;EN EXPLOITATION;225kV;Paris
CAZAR;CAZARIL;Poste de transformation;EN EXPLOITATION;400kV;Hautes-Pyrénées
MTBRU;MONTBRUN;Poste de transformation;EN EXPLOITATION;63kV;
MTEZ5;MONTEZIC (POSTE EXTERIEUR);Poste de transformation;EN EXPLOITATION;400kV;Aveyron
B.HAM;BASSE-HAM;Poste de transformation;EN EXPLOITATION;225kV;Moselle
CHAB5;CHABAUDS (LES);Poste de transformation;EN EXPLOITATION;63kV;Bouches-du-Rhône
CHABR;CHABRILLAN;Poste de transformation;EN EXPLOITATION;225kV;Drôme
MALAU;MALAUNAY;Poste de transformation;EN EXPLOITATION;90kV;Seine-Maritime
CLAME;CLAMECY;Poste de transformation;EN EXPLOITATION;63kV;Nièvre
COMM7;COMMERVEIL;Poste de transformation;EN EXPLOITATION;225kV;Sarthe
SERRI;SERRIERES;Poste de transformation;EN EXPLOITATION;225kV;Ain
MAUDU;MAUDUIT;Poste de transformation;EN EXPLOITATION;63kV;Finistère
KUNHE;KUNHEIM;Poste de transformation;EN EXPLOITATION;63kV;Haut-Rhin
LADOU;LADOUX;Poste de transformation;EN EXPLOITATION;63kV;Puy-de-Dôme
BERTR;BERTRIC;Poste de transformation;EN EXPLOITATION;63kV;Dordogne
DUGNY;DUGNY;Poste de transformation;EN EXPLOITATION;63kV;Meuse
EPIN6;EPINAY;Poste de transformation;EN EXPLOITATION;90kV;Mayenne
MOLE;MOLE (LA);Poste de transformation;EN EXPLOITATION;225kV;Corrèze
P.AND;PRAZ-ST-ANDRE;Poste de transformation;EN EXPLOITATION;400kV;Savoie
VOUGY;VOUGY;Poste de transformation;EN EXPLOITATION;63kV;Haute-Savoie
1LMA;LMA;Poste de transformation;EN EXPLOITATION;<45kV;Nord
LANN6;LANNILIS;Poste de transformation;EN EXPLOITATION;63kV;Finistère
CIOTA;CIOTAT (LA);Poste de transformation;EN EXPLOITATION;63kV;
CIVRA;CIVRAY;Poste de transformation;EN EXPLOITATION;90kV;Deux-Sèvres
ZMONL;PIQUAGE MONLOO (LIAISON L.BALZ51LANNE);Point de piquage;EN EXPLOITATION;150kV;Hautes-Pyrénées
ZNEUL;NEULI / FEURS GREPI 1;Point de piquage;EN EXPLOITATION;63kV;Loire
ZPELA;PIQUAGE A PELADE;Point de piquage;EN EXPLOITATION;225kV;Var
ZSSA5;PIQUAGE STE-AGATHE (LIGNE N0 2);Point de piquage;EN EXPLOITATION;63kV;Moselle
ZSSS5;PIQUAGE A BAILLEUL-SUR-THERAIN;Point de piquage;EN EXPLOITATION;63kV;Oise
ZTEIL;PIQUAGE A TEIL (LE);Point de piquage;EN EXPLOITATION;63kV;Ardèche
CERGY;CERGY;Poste de transformation;EN EXPLOITATION;400kV;Val-d'Oise
VLAR5;VILLAROCHE;Poste de transformation;EN EXPLOITATION;63kV;Seine-et-Marne
VLETT;VILLETTE (PORTIQUE);Poste de transformation;EN EXPLOITATION;63kV;Ardennes
VOSNE;VOSNE;Poste de transformation;EN EXPLOITATION;63kV;Côte-d'Or
ORGEI;ORGEIX;Poste de transformation;EN EXPLOITATION;63kV;Ariège
BRUNO;BRUNOY;Poste de transformation;EN EXPLOITATION;63kV;Essonne
C.BAR;CHAPELLE DU BARD (LA);Poste de transformation;EN EXPLOITATION;63kV;Isère
C.CHA;CHAPELLE-DU-CHATELARD(LA);Poste de transformation;EN EXPLOITATION;63kV;Ain
CHAIN;CHAINGY;Poste de transformation;EN EXPLOITATION;400kV;Loiret
DONZA;DONZAC;Poste de transformation;EN EXPLOITATION;400kV;Lot-et-Garonne
CORDY;CORDY;Poste de transformation;EN EXPLOITATION;90kV;Loir-et-Cher
OZON;OZON;Poste de transformation;EN EXPLOITATION;63kV;Ardèche
MAYET;MAYET;Poste de transformation;EN EXPLOITATION;63kV;Dordogne
TAVA5;TAVAUX (COGENERATION DALKIA);Poste de transformation;EN EXPLOITATION;225kV;Jura
TOUR9;TOURNOISIS;Poste de transformation;EN EXPLOITATION;90kV;Loiret
U.MON;USINOR-MONTATAIRE;Poste de transformation;EN EXPLOITATION;63kV;Oise
LABRU;LABRUGUIERE;Poste de transformation;EN EXPLOITATION;63kV;Tarn
CIZ5;CIZE (CLIENT);Poste de transformation;EN EXPLOITATION;225kV;Ain
MUREM;MUREMONT;Poste de transformation;EN EXPLOITATION;225kV;Meuse
COULE;COULEUVRE;Poste de transformation;EN EXPLOITATION;63kV;Allier
COUTR;COUTRAS;Poste de transformation;EN EXPLOITATION;90kV;Gironde
V.COR;VILLESEQUE DES CORBIERES;Poste de transformation;EN EXPLOITATION;63kV;Aude
MANOS;MANOSQUE;Poste de transformation;EN EXPLOITATION;225kV;Alpes-de-Haute-Provence
CATTE;CATTENOM;Poste de transformation;EN EXPLOITATION;400kV;Moselle
NUITS;NUITS (-SOUS-RAVIERES);Poste de transformation;EN EXPLOITATION;63kV;Yonne
CXME;CHAUME (LA);Poste de transformation;EN EXPLOITATION;90kV;Indre
ZCOMM;PIQUAGE A COMMERCY;Point de piquage;EN EXPLOITATION;63kV;Meuse
ZCOND;PIQUAGE CONDOM (LIAISON MTREAZ31V.FEZ);Point de piquage;EN EXPLOITATION;63kV;Gers
ZTROU;MAZIE / BUIS MARMA 1;Point de piquage;EN EXPLOITATION;90kV;Cher
ZVER7;PIQUAGE VERNET (LIAISON FAUGAZ31MURET);Point de piquage;EN EXPLOITATION;63kV;Haute-Garonne
ZTER5;TERRE / RIVIE SOLEI 1;Point de piquage;EN EXPLOITATION;63kV;Loire
ZESPI;ESPI5 / CXNAY DAMBR 2;Point de piquage;EN EXPLOITATION;225kV;Eure-et-Loir
MESSI;MESSIMY-NEMOZ;Poste de transformation;EN EXPLOITATION;63kV;Rhône
MOFFL;MOFFLAINES;Poste de transformation;EN EXPLOITATION;90kV;Pas-de-Calais
TUNNE;TUNNEL;Poste de transformation;EN EXPLOITATION;225kV;Pas-de-Calais
DIRIN;DIRINON;Poste de transformation;EN EXPLOITATION;225kV;Finistère
NICER;NICERIE (LA);Poste de transformation;EN EXPLOITATION;90kV;Charente
NIMES;NIMES (-TALABOT);Poste de transformation;EN EXPLOITATION;63kV;Gard
NOILH;NOILHAN;Poste de transformation;EN EXPLOITATION;63kV;Gers
REIMS;REIMS (SIEGE GMR CHAMPAGNE-ARDENNE);Poste de transformation;EN EXPLOITATION;HORS TENSION;Marne
MQION;MARQUION;Poste de transformation;EN EXPLOITATION;63kV;Pas-de-Calais
ZLIEB;PIQUAGE LIEBVILLERS;Point de piquage;EN EXPLOITATION;63kV;Doubs
ZLOUR;PIQUAGE LOURDES SNCF (LIAISON SARSAZ31SOULO);Point de piquage;EN EXPLOITATION;63kV;Hautes-Pyrénées
ZM.LA;PIQUAGE MONTLARRON (LIAISON MAUREZ41P.CHA);Point de piquage;EN EXPLOITATION;90kV;Haute-Vienne
OLETT;OLETTE;Poste de transformation;EN EXPLOITATION;63kV;Pyrénées-Orientales
ZARQU;ARQUE / BATAV LONG9 1;Point de piquage;EN EXPLOITATION;90kV;Pas-de-Calais
ZAVRO;PIQUAGE A NEUILLY-SUR-MARNE;Point de piquage;EN EXPLOITATION;225kV;Seine-Saint-Denis
ZBREV;PIQUAGE BREVAL A VAUREAL (ZBREV);Point de piquage;EN EXPLOITATION;63kV;Val-d'Oise
CREZA;CREZANCY;Poste de transformation;EN EXPLOITATION;63kV;Aisne
CRIME;CRIMEE;Poste de transformation;EN EXPLOITATION;225kV;Hauts-de-Seine
CRUET;CRUET;Poste de transformation;EN EXPLOITATION;63kV;Ain
MALLI;MALLIFAUD;Poste de transformation;EN EXPLOITATION;63kV;Isère
MARCK;MARCKOLSHEIM;Poste de transformation;EN EXPLOITATION;225kV;Bas-Rhin
VENTH;VENTHON;Poste de transformation;EN EXPLOITATION;45kV;Savoie
MUSSA;MUSSAY;Poste de transformation;EN EXPLOITATION;90kV;Cher
N.GRA;N.D.DE-GRAVENCHON;Poste de transformation;EN EXPLOITATION;90kV;Eure
ZALRA;PIQUAGE ALRANCE (LIAISON ARVIEZ31SSVIC);Point de piquage;EN EXPLOITATION;63kV;Aveyron
VAUDR;VAUDREUIL;Poste de transformation;EN EXPLOITATION;90kV;Eure
VAUG5;VAUGRIS (C.N.R.);Poste de transformation;EN EXPLOITATION;63kV;Rhône
BRET5;BRETEUIL;Poste de transformation;EN EXPLOITATION;63kV;Oise
ORME5;ORMES (LES);Poste de transformation;EN EXPLOITATION;63kV;Seine-et-Marne
P.CAM;PONT-DE-CAMPS;Poste de transformation;EN EXPLOITATION;150kV;Pyrénées-Atlantiques
P.ELL;PONT-DE-L ELLE;Poste de transformation;EN EXPLOITATION;90kV;Dordogne
P.HAL;PLACE-DES-HALLES;Poste de transformation;EN EXPLOITATION;63kV;Bas-Rhin
BXVOI;BEAUVOIR (CHATTE);Poste de transformation;EN EXPLOITATION;63kV;Isère
CHALO;CHALON;Poste de transformation;EN EXPLOITATION;225kV;Saône-et-Loire
MARL6;MARLENHEIM;Poste de transformation;EN EXPLOITATION;400kV;Bas-Rhin
MTIVI;MONTIVILLIERS;Poste de transformation;EN EXPLOITATION;90kV;Seine-Maritime
MTPEZ;MONTPEZAT;Poste de transformation;EN EXPLOITATION;225kV;Ardèche
CHAR6;CHARLY;Poste de transformation;EN EXPLOITATION;63kV;Seine-et-Marne
P.LAC;PERE-LACHAISE;Poste de transformation;EN EXPLOITATION;225kV;Paris
P.MEN;PONT-DE-MENAT;Poste de transformation;EN EXPLOITATION;63kV;Puy-de-Dôme
PATRA;PATRAS;Poste de transformation;EN EXPLOITATION;63kV;Lot-et-Garonne
PAUI5;PAUILLAC (S.N.C.F.);Poste de transformation;EN EXPLOITATION;63kV;Gironde
CERON;CERONS;Poste de transformation;EN EXPLOITATION;63kV;Gironde
MTLUC;MONTLUCON;Poste de transformation;EN EXPLOITATION;225kV;Allier
PERTA;PERTAIN;Poste de transformation;EN EXPLOITATION;225kV;Somme
QUINT;QUINTES (LES);Poste de transformation;EN EXPLOITATION;400kV;Sarthe
T.PIN;TOUR-DU-PIN (LA);Poste de transformation;EN EXPLOITATION;63kV;Isère
TARN5;TARNOS;Poste de transformation;EN EXPLOITATION;225kV;
ZPICT;PIQUAGE A LA PICTAIS;Point de piquage;EN EXPLOITATION;90kV;Ille-et-Vilaine
ZROJ5;PIQUAGE ROJA (LIAISON TONN5Z31UNET );Point de piquage;EN EXPLOITATION;63kV;Lot-et-Garonne
ZROU1;PIQUAGE A ROULEAUX 1;Point de piquage;EN EXPLOITATION;63kV;Loire-Atlantique
ZSALL;ECOUF / ANGER CORBI 2;Point de piquage;EN EXPLOITATION;90kV;Maine-et-Loire
PESSA;PESSAC;Poste de transformation;EN EXPLOITATION;225kV;Gironde
PICHE;PICHEGU;Poste de transformation;EN EXPLOITATION;63kV;Gard
ZS.MO;PIQUAGE SOMMER-MOUZON;Point de piquage;EN EXPLOITATION;63kV;Ardennes
ZSSCU;PIQUAGE SAINT ANDREE DE CUBZAC (LIAISON CUBNEZ31IZON );Point de piquage;EN EXPLOITATION;63kV;Gironde
CHATI;CHATILLON (CLAMART);Poste de transformation;EN EXPLOITATION;225kV;Yvelines
COL.O;COLMAR-OUEST;Poste de transformation;EN EXPLOITATION;63kV;Haut-Rhin
MOIS5;MOISSAN;Poste de transformation;EN EXPLOITATION;63kV;Rhône
VITR5;VITRY (S.N.C.F. LABO);Poste de transformation;EN EXPLOITATION;63kV;Val-de-Marne
ZSSA6;SSAL6 / GILLY SSAL5 1;Point de piquage;EN EXPLOITATION;63kV;Savoie
ZQUI5;QUINT / ARNAG C.FON 1;Point de piquage;EN EXPLOITATION;225kV;Sarthe
BOHAI;BOHAIN;Poste de transformation;EN EXPLOITATION;63kV;Aisne
BRANT;BRANTOME;Poste de transformation;EN EXPLOITATION;63kV;Dordogne
ZVONN;VONNA / CRUET FLACE 1;Point de piquage;EN EXPLOITATION;63kV;Ain
MOUL5;MOULINOTTE;Poste de transformation;EN EXPLOITATION;90kV;Gironde
PRAD5;PRADE (LA);Poste de transformation;EN EXPLOITATION;63kV;Aveyron
PRAUL;PRAULIAT;Poste de transformation;EN EXPLOITATION;63kV;Puy-de-Dôme
ZGORR;GORRO / ERNEE MAYEN 1;Point de piquage;EN EXPLOITATION;90kV;Mayenne
MEGEV;MEGEVE;Poste de transformation;EN EXPLOITATION;63kV;Savoie
MENES;MENESPLET;Poste de transformation;EN EXPLOITATION;90kV;Dordogne
MESNI;MESNIL;Poste de transformation;EN EXPLOITATION;90kV;Manche
MEZIN;MEZIN;Poste de transformation;EN EXPLOITATION;63kV;Lot-et-Garonne
VIGUI;VIGUIER;Poste de transformation;EN EXPLOITATION;63kV;Aude
VOUJE;VOUJEAUCOURT;Poste de transformation;EN EXPLOITATION;63kV;Doubs
WOIPP;WOIPPY;Poste de transformation;EN EXPLOITATION;63kV;Moselle
CASCA;CASCADEC;Poste de transformation;EN EXPLOITATION;63kV;Finistère
LANFA;LANFAINS;Poste de transformation;EN EXPLOITATION;63kV;Côtes-d'Armor
MOUCH;MOUCHE (LA);Poste de transformation;EN EXPLOITATION;225kV;Rhône
ORBEC;ORBEC;Poste de transformation;EN EXPLOITATION;90kV;Calvados
VOVES;VOVES;Poste de transformation;EN EXPLOITATION;90kV;Eure-et-Loir
C.LAN;CHAMPIGNY-LES-LANGRES;Poste de transformation;EN EXPLOITATION;63kV;Haute-Marne
GEISP;GEISPOLSHEIM;Poste de transformation;EN EXPLOITATION;63kV;Bas-Rhin
GIEN;GIEN;Poste de transformation;EN EXPLOITATION;225kV;Loiret
I.NAP;ILE-NAPOLEON;Poste de transformation;EN EXPLOITATION;225kV;Haut-Rhin
FIGEA;FIGEAC;Poste de transformation;EN EXPLOITATION;63kV;Lot
RATEA;RATEAUX (LES);Poste de transformation;EN EXPLOITATION;63kV;Haute-Savoie
RIGNA;RIGNAC;Poste de transformation;EN EXPLOITATION;63kV;Lot
RILLI;RILLIEUX;Poste de transformation;EN EXPLOITATION;63kV;Rhône
P.EVE;PONT-EVEQUE;Poste de transformation;EN EXPLOITATION;225kV;Rhône
ORMES;ORMES;Poste de transformation;EN EXPLOITATION;225kV;Marne
P.MOU;PONT-A MOUSSON;Poste de transformation;EN EXPLOITATION;63kV;Meurthe-et-Moselle
PUTEA;PUTEAUX;Poste de transformation;EN EXPLOITATION;225kV;Hauts-de-Seine
SARRE;SARREBOURG;Poste de transformation;EN EXPLOITATION;63kV;Moselle
FTPIN;FONTPINQUET;Poste de transformation;EN EXPLOITATION;63kV;Dordogne
R.TOR;RAIE-TORTUE;Poste de transformation;EN EXPLOITATION;225kV;Yvelines
R.YON;ROCHE-SUR-YON (LA);Poste de transformation;EN EXPLOITATION;90kV;Vendée
DEGAG;DEGAGNAC (CLIENT);Poste de transformation;EN EXPLOITATION;63kV;Lot
FRENE;FRENEY;Poste de transformation;EN EXPLOITATION;63kV;Savoie
FRUGE;FRUGES;Poste de transformation;EN EXPLOITATION;400kV;Pas-de-Calais
ZCAVA;ZCA10 / BXMET CAVAI 1;Point de piquage;EN EXPLOITATION;63kV;Vaucluse
ZCSLN;PIQUAGE CASTELNAUDARY (LIAISON BAGATZ31VALGR);Point de piquage;EN EXPLOITATION;63kV;Aude
JAMET;JAMETZ;Poste de transformation;EN EXPLOITATION;225kV;Meuse
CONVE;CONVENTION;Poste de transformation;EN EXPLOITATION;225kV;Hauts-de-Seine
CROUZ;CROUZET (LE);Poste de transformation;EN EXPLOITATION;225kV;Aveyron
P.SEP;PONT-SEPT;Poste de transformation;EN EXPLOITATION;225kV;Seine-Maritime
GALER;GALERES;Poste de transformation;EN EXPLOITATION;225kV;Seine-Saint-Denis
F.FRA;FOND-DE-FRANCE;Poste de transformation;EN EXPLOITATION;63kV;Isère
DAMVI;DAMVILLE;Poste de transformation;EN EXPLOITATION;90kV;Eure
DANCE;DANCE (LA);Poste de transformation;EN EXPLOITATION;63kV;Haute-Saône
SSNAZ;ST-NAZAIRE;Poste de transformation;EN EXPLOITATION;225kV;Loire-Atlantique
TREGU;TREGUEUX;Poste de transformation;EN EXPLOITATION;225kV;Côtes-d'Armor
VALES;VALESCOURT;Poste de transformation;EN EXPLOITATION;225kV;Oise
VAUPA;VAUPALIERE (LA);Poste de transformation;EN EXPLOITATION;400kV;Seine-Maritime
PRIME;PRIMEVERES;Poste de transformation;EN EXPLOITATION;225kV;Seine-Saint-Denis
FRASN;FRASNE;Poste de transformation;EN EXPLOITATION;400kV;Doubs
G.COT;GRISE-COTE;Poste de transformation;EN EXPLOITATION;63kV;Meurthe-et-Moselle
G.GRE;GRAND-GRES;Poste de transformation;EN EXPLOITATION;63kV;Gard
GABIO;GABION;Poste de transformation;EN EXPLOITATION;225kV;Seine-Maritime
BXRE5;BEAUREGARD (THIONVILLE);Poste de transformation;EN EXPLOITATION;63kV;Moselle
BXVO5;BEAUVOIR (BEAUVOIR-SUR-MER);Poste de transformation;EN EXPLOITATION;90kV;
C.LOI;CHATEAUNEUF-SUR-LOIRE;Poste de transformation;EN EXPLOITATION;90kV;Loiret
BARNA;BARNABOS;Poste de transformation;EN EXPLOITATION;400kV;Seine-Maritime
BONNI;BONNIERES;Poste de transformation;EN EXPLOITATION;225kV;Yvelines
CHARP;CHARPENAY;Poste de transformation;EN EXPLOITATION;400kV;Rhône
CAFFA;CAFFARELLI;Poste de transformation;EN EXPLOITATION;63kV;Finistère
ZLAZ5;PIQUAGE A LAZER;Point de piquage;EN EXPLOITATION;63kV;Hautes-Alpes
ASNIE;ASNIERES;Poste de transformation;EN EXPLOITATION;63kV;Hauts-de-Seine
SSAVO;ST-AVOLD;Poste de transformation;EN EXPLOITATION;400kV;Moselle
SSCHR;ST-CHRISTOL;Poste de transformation;EN EXPLOITATION;225kV;Hérault
ZCUR5;PIQUAGE CURTIL;Point de piquage;EN EXPLOITATION;225kV;Saône-et-Loire
1SOCA;SOCABU/PORT-JEROME;Poste de transformation;EN EXPLOITATION;<45kV;Seine-Maritime
ARGIE;ARGIESANS;Poste de transformation;EN EXPLOITATION;225kV;Haute-Saône
SSDAL;ST-DALMAS;Poste de transformation;EN EXPLOITATION;150kV;Alpes-Maritimes
DEOLS;DEOLS;Poste de transformation;EN EXPLOITATION;90kV;Indre
ZENCH;PIQUAGE ENCHANET (LIAISON BREUIZ61GATEL);Point de piquage;EN EXPLOITATION;225kV;Corrèze
ZETAN;PIQUAGE A ETANG;Point de piquage;EN EXPLOITATION;63kV;
ZETRE;PIQUAGE A ETREVILLE;Point de piquage;EN EXPLOITATION;90kV;Eure
ZFORG;CXVIG / FERRA ZJAUM 1;Point de piquage;EN EXPLOITATION;90kV;Vienne
SSVES;ST-MARTIN-VESUBIE;Poste de transformation;EN EXPLOITATION;150kV;Alpes-Maritimes
SSVI7;ST-VICTOR (CLIENT);Poste de transformation;EN EXPLOITATION;63kV;Allier
MTDAU;MONTDAUPHIN;Poste de transformation;EN EXPLOITATION;63kV;Hautes-Alpes
ZPLO5;PIQUAGE A LANVAUDAN (PLOUAY);Point de piquage;EN EXPLOITATION;63kV;Morbihan
ZRENO;PIQUAGE A BELLENGREVILLE;Point de piquage;EN EXPLOITATION;90kV;Seine-Maritime
GRAV5;GRAVELINES (CENTRALE);Poste de transformation;EN EXPLOITATION;400kV;
F.CHA;FERE-CHAMPENOISE;Poste de transformation;EN EXPLOITATION;90kV;Marne
FEIGN;FEIGNIES;Poste de transformation;EN EXPLOITATION;90kV;Nord
VANVE;VANVES;Poste de transformation;EN EXPLOITATION;63kV;Hauts-de-Seine
VERSI;VERSILHAC;Poste de transformation;EN EXPLOITATION;63kV;Haute-Loire
VINEU;VINEUIL;Poste de transformation;EN EXPLOITATION;90kV;Loir-et-Cher
VICHY;VICHY;Poste de transformation;EN EXPLOITATION;63kV;Allier
TREVI;TREVINS;Poste de transformation;EN EXPLOITATION;90kV;Deux-Sèvres
WADON;WADONVILLE;Poste de transformation;EN EXPLOITATION;63kV;Meuse
BEVIL;BEVILLERS;Poste de transformation;EN EXPLOITATION;225kV;Nord
BRUNE;BRUNET;Poste de transformation;EN EXPLOITATION;63kV;Var
CONCE;CONCEPTION;Poste de transformation;EN EXPLOITATION;225kV;
ARCHE;ARCHES;Poste de transformation;EN EXPLOITATION;63kV;Vosges
ARDO5;ARDOINES;Poste de transformation;EN EXPLOITATION;63kV;Val-de-Marne
GENEV;GENEVRAIE (LA);Poste de transformation;EN EXPLOITATION;90kV;Indre
GENN5;GENNES;Poste de transformation;EN EXPLOITATION;63kV;Doubs
CORN6;CORNIMONT;Poste de transformation;EN EXPLOITATION;63kV;Vosges
GRAN7;GRANDPUITS;Poste de transformation;EN EXPLOITATION;63kV;Seine-et-Marne
MARN5;MARNIERE;Poste de transformation;EN EXPLOITATION;90kV;Eure
CRIMO;CRIMOLOIS;Poste de transformation;EN EXPLOITATION;63kV;Côte-d'Or
ZLUD5;PIQUAGE A LUDRES (Ligne LANEUZ31N.MAI);Point de piquage;EN EXPLOITATION;63kV;Meurthe-et-Moselle
ZM.MI;PIQUAGE A MAS DE MICHEL;Point de piquage;EN EXPLOITATION;63kV;Gard
ZMAD6;PIQUAGE LA MADELEINE;Point de piquage;EN EXPLOITATION;225kV;Meurthe-et-Moselle
ZMELU;PIQUAGE MELUN A MELUN (ZMELU);Point de piquage;EN EXPLOITATION;63kV;Seine-et-Marne
ZP.G5;P.GUI / SSYOR ZLIM6 1;Point de piquage;EN EXPLOITATION;63kV;Puy-de-Dôme
ZP.SE;P.SE5 / BOISS MTLUE 1;Point de piquage;EN EXPLOITATION;63kV;Ain
J.TOU;JOUE-LES-TOURS;Poste de transformation;EN EXPLOITATION;90kV;Indre-et-Loire
JACQU;JACQUARD;Poste de transformation;EN EXPLOITATION;225kV;Loire
ZLARD;PIQUAGE LARDIT (LIAISON GOLINZ61RUEYR);Point de piquage;EN EXPLOITATION;225kV;Aveyron
GROUX;GROUX (LES);Poste de transformation;EN EXPLOITATION;90kV;Eure
VERTO;VERTOU;Poste de transformation;EN EXPLOITATION;225kV;Loire-Atlantique
MATZ;MATZ (RESSONS-SUR);Poste de transformation;EN EXPLOITATION;63kV;Oise
ZLAN9;PIQUAGE A LANEUVELOTTE;Point de piquage;EN EXPLOITATION;63kV;Meurthe-et-Moselle
ZPEU5;PIQUAGE PEUGEOT (LIGNE N0 2);Point de piquage;EN EXPLOITATION;63kV;Haut-Rhin
ZGUE5;PIQUAGE A GUERACHE (LA);Point de piquage;EN EXPLOITATION;225kV;Var
CXVIG;CHAUVIGNY;Poste de transformation;EN EXPLOITATION;90kV;Vienne
ZMET6;PIQUAGE METZANGE;Point de piquage;EN EXPLOITATION;63kV;Moselle
SPAY;SPAY;Poste de transformation;EN EXPLOITATION;90kV;Sarthe
SSAOU;ST-AOUSTRILLE;Poste de transformation;EN EXPLOITATION;90kV;Indre
MEAUX;MEAUX;Poste de transformation;EN EXPLOITATION;63kV;Seine-et-Marne
MERVA;MERVANS;Poste de transformation;EN EXPLOITATION;63kV;Saône-et-Loire
MEURA;MEURANT;Poste de transformation;EN EXPLOITATION;63kV;Somme
ZANDR;ANDRA / EPIER RANDE 1;Point de piquage;EN EXPLOITATION;45kV;Savoie
ZQUAR;QUARE / THIER VALEN 2;Point de piquage;EN EXPLOITATION;225kV;Nord
ZSALI;PIQUAGE A ST-PRIVA DES VIEUX;Point de piquage;EN EXPLOITATION;63kV;Gard
DARDI;DARDILLY;Poste de transformation;EN EXPLOITATION;63kV;Rhône
DENFE;DENFERT;Poste de transformation;EN EXPLOITATION;63kV;Paris
B.MES;BUS-LA-MESIERE;Poste de transformation;EN EXPLOITATION;225kV;Somme
LANTO;LANTON;Poste de transformation;EN EXPLOITATION;63kV;Gironde
LAVAN;LAVANDOU (LE);Poste de transformation;EN EXPLOITATION;63kV;Var
CHAV6;CHAVANOD;Poste de transformation;EN EXPLOITATION;225kV;Haute-Savoie
TECHN;TECHNOPOLE;Poste de transformation;EN EXPLOITATION;63kV;Moselle
EYSSE;EYSSELLE;Poste de transformation;EN EXPLOITATION;63kV;Bouches-du-Rhône
FARG5;FARGES (LES);Poste de transformation;EN EXPLOITATION;63kV;Loire
COLOM;COLOMBIERS;Poste de transformation;EN EXPLOITATION;90kV;Indre-et-Loire
CREYS;CREYS;Poste de transformation;EN EXPLOITATION;400kV;Isère
CROIX;CROIX (LA);Poste de transformation;EN EXPLOITATION;225kV;Nord
CZTHE;COURTHEZON;Poste de transformation;EN EXPLOITATION;63kV;Vaucluse
M.MA5;MT-SAINT-MARTIN;Poste de transformation;EN EXPLOITATION;225kV;
BOLOZ;BOLOZON;Poste de transformation;EN EXPLOITATION;63kV;Ain
SEINE;SEINE;Poste de transformation;EN EXPLOITATION;225kV;Hauts-de-Seine
LISLE;LISLET;Poste de transformation;EN EXPLOITATION;90kV;Aisne
SABAR;SABART;Poste de transformation;EN EXPLOITATION;63kV;Ariège
BOUBL;BOUBLE (LA);Poste de transformation;EN EXPLOITATION;63kV;Puy-de-Dôme
BREIL;BREIL-SUR-ROYA;Poste de transformation;EN EXPLOITATION;63kV;Alpes-Maritimes
F.MAU;FONTENAY-MAUVOISIN;Poste de transformation;EN EXPLOITATION;90kV;Yvelines
FADE5;FADES (LES);Poste de transformation;EN EXPLOITATION;63kV;Puy-de-Dôme
C.HER;CLERMONT-L HERAULT;Poste de transformation;EN EXPLOITATION;63kV;Hérault
CARBO;CARBONNE;Poste de transformation;EN EXPLOITATION;63kV;Haute-Garonne
LICES;LICES (LES);Poste de transformation;EN EXPLOITATION;63kV;Var
MTMOR;MONTMORILLON;Poste de transformation;EN EXPLOITATION;90kV;Vienne
UNION;UNION;Poste de transformation;EN EXPLOITATION;63kV;Haute-Garonne
RUMIL;RUMILLY;Poste de transformation;EN EXPLOITATION;63kV;Haute-Savoie
TAUPE;TAUPE (LA);Poste de transformation;EN EXPLOITATION;63kV;Puy-de-Dôme
S.BES;SUPER-BESSE;Poste de transformation;EN EXPLOITATION;90kV;Puy-de-Dôme
G.BAN;GIVORS-BANS;Poste de transformation;EN EXPLOITATION;225kV;Rhône
1SSF5;ST-FONS /BELLE-ETOILE 10K;Poste de transformation;EN EXPLOITATION;<45kV;Rhône
LIMON;LIMONY;Poste de transformation;EN EXPLOITATION;63kV;Loire
LOUD6;LOUDES;Poste de transformation;EN EXPLOITATION;63kV;Haute-Loire
GUERS;GUERSAC;Poste de transformation;EN EXPLOITATION;225kV;Loire-Atlantique
LANEU;LANEUVEVILLE;Poste de transformation;EN EXPLOITATION;225kV;Meurthe-et-Moselle
V.THO;VAL THORENS;Poste de transformation;EN EXPLOITATION;63kV;Savoie
FTENI;FONTENILLES;Poste de transformation;EN EXPLOITATION;63kV;Gers
GAMBS;GAMBSHEIM;Poste de transformation;EN EXPLOITATION;225kV;Bas-Rhin
AUBUS;AUBUSSON;Poste de transformation;EN EXPLOITATION;225kV;Creuse
ZIRAN;PIQUAGE A IRANGER (L);Point de piquage;EN EXPLOITATION;63kV;Landes
CATAR;CATAROUX;Poste de transformation;EN EXPLOITATION;63kV;Puy-de-Dôme
BILLA;BILLANCOURT;Poste de transformation;EN EXPLOITATION;63kV;Hauts-de-Seine
BISSO;BISSORTE;Poste de transformation;EN EXPLOITATION;63kV;Savoie
BORNE;BORNEL;Poste de transformation;EN EXPLOITATION;63kV;Oise
ZFAYM;FAYMO / CHAT6 NIORT 1;Point de piquage;EN EXPLOITATION;90kV;Vendée
ZLAB5;PIQUAGE LABRUGUIERE (LIAISON GOURJZ31MAZAM);Point de piquage;EN EXPLOITATION;63kV;Tarn
E.CIM;EBANGE-CIMENTERIE;Poste de transformation;EN EXPLOITATION;63kV;Moselle
H.FAL;HAUTES - FALAISES;Poste de transformation;EN EXPLOITATION;225kV;
E.JAC;EN-JACCA;Poste de transformation;EN EXPLOITATION;63kV;Haute-Garonne
PRION;PRIONNET;Poste de transformation;EN EXPLOITATION;400kV;Vaucluse
F.ETO;FONTAINE-ETOUPEFOUR;Poste de transformation;EN EXPLOITATION;90kV;Calvados
LEVAL;LEVALLOIS;Poste de transformation;EN EXPLOITATION;225kV;Hauts-de-Seine
BRIEN;BRIENNE;Poste de transformation;EN EXPLOITATION;63kV;Aube
BRUZ;BRUZ;Poste de transformation;EN EXPLOITATION;90kV;Ille-et-Vilaine
BUGEL;BUGELLERIE;Poste de transformation;EN EXPLOITATION;90kV;Vienne
ZPISS;PIQUAGE A PISSOU;Point de piquage;EN EXPLOITATION;63kV;Tarn-et-Garonne
ENSIS;ENSISHEIM;Poste de transformation;EN EXPLOITATION;63kV;Haut-Rhin
PERIE;PERIERS;Poste de transformation;EN EXPLOITATION;90kV;Manche
CAZAU;CAZAUX (ENEDIS);Poste de transformation;EN EXPLOITATION;63kV;Gironde
CAZE5;CAZERIE;Poste de transformation;EN EXPLOITATION;90kV;Seine-Maritime
CAZED;CAZEDARNES;Poste de transformation;EN EXPLOITATION;63kV;Hérault
CELLE;CELLES;Poste de transformation;EN EXPLOITATION;63kV;Puy-de-Dôme
CHAN7;CHANGY;Poste de transformation;EN EXPLOITATION;63kV;Loire
ECOUF;ECOUFLANT;Poste de transformation;EN EXPLOITATION;90kV;Maine-et-Loire
M.GOU;MAS-DE-GOUIN;Poste de transformation;EN EXPLOITATION;63kV;Bouches-du-Rhône
VOUZI;VOUZIERS;Poste de transformation;EN EXPLOITATION;63kV;Ardennes
VOIRO;VOIRON;Poste de transformation;EN EXPLOITATION;63kV;Isère
YZEUR;YZEURE;Poste de transformation;EN EXPLOITATION;63kV;Allier
ZSSAL;PIQUAGE ST ALAUZIE (LIAISON LALBEZ31MTPE5);Point de piquage;EN EXPLOITATION;63kV;Lot
ZCAU5;PIQUAGE CAUSSADE (LIAISON ALBIAZ31LERE );Point de piquage;EN EXPLOITATION;63kV;Tarn-et-Garonne
PFAFF;PFAFFENHOFFEN;Poste de transformation;EN EXPLOITATION;63kV;Bas-Rhin
DALST;DALSTEIN;Poste de transformation;EN EXPLOITATION;63kV;Moselle
M.LAR;MONT-LARRON;Poste de transformation;EN EXPLOITATION;90kV;Haute-Vienne
M.LIL;MOULINS-LILLE;Poste de transformation;EN EXPLOITATION;225kV;Nord
CAZAL;CAZALIS;Poste de transformation;EN EXPLOITATION;63kV;Gironde
RADIC;RADICATEL;Poste de transformation;EN EXPLOITATION;90kV;Seine-Maritime
ENSOL;ENSOLEILLE (L);Poste de transformation;EN EXPLOITATION;63kV;Bouches-du-Rhône
PHALS;PHALSBOURG;Poste de transformation;EN EXPLOITATION;63kV;Moselle
CEBAZ;CEBAZAT;Poste de transformation;EN EXPLOITATION;63kV;Puy-de-Dôme
CHERR;CHERRE;Poste de transformation;EN EXPLOITATION;90kV;Sarthe
BOUVE;BOUVESSE;Poste de transformation;EN EXPLOITATION;63kV;Isère
BRE.R;BREST RADE;Poste de transformation;EN EXPLOITATION;63kV;Finistère
BRODE;BRODE;Poste de transformation;EN EXPLOITATION;225kV;
BROU5;BROU;Poste de transformation;EN EXPLOITATION;90kV;Eure-et-Loir
BXREP;BEAUREPAIRE;Poste de transformation;EN EXPLOITATION;63kV;Drôme
BZBON;BOURBONNE;Poste de transformation;EN EXPLOITATION;63kV;Haute-Marne
RAMBO;RAMBOUILLET;Poste de transformation;EN EXPLOITATION;90kV;Yvelines
ARBRE;ARBRESLE (L );Poste de transformation;EN EXPLOITATION;63kV;Rhône
POYGN;POYGNES (LES);Poste de transformation;EN EXPLOITATION;90kV;Corrèze
ZSSME;PIQUAGE A ST-MICHEL-SUR-MEURTHE;Point de piquage;EN EXPLOITATION;63kV;Vosges
MALEC;MALECOT;Poste de transformation;EN EXPLOITATION;225kV;Seine-et-Marne
C.BOI;CLICHY-SOUS-BOIS;Poste de transformation;EN EXPLOITATION;225kV;Seine-Saint-Denis
C.CAN;COLMAR-CANAL;Poste de transformation;EN EXPLOITATION;63kV;Haut-Rhin
RENAU;RENAULT;Poste de transformation;EN EXPLOITATION;90kV;Sarthe
RENOU;RENOUVAL;Poste de transformation;EN EXPLOITATION;90kV;Seine-Maritime
RICH5;RICHEBOURG;Poste de transformation;EN EXPLOITATION;225kV;Eure-et-Loir
RIEZ;RIEZ (LES);Poste de transformation;EN EXPLOITATION;63kV;Nord
ROGE5;ROGERVILLE (DRESSER RAND);Poste de transformation;EN EXPLOITATION;225kV;Seine-Maritime
ROGNA;ROGNAC;Poste de transformation;EN EXPLOITATION;225kV;Bouches-du-Rhône
ZFANA;PIQUAGE FANAUDES A MONTMAGNY (ZFANA);Point de piquage;EN EXPLOITATION;225kV;Val-d'Oise
ZFOS;PIQUAGE FOS (LIAISON CIERPZ31M.MAU);Point de piquage;EN EXPLOITATION;63kV;Haute-Garonne
ZGAYE;PIQUAGE A GAYEULLES;Point de piquage;EN EXPLOITATION;90kV;Ille-et-Vilaine
ZGESV;PIQUAGE A GESVRES;Point de piquage;EN EXPLOITATION;63kV;Loire-Atlantique
ZGRIP;PIQUAGE GRIPP (LIAISON ARTIGZ31CAMP5);Point de piquage;EN EXPLOITATION;63kV;Hautes-Pyrénées
GENEU;GENEUILLE;Poste de transformation;EN EXPLOITATION;63kV;Haute-Saône
MANOM;MANOM;Poste de transformation;EN EXPLOITATION;63kV;Moselle
MALPL;MALPLAQUET;Poste de transformation;EN EXPLOITATION;90kV;
SSEGR;ST-EGREVE;Poste de transformation;EN EXPLOITATION;63kV;Isère
SSMC5;ST-MARCELLIN;Poste de transformation;EN EXPLOITATION;63kV;Isère
FROUA;FROUARD;Poste de transformation;EN EXPLOITATION;63kV;Meurthe-et-Moselle
G.QU6;GRAND-QUEVILLY (CLIENT UIOM);Poste de transformation;EN EXPLOITATION;90kV;Seine-Maritime
BZGUI;BOURGUIGNON;Poste de transformation;EN EXPLOITATION;225kV;Doubs
P.SAC;PORTE-SACHET;Poste de transformation;EN EXPLOITATION;63kV;Jura
PAS;PAS (LE);Poste de transformation;EN EXPLOITATION;90kV;Ille-et-Vilaine
BIOGE;BIOGE;Poste de transformation;EN EXPLOITATION;63kV;Haute-Savoie
BOIS;BOIS (LES);Poste de transformation;EN EXPLOITATION;63kV;Haute-Savoie
BOUSS;BOUSSENS;Poste de transformation;EN EXPLOITATION;63kV;Haute-Garonne
ENVAL;ENVAL;Poste de transformation;EN EXPLOITATION;225kV;Puy-de-Dôme
ROSNA;ROSNAY;Poste de transformation;EN EXPLOITATION;90kV;Indre
ROUZE;ROUZE;Poste de transformation;EN EXPLOITATION;63kV;Ariège
ETUPE;ETUPES;Poste de transformation;EN EXPLOITATION;225kV;Doubs
F.AUB;FLEURY-LES-AUBRAIS;Poste de transformation;EN EXPLOITATION;90kV;Loiret
FAVAR;FAVARY;Poste de transformation;EN EXPLOITATION;225kV;Bouches-du-Rhône
MASQU;MASQUET;Poste de transformation;EN EXPLOITATION;225kV;Gironde
NOYA5;NOYAL;Poste de transformation;EN EXPLOITATION;90kV;Ille-et-Vilaine
NOZAY;NOZAY;Poste de transformation;EN EXPLOITATION;90kV;Essonne
VAIRE;VAIRES;Poste de transformation;EN EXPLOITATION;225kV;Seine-et-Marne
VALDA;VALDAHON;Poste de transformation;EN EXPLOITATION;63kV;Doubs
VALDU;VALDUC;Poste de transformation;EN EXPLOITATION;63kV;Côte-d'Or
PAIMP;PAIMPOL;Poste de transformation;EN EXPLOITATION;63kV;
PAMIE;PAMIERS (C.F.F.F.);Poste de transformation;EN EXPLOITATION;63kV;Ariège
MAZIN;MAZINGARBE;Poste de transformation;EN EXPLOITATION;225kV;Pas-de-Calais
SPORE;SPORENINSEL;Poste de transformation;EN EXPLOITATION;225kV;Bas-Rhin
SSBRI;ST-BRIEUC;Poste de transformation;EN EXPLOITATION;63kV;Côtes-d'Armor
SSCEC;STE-CECILE-LES-VIGNES;Poste de transformation;EN EXPLOITATION;63kV;Vaucluse
DOUDR;DOUDRAC;Poste de transformation;EN EXPLOITATION;63kV;Lot-et-Garonne
DUNIE;DUNIERES;Poste de transformation;EN EXPLOITATION;63kV;Haute-Loire
PERON;PERONNE;Poste de transformation;EN EXPLOITATION;63kV;Somme
PLAI5;PLAISIR;Poste de transformation;EN EXPLOITATION;63kV;Yvelines
VALL6;VALLET;Poste de transformation;EN EXPLOITATION;90kV;Loire-Atlantique
ZCAMB;PIQUAGE CAMBEYRAT (LIAISON GODINZ31LARDI);Point de piquage;EN EXPLOITATION;63kV;Aveyron
ESTR5;ESTREES;Poste de transformation;EN EXPLOITATION;63kV;Oise
EYLIE;EYLIE;Poste de transformation;EN EXPLOITATION;63kV;Ariège
LIMEU;LIMEUX;Poste de transformation;EN EXPLOITATION;400kV;Somme
ZAMEC;PIQUAGE A AMECOURT;Point de piquage;EN EXPLOITATION;63kV;Eure
ALLE5;ALLEMENT (PORTIQUE);Poste de transformation;EN EXPLOITATION;63kV;Ain
BERLI;BERLIOZ;Poste de transformation;EN EXPLOITATION;63kV;Val-de-Marne
PINED;PINEDE (LA);Poste de transformation;EN EXPLOITATION;63kV;Alpes-Maritimes
BUEIX;BUEIX;Poste de transformation;EN EXPLOITATION;90kV;Haute-Vienne
BVUE5;BELLEVUE (CLIENT);Poste de transformation;EN EXPLOITATION;90kV;Essonne
BXPLA;BEAUPLAISIR;Poste de transformation;EN EXPLOITATION;63kV;Landes
BXVAL;BEAUVAL;Poste de transformation;EN EXPLOITATION;63kV;Seine-et-Marne
C.AYG;CHAMP-DE-L AYGUES;Poste de transformation;EN EXPLOITATION;63kV;Ardèche
GOURD;GOURDON;Poste de transformation;EN EXPLOITATION;63kV;Lot
FTAN;FONTAN;Poste de transformation;EN EXPLOITATION;63kV;Alpes-Maritimes
FTGIE;FONTGIEVE;Poste de transformation;EN EXPLOITATION;63kV;Puy-de-Dôme
MENTO;MENTON;Poste de transformation;EN EXPLOITATION;225kV;Alpes-Maritimes
MEYLA;MEYLAN;Poste de transformation;EN EXPLOITATION;63kV;Isère
PEZEN;PEZENAS;Poste de transformation;EN EXPLOITATION;63kV;Hérault
PINT5;PINTERIE (LA);Poste de transformation;EN EXPLOITATION;90kV;Vienne
UGIN6;UGINE (UGINE SAVOIE A UGINE)2;Poste de transformation;EN EXPLOITATION;45kV;Haute-Savoie
THIOU;THIOU (LE);Poste de transformation;EN EXPLOITATION;63kV;Haute-Savoie
NOGEN;NOGENTEL;Poste de transformation;EN EXPLOITATION;225kV;Aisne
ZBUTT;BUTTA / FLERS LAVAL 1;Point de piquage;EN EXPLOITATION;225kV;Mayenne
AULNO;AULNOYE;Poste de transformation;EN EXPLOITATION;225kV;Nord
SSF.N;ST-FONS-NORD;Poste de transformation;EN EXPLOITATION;63kV;Rhône
SSFEN;ST-PAUL-DE-FENOUILLET;Poste de transformation;EN EXPLOITATION;63kV;Pyrénées-Orientales
SSGIL;ST-GILLES;Poste de transformation;EN EXPLOITATION;90kV;Vendée
SSTRO;ST-TROPEZ;Poste de transformation;EN EXPLOITATION;63kV;Var
PLEUM;PLEUMARTIN;Poste de transformation;EN EXPLOITATION;90kV;Vienne
PRALO;PRALOGNAN;Poste de transformation;EN EXPLOITATION;63kV;Savoie
TRICA;TRICASTIN (LE);Poste de transformation;EN EXPLOITATION;225kV;Drôme
CSLLA;CASTELLANE;Poste de transformation;EN EXPLOITATION;150kV;Alpes-de-Haute-Provence
ZMANG;PIQUAGE A MANGOT;Point de piquage;EN EXPLOITATION;225kV;Drôme
ZC.BR;PIQUAGE AU CHAMP BRIFFOR;Point de piquage;EN EXPLOITATION;63kV;Doubs
IRANG;IRANGER (L);Poste de transformation;EN EXPLOITATION;63kV;Landes
GANIL;GANIL;Poste de transformation;EN EXPLOITATION;90kV;Calvados
QUIBE;QUIBERON;Poste de transformation;EN EXPLOITATION;63kV;
TOULU;TOULUCH;Poste de transformation;EN EXPLOITATION;63kV;Aveyron
CXDAN;CHAUDANNE (LA);Poste de transformation;EN EXPLOITATION;150kV;Alpes-de-Haute-Provence
V.BRE;VERNOU-SUR-BRENNE;Poste de transformation;EN EXPLOITATION;90kV;Indre-et-Loire
VAILL;VAILLY;Poste de transformation;EN EXPLOITATION;63kV;Cher
SARAN;SARAN;Poste de transformation;EN EXPLOITATION;90kV;Loiret
ZMAL6;PIQUAGE A COURDEMANCHE;Point de piquage;EN EXPLOITATION;90kV;Eure
N.USS;NEUVIC-D USSEL;Poste de transformation;EN EXPLOITATION;90kV;Corrèze
MOHET;MOHET;Poste de transformation;EN EXPLOITATION;63kV;Somme
MORLA;MORLAIX;Poste de transformation;EN EXPLOITATION;63kV;Finistère
ZSOMM;SOMMI / ANDUZ VIRAD 1;Point de piquage;EN EXPLOITATION;63kV;Gard
CROZO;CROZON;Poste de transformation;EN EXPLOITATION;63kV;Finistère
ZNEUF;NEUF5 / BXCH5 RENOU 1;Point de piquage;EN EXPLOITATION;90kV;Seine-Maritime
ZNOUA;PIQUAGE NOUAUX (LIAISON ARRENZ51L.BAL);Point de piquage;EN EXPLOITATION;150kV;Hautes-Pyrénées
ZP.B8;PIQUAGE PETIT-BOULAY;Point de piquage;EN EXPLOITATION;150kV;Saône-et-Loire
PAYOL;PAYOLLES (LES);Poste de transformation;EN EXPLOITATION;90kV;Loiret
1TRAP;TRAPIL /CORNEILLE 21KV;Poste de transformation;EN EXPLOITATION;<45kV;Seine-Maritime
ESSEY;ESSEY (-LES-NANCY);Poste de transformation;EN EXPLOITATION;63kV;Meurthe-et-Moselle
ZMAGD;PIQUAGE A MAGDELEINE (LA);Point de piquage;EN EXPLOITATION;90kV;Charente
PERTU;PERTUIS;Poste de transformation;EN EXPLOITATION;63kV;Vaucluse
REOLE;REOLE (LA);Poste de transformation;EN EXPLOITATION;63kV;Gironde
REPAS;REPASSE (LA);Poste de transformation;EN EXPLOITATION;63kV;Alpes-de-Haute-Provence
ORLU;ORLU;Poste de transformation;EN EXPLOITATION;150kV;Ariège
OZ;OZ;Poste de transformation;EN EXPLOITATION;63kV;Isère
CADER;CADEROUSSE;Poste de transformation;EN EXPLOITATION;63kV;Gard
CAIL;CAIL;Poste de transformation;EN EXPLOITATION;150kV;Nord
SEVEN;SEVENANS;Poste de transformation;EN EXPLOITATION;63kV;Territoire de Belfort
DOMFR;DOMFRONT;Poste de transformation;EN EXPLOITATION;90kV;Orne
DOUDO;DOUDOYE;Poste de transformation;EN EXPLOITATION;63kV;Nièvre
OXYGA;OXYGAZ;Poste de transformation;EN EXPLOITATION;225kV;Moselle
OLIVE;OLIVETTES (LES);Poste de transformation;EN EXPLOITATION;63kV;Gard
ORGER;ORGERES;Poste de transformation;EN EXPLOITATION;90kV;Eure-et-Loir
ZCASC;PIQUAGE A CASCADEC;Point de piquage;EN EXPLOITATION;63kV;Finistère
ZCHEV;CHEVR / BREVI V.ISE 1;Point de piquage;EN EXPLOITATION;63kV;Savoie
ZCPBL;CPBLA / GAMPA SSVAL 1;Point de piquage;EN EXPLOITATION;63kV;Ardèche
MTBAR;MONTBARD;Poste de transformation;EN EXPLOITATION;63kV;Côte-d'Or
MTENV;MONTENVERS;Poste de transformation;EN EXPLOITATION;63kV;Haute-Savoie
P.LAN;PAS-DES-LANCIERS;Poste de transformation;EN EXPLOITATION;63kV;Bouches-du-Rhône
P.REI;PONT-DE-LA-REINE;Poste de transformation;EN EXPLOITATION;63kV;Hautes-Pyrénées
P.ROI;PONT-DE-ROIDE;Poste de transformation;EN EXPLOITATION;63kV;Doubs
P.ROS;PETITE-ROSSELLE;Poste de transformation;EN EXPLOITATION;225kV;
P.ARA;PONT-D ARAN;Poste de transformation;EN EXPLOITATION;63kV;Var
MAMER;MAMERS;Poste de transformation;EN EXPLOITATION;90kV;Sarthe
MOLIN;MOLINONS;Poste de transformation;EN EXPLOITATION;63kV;Yonne
MOUSS;MOUSSEROLLES;Poste de transformation;EN EXPLOITATION;63kV;Pyrénées-Atlantiques
BLAUX;BLAUX;Poste de transformation;EN EXPLOITATION;225kV;Alpes-de-Haute-Provence
ZHESI;PIQUAGE HESINGUE;Point de piquage;EN EXPLOITATION;63kV;Haut-Rhin
CHEV8;CHEVENE;Poste de transformation;EN EXPLOITATION;63kV;Haute-Savoie
PEYRU;PEYRUSSE;Poste de transformation;EN EXPLOITATION;63kV;Cantal
POUZI;POUZIN (LE);Poste de transformation;EN EXPLOITATION;63kV;Ardèche
MTALE;MONTALET;Poste de transformation;EN EXPLOITATION;63kV;Yvelines
SEGON;SEGONNAUX (LES);Poste de transformation;EN EXPLOITATION;63kV;Gard
SOMBU;SOMBUSSY;Poste de transformation;EN EXPLOITATION;63kV;Meuse
NAVA5;NAVARROSSE;Poste de transformation;EN EXPLOITATION;63kV;Landes
MAURE;MAUREIX (LE);Poste de transformation;EN EXPLOITATION;225kV;Haute-Vienne
SSVIV;ST-VIVIEN;Poste de transformation;EN EXPLOITATION;63kV;Gironde
TALEN;TALENCE;Poste de transformation;EN EXPLOITATION;63kV;Gironde
I.ELL;ILE-D ELLE;Poste de transformation;EN EXPLOITATION;90kV;Charente-Maritime
LUC;LUC (LE);Poste de transformation;EN EXPLOITATION;63kV;Tarn-et-Garonne
GARE5;GARENNE (LA);Poste de transformation;EN EXPLOITATION;63kV;Tarn-et-Garonne
GOLF5;GOLFECH (NUCLEAIRE);Poste de transformation;EN EXPLOITATION;400kV;Lot-et-Garonne
SACL5;SACLAY (PLATEAU);Poste de transformation;EN EXPLOITATION;225kV;Essonne
TRO.E;TROYES-EST;Poste de transformation;EN EXPLOITATION;63kV;Aube
V.CON;VIEUX-CONDE;Poste de transformation;EN EXPLOITATION;63kV;Nord
MATRA;MATRAS;Poste de transformation;EN EXPLOITATION;63kV;Tarn-et-Garonne
MTPE5;MONTPEZAT (CLIENT);Poste de transformation;EN EXPLOITATION;63kV;Lot
VEDEN;VEDENE;Poste de transformation;EN EXPLOITATION;63kV;Vaucluse
ARGE5;ARGENTAT;Poste de transformation;EN EXPLOITATION;90kV;Corrèze
ROSS5;ROSSIGNOL;Poste de transformation;EN EXPLOITATION;63kV;Seine-et-Marne
AMNEV;AMNEVILLE;Poste de transformation;EN EXPLOITATION;225kV;Moselle
BRACH;BRACHAY;Poste de transformation;EN EXPLOITATION;63kV;Ain
MEDOC;MEDOC (LESPARRE);Poste de transformation;EN EXPLOITATION;63kV;Gironde
CABA5;CABANES;Poste de transformation;EN EXPLOITATION;63kV;Aude
PINET;PINET;Poste de transformation;EN EXPLOITATION;63kV;Aveyron
BAYET;BAYET;Poste de transformation;EN EXPLOITATION;400kV;Allier
CAS.S;CASTRES-SUD;Poste de transformation;EN EXPLOITATION;63kV;Tarn
BELEM;BELEM;Poste de transformation;EN EXPLOITATION;63kV;Ariège
BELIC;BELICHE (LA);Poste de transformation;EN EXPLOITATION;63kV;Landes
ALTKI;ALTKIRCH;Poste de transformation;EN EXPLOITATION;63kV;Haut-Rhin
ARLOD;ARLOD;Poste de transformation;EN EXPLOITATION;225kV;Ain
AURIL;AURILLAC;Poste de transformation;EN EXPLOITATION;90kV;Cantal
AURIO;AURIOLLES;Poste de transformation;EN EXPLOITATION;63kV;Gironde
SSXAN;ST-XANDRE;Poste de transformation;EN EXPLOITATION;90kV;
MAREN;MARENNES;Poste de transformation;EN EXPLOITATION;90kV;
ZB.ME;PIQUAGE A BUS-LA-MESIERE;Point de piquage;EN EXPLOITATION;225kV;Somme
CAUSS;CAUSSADE;Poste de transformation;EN EXPLOITATION;63kV;Tarn-et-Garonne
ARTIG;ARTIGUES;Poste de transformation;EN EXPLOITATION;63kV;Hautes-Pyrénées
AUVER;AUVERS-LE-HAMON;Poste de transformation;EN EXPLOITATION;90kV;Mayenne
SSBOU;ST-PHILBERT-DE-BOUAINE;Poste de transformation;EN EXPLOITATION;90kV;Loire-Atlantique
HERIM;HERIMENIL;Poste de transformation;EN EXPLOITATION;63kV;Meurthe-et-Moselle
HORDA;HORDAIN;Poste de transformation;EN EXPLOITATION;90kV;Nord
ARTEN;ARTENAY;Poste de transformation;EN EXPLOITATION;90kV;Eure-et-Loir
MOTT5;MOTTE (LA) (VILLENEUVE-LES-AVIGNON);Poste de transformation;EN EXPLOITATION;225kV;Gard
B.ETO;BELLE-ETOILE;Poste de transformation;EN EXPLOITATION;63kV;Rhône
GIGNA;GIGNAC;Poste de transformation;EN EXPLOITATION;63kV;Dordogne
GIMON;GIMONT;Poste de transformation;EN EXPLOITATION;63kV;Gers
GOUDO;GOUDOUNECHE;Poste de transformation;EN EXPLOITATION;90kV;Corrèze
GRAND;GRANDVAL;Poste de transformation;EN EXPLOITATION;225kV;Cantal
GRASS;GRASSE;Poste de transformation;EN EXPLOITATION;63kV;Alpes-Maritimes
FINHA;FINHAN;Poste de transformation;EN EXPLOITATION;63kV;Tarn-et-Garonne
AVIGN;AVIGNON (POSTE);Poste de transformation;EN EXPLOITATION;225kV;Gard
F.COM;FONTENAY-LE-COMTE;Poste de transformation;EN EXPLOITATION;90kV;Vendée
AVRIM;AVRIMA;Poste de transformation;EN EXPLOITATION;63kV;Meurthe-et-Moselle
B.MAI;BELLE-DE-MAI;Poste de transformation;EN EXPLOITATION;225kV;
BAZEI;BAZEILLES;Poste de transformation;EN EXPLOITATION;63kV;Ardennes
L.NE5;LOGIS-NEUF (POSTE CENTRALE);Poste de transformation;EN EXPLOITATION;<45kV;Ardèche
GRIBO;GRIBOUZY (LES);Poste de transformation;EN EXPLOITATION;90kV;Loir-et-Cher
H.CLO;HAUT-CLOS;Poste de transformation;EN EXPLOITATION;63kV;Aube
H.VER;HAUT-VERNET (LE);Poste de transformation;EN EXPLOITATION;63kV;Pyrénées-Orientales
GOLFE;GOLFECH (HYDRAULIQUE);Poste de transformation;EN EXPLOITATION;63kV;Tarn-et-Garonne
H.RIV;HAUTES-RIVIERES;Poste de transformation;EN EXPLOITATION;63kV;Ardennes
HASTI;HASTIGNAN;Poste de transformation;EN EXPLOITATION;63kV;Gironde
HELEN;HELENIERE;Poste de transformation;EN EXPLOITATION;63kV;Gard
HOURT;HOURTIN;Poste de transformation;EN EXPLOITATION;63kV;Gironde
B.CAR;BROC-CARROS (LE);Poste de transformation;EN EXPLOITATION;400kV;Alpes-Maritimes
BXCO5;BEAUCOURSIERE (LA);Poste de transformation;EN EXPLOITATION;90kV;
SAULA;SAULAIE (LA);Poste de transformation;EN EXPLOITATION;63kV;Rhône
HERB6;HERBIGNAC;Poste de transformation;EN EXPLOITATION;63kV;Morbihan
I.ABE;ISLE D ABEAU;Poste de transformation;EN EXPLOITATION;63kV;Isère
I.DOU;ISLE-SUR-LE-DOUBS (L );Poste de transformation;EN EXPLOITATION;63kV;Doubs
SERV6;SERVON;Poste de transformation;EN EXPLOITATION;90kV;Ille-et-Vilaine
COSSI;COSSIGNY;Poste de transformation;EN EXPLOITATION;225kV;Seine-et-Marne
VLECH;VILLECHETIVE;Poste de transformation;EN EXPLOITATION;400kV;Yonne
INGRA;INGRANDES;Poste de transformation;EN EXPLOITATION;90kV;Vienne
J.MAI;JOLI-MAI;Poste de transformation;EN EXPLOITATION;63kV;Loire-Atlantique
JUSSE;JUSSEY;Poste de transformation;EN EXPLOITATION;63kV;Haute-Saône
B20;B20;Poste de transformation;EN EXPLOITATION;63kV;Puy-de-Dôme
BECHE;BECHE;Poste de transformation;EN EXPLOITATION;90kV;Corrèze
ZP.DE;PIQUAGE PONT DES DEMOISELLES (LIAISON CTAU L31P.SIM);Point de piquage;EN EXPLOITATION;63kV;Haute-Garonne
ZP.F5;P.FOS / GAP ZTRIN 1;Point de piquage;EN EXPLOITATION;63kV;Hautes-Alpes
SSSAU;ST-SAUVES;Poste de transformation;EN EXPLOITATION;63kV;Puy-de-Dôme
SSSIG;STE-SIGOLENE;Poste de transformation;EN EXPLOITATION;63kV;Haute-Loire
SSVER;ST-VERAN;Poste de transformation;EN EXPLOITATION;63kV;Gard
T.LAS;TOUR-LASCARIS;Poste de transformation;EN EXPLOITATION;225kV;Alpes-Maritimes
TAUTA;TAUTAVEL;Poste de transformation;EN EXPLOITATION;63kV;Pyrénées-Orientales
BEZIE;BEZIERS (S.N.C.F.);Poste de transformation;EN EXPLOITATION;63kV;Hérault
H.DEV;HENRI DEVILLE;Poste de transformation;EN EXPLOITATION;63kV;Savoie
GOUV5;GOUVILLE;Poste de transformation;EN EXPLOITATION;90kV;Manche
FECAM;FECAMP;Poste de transformation;EN EXPLOITATION;90kV;
ZPLAC;PIQUAGE A PLACHY (LE);Point de piquage;EN EXPLOITATION;225kV;Pas-de-Calais
AYRES;AYRES;Poste de transformation;EN EXPLOITATION;400kV;Aveyron
BRESS;BRESSUIRE;Poste de transformation;EN EXPLOITATION;90kV;Deux-Sèvres
A.LIG;ACHILLE LIGNON;Poste de transformation;EN EXPLOITATION;63kV;Rhône
ABIDO;ABIDOS;Poste de transformation;EN EXPLOITATION;63kV;Pyrénées-Atlantiques
ALTEN;ALTENSTADT;Poste de transformation;EN EXPLOITATION;63kV;Bas-Rhin
ANGEL;ANGELIQUE;Poste de transformation;EN EXPLOITATION;90kV;Loiret
MIONS;MIONS;Poste de transformation;EN EXPLOITATION;400kV;Rhône
SOLLI;SOLLIES;Poste de transformation;EN EXPLOITATION;63kV;Var
FOIX;FOIX - (ENEDIS);Poste de transformation;EN EXPLOITATION;63kV;Ariège
FREJU;FREJUS;Poste de transformation;EN EXPLOITATION;225kV;Var
IMPHY;IMPHY;Poste de transformation;EN EXPLOITATION;63kV;Nièvre
VERGE;VERGER;Poste de transformation;EN EXPLOITATION;400kV;Loir-et-Cher
SSAPO;ST-APOLLINAIRE;Poste de transformation;EN EXPLOITATION;63kV;Côte-d'Or
SSBAR;STE-BARBE;Poste de transformation;EN EXPLOITATION;63kV;Côte-d'Or
SSCO7;ST-COME;Poste de transformation;EN EXPLOITATION;90kV;Indre-et-Loire
GAP;GAP;Poste de transformation;EN EXPLOITATION;63kV;Hautes-Alpes
GAUC5;GAUCHY;Poste de transformation;EN EXPLOITATION;63kV;Aisne
GELLA;GELLAINVILLE;Poste de transformation;EN EXPLOITATION;90kV;Eure-et-Loir
GEVRE;GEVREY;Poste de transformation;EN EXPLOITATION;63kV;Côte-d'Or
RULHA;RULHAT;Poste de transformation;EN EXPLOITATION;400kV;Puy-de-Dôme
BENET;BENET;Poste de transformation;EN EXPLOITATION;90kV;Vendée
ISSOI;ISSOIRE;Poste de transformation;EN EXPLOITATION;225kV;Puy-de-Dôme
JONCE;JONCELS;Poste de transformation;EN EXPLOITATION;63kV;Hérault
ZTECH;PIQUAGE A MAGNY-LES-HAMEAUX;Point de piquage;EN EXPLOITATION;63kV;Yvelines
ZTOUA;FRESN / ALENC V.JUH 1;Point de piquage;EN EXPLOITATION;90kV;Sarthe
GINES;GINESTOUS;Poste de transformation;EN EXPLOITATION;225kV;Haute-Garonne
GOETZ;GOETZENBRUCK;Poste de transformation;EN EXPLOITATION;63kV;Moselle
GUER6;GUERLETTES (LES);Poste de transformation;EN EXPLOITATION;90kV;
GY;GY;Poste de transformation;EN EXPLOITATION;63kV;Haute-Saône
GOUVI;GOUVIEUX;Poste de transformation;EN EXPLOITATION;225kV;Oise
LAUZE;LAUZERTE;Poste de transformation;EN EXPLOITATION;63kV;Tarn-et-Garonne
JONZA;JONZAC;Poste de transformation;EN EXPLOITATION;90kV;Charente-Maritime
JUNGW;JUNGWALD;Poste de transformation;EN EXPLOITATION;63kV;Moselle
ZV.CO;PIQUAGE VILLESEQUE (LIAISON LIVIEZ31V.COR);Point de piquage;EN EXPLOITATION;63kV;Aude
ZREAL;PIQUAGE REALS (LIAISON CAZEDZ31SSVIN);Point de piquage;EN EXPLOITATION;63kV;Hérault
ALENC;ALENCON;Poste de transformation;EN EXPLOITATION;90kV;Orne
SSPRO;ST-REMY-DE-PROVENCE;Poste de transformation;EN EXPLOITATION;63kV;Bouches-du-Rhône
SSRAP;ST-RAPHAEL;Poste de transformation;EN EXPLOITATION;63kV;Var
MUREA;MUREAUX (LES);Poste de transformation;EN EXPLOITATION;225kV;Yvelines
NANT5;NANTET;Poste de transformation;EN EXPLOITATION;63kV;Savoie
N.MAI;NEUVES-MAISONS;Poste de transformation;EN EXPLOITATION;63kV;Meurthe-et-Moselle
HERI5;HERICOURT (CLIENT);Poste de transformation;EN EXPLOITATION;63kV;Haute-Saône
FONCL;FONCLARE;Poste de transformation;EN EXPLOITATION;63kV;Hérault
FONT;FONT (LA);Poste de transformation;EN EXPLOITATION;225kV;Allier
COIND;COINDRE;Poste de transformation;EN EXPLOITATION;90kV;Cantal
PORC5;PORCHEFONTAINE;Poste de transformation;EN EXPLOITATION;63kV;Yvelines
CONCA;CONCARNEAU;Poste de transformation;EN EXPLOITATION;225kV;Finistère
CONTE;CONTES;Poste de transformation;EN EXPLOITATION;63kV;Alpes-Maritimes
H.VIN;HAUT-VINAGE;Poste de transformation;EN EXPLOITATION;225kV;Nord
QUEST;QUESTEMBERT;Poste de transformation;EN EXPLOITATION;63kV;Morbihan
RATIE;RATIER;Poste de transformation;EN EXPLOITATION;225kV;Seine-Maritime
SAVER;SAVERNE;Poste de transformation;EN EXPLOITATION;63kV;Bas-Rhin
MADE6;MADELEINE (LA);Poste de transformation;EN EXPLOITATION;225kV;Meurthe-et-Moselle
PRUNI;PRUNIERES;Poste de transformation;EN EXPLOITATION;225kV;Isère
OIRY;OIRY;Poste de transformation;EN EXPLOITATION;63kV;Marne
ORLY;ORLY;Poste de transformation;EN EXPLOITATION;225kV;Hauts-de-Seine
HOLZM;HOLZMATT;Poste de transformation;EN EXPLOITATION;63kV;Bas-Rhin
ZBREA;PIQUAGE A BREAL-SOUS-VITRE;Point de piquage;EN EXPLOITATION;90kV;Ille-et-Vilaine
ZMEZO;PIQUAGE MEZOT;Point de piquage;EN EXPLOITATION;63kV;Meurthe-et-Moselle
SAFE;S.A.F.E.;Poste de transformation;EN EXPLOITATION;225kV;Moselle
SAILL;SAILLANT (LE);Poste de transformation;EN EXPLOITATION;90kV;Corrèze
MEES;MEES (LES) (SOLAIRE 1);Poste de transformation;EN EXPLOITATION;225kV;Alpes-de-Haute-Provence
ZJONC;PIQUAGE A JONCHERE 1;Point de piquage;EN EXPLOITATION;63kV;Val-de-Marne
BRIEC;BRIEC;Poste de transformation;EN EXPLOITATION;63kV;Finistère
BXNE6;BEAUNE-;Poste de transformation;EN EXPLOITATION;90kV;Loiret
ZRQRE;PIQUAGE ROQUEREDONDE LIAISON BEDARZ31LAURA;Point de piquage;EN EXPLOITATION;63kV;Hérault
ZTREZ;PIQUAGE A TREZANNE;Point de piquage;EN EXPLOITATION;90kV;Vendée
PORT6;PORTILLON;Poste de transformation;EN EXPLOITATION;90kV;Indre-et-Loire
POUZA;POUZAUGES;Poste de transformation;EN EXPLOITATION;90kV;Vendée
PRATC;PRATCLAUX;Poste de transformation;EN EXPLOITATION;225kV;Haute-Loire
PRAUT;PRAUTHOY;Poste de transformation;EN EXPLOITATION;63kV;Haute-Marne
MOUTH;MOUTHIER;Poste de transformation;EN EXPLOITATION;63kV;Doubs
MURE5;MURE (LA);Poste de transformation;EN EXPLOITATION;63kV;Isère
P.MIT;POINTE A MITEAU;Poste de transformation;EN EXPLOITATION;90kV;Vienne
ILLKI;ILLKIRCH;Poste de transformation;EN EXPLOITATION;63kV;Bas-Rhin
ILONS;ILONS (LES);Poste de transformation;EN EXPLOITATION;63kV;Ardèche
IZON;IZON;Poste de transformation;EN EXPLOITATION;63kV;Gironde
MALA8;MALADRERIE (CLIENT);Poste de transformation;EN EXPLOITATION;63kV;Oise
MALIN;MALINTRAT;Poste de transformation;EN EXPLOITATION;225kV;Puy-de-Dôme
ZJON5;PIQUAGE A JONCHERE 2;Point de piquage;EN EXPLOITATION;63kV;Val-de-Marne
ZAMIG;PIQUAGE A AMIGNE;Point de piquage;EN EXPLOITATION;225kV;Sarthe
ZHERE;PIQUAGE A LA HERELLE;Point de piquage;EN EXPLOITATION;63kV;Oise
PRRFI;PIERREFITTE (CLIENT);Poste de transformation;EN EXPLOITATION;63kV;Hautes-Pyrénées
CAMP6;CAMPAGNE;Poste de transformation;EN EXPLOITATION;63kV;Dordogne
ZBLO1;BLO.N / VALL5 VLERB 1;Point de piquage;EN EXPLOITATION;90kV;Loir-et-Cher
ZBOU6;PIQUAGE BOUSSENS (LIAISON CAZERZ31MANCI);Point de piquage;EN EXPLOITATION;63kV;Haute-Garonne
ZBOUC;PIQUAGE BOUCAU (LIAISON MOUGUZ31MOUSS);Point de piquage;EN EXPLOITATION;63kV;Pyrénées-Atlantiques
ZBRUF;PIQUAGE A BRUFFIERE;Point de piquage;EN EXPLOITATION;90kV;Loire-Atlantique
ZC.L6;PIQUAGE CROIX-LEONARD (LIGNE N0 2);Point de piquage;EN EXPLOITATION;63kV;Saône-et-Loire
ZG.HA;PIQUAGE A GERBECOURT ET HAPLEMONT;Point de piquage;EN EXPLOITATION;225kV;Meurthe-et-Moselle
CSTTT;CASTET (SHEM);Poste de transformation;EN EXPLOITATION;63kV;Pyrénées-Atlantiques
QUENT;QUENTOIS;Poste de transformation;EN EXPLOITATION;90kV;Somme
REGHA;REGHAT;Poste de transformation;EN EXPLOITATION;63kV;Val-de-Marne
ZV.SE;PIQUAGE A VILLERS-SEMEUSE;Point de piquage;EN EXPLOITATION;63kV;Ardennes
VOREP;VOREPPE;Poste de transformation;EN EXPLOITATION;63kV;Isère
BLOTT;BLOTTEREAU;Poste de transformation;EN EXPLOITATION;63kV;Loire-Atlantique
PALUD;PALUD (LA);Poste de transformation;EN EXPLOITATION;63kV;Ardèche
ETREP;ETREPAGNY;Poste de transformation;EN EXPLOITATION;63kV;Eure
DENAI;DENAIN;Poste de transformation;EN EXPLOITATION;63kV;Nord
LEGUE;LEGUEVIN;Poste de transformation;EN EXPLOITATION;225kV;Haute-Garonne
ZARNO;ARNOU / FARRA MAREN 1;Point de piquage;EN EXPLOITATION;90kV;Charente-Maritime
ZGRAN;GRAN6 / F.VER SSJUS 1;Point de piquage;EN EXPLOITATION;63kV;Loire
PAU.N;PAU-NORD;Poste de transformation;EN EXPLOITATION;63kV;Pyrénées-Atlantiques
PECY;PECY;Poste de transformation;EN EXPLOITATION;63kV;Seine-et-Marne
BOUZO;BOUZONVILLE;Poste de transformation;EN EXPLOITATION;63kV;Moselle
ALESI;ALESIA;Poste de transformation;EN EXPLOITATION;225kV;Paris
ZDURO;DUROL / CELLE THIE5 1;Point de piquage;EN EXPLOITATION;63kV;Puy-de-Dôme
ZARBI;ARBI1 / ARBI2 CUDRA 1;Point de piquage;EN EXPLOITATION;45kV;Savoie
ZARTE;ARTEN / AUVIL DAMBR 1;Point de piquage;EN EXPLOITATION;90kV;Eure-et-Loir
ZAUMA;AUMAL / BLOCA NEUF5 2;Point de piquage;EN EXPLOITATION;90kV;Seine-Maritime
CESTA;CESTAS;Poste de transformation;EN EXPLOITATION;225kV;Gironde
SULAU;SULAUZE;Poste de transformation;EN EXPLOITATION;63kV;Bouches-du-Rhône
C.GOM;CHATEAU-GOMBERT;Poste de transformation;EN EXPLOITATION;225kV;Bouches-du-Rhône
BORIE;BORIETTE (LA);Poste de transformation;EN EXPLOITATION;90kV;Corrèze
MANO7;MANOIRE;Poste de transformation;EN EXPLOITATION;90kV;Dordogne
ZLAN8;PIQUAGE LANGLOIS A BUSSY-SAINT-MARTIN (ZLAN8);Point de piquage;EN EXPLOITATION;225kV;Seine-et-Marne
PEU.S;PEUGEOT-SUD;Poste de transformation;EN EXPLOITATION;63kV;Doubs
ANGLE;ANGLEFORT;Poste de transformation;EN EXPLOITATION;63kV;Ain
ARBOI;ARBOIS;Poste de transformation;EN EXPLOITATION;63kV;Jura
ZBROS;PIQUAGE A LA BROSSONNIERE;Point de piquage;EN EXPLOITATION;63kV;Côtes-d'Armor
ZMAGR;PIQUAGE MAGRE (LIAISON AURENZ41MAURE);Point de piquage;EN EXPLOITATION;90kV;Haute-Vienne
ZMER7;MERCI / FROGE G.ILE 1;Point de piquage;EN EXPLOITATION;225kV;Isère
ZMRIG;PIQUAGE EX MARIGNAC (LIAISON CIERPZ31M.MAU);Point de piquage;EN EXPLOITATION;63kV;Hautes-Pyrénées
SAKAN;SAKANIE;Poste de transformation;EN EXPLOITATION;63kV;Ariège
SANGO;SANGONIS;Poste de transformation;EN EXPLOITATION;63kV;Hérault
PLEMY;PLEMY;Poste de transformation;EN EXPLOITATION;63kV;Côtes-d'Armor
ZBACC;PIQUAGE A SAINTE-CROIX-HAGUE;Point de piquage;EN EXPLOITATION;90kV;Manche
TABAR;TABARDERIE;Poste de transformation;EN EXPLOITATION;400kV;Loiret
ZC.LE;PIQUAGE A LA CROIX-SAINT-LEUFROY;Point de piquage;EN EXPLOITATION;90kV;Eure
LAVEY;LAVEYRUNE;Poste de transformation;EN EXPLOITATION;225kV;Lozère
PIOLE;PIOLENC;Poste de transformation;EN EXPLOITATION;63kV;Vaucluse
ABBA5;ABBAYE (S.N.C.F.);Poste de transformation;EN EXPLOITATION;45kV;Haute-Savoie
FOIX5;FOIX (R.F.F.);Poste de transformation;EN EXPLOITATION;63kV;Ariège
FITOU;FITOU (CLIENT);Poste de transformation;EN EXPLOITATION;63kV;Aude
FLAMB;FLAMBELLE (LA);Poste de transformation;EN EXPLOITATION;63kV;Haute-Garonne
LESPA;LESPARAT;Poste de transformation;EN EXPLOITATION;90kV;Dordogne
ZMON7;PIQUAGE MONT (LIAISON MARSIZ31ORTH5);Point de piquage;EN EXPLOITATION;63kV;Pyrénées-Atlantiques
ZMORC;PIQUAGE MORCENX (LIAISON CANTEZ32LABOU);Point de piquage;EN EXPLOITATION;63kV;Landes
ZJARG;JARGE / SAUS6 SOUR5 1;Point de piquage;EN EXPLOITATION;90kV;Loiret
LIEBV;LIEBVILLERS;Poste de transformation;EN EXPLOITATION;63kV;Doubs
LOUDE;LOUDEAC;Poste de transformation;EN EXPLOITATION;63kV;Côtes-d'Armor
LUDE;LUDE (LE);Poste de transformation;EN EXPLOITATION;90kV;Sarthe
ZN.SU;PIQUAGE A LA NOUE SURDEAU;Point de piquage;EN EXPLOITATION;63kV;Ardennes
AUGUE;AUGUETTE;Poste de transformation;EN EXPLOITATION;225kV;
SSMA7;STE-MAXIME;Poste de transformation;EN EXPLOITATION;63kV;Var
AUZAN;AUZANCES;Poste de transformation;EN EXPLOITATION;63kV;Creuse
SSPIE;ST-PIERRE;Poste de transformation;EN EXPLOITATION;63kV;Finistère
AVIG5;AVIGNONET;Poste de transformation;EN EXPLOITATION;63kV;Haute-Garonne
B.MAU;BOURG-ST-MAURICE;Poste de transformation;EN EXPLOITATION;63kV;Savoie
ZMTME;MTMEL / CBERY G.ILE 1;Point de piquage;EN EXPLOITATION;63kV;Savoie
BAILL;BAILLEUL;Poste de transformation;EN EXPLOITATION;90kV;Nord
LESTR;LESTREM;Poste de transformation;EN EXPLOITATION;225kV;Nord
ZGALE;PIQUAGE GALERES A CHELLES (ZGALE);Point de piquage;EN EXPLOITATION;225kV;Seine-Saint-Denis
ZGARG;PIQUAGE A EPONE;Point de piquage;EN EXPLOITATION;63kV;Yvelines
ZGOLB;PIQUAGE GOLBEY;Point de piquage;EN EXPLOITATION;225kV;Vosges
DOBER;DOBERIE;Poste de transformation;EN EXPLOITATION;225kV;Côtes-d'Armor
BELIE;BELIET;Poste de transformation;EN EXPLOITATION;63kV;Gironde
DESCA;DESCARTES;Poste de transformation;EN EXPLOITATION;90kV;Vienne
ARSOT;ARSOT;Poste de transformation;EN EXPLOITATION;63kV;Territoire de Belfort
DIEP5;DIEPPEDALLE (ENEDIS);Poste de transformation;EN EXPLOITATION;90kV;Seine-Maritime
DIEUZ;DIEUZE;Poste de transformation;EN EXPLOITATION;63kV;Moselle
RIOM;RIOM;Poste de transformation;EN EXPLOITATION;63kV;Puy-de-Dôme
BARP;BARP (LE);Poste de transformation;EN EXPLOITATION;225kV;Gironde
DRULI;DRULINGEN;Poste de transformation;EN EXPLOITATION;63kV;Bas-Rhin
ESCOU;ESCOULOUBRE;Poste de transformation;EN EXPLOITATION;63kV;Ariège
HAUBO;HAUBOURDIN;Poste de transformation;EN EXPLOITATION;90kV;Nord
SADIR;SADIRAC;Poste de transformation;EN EXPLOITATION;63kV;Gironde
BASS5;BASSENS (CLIENT);Poste de transformation;EN EXPLOITATION;63kV;Gironde
B.PRI;BOIS PRINCE (LE);Poste de transformation;EN EXPLOITATION;90kV;Eure-et-Loir
ZB.PR;PIQUAGE A BOIS PRINCE (LE);Point de piquage;EN EXPLOITATION;90kV;Eure-et-Loir
AUBAG;AUBAGNE;Poste de transformation;EN EXPLOITATION;63kV;Bouches-du-Rhône
AUDON;AUDON;Poste de transformation;EN EXPLOITATION;63kV;Landes
BETTI;BETTING;Poste de transformation;EN EXPLOITATION;63kV;Moselle
BLANZ;BLANZY;Poste de transformation;EN EXPLOITATION;63kV;Saône-et-Loire
ZJAZE;PIQUAGE A JAZENEUIL;Point de piquage;EN EXPLOITATION;90kV;Deux-Sèvres
AVIG6;AVIGNON (C.N.R.);Poste de transformation;EN EXPLOITATION;225kV;Gard
BLO.N;BLOIS-NORD;Poste de transformation;EN EXPLOITATION;90kV;Loir-et-Cher
ZMERC;PIQUAGE MERCUS (LIAISON FERRIZ31TARAS);Point de piquage;EN EXPLOITATION;63kV;Ariège
ZMAR8;MARNI / AOSTE BRENS 1;Point de piquage;EN EXPLOITATION;225kV;Ain
ZMES5;PIQUAGE A CHAPONOST;Point de piquage;EN EXPLOITATION;63kV;Rhône
ZMOUX;MOUX / CHANC CIZE 1;Point de piquage;EN EXPLOITATION;63kV;Jura
SSAGA;STE-AGATHE;Poste de transformation;EN EXPLOITATION;63kV;Moselle
BORNY;BORNY;Poste de transformation;EN EXPLOITATION;63kV;Moselle
ARDOI;ARDOISE (L );Poste de transformation;EN EXPLOITATION;225kV;Gard
AVIG7;AVIGNONET (CLIENT);Poste de transformation;EN EXPLOITATION;63kV;Haute-Garonne
ZPARI;PIQUAGE PARIZE;Point de piquage;EN EXPLOITATION;63kV;Nièvre
AUREE;AURE;Poste de transformation;ACCORD ADMINISTRATIF;225kV;Hautes-Pyrénées
HOUDE;HOUDELAINCOURT;Poste de transformation;EN EXPLOITATION;63kV;Meuse
ZQUEN;QUENT / ARGOE LAMO5 1;Point de piquage;EN EXPLOITATION;90kV;Somme
ZROUV;PIQUAGE ROUVERADE (LIAISON BRADAZ41REPAI);Point de piquage;EN EXPLOITATION;90kV;Corrèze
ALB;A.L.B.;Poste de transformation;EN EXPLOITATION;63kV;Aisne
SSGRA;ST-GRAVE;Poste de transformation;EN EXPLOITATION;63kV;Morbihan
HENIN;HENIN;Poste de transformation;EN EXPLOITATION;90kV;Pas-de-Calais
SSE.C;ST-EGREVE CENTRALE;Poste de transformation;EN EXPLOITATION;63kV;Isère
A.THE;AX-LES-THERMES;Poste de transformation;EN EXPLOITATION;63kV;Ariège
AIRE;AIRE;Poste de transformation;EN EXPLOITATION;90kV;Pas-de-Calais
HERRE;HERRENWASSER;Poste de transformation;EN EXPLOITATION;225kV;Bas-Rhin
I.VER;ILE-VERTE;Poste de transformation;EN EXPLOITATION;63kV;Isère
ALLOU;ALLOUIS;Poste de transformation;EN EXPLOITATION;90kV;Cher
HAVRE;HAVRE (LE) (CENTRALE);Poste de transformation;EN EXPLOITATION;400kV;
SAUS2;SAUSSAZ II (LA);Poste de transformation;EN EXPLOITATION;45kV;Savoie
SAUVE;SAUVETAT (LA);Poste de transformation;EN EXPLOITATION;63kV;Lot-et-Garonne
SSPOL;ST-POL;Poste de transformation;EN EXPLOITATION;90kV;Pas-de-Calais
K.LEL;KELLER-LELEUX;Poste de transformation;EN EXPLOITATION;63kV;Gard
KERLI;KERLIVIO;Poste de transformation;EN EXPLOITATION;63kV;Morbihan
COTEL;COTELETTE (LA);Poste de transformation;EN EXPLOITATION;90kV;Marne
PLACH;PLACHY (LE);Poste de transformation;EN EXPLOITATION;225kV;Pas-de-Calais
SSMO5;ST-PIERRE-MONTLIMART;Poste de transformation;EN EXPLOITATION;90kV;Maine-et-Loire
C.ORB;CONQUES-SUR-ORBIEL;Poste de transformation;EN EXPLOITATION;225kV;Aude
PONAN;PONANT;Poste de transformation;EN EXPLOITATION;225kV;Finistère
ZCZE6;PIQUAGE 2 A COUREGES;Point de piquage;EN EXPLOITATION;63kV;Gard
ZQUIN;PIQUAGE A QUINSON;Point de piquage;EN EXPLOITATION;225kV;Alpes-de-Haute-Provence
ZSABR;PIQUAGE A SABRAN;Point de piquage;EN EXPLOITATION;63kV;Gard
ZALL7;PIQUAGE AUX ALLONGETS;Point de piquage;EN EXPLOITATION;225kV;
LANG6;LANGLOIS;Poste de transformation;EN EXPLOITATION;225kV;Seine-et-Marne
ZMAL5;PIQUAGE MALAUNAY A PISSY-POVILLE (ZMAL5);Point de piquage;EN EXPLOITATION;90kV;Seine-Maritime
ZMAR7;PIQUAGE MARLE;Point de piquage;EN EXPLOITATION;63kV;Aisne
ZH.B5;PIQUAGE A HORNOY-LE-BOURG;Point de piquage;EN EXPLOITATION;225kV;Somme
MALES;MALESHERBES;Poste de transformation;EN EXPLOITATION;63kV;Loiret
TRITH;TRITH-ST-LEGER (L.M.E.);Poste de transformation;EN EXPLOITATION;225kV;Nord
V.MAR;VILLE-LE-MARCLET;Poste de transformation;EN EXPLOITATION;90kV;Somme
TILLE;TILLENAY;Poste de transformation;EN EXPLOITATION;63kV;Côte-d'Or
ZPIN5;PIQUAGE A LA BOCCA 2;Point de piquage;EN EXPLOITATION;63kV;Alpes-Maritimes
ZRIVA;RIVAR / BONN6 MIGNA 1;Point de piquage;EN EXPLOITATION;90kV;Vienne
BRUCH;BRUCH;Poste de transformation;EN EXPLOITATION;63kV;Lot-et-Garonne
BUSSA;BUSSAC;Poste de transformation;EN EXPLOITATION;90kV;Gironde
LAMB5;LAMBESC;Poste de transformation;EN EXPLOITATION;63kV;Bouches-du-Rhône
BATEL;BATELIERS;Poste de transformation;EN EXPLOITATION;225kV;Hauts-de-Seine
CHAI5;CHAINEAU (LA);Poste de transformation;EN EXPLOITATION;90kV;Loir-et-Cher
CHARI;CHARIEZ;Poste de transformation;EN EXPLOITATION;63kV;Haute-Saône
CHEVR;CHEVRIL (LE);Poste de transformation;EN EXPLOITATION;63kV;Savoie
RIVE5;RIVES;Poste de transformation;EN EXPLOITATION;63kV;Isère
BELFR;BELFROY;Poste de transformation;EN EXPLOITATION;90kV;Maine-et-Loire
BELLI;BELLIGNAT;Poste de transformation;EN EXPLOITATION;63kV;Ain
YVETO;YVETOT;Poste de transformation;EN EXPLOITATION;90kV;Seine-Maritime
ZB.VA;B.VAL / B.MON BXCHA 2;Point de piquage;EN EXPLOITATION;225kV;Ardèche
ZBETT;BETTA / AMBER SSV.E 1;Point de piquage;EN EXPLOITATION;63kV;Ain
ZBRUL;BRIAR / GIEN LOMBA 1;Point de piquage;EN EXPLOITATION;90kV;Loiret
N.SE5;NOGENT-SUR-SEINE (POSTE CENTRALE);Poste de transformation;EN EXPLOITATION;400kV;Aube
ZCUPE;PIQUAGE CUPERLY;Point de piquage;EN EXPLOITATION;225kV;Marne
RQRED;ROQUEREDONDE;Poste de transformation;EN EXPLOITATION;63kV;Hérault
RUEIL;RUEIL;Poste de transformation;EN EXPLOITATION;225kV;Yvelines
DRANC;DRANCY;Poste de transformation;EN EXPLOITATION;225kV;Seine-Saint-Denis
DRUME;DRUMETTAZ;Poste de transformation;EN EXPLOITATION;63kV;Savoie
L.NOI;LAC-NOIR;Poste de transformation;EN EXPLOITATION;225kV;Vosges
ZECRA;PIQUAGE A ECRAINVILLE;Point de piquage;EN EXPLOITATION;90kV;Seine-Maritime
ZESQ5;PIQUAGE ESQUIT (LIAISON ASASPZ31E.LES);Point de piquage;EN EXPLOITATION;63kV;Pyrénées-Atlantiques
V.ROM;VOIE ROMAINE;Poste de transformation;EN EXPLOITATION;63kV;Haut-Rhin
CREC6;CRECHETS (LES);Poste de transformation;EN EXPLOITATION;225kV;Nord
LAFFI;LAFFITE;Poste de transformation;EN EXPLOITATION;63kV;Ariège
LAND6;LANDE (LA);Poste de transformation;EN EXPLOITATION;90kV;Indre
SSMED;ST-MEDARD;Poste de transformation;EN EXPLOITATION;63kV;Gironde
SSUSA;ST-USAGE;Poste de transformation;EN EXPLOITATION;63kV;Côte-d'Or
V.BLA;VILLENEUVE-DE-BLAYE;Poste de transformation;EN EXPLOITATION;63kV;Gironde
F.ROI;FERME DU ROI(LA);Poste de transformation;EN EXPLOITATION;90kV;Pas-de-Calais
THOU;THOU (LE);Poste de transformation;EN EXPLOITATION;90kV;Charente-Maritime
CHEYL;CHEYLARD (LE);Poste de transformation;EN EXPLOITATION;63kV;Ardèche
CINTE;CINTEGABELLE;Poste de transformation;EN EXPLOITATION;63kV;Haute-Garonne
CISSA;CISSAC;Poste de transformation;EN EXPLOITATION;225kV;Gironde
CLUNY;CLUNY;Poste de transformation;EN EXPLOITATION;63kV;Saône-et-Loire
S.FOU;SIX-FOURS;Poste de transformation;EN EXPLOITATION;63kV;Var
SSVIT;ST-VIT;Poste de transformation;EN EXPLOITATION;63kV;Jura
LAGUI;LAGUIAN;Poste de transformation;EN EXPLOITATION;63kV;Gers
SSAUB;ST-AUBAN;Poste de transformation;EN EXPLOITATION;225kV;Alpes-de-Haute-Provence
S.MO5;SOMMER-MOUZON;Poste de transformation;EN EXPLOITATION;63kV;Ardennes
S.MOU;SALLES-MOUSSAC;Poste de transformation;EN EXPLOITATION;90kV;Charente
ZBREC;SSMRE / GARD9 GODI5 1;Point de piquage;EN EXPLOITATION;90kV;Indre-et-Loire
ZBXLI;BXLIN / J.CLA ORANG 1;Point de piquage;EN EXPLOITATION;90kV;Vienne
ZDALI;CIVRA / COUR SSSAV 1;Point de piquage;EN EXPLOITATION;90kV;Deux-Sèvres
MADIE;MADIERES;Poste de transformation;EN EXPLOITATION;63kV;Hérault
GENIS;GENISSIAT;Poste de transformation;EN EXPLOITATION;225kV;Ain
L.CHA;LONG-CHAMP (LE);Poste de transformation;EN EXPLOITATION;225kV;Aisne
COGNA;COGNAC;Poste de transformation;EN EXPLOITATION;90kV;Charente
COMMA;COMMANDERIE (LA);Poste de transformation;EN EXPLOITATION;90kV;Indre-et-Loire
CONNE;CONNERRE;Poste de transformation;EN EXPLOITATION;90kV;Sarthe
MEDER;MEDERIC;Poste de transformation;EN EXPLOITATION;63kV;Val-de-Marne
LAUSS;LAUSSONNE;Poste de transformation;EN EXPLOITATION;63kV;Haute-Loire
COUDO;COUDON (LE);Poste de transformation;EN EXPLOITATION;225kV;Var
CPRAD;CHAMPRADET;Poste de transformation;EN EXPLOITATION;63kV;Puy-de-Dôme
FONDE;FONDETTES;Poste de transformation;EN EXPLOITATION;90kV;Indre-et-Loire
MALGO;MALGOVERT;Poste de transformation;EN EXPLOITATION;225kV;Savoie
MANDA;MANDARINS;Poste de transformation;EN EXPLOITATION;400kV;Pas-de-Calais
ZRIGO;PIQUAGE A RIGOTTE (LA);Point de piquage;EN EXPLOITATION;225kV;Haute-Marne
LIVAR;LIVAROT;Poste de transformation;EN EXPLOITATION;90kV;Calvados
ZSSN5;PIQUAGE A SAINT-NAZAIRE;Point de piquage;EN EXPLOITATION;63kV;Loire-Atlantique
FROMA;FROMAINVILLE;Poste de transformation;EN EXPLOITATION;225kV;Yvelines
PRAGN;PRAGNERES;Poste de transformation;EN EXPLOITATION;225kV;Hautes-Pyrénées
BAYON;BAYON;Poste de transformation;EN EXPLOITATION;63kV;Meurthe-et-Moselle
GAREI;GAREIN;Poste de transformation;EN EXPLOITATION;63kV;Landes
GONTA;GONTARD;Poste de transformation;EN EXPLOITATION;63kV;Bouches-du-Rhône
MOUGU;MOUGUERRE;Poste de transformation;EN EXPLOITATION;225kV;Pyrénées-Atlantiques
LUXE;LUXE;Poste de transformation;EN EXPLOITATION;90kV;Charente
M.CAM;MAL CAMPEE (LA);Poste de transformation;EN EXPLOITATION;63kV;Ardennes
MAROL;MAROLLES;Poste de transformation;EN EXPLOITATION;225kV;Marne
PRRTT;PIERRETTE (LA);Poste de transformation;EN EXPLOITATION;225kV;Nord
PTARL;PONTARLIER;Poste de transformation;EN EXPLOITATION;225kV;Doubs
ROUSS;ROUSSON;Poste de transformation;EN EXPLOITATION;225kV;Yonne
PAIRE;PAIREUX (LE);Poste de transformation;EN EXPLOITATION;63kV;Ain
ZF.TO;PIQUAGE A FAVERGES-DE-LA-TOUR;Point de piquage;ACCORD ADMINISTRATIF;63kV;Isère
I.SEI;IVRY-SUR-SEINE (PSEM);Poste de transformation;EN EXPLOITATION;63kV;Paris
RIVAL;RIVAL;Poste de transformation;EN EXPLOITATION;63kV;Savoie
MONNA;MONNAIE;Poste de transformation;EN EXPLOITATION;90kV;Indre-et-Loire
MORC5;MORCENX;Poste de transformation;EN EXPLOITATION;63kV;Landes
M.NOU;MAS-NOU;Poste de transformation;EN EXPLOITATION;63kV;Pyrénées-Orientales
MANOI;MANOIR (LE);Poste de transformation;EN EXPLOITATION;225kV;Eure
MARMA;MARMAGNE;Poste de transformation;EN EXPLOITATION;400kV;Cher
P.CHA;PEYRAT-LE-CHATEAU;Poste de transformation;EN EXPLOITATION;225kV;Haute-Vienne
ZV.MO;V.MOU / LONG6 SAUS2 1;Point de piquage;EN EXPLOITATION;225kV;Savoie
ZP.C5;PIQUAGE A PEYRAT-LE-CHATEAU;Point de piquage;EN EXPLOITATION;225kV;Haute-Vienne
ZLARU;PIQUAGE A LARUNS;Point de piquage;EN EXPLOITATION;63kV;Pyrénées-Atlantiques
ARPEN;ARPENTS (LES);Poste de transformation;EN EXPLOITATION;225kV;Eure-et-Loir
FOULO;FOULONVAL;Poste de transformation;EN EXPLOITATION;90kV;Eure-et-Loir
FTAI8;FONTAINES (LES) (REGIE DE DREUX);Poste de transformation;EN EXPLOITATION;90kV;Eure-et-Loir
BARBU;BARBUISE;Poste de transformation;EN EXPLOITATION;225kV;Aube
GRIGN;GRIGNY;Poste de transformation;EN EXPLOITATION;225kV;Essonne
ZDUV5;PIQUAGE A DUVIGNEAU;Point de piquage;EN EXPLOITATION;225kV;
B.AI7;BEL-AIR (VILLEURBANNE);Poste de transformation;EN EXPLOITATION;63kV;Rhône
VAUB6;VAUBAN (PORT MILITAIRE DE TOULON);Poste de transformation;EN EXPLOITATION;63kV;Var
GUERA;GUERANDE;Poste de transformation;EN EXPLOITATION;63kV;Loire-Atlantique
OBER5;OBERNAI (K.2);Poste de transformation;EN EXPLOITATION;63kV;Bas-Rhin
SSBR5;ST-BRICE;Poste de transformation;EN EXPLOITATION;225kV;Marne
MONNE;MONNET;Poste de transformation;EN EXPLOITATION;225kV;Isère
VEYNE;VEYNES;Poste de transformation;EN EXPLOITATION;63kV;Hautes-Alpes
VEYTI;VEYTISOU (LA);Poste de transformation;EN EXPLOITATION;90kV;Haute-Vienne
MOULI;MOULINELLE (LA);Poste de transformation;EN EXPLOITATION;63kV;Meurthe-et-Moselle
VENDI;VENDIN;Poste de transformation;EN EXPLOITATION;225kV;Pas-de-Calais
1B.E6;BELLE-ETOILE (STATION D EPURATION);Poste de transformation;EN EXPLOITATION;<45kV;Rhône
MTJAY;MONTJAY;Poste de transformation;EN EXPLOITATION;225kV;Essonne
CROCS;CROCS (LES);Poste de transformation;ACCORD ADMINISTRATIF;225kV;Aube
MAUPA;MAUPAS (A CONTAULT);Poste de transformation;EN EXPLOITATION;63kV;Marne
VLEDI;VILLEDIEU;Poste de transformation;EN EXPLOITATION;90kV;Manche
MTJOY;MONTJOYER (EOLIEN 1);Poste de transformation;EN EXPLOITATION;63kV;Drôme
FOUL5;FOULONNIERE;Poste de transformation;EN EXPLOITATION;90kV;Eure
MORON;MORONVILLIERS;Poste de transformation;EN EXPLOITATION;63kV;Marne
GALAT;GALATA;Poste de transformation;ACCORD ADMINISTRATIF;63kV;Loire
V.ILE;VENT-DES-ILES;Poste de transformation;EN EXPLOITATION;225kV;
LIROU;LIROU;Poste de transformation;ACCORD ADMINISTRATIF;63kV;Aude
LARRE;LARREY;Poste de transformation;ACCORD ADMINISTRATIF;225kV;Côte-d'Or
THUEL;THUEL (LE);Poste de transformation;ACCORD ADMINISTRATIF;225kV;Aisne
B.RUM;BOSSUS-LES-RUMIGNY;Poste de transformation;ACCORD ADMINISTRATIF;225kV;Aisne
ROBI6;ROBINE (CANAL DE LA);Poste de transformation;EN EXPLOITATION;63kV;Aude
ZMTCL;PIQUAGE A MONTCLARAT;Point de piquage;EN EXPLOITATION;63kV;Aveyron
BOUS7;BOUSBECQUE;Poste de transformation;EN EXPLOITATION;90kV;
A.BOI;AULNAY-SOUS-BOIS;Poste de transformation;ACCORD ADMINISTRATIF;225kV;Val-d'Oise
ZCH12;PIQUAGE A CHARRAUT (LE);Point de piquage;EN EXPLOITATION;90kV;Vienne
ULISS;ULIS (LES);Poste de transformation;EN EXPLOITATION;225kV;Essonne
MASSI;MASSIAC;Poste de transformation;EN EXPLOITATION;63kV;Cantal
VILLA;VILLARCEAU;Poste de transformation;ACCORD ADMINISTRATIF;225kV;Essonne
COMPI;COMPIEGNE;Poste de transformation;EN EXPLOITATION;225kV;Oise
GRUIS;GRUISSAN;Poste de transformation;EN EXPLOITATION;63kV;
ZCES5;PIQUAGE A CESTAS;Point de piquage;EN EXPLOITATION;63kV;Gironde
LANNE;LANNEMEZAN;Poste de transformation;EN EXPLOITATION;225kV;Hautes-Pyrénées
P.VEY;PONT DE VEYRIERES;Poste de transformation;EN EXPLOITATION;63kV;Ardèche
AUSTE;AUSTERLITZ;Poste de transformation;EN EXPLOITATION;225kV;Paris
MEYME;MEYMES;Poste de transformation;EN EXPLOITATION;63kV;Lot
LESTE;LESTELLE;Poste de transformation;EN EXPLOITATION;63kV;Haute-Garonne
BRABO;BRABOIS;Poste de transformation;EN EXPLOITATION;63kV;Meurthe-et-Moselle
HAYET;HAYETTE (LA);Poste de transformation;EN EXPLOITATION;63kV;Aisne
B.REN;BOIS-RENAUD;Poste de transformation;EN EXPLOITATION;90kV;Essonne
FAIDH;FAIDHERBE;Poste de transformation;EN EXPLOITATION;225kV;Paris
MTPAO;MONTPAON;Poste de transformation;EN EXPLOITATION;63kV;Aveyron
PLUVI;PLUVIGNER;Poste de transformation;ACCORD ADMINISTRATIF;225kV;Morbihan
ATHEL;ATHELIA;Poste de transformation;EN EXPLOITATION;63kV;Bouches-du-Rhône
FABIA;FABIAN;Poste de transformation;EN EXPLOITATION;63kV;Hautes-Pyrénées
GAILL;GAILLAC;Poste de transformation;EN EXPLOITATION;63kV;Tarn
MOUL9;MOULASSE (LA);Poste de transformation;EN EXPLOITATION;63kV;Ariège
P.RIV;POINTIS-DE-RIVIERE;Poste de transformation;EN EXPLOITATION;63kV;Haute-Garonne
SSHEN;ST-HENRI;Poste de transformation;EN EXPLOITATION;63kV;Lot
CRAN;CRAN;Poste de transformation;EN EXPLOITATION;63kV;Haute-Savoie
D.ROS;DAME-ROSE;Poste de transformation;ACCORD ADMINISTRATIF;225kV;Yvelines
LAURA;LAURAS;Poste de transformation;EN EXPLOITATION;63kV;Aveyron
ROUMA;ROUMAGNOLLE;Poste de transformation;EN EXPLOITATION;225kV;Charente-Maritime
TALIZ;TALIZAT;Poste de transformation;EN EXPLOITATION;63kV;Cantal
CUBRY;CUBRY (LE);Poste de transformation;EN EXPLOITATION;90kV;Marne
GOUR5;GOURDAN;Poste de transformation;EN EXPLOITATION;63kV;Hautes-Pyrénées
ANCEL;ANCELPONT;Poste de transformation;EN EXPLOITATION;63kV;Lozère
CHEMI;CHEMILLE;Poste de transformation;EN EXPLOITATION;90kV;Maine-et-Loire
VINTR;VINTROU;Poste de transformation;EN EXPLOITATION;63kV;Tarn
OLONN;OLONNE;Poste de transformation;EN EXPLOITATION;90kV;Vendée
CARLA;CARLA;Poste de transformation;EN EXPLOITATION;63kV;Tarn
BLERI;BLERIOT (ROISSY);Poste de transformation;EN EXPLOITATION;225kV;Val-d'Oise
SAVIG;SAVIGNAC;Poste de transformation;EN EXPLOITATION;225kV;Cantal
GINOU;GINOUX;Poste de transformation;EN EXPLOITATION;HORS TENSION;Ardèche
PARIZ;PARIZE;Poste de transformation;EN EXPLOITATION;63kV;Nièvre
ZYZEU;YZEUR / DOMPI SEMIN 2;Point de piquage;EN EXPLOITATION;63kV;Allier
ZC.RH;PIQUAGE A CHATEAUNEUF (SNCF);Point de piquage;EN EXPLOITATION;63kV;Ardèche
CHAZE;CHAZEAU;Poste de transformation;EN EXPLOITATION;63kV;Nièvre
LACAB;LACABAREDE;Poste de transformation;EN EXPLOITATION;63kV;Tarn
PANNE;PANNESIERE;Poste de transformation;EN EXPLOITATION;63kV;Nièvre
GENET;GENET;Poste de transformation;EN EXPLOITATION;90kV;Maine-et-Loire
CORDE;CORDEAC;Poste de transformation;EN EXPLOITATION;225kV;Isère
ISSE;ISSE;Poste de transformation;EN EXPLOITATION;90kV;Loire-Atlantique
HIS;HIS;Poste de transformation;EN EXPLOITATION;63kV;Haute-Garonne
TREBA;TREBAS;Poste de transformation;EN EXPLOITATION;63kV;Tarn
SSBER;ST-BERON;Poste de transformation;EN EXPLOITATION;63kV;Isère
VLARO;VILLARODIN;Poste de transformation;EN EXPLOITATION;400kV;Savoie
COMTA;COMTAT;Poste de transformation;EN EXPLOITATION;63kV;Vaucluse
THEIL;THEIL (LE);Poste de transformation;EN EXPLOITATION;90kV;Orne
DIEPP;DIEPPE;Poste de transformation;EN EXPLOITATION;90kV;
JUSSA;JUSSAC;Poste de transformation;EN EXPLOITATION;90kV;Cantal
L.CAR;LATOUR-DE-CAROL;Poste de transformation;EN EXPLOITATION;63kV;
L.CE1;LAVAL-DE-CERE I;Poste de transformation;EN EXPLOITATION;63kV;Corrèze
LAFOU;LAFOURGUETTE;Poste de transformation;EN EXPLOITATION;63kV;Haute-Garonne
LAVOI;LAVOIR;Poste de transformation;EN EXPLOITATION;63kV;Côte-d'Or
SSCER;ST-CERE;Poste de transformation;EN EXPLOITATION;63kV;Lot
SSSER;ST-SERNIN;Poste de transformation;EN EXPLOITATION;63kV;Haute-Garonne
SSGEN;ST-GENIEZ;Poste de transformation;EN EXPLOITATION;90kV;Corrèze
SSJAM;STE-JAMME (-SUR-SARTHE);Poste de transformation;EN EXPLOITATION;90kV;Sarthe
ZNAY5;PIQUAGE NAY SNCF (LIAISON COARRZ31SARSA);Point de piquage;EN EXPLOITATION;63kV;Pyrénées-Atlantiques
ZP.HE;P.HER / GORGE VOREP 1;Point de piquage;EN EXPLOITATION;63kV;Isère
ZPENA;PIQUAGE A PEN-AR-VERN;Point de piquage;EN EXPLOITATION;63kV;Finistère
ASASP;ASASP;Poste de transformation;EN EXPLOITATION;63kV;Pyrénées-Atlantiques
LOUDU;LOUDUN;Poste de transformation;EN EXPLOITATION;90kV;Vienne
M.LOU;MARIE-LOUISE;Poste de transformation;EN EXPLOITATION;63kV;Haut-Rhin
M.POI;MAS-POINTU;Poste de transformation;EN EXPLOITATION;63kV;Bouches-du-Rhône
SSSA5;ST-SAUVEUR;Poste de transformation;EN EXPLOITATION;63kV;Ardèche
T.NOI;TERRES-NOIRES (S.N.C.F.);Poste de transformation;EN EXPLOITATION;225kV;Nord
SSGE5;ST-GEORGES (CLIENT);Poste de transformation;EN EXPLOITATION;63kV;Rhône
SSLUZ;ST-JEAN-DE-LUZ;Poste de transformation;EN EXPLOITATION;63kV;
STRAS;STRASBOURG;Poste de transformation;EN EXPLOITATION;225kV;Bas-Rhin
LOURD;LOURDES;Poste de transformation;EN EXPLOITATION;63kV;Hautes-Pyrénées
LUCY;LUCY;Poste de transformation;EN EXPLOITATION;63kV;Saône-et-Loire
LAMOR;LAMORUE;Poste de transformation;EN EXPLOITATION;225kV;Yvelines
LECTO;LECTOURE;Poste de transformation;EN EXPLOITATION;63kV;Gers
BOLOG;BOLOGNE (FORGES);Poste de transformation;EN EXPLOITATION;63kV;Haute-Marne
BALLO;BALLON;Poste de transformation;EN EXPLOITATION;90kV;Nord
AUBER;AUBERVILLE;Poste de transformation;EN EXPLOITATION;90kV;Seine-Maritime
BAULE;BAULE (LA)(LA BAULE-ESCOUBLAC);Poste de transformation;EN EXPLOITATION;63kV;Loire-Atlantique
BERRE;BERRE;Poste de transformation;EN EXPLOITATION;63kV;Bouches-du-Rhône
CORB7;CORBEIL;Poste de transformation;EN EXPLOITATION;63kV;Essonne
MAZAM;MAZAMET;Poste de transformation;EN EXPLOITATION;63kV;Tarn
BAGNE;BAGNEAUX;Poste de transformation;EN EXPLOITATION;63kV;Seine-et-Marne
MORTA;MORTAIN;Poste de transformation;EN EXPLOITATION;90kV;Manche
MTEYN;MONTEYNARD;Poste de transformation;EN EXPLOITATION;225kV;Isère
AVOI5;AVOINE (POSTE 400 KV);Poste de transformation;EN EXPLOITATION;400kV;Indre-et-Loire
BALAR;BALARUC;Poste de transformation;EN EXPLOITATION;225kV;Hérault
CORBI;CORBIERE (LA);Poste de transformation;EN EXPLOITATION;225kV;Maine-et-Loire
TASSE;TASSET;Poste de transformation;EN EXPLOITATION;63kV;Haute-Savoie
LATEN;LATENA;Poste de transformation;EN EXPLOITATION;400kV;Oise
LONNY;LONNY;Poste de transformation;EN EXPLOITATION;400kV;Ardennes
TERRI;TERRIER;Poste de transformation;EN EXPLOITATION;400kV;Oise
MOIRA;MOIRANS;Poste de transformation;EN EXPLOITATION;225kV;Isère
PERRE;PERRET;Poste de transformation;EN EXPLOITATION;225kV;Hauts-de-Seine
PRELE;PRELES (LES);Poste de transformation;EN EXPLOITATION;225kV;Yonne
DIEUL;DIEULEFIT;Poste de transformation;EN EXPLOITATION;63kV;Drôme
GUPIE;GUPIE;Poste de transformation;EN EXPLOITATION;225kV;Lot-et-Garonne
LONGC;LONGCHAMP (RUFFEC);Poste de transformation;EN EXPLOITATION;90kV;Charente
LACQ;LACQ (S.N.C.F.);Poste de transformation;EN EXPLOITATION;63kV;Pyrénées-Atlantiques
LAFIG;LAFIGERE;Poste de transformation;EN EXPLOITATION;225kV;Lozère
ZMENT;MENTO / .CAMP T.VIC 1;Point de piquage;EN EXPLOITATION;225kV;Alpes-Maritimes
BESS5;BESSEY;Poste de transformation;EN EXPLOITATION;63kV;Loire
VINC5;VINCENNES;Poste de transformation;EN EXPLOITATION;225kV;Paris
CLIMA;CLIMADEF;Poste de transformation;EN EXPLOITATION;63kV;Yvelines
ZMOR5;PIQUAGE MORCENX (LIAISON CANTEZ31LABOU);Point de piquage;EN EXPLOITATION;63kV;Landes
ZSSJ7;SSJM5 / LONG6 ZARVA 1;Point de piquage;EN EXPLOITATION;45kV;Savoie
ZTREB;PIQUAGE TREBAS (LIAISON CROUXZ31REQUI);Point de piquage;EN EXPLOITATION;63kV;Tarn
VOULT;VOULTE (LA);Poste de transformation;EN EXPLOITATION;63kV;Ardèche
DOUAR;DOUARNENEZ;Poste de transformation;EN EXPLOITATION;63kV;Finistère
DOULL;DOULLENS;Poste de transformation;EN EXPLOITATION;90kV;Somme
LOCMA;LOCMALO;Poste de transformation;EN EXPLOITATION;63kV;Morbihan
M.BL6;MONTAIGUT LE BLANC;Poste de transformation;EN EXPLOITATION;63kV;Puy-de-Dôme
BZBEL;BOURBEL;Poste de transformation;EN EXPLOITATION;90kV;Seine-Maritime
CHAN6;CHANCENAY;Poste de transformation;EN EXPLOITATION;225kV;Marne
COQU5;COQUIBUS;Poste de transformation;EN EXPLOITATION;225kV;Essonne
CHARN;CHARNY;Poste de transformation;EN EXPLOITATION;63kV;Yonne
P.CAS;PONT-DU-CASSE;Poste de transformation;EN EXPLOITATION;63kV;Lot-et-Garonne
MATEL;MATEL;Poste de transformation;EN EXPLOITATION;63kV;Loire
MEINA;MEINAU;Poste de transformation;EN EXPLOITATION;63kV;Bas-Rhin
METZ6;METZANGE;Poste de transformation;EN EXPLOITATION;63kV;Moselle
THEVA;THEVALLES;Poste de transformation;EN EXPLOITATION;90kV;Mayenne
UNIEU;UNIEUX;Poste de transformation;EN EXPLOITATION;63kV;Loire
CANNE;CANNES;Poste de transformation;EN EXPLOITATION;63kV;Alpes-Maritimes
C.DEN;CHAMPDENIERS-ST-DENIS;Poste de transformation;EN EXPLOITATION;90kV;Deux-Sèvres
COMBO;COMBOURG;Poste de transformation;EN EXPLOITATION;90kV;Ille-et-Vilaine
COMPE;COMPERTRIX;Poste de transformation;EN EXPLOITATION;63kV;Marne
CORB8;CORBIER (LE);Poste de transformation;EN EXPLOITATION;63kV;Savoie
COTE;COTE (LA);Poste de transformation;EN EXPLOITATION;90kV;Creuse
VANEL;VANELLE (LA);Poste de transformation;EN EXPLOITATION;63kV;Drôme
ZMERY;PIQUAGE A LABBEVILLE;Point de piquage;EN EXPLOITATION;63kV;Val-d'Oise
MARDE;MARDEUIL;Poste de transformation;EN EXPLOITATION;63kV;Marne
CROSN;CROSNE;Poste de transformation;EN EXPLOITATION;63kV;Val-de-Marne
CSLJA;CASTELJALOUX;Poste de transformation;EN EXPLOITATION;63kV;Lot-et-Garonne
CARPE;CARPENTRAS;Poste de transformation;EN EXPLOITATION;63kV;Vaucluse
CERCE;CERCEAU;Poste de transformation;EN EXPLOITATION;63kV;Ardennes
CESSE;CESSE;Poste de transformation;EN EXPLOITATION;63kV;Aude
CHAS5;CHASSE (S.N.C.F.);Poste de transformation;EN EXPLOITATION;63kV;Rhône
CLUS5;CLUSE (LA);Poste de transformation;EN EXPLOITATION;63kV;Ain
O.CEI;OUEST-CEINTURE;Poste de transformation;EN EXPLOITATION;63kV;Hauts-de-Seine
D.PAL;DUN LE PALESTEL;Poste de transformation;EN EXPLOITATION;90kV;Creuse
ZCOIG;PIQUAGE A COIGNIERES;Point de piquage;EN EXPLOITATION;63kV;Yvelines
ZCPB5;CPBLA / B.MON GAMPA 1;Point de piquage;EN EXPLOITATION;225kV;Drôme
ZCREM;PIQUAGE A CREMADE;Point de piquage;EN EXPLOITATION;63kV;Vaucluse
ZTEM5;TEMP6 / LONG6 SAUS2 1;Point de piquage;EN EXPLOITATION;45kV;Savoie
ZTERR;TERRE / C.GEA RIVIE 1;Point de piquage;EN EXPLOITATION;63kV;Loire
ZTHOR;PIQUAGE A THOR 1 (LE);Point de piquage;EN EXPLOITATION;63kV;Vaucluse
ZFROM;PIQUAGE FROMELENNES;Point de piquage;EN EXPLOITATION;63kV;
TOURE;TOURELLES;Poste de transformation;EN EXPLOITATION;45kV;Haute-Savoie
TRIGN;TRIGNAC;Poste de transformation;EN EXPLOITATION;63kV;Loire-Atlantique
DOMPI;DOMPIERRE;Poste de transformation;EN EXPLOITATION;63kV;Allier
MTTES;MONTTESSUY;Poste de transformation;EN EXPLOITATION;63kV;Paris
NONAN;NONANCOURT;Poste de transformation;EN EXPLOITATION;90kV;Eure-et-Loir
MEXY;MEXY;Poste de transformation;EN EXPLOITATION;63kV;Meurthe-et-Moselle
MEZEL;MEZEL;Poste de transformation;EN EXPLOITATION;63kV;Puy-de-Dôme
GOUBE;GOUBERVILLE;Poste de transformation;ACCORD ADMINISTRATIF;90kV;Seine-Maritime
ZGERB;GERBA / LORIO MOUR5 1;Point de piquage;EN EXPLOITATION;63kV;Ardèche
ZHER7;PIQUAGE HERBLAY A HERBLAY (ZHER7);Point de piquage;EN EXPLOITATION;225kV;Val-d'Oise
ZLANA;PIQUAGE LANAU (LIAISON GRANDZ61RUEYR);Point de piquage;EN EXPLOITATION;225kV;Cantal
ZMAUP;PIQUAGE MAUPAS;Point de piquage;EN EXPLOITATION;63kV;Marne
ZMED5;PIQUAGE MEDOQUINE (LIAISON PESSAZ31TALEN);Point de piquage;EN EXPLOITATION;63kV;Gironde
V.BAR;VENDEUVRE-SUR-BARSE;Poste de transformation;EN EXPLOITATION;63kV;Aube
V.MO5;VILLERS-LA-MONTAGNE;Poste de transformation;EN EXPLOITATION;63kV;Meurthe-et-Moselle
VALL7;VALLON;Poste de transformation;EN EXPLOITATION;63kV;Cher
VARAN;VARANGEVILLE;Poste de transformation;EN EXPLOITATION;63kV;Meurthe-et-Moselle
ZANCE;ANCEL / MARGE PRATC 1;Point de piquage;EN EXPLOITATION;63kV;Haute-Loire
ZARQ5;ARQUE / BATAV LONG9 2;Point de piquage;EN EXPLOITATION;90kV;Pas-de-Calais
ZBRAC;BRACH / BELLE CULOZ 1;Point de piquage;EN EXPLOITATION;63kV;Ain
ZBRI6;PIQUAGE A BRIEC;Point de piquage;EN EXPLOITATION;63kV;Finistère
CPDIV;CHAMPDIVERS;Poste de transformation;EN EXPLOITATION;63kV;Jura
NENEZ;NENEZ;Poste de transformation;EN EXPLOITATION;63kV;Côtes-d'Armor
ZSSVA;PIQUAGE A ST-PARRES-LES-VAUDES;Point de piquage;EN EXPLOITATION;63kV;Aube
ZTREF;PIQUAGE A TREFLEVENEZ;Point de piquage;EN EXPLOITATION;225kV;Finistère
BRUN5;BRUNEHAUT;Poste de transformation;EN EXPLOITATION;63kV;Somme
BUGEY;BUGEY (LE);Poste de transformation;EN EXPLOITATION;400kV;Ain
MTVAU;MONTVAUTHIER;Poste de transformation;EN EXPLOITATION;45kV;Haute-Savoie
MURIG;MURIGNY;Poste de transformation;EN EXPLOITATION;63kV;Marne
N.OUE;NORD-OUEST;Poste de transformation;EN EXPLOITATION;63kV;Isère
YSSIN;YSSINGEAUX;Poste de transformation;EN EXPLOITATION;63kV;Haute-Loire
VECQU;VECQUEMONT;Poste de transformation;EN EXPLOITATION;90kV;Somme
BXBRE;BEAUBREUIL;Poste de transformation;EN EXPLOITATION;90kV;Haute-Vienne
C.CAD;CROIX-CADET;Poste de transformation;EN EXPLOITATION;90kV;Haute-Vienne
C.MER;CAGNES-SUR-MER;Poste de transformation;EN EXPLOITATION;225kV;Alpes-Maritimes
CHAG5;CHAGNOT;Poste de transformation;EN EXPLOITATION;90kV;Cher
CHAL5;CHALON (S.N.C.F.);Poste de transformation;EN EXPLOITATION;63kV;Saône-et-Loire
MTFER;MONTFERMY;Poste de transformation;EN EXPLOITATION;63kV;Puy-de-Dôme
CHANO;CHANOZ;Poste de transformation;EN EXPLOITATION;63kV;Rhône
P.LIG;PONT-DE-LIGNON;Poste de transformation;EN EXPLOITATION;63kV;Haute-Loire
CANCO;CANCON;Poste de transformation;EN EXPLOITATION;63kV;Lot-et-Garonne
CHAM5;CHAMOUILLEY;Poste de transformation;EN EXPLOITATION;63kV;Haute-Marne
CHAMO;CHAMONIX;Poste de transformation;EN EXPLOITATION;63kV;Haute-Savoie
MTGUY;MONTGUYON;Poste de transformation;EN EXPLOITATION;225kV;Charente-Maritime
ZPIOU;A.VOU / I.JOU MINIE 1;Point de piquage;EN EXPLOITATION;90kV;Vienne
ZPOM5;POMBL / CONTA POM.C 1;Point de piquage;EN EXPLOITATION;63kV;Savoie
ZPRA6;PIQUAGE A VANNES (PRAT);Point de piquage;EN EXPLOITATION;63kV;Morbihan
ZPOYG;PIQUAGE POYGNES (LIAISON BXREGZ41DONZE);Point de piquage;EN EXPLOITATION;90kV;Corrèze
ZRAN6;RANDE / ALBER LONG6 2;Point de piquage;EN EXPLOITATION;225kV;Savoie
ZREVE;REVE5 / BXREP GAMPA 2;Point de piquage;EN EXPLOITATION;63kV;Drôme
PINON;PINON;Poste de transformation;EN EXPLOITATION;63kV;Aisne
ZS.M5;S.MOR / CHANC VOUGL 1;Point de piquage;EN EXPLOITATION;63kV;Jura
CHAMP;CHAMP;Poste de transformation;EN EXPLOITATION;63kV;Isère
CHAP6;CHAPEAU;Poste de transformation;EN EXPLOITATION;90kV;Charente-Maritime
CHARV;CHARVIEU;Poste de transformation;EN EXPLOITATION;63kV;Isère
CIREY;CIREY (-SUR-VEZOUZE);Poste de transformation;EN EXPLOITATION;63kV;Meurthe-et-Moselle
ZSOU6;PIQUAGE ADAST (LIAISON SARSAZ31SOULO);Point de piquage;EN EXPLOITATION;63kV;Hautes-Pyrénées
ZRIC5;PIQUAGE RICHEBOURG A RICHEBOURG (ZRIC5);Point de piquage;EN EXPLOITATION;225kV;Eure-et-Loir
ZVLEN;PIQUAGE A VILLENOY;Point de piquage;EN EXPLOITATION;63kV;Seine-et-Marne
ANGER;ANGERS;Poste de transformation;EN EXPLOITATION;90kV;Maine-et-Loire
CHAFF;CHAFFARD (LE);Poste de transformation;EN EXPLOITATION;400kV;Rhône
MOUL8;MOULINEAUX;Poste de transformation;EN EXPLOITATION;225kV;Hauts-de-Seine
MQIS5;MARQUIS (LE) (ENGRAIS D AMBES);Poste de transformation;EN EXPLOITATION;63kV;Gironde
PLOUA;PLOUAY;Poste de transformation;EN EXPLOITATION;63kV;Morbihan
ROUI5;ROUILLAC;Poste de transformation;EN EXPLOITATION;90kV;Charente
ZFTA5;FTAI9 / DOMPI DONJO 1;Point de piquage;EN EXPLOITATION;63kV;Allier
ZFTAI;FTAI6 / ARRAS GAVRE 1;Point de piquage;EN EXPLOITATION;90kV;Pas-de-Calais
A.ADO;AIRE-SUR-ADOUR;Poste de transformation;EN EXPLOITATION;63kV;Landes
BVIL5;BELLEVILLE (LE PLESSIS-BELLEVILLE);Poste de transformation;EN EXPLOITATION;63kV;Oise
BXPUY;BEAUPUY;Poste de transformation;EN EXPLOITATION;90kV;Vendée
C.AVR;COMBE D AVRIEUX;Poste de transformation;EN EXPLOITATION;225kV;Savoie
C.MA5;CROIX DES MARINS (LA);Poste de transformation;EN EXPLOITATION;63kV;Loire-Atlantique
CUS.P;CUSSET-POSTE;Poste de transformation;EN EXPLOITATION;225kV;Rhône
GANGE;GANGES;Poste de transformation;EN EXPLOITATION;225kV;Gard
MENUI;MENUIRES (LES);Poste de transformation;EN EXPLOITATION;63kV;Savoie
VERN8;VERNELLE (LA);Poste de transformation;EN EXPLOITATION;63kV;Puy-de-Dôme
VESLE;VESLE;Poste de transformation;EN EXPLOITATION;400kV;Marne
VITRE;VITRE;Poste de transformation;EN EXPLOITATION;90kV;Ille-et-Vilaine
ZVEA5;VEAUC / SSJUS VOLVO 3;Point de piquage;EN EXPLOITATION;63kV;Loire
C.ROY;CHATENOY-LE-ROYAL;Poste de transformation;EN EXPLOITATION;63kV;Saône-et-Loire
CABRI;CABRIES;Poste de transformation;EN EXPLOITATION;225kV;Bouches-du-Rhône
CARC5;CARCASSONNE;Poste de transformation;EN EXPLOITATION;63kV;Aude
ZNEG5;PIQUAGE A NEGREPELISSE;Point de piquage;EN EXPLOITATION;225kV;Tarn-et-Garonne
BALMA;BALMA (POSTE);Poste de transformation;EN EXPLOITATION;225kV;Haute-Garonne
ZBERC;PIQUAGE A BERCLAU;Point de piquage;EN EXPLOITATION;225kV;Pas-de-Calais
C.QUE;CHATEAU-QUEYRAS;Poste de transformation;EN EXPLOITATION;63kV;Hautes-Alpes
C.ROL;CHAMP-ROLLAND;Poste de transformation;EN EXPLOITATION;63kV;Ardèche
C.SAL;CHAMP-SALMON;Poste de transformation;EN EXPLOITATION;63kV;Meurthe-et-Moselle
GENI6;GENISSIAT-PORTIQUE;Poste de transformation;EN EXPLOITATION;63kV;Ain
GERE;GERE;Poste de transformation;EN EXPLOITATION;63kV;Rhône
COQUA;COQUAINVILLIERS;Poste de transformation;EN EXPLOITATION;225kV;Calvados
FRANG;FRANGEY;Poste de transformation;EN EXPLOITATION;63kV;Yonne
FREN5;FRENECOURT;Poste de transformation;EN EXPLOITATION;90kV;Calvados
RASSU;RASSUEN;Poste de transformation;EN EXPLOITATION;225kV;Bouches-du-Rhône
REPAI;REPAIRE (LE);Poste de transformation;EN EXPLOITATION;90kV;Haute-Vienne
RIBEC;RIBECHIM;Poste de transformation;EN EXPLOITATION;63kV;Oise
RISSO;RISSO;Poste de transformation;EN EXPLOITATION;225kV;Alpes-Maritimes
ROBE5;ROBERTSAU;Poste de transformation;EN EXPLOITATION;63kV;Bas-Rhin
RODE;RODE (LA);Poste de transformation;EN EXPLOITATION;63kV;Var
MORBR;MORBRAS;Poste de transformation;EN EXPLOITATION;400kV;Val-de-Marne
SSAMO;ST AMOUR;Poste de transformation;EN EXPLOITATION;225kV;Rhône
REALS;REALS;Poste de transformation;EN EXPLOITATION;63kV;Hérault
REDET;REDET (LE);Poste de transformation;EN EXPLOITATION;63kV;Côtes-d'Armor
RESSO;RESSONS(-SUR-MATZ);Poste de transformation;EN EXPLOITATION;63kV;Oise
R.COT;RENE-COTY;Poste de transformation;EN EXPLOITATION;225kV;Paris
R.MOL;RUE DE MOLSHEIM;Poste de transformation;EN EXPLOITATION;63kV;Bas-Rhin
R.NE5;ROCHEFORT (PORTIQUE);Poste de transformation;EN EXPLOITATION;63kV;Jura
CREUS;CREUSOT (LE);Poste de transformation;EN EXPLOITATION;63kV;Saône-et-Loire
CROI5;CROIXRAULT;Poste de transformation;EN EXPLOITATION;90kV;Somme
CRONE;CRONENBOURG;Poste de transformation;EN EXPLOITATION;63kV;Bas-Rhin
CZBEV;COURBEVOIE;Poste de transformation;EN EXPLOITATION;63kV;Yvelines
ZCAT5;PIQUAGE CATOY (LIAISON BRUCHZ31COLAY);Point de piquage;EN EXPLOITATION;63kV;Lot-et-Garonne
CPBLA;CHAMPBLAIN;Poste de transformation;EN EXPLOITATION;225kV;Ardèche
CREMA;CREMADES;Poste de transformation;EN EXPLOITATION;63kV;Vaucluse
CROI6;CROISIERE;Poste de transformation;EN EXPLOITATION;225kV;Gard
MQIS;MARQUIS (LE);Poste de transformation;EN EXPLOITATION;400kV;Gironde
MTREU;MONTREUIL (-SUR-LOIR);Poste de transformation;EN EXPLOITATION;90kV;Maine-et-Loire
G.NOB;GRAND NOBLE;Poste de transformation;EN EXPLOITATION;63kV;Haute-Garonne
ZMTR6;PIQUAGE MONTREJEAU SNCF (LIAISON GOUR5Z31LANNE);Point de piquage;EN EXPLOITATION;63kV;Hautes-Pyrénées
ETAUL;ETAULIERS;Poste de transformation;EN EXPLOITATION;63kV;Gironde
F.JOU;FERTE-SOUS-JOUARRE (LA);Poste de transformation;EN EXPLOITATION;63kV;Seine-et-Marne
DANT5;DANTON;Poste de transformation;EN EXPLOITATION;63kV;Yvelines
DECIN;DECINES;Poste de transformation;EN EXPLOITATION;225kV;Rhône
WATTR;WATTRELOS;Poste de transformation;EN EXPLOITATION;225kV;Nord
GANNA;GANNAT;Poste de transformation;EN EXPLOITATION;63kV;Allier
GANNE;GANNES (S.N.C.F.);Poste de transformation;EN EXPLOITATION;63kV;Oise
G.COU;GRAND-COURONNE;Poste de transformation;EN EXPLOITATION;225kV;Seine-Maritime
GAREN;GARENNES;Poste de transformation;EN EXPLOITATION;90kV;
DELLE;DELLE;Poste de transformation;EN EXPLOITATION;63kV;Doubs
BZNE;BOURNE (LA);Poste de transformation;EN EXPLOITATION;63kV;Isère
C.FO5;COLOMBIER-FONTAINE;Poste de transformation;EN EXPLOITATION;63kV;Doubs
C.FO6;CAILLOUX-SUR-FONTAINES;Poste de transformation;EN EXPLOITATION;225kV;Rhône
C.LAF;CHARLES-LAFFITTE;Poste de transformation;EN EXPLOITATION;90kV;
C.ROI;CHOISY-LE-ROI;Poste de transformation;EN EXPLOITATION;63kV;Val-de-Marne
PURPA;PURPAN;Poste de transformation;EN EXPLOITATION;63kV;Haute-Garonne
AILLE;AILLEVILLE;Poste de transformation;EN EXPLOITATION;63kV;Aube
BISSY;BISSY;Poste de transformation;EN EXPLOITATION;225kV;Savoie
CAJAR;CAJARC;Poste de transformation;EN EXPLOITATION;63kV;Lot
CAMBO;CAMBOLLE;Poste de transformation;EN EXPLOITATION;90kV;Eure
D.INF;DRAC-INFERIEUR;Poste de transformation;EN EXPLOITATION;63kV;Isère
DARBL;DARBLAY;Poste de transformation;EN EXPLOITATION;225kV;Seine-Maritime
DARS5;DARSE (CLIENT);Poste de transformation;EN EXPLOITATION;90kV;Seine-Maritime
A.CHA;ACIERIES-DE-CHAMPAGNOLE;Poste de transformation;EN EXPLOITATION;63kV;Jura
A.DUC;ARNAY LE DUC;Poste de transformation;EN EXPLOITATION;63kV;Côte-d'Or
A.MOR;AIGUES-MORTES;Poste de transformation;EN EXPLOITATION;63kV;Gard
A.TO5;ARSENAL DE TOULON;Poste de transformation;EN EXPLOITATION;63kV;Var
VEN.P;VENTHON-POSTE;Poste de transformation;EN EXPLOITATION;225kV;Savoie
SOYAU;SOYAUX;Poste de transformation;EN EXPLOITATION;90kV;Charente
Q.ISS;QUAI D ISSY;Poste de transformation;EN EXPLOITATION;63kV;Hauts-de-Seine
RECRE;RECREDY (LE);Poste de transformation;EN EXPLOITATION;90kV;Vendée
AIGRE;AIGRE;Poste de transformation;EN EXPLOITATION;90kV;Charente
ANCER;ANCERVILLE;Poste de transformation;EN EXPLOITATION;63kV;Moselle
SSGUI;ST-GUILLERME;Poste de transformation;EN EXPLOITATION;225kV;Isère
CZLIS;COURLIS;Poste de transformation;EN EXPLOITATION;90kV;Seine-Maritime
CZONN;COURONNE (LA);Poste de transformation;EN EXPLOITATION;63kV;Charente
ZFEIS;FEISS / CUDRA G.COE 1;Point de piquage;EN EXPLOITATION;63kV;Savoie
ZG.ME;PIQUAGE A LE GRAND-MEMENIER;Point de piquage;EN EXPLOITATION;90kV;Ille-et-Vilaine
SSUSU;ST-USUGE;Poste de transformation;EN EXPLOITATION;63kV;Saône-et-Loire
SSVI6;ST-MARTIN-LE-VIEUX;Poste de transformation;EN EXPLOITATION;90kV;Haute-Vienne
GLACI;GLACIERE (LA);Poste de transformation;EN EXPLOITATION;63kV;Gironde
MTEND;MONTENDRE;Poste de transformation;EN EXPLOITATION;90kV;Charente-Maritime
ZROC7;ROCH5 / DARDI G.VIO 1;Point de piquage;EN EXPLOITATION;63kV;Rhône
ZSAKA;PIQUAGE SAKANIE (LIAISON SABARZ31TARAS);Point de piquage;EN EXPLOITATION;63kV;Ariège
COUR;COUR (LA);Poste de transformation;EN EXPLOITATION;90kV;Vienne
CRUEL;CRUEL (LE);Poste de transformation;EN EXPLOITATION;90kV;Ille-et-Vilaine
CTAUD;CHATEAUDUN;Poste de transformation;EN EXPLOITATION;90kV;Eure-et-Loir
CXMO5;CHAUMONT;Poste de transformation;EN EXPLOITATION;63kV;Haute-Marne
CXMON;CHAUMONT (CHASSENEUIL-DU-POITOU);Poste de transformation;EN EXPLOITATION;90kV;Vienne
SUISS;SUISSES (LES);Poste de transformation;EN EXPLOITATION;63kV;Hauts-de-Seine
SYNTH;SYNTHESE;Poste de transformation;EN EXPLOITATION;63kV;Moselle
TACHE;TACHES (LES);Poste de transformation;EN EXPLOITATION;63kV;Ain
CZNEU;COURNEUVE (LA);Poste de transformation;EN EXPLOITATION;225kV;Hauts-de-Seine
SSCYP;ST-CYPRIEN;Poste de transformation;EN EXPLOITATION;63kV;Pyrénées-Orientales
SSEUR;ST-ANDRE-DE-L EURE;Poste de transformation;EN EXPLOITATION;90kV;Eure
B.DUR;BOIS-DURAND;Poste de transformation;EN EXPLOITATION;90kV;Charente
SSFEY;STE-FEYRE;Poste de transformation;EN EXPLOITATION;225kV;Creuse
VIAUD;VIAUD;Poste de transformation;EN EXPLOITATION;63kV;Moselle
VLEME;VILLEMENT;Poste de transformation;EN EXPLOITATION;90kV;Indre
WOEST;WOESTYNE;Poste de transformation;EN EXPLOITATION;225kV;Pas-de-Calais
DAMER;DAMERY;Poste de transformation;EN EXPLOITATION;225kV;Marne
ARCIS;ARCIS (-SUR-AUBE);Poste de transformation;EN EXPLOITATION;63kV;Aube
IRSID;IRSID;Poste de transformation;EN EXPLOITATION;63kV;Moselle
SSJUL;ST-JULIEN;Poste de transformation;EN EXPLOITATION;225kV;Moselle
B.VAL;BOURG-LES-VALENCE;Poste de transformation;EN EXPLOITATION;225kV;Ardèche
BACAL;BACALAN;Poste de transformation;EN EXPLOITATION;225kV;Gironde
CSLN6;CASTELNAUDARY;Poste de transformation;EN EXPLOITATION;63kV;Aude
MARIE;MARIENAU;Poste de transformation;EN EXPLOITATION;63kV;
ZM.F5;PIQUAGE MOTHE FENELON (LIAISON GOURDZ31SOUIL);Point de piquage;EN EXPLOITATION;63kV;Dordogne
ZESTA;ESTAQ / P.LAN SEPTE 1;Point de piquage;EN EXPLOITATION;63kV;Bouches-du-Rhône
VIBRA;VIBRAYE;Poste de transformation;EN EXPLOITATION;90kV;Sarthe
VINAY;VINAY;Poste de transformation;EN EXPLOITATION;63kV;Isère
HAUTE;HAUTEFAGE;Poste de transformation;EN EXPLOITATION;90kV;Corrèze
HAYBE;HAYBES;Poste de transformation;EN EXPLOITATION;63kV;
HENDA;HENDAYE;Poste de transformation;EN EXPLOITATION;63kV;
ZLAF5;PIQUAGE LAFOX (LIAISON BOE  Z31P.CAS);Point de piquage;EN EXPLOITATION;63kV;Lot-et-Garonne
ZPOUA;POUAN / CRAON CTAUB 1;Point de piquage;EN EXPLOITATION;90kV;Loire-Atlantique
ZHARC;PIQUAGE A SAINT-OUEN-DU-BREUIL;Point de piquage;EN EXPLOITATION;90kV;Seine-Maritime
ZMTAU;PIQUAGE A MONTAUROUX;Point de piquage;EN EXPLOITATION;63kV;Var
CROZE;CROZES;Poste de transformation;EN EXPLOITATION;63kV;Aude
CRUGE;CRUGEY;Poste de transformation;EN EXPLOITATION;63kV;Côte-d'Or
CTLAR;CHATELARD (LE);Poste de transformation;EN EXPLOITATION;45kV;Savoie
VLENO;VILLENOY;Poste de transformation;EN EXPLOITATION;63kV;Seine-et-Marne
BOUE;BOUE;Poste de transformation;EN EXPLOITATION;63kV;Aisne
MESLA;MESLAY;Poste de transformation;EN EXPLOITATION;90kV;Mayenne
MINIH;MINIHY;Poste de transformation;EN EXPLOITATION;63kV;Côtes-d'Armor
MIREV;MIREVAL;Poste de transformation;EN EXPLOITATION;63kV;Hérault
TARBE;TARBES (ALSTHOM A SEMEAC);Poste de transformation;EN EXPLOITATION;63kV;Hautes-Pyrénées
ZQ.EC;PP A LEFFRINCKOUCKE (DUNES / G.SYN Q.ECL 1);Point de piquage;EN EXPLOITATION;225kV;Nord
ZRENE;PIQUAGE A RENELIERE;Point de piquage;EN EXPLOITATION;90kV;Deux-Sèvres
ZSERM;PIQUAGE A LA SERMONNERIE;Point de piquage;EN EXPLOITATION;90kV;Maine-et-Loire
ZSOU5;PIQUAGE SOULAC (LIAISON LESP5Z31SOULA);Point de piquage;EN EXPLOITATION;63kV;
ETREV;ETREVILLE;Poste de transformation;EN EXPLOITATION;90kV;Eure
EYRE5;EYREIN;Poste de transformation;EN EXPLOITATION;90kV;Corrèze
CZTEN;COURTENAY;Poste de transformation;EN EXPLOITATION;63kV;Loiret
LOUPE;LOUPE (LA);Poste de transformation;EN EXPLOITATION;90kV;Orne
V.BOU;VILLIERS-AU-BOUIN;Poste de transformation;EN EXPLOITATION;90kV;Indre-et-Loire
NAINT;NAINTRE;Poste de transformation;EN EXPLOITATION;90kV;Vienne
C.REG;CHAMPS-REGNAUD;Poste de transformation;EN EXPLOITATION;225kV;Côte-d'Or
LAUTE;LAUTERBOURG;Poste de transformation;EN EXPLOITATION;63kV;Bas-Rhin
LAVAG;LAVAGNAC;Poste de transformation;EN EXPLOITATION;63kV;Hérault
TEIL2;TEILLET (-ARGENTY);Poste de transformation;EN EXPLOITATION;63kV;Creuse
TENAY;TENAY;Poste de transformation;EN EXPLOITATION;63kV;Ain
TOUR5;TOURNAN (-EN-BRIE);Poste de transformation;EN EXPLOITATION;63kV;Seine-et-Marne
MTAG5;MONTAGNETTE (LA);Poste de transformation;EN EXPLOITATION;225kV;Bouches-du-Rhône
FAUGE;FAUGERES;Poste de transformation;EN EXPLOITATION;63kV;Hérault
FLACE;FLACE;Poste de transformation;EN EXPLOITATION;63kV;Saône-et-Loire
FLEYR;FLEYRIAT;Poste de transformation;EN EXPLOITATION;225kV;Ain
FLOIN;FLOING;Poste de transformation;EN EXPLOITATION;63kV;Ardennes
ZROCB;PIQUAGE A ROCBARON;Point de piquage;EN EXPLOITATION;225kV;Var
DORMA;DORMANS;Poste de transformation;EN EXPLOITATION;63kV;Aisne
CONTA;CONTAMINE;Poste de transformation;EN EXPLOITATION;225kV;Savoie
DANTO;DANTOU;Poste de transformation;EN EXPLOITATION;225kV;Lot-et-Garonne
CZVIL;COURVILLE;Poste de transformation;EN EXPLOITATION;90kV;Eure-et-Loir
CHAVA;CHAVAROCHE;Poste de transformation;EN EXPLOITATION;63kV;Haute-Savoie
CHEME;CHEMERY;Poste de transformation;EN EXPLOITATION;90kV;Loir-et-Cher
SORIN;SORINIERES;Poste de transformation;EN EXPLOITATION;90kV;Loire-Atlantique
EGUZ5;EGUZON (POSTE CENTRALE);Poste de transformation;EN EXPLOITATION;90kV;Indre
EPIZO;EPIZON - LES HAUTS PAYS;Poste de transformation;EN EXPLOITATION;225kV;Haute-Marne
EMBRU;EMBRUN;Poste de transformation;EN EXPLOITATION;63kV;Hautes-Alpes
GAUGL;GAUGLIN;Poste de transformation;EN EXPLOITATION;400kV;Loiret
ESCAR;ESCARELLE (L );Poste de transformation;EN EXPLOITATION;63kV;Var
FORTE;FORTELET;Poste de transformation;EN EXPLOITATION;90kV;Nord
B.THO;BARRE-THOMAS (LA);Poste de transformation;EN EXPLOITATION;90kV;Ille-et-Vilaine
SAINT;SAINTES;Poste de transformation;EN EXPLOITATION;225kV;Charente-Maritime
C.AND;COTE-ST-ANDRE (LA);Poste de transformation;EN EXPLOITATION;63kV;Isère
SOULA;SOULAC (CLIENT);Poste de transformation;EN EXPLOITATION;63kV;
ARLOS;ARLOS;Poste de transformation;EN EXPLOITATION;63kV;Haute-Garonne
ZBLA6;PIQUAGE A BLANQUEFORT;Point de piquage;EN EXPLOITATION;63kV;Gironde
SSAN5;ST-ANTONIN;Poste de transformation;EN EXPLOITATION;63kV;Tarn-et-Garonne
FAMAR;FAMARS;Poste de transformation;EN EXPLOITATION;225kV;Nord
CARLI;CARLING;Poste de transformation;EN EXPLOITATION;63kV;Moselle
CARQU;CARQUEIRANNE;Poste de transformation;EN EXPLOITATION;63kV;Var
MQISA;MARQUISANE (LA);Poste de transformation;EN EXPLOITATION;63kV;Var
MTALI;MONTALIEU;Poste de transformation;EN EXPLOITATION;63kV;Isère
MTBRO;MONTBRON;Poste de transformation;EN EXPLOITATION;90kV;Charente
MTRIC;MONTRICHER;Poste de transformation;EN EXPLOITATION;45kV;Savoie
MUNST;MUNSTER;Poste de transformation;EN EXPLOITATION;63kV;Haut-Rhin
TOURN;TOURNON;Poste de transformation;EN EXPLOITATION;63kV;Ardèche
SSSUL;ST-SULPICE;Poste de transformation;EN EXPLOITATION;63kV;Haute-Garonne
T.CHA;TONNAY-CHARENTE;Poste de transformation;EN EXPLOITATION;90kV;Charente-Maritime
JANE;JANE;Poste de transformation;EN EXPLOITATION;63kV;Bouches-du-Rhône
RUE;RUE;Poste de transformation;EN EXPLOITATION;90kV;Somme
SAUCL;SAUCLIERES;Poste de transformation;EN EXPLOITATION;63kV;Hérault
PERR7;PERROY;Poste de transformation;EN EXPLOITATION;63kV;Nièvre
LUISA;LUISANT;Poste de transformation;EN EXPLOITATION;90kV;Eure-et-Loir
TRUCH;TRUCHTERSHEIM;Poste de transformation;EN EXPLOITATION;63kV;Bas-Rhin
V.ISE;VAL-D ISERE;Poste de transformation;EN EXPLOITATION;63kV;Savoie
ZS.SE;PIQUAGE SOMMER-SEDAN PYL 9;Point de piquage;EN EXPLOITATION;63kV;Ardennes
G.RIV;GRANDES-RIVIERES;Poste de transformation;EN EXPLOITATION;225kV;Loire-Atlantique
VIRAD;VIRADEL;Poste de transformation;EN EXPLOITATION;225kV;Gard
SAMOI;SAMOIS;Poste de transformation;EN EXPLOITATION;63kV;Seine-et-Marne
SARSA;SARSAN;Poste de transformation;EN EXPLOITATION;63kV;Hautes-Pyrénées
CAVAI;CAVAILLON;Poste de transformation;EN EXPLOITATION;63kV;Bouches-du-Rhône
CAVAL;CAVALAIRE;Poste de transformation;EN EXPLOITATION;63kV;Var
SEPTE;SEPTEMES;Poste de transformation;EN EXPLOITATION;225kV;Bouches-du-Rhône
BISC5;BISCHWILLER;Poste de transformation;EN EXPLOITATION;63kV;Bas-Rhin
VERFE;VERFEIL;Poste de transformation;EN EXPLOITATION;400kV;Haute-Garonne
VERLH;VERLHAGUET;Poste de transformation;EN EXPLOITATION;225kV;Tarn-et-Garonne
DIVES;DIVES;Poste de transformation;EN EXPLOITATION;90kV;
ZCAUS;PIQUAGE CAUSSADE (LIAISON LERE Z31MTPE5);Point de piquage;EN EXPLOITATION;63kV;Tarn-et-Garonne
ZLINT;PIQUAGE LINTIN (LIAISON LINTIL32ZLINT);Point de piquage;EN EXPLOITATION;63kV;Tarn
ZMATR;PIQUAGE MATRAS (LIAISON ALBAIAZ31VERLH);Point de piquage;EN EXPLOITATION;63kV;Tarn-et-Garonne
.PIOS;PIOSSASCO;Poste de transformation;EN EXPLOITATION;COURANT CONTINU;Savoie
SERVI;SERVIGNE;Poste de transformation;EN EXPLOITATION;90kV;Ille-et-Vilaine
E.CON;ESCALES CONILHAC;Poste de transformation;EN EXPLOITATION;63kV;Aude
S.BAR;SERRE-BARBIN;Poste de transformation;EN EXPLOITATION;150kV;Hautes-Alpes
ROLAM;ROLAMPONT;Poste de transformation;EN EXPLOITATION;225kV;Haute-Marne
ROUMO;ROUMOULES;Poste de transformation;EN EXPLOITATION;225kV;Alpes-de-Haute-Provence
TERR6;TERRETTE;Poste de transformation;EN EXPLOITATION;400kV;Manche
VIELM;VIELMOULIN;Poste de transformation;EN EXPLOITATION;400kV;Côte-d'Or
CAUM5;CAUMONT (PIPE-LINE SUD-EUROPEEN NO 1A);Poste de transformation;EN EXPLOITATION;63kV;Bouches-du-Rhône
BXCAI;BEAUCAIRE (CENTRALE CNR);Poste de transformation;EN EXPLOITATION;225kV;Gard
SOULL;SOULLANS;Poste de transformation;EN EXPLOITATION;225kV;Vendée
P.RO5;PEAGE-DE-ROUSSILLON-NORD;Poste de transformation;EN EXPLOITATION;63kV;Loire
VEXIN;VEXIN;Poste de transformation;EN EXPLOITATION;63kV;Val-d'Oise
VIOLE;VIOLETTE;Poste de transformation;EN EXPLOITATION;63kV;Hautes-Pyrénées
XEUIL;XEUILLEY;Poste de transformation;EN EXPLOITATION;63kV;Meurthe-et-Moselle
ZSCAE;PIQUAGE A SCAER;Point de piquage;EN EXPLOITATION;63kV;Finistère
PTCH5;PONTCHARRA;Poste de transformation;EN EXPLOITATION;63kV;Isère
ZCH10;PIQUAGE A CHARRON;Point de piquage;EN EXPLOITATION;90kV;Charente-Maritime
ZV.A5;PIQUAGE VALENCE D AGEN (LIAISON GOLFEZ31MOISS);Point de piquage;EN EXPLOITATION;63kV;Tarn-et-Garonne
M.SEI;MERY-SUR-SEINE;Poste de transformation;EN EXPLOITATION;400kV;Marne
MALL5;MALLE (LA);Poste de transformation;EN EXPLOITATION;63kV;Bouches-du-Rhône
VERTE;VERTEFEUILLE;Poste de transformation;EN EXPLOITATION;225kV;Nord
ZSAR6;PIQUAGE SARREGUEMINES;Point de piquage;EN EXPLOITATION;225kV;Moselle
ZSSAG;PIQUAGE STE-AGATHE (LIGNE N0 1);Point de piquage;EN EXPLOITATION;63kV;Moselle
ZSSCO;SSCOG / CORDE PRUNI 1;Point de piquage;EN EXPLOITATION;225kV;Isère
ZTRAM;PIQUAGE TRAMAZAYGUES (LIAISON BORDEZ31BORD8);Point de piquage;EN EXPLOITATION;63kV;Hautes-Pyrénées
ZVIEV;PIQUAGE A SAINT-PHILBERT-SUR-RISLE;Point de piquage;EN EXPLOITATION;90kV;Eure
QUIM5;QUIMPERLE;Poste de transformation;EN EXPLOITATION;63kV;Finistère
QUING;QUINGEY;Poste de transformation;EN EXPLOITATION;63kV;Doubs
PLUMA;PLUMASSERIE (LA);Poste de transformation;EN EXPLOITATION;90kV;Sarthe
POURN;POURNOY;Poste de transformation;EN EXPLOITATION;63kV;Moselle
CEZY;CEZY;Poste de transformation;EN EXPLOITATION;63kV;Yonne
CHANC;CHANCIA;Poste de transformation;EN EXPLOITATION;63kV;Jura
CHED5;CHEDDE (S.N.C.F.);Poste de transformation;EN EXPLOITATION;45kV;Haute-Savoie
DINAN;DINAN;Poste de transformation;EN EXPLOITATION;63kV;Côtes-d'Armor
CLEDE;CLEDER;Poste de transformation;EN EXPLOITATION;63kV;Finistère
BREV7;BREVANNES;Poste de transformation;EN EXPLOITATION;63kV;Val-de-Marne
RANTI;RANTIGNY;Poste de transformation;EN EXPLOITATION;63kV;Oise
REMIL;REMILLY;Poste de transformation;EN EXPLOITATION;63kV;Moselle
POUXE;POUXEUX;Poste de transformation;EN EXPLOITATION;63kV;Vosges
ESPI5;ESPIERS (LES);Poste de transformation;EN EXPLOITATION;225kV;Eure-et-Loir
PRESS;PRESSY;Poste de transformation;EN EXPLOITATION;225kV;Haute-Savoie
CLUSE;CLUSES;Poste de transformation;EN EXPLOITATION;63kV;Haute-Savoie
MAICH;MAICHE;Poste de transformation;EN EXPLOITATION;63kV;Doubs
C.NEY;CROIX-DE-NEYRAT;Poste de transformation;EN EXPLOITATION;63kV;Puy-de-Dôme
CAEN;CAEN;Poste de transformation;EN EXPLOITATION;225kV;Calvados
ZFARG;PIQUAGE FARGEAS (LIAISON BREJOZ41TUQUE);Point de piquage;EN EXPLOITATION;90kV;Haute-Vienne
ZGERM;PIQUAGE GERMIGNY;Point de piquage;EN EXPLOITATION;63kV;Yonne
ZH.TO;PIQUAGE HAYANGE-TOURNEBRIDE;Point de piquage;EN EXPLOITATION;225kV;Moselle
ZHER6;HERB5 / P.VIZ ZSSDI 1;Point de piquage;EN EXPLOITATION;63kV;Isère
GIRON;GIRONCOURT;Poste de transformation;EN EXPLOITATION;63kV;Vosges
MARAI;MARAIS (LE);Poste de transformation;EN EXPLOITATION;90kV;Eure
MARC5;MARCILLAC;Poste de transformation;EN EXPLOITATION;90kV;Corrèze
SSFOL;ST-JEAN-DE-FOLLEVILLE;Poste de transformation;EN EXPLOITATION;90kV;Seine-Maritime
SSHER;ST-HERBOT;Poste de transformation;EN EXPLOITATION;63kV;Finistère
SSMAX;STE-MAXENCE;Poste de transformation;EN EXPLOITATION;63kV;Oise
SSMCE;ST-MARCEL;Poste de transformation;EN EXPLOITATION;90kV;Indre
FTAIN;FONTAINES (S.N.C.F.);Poste de transformation;EN EXPLOITATION;63kV;Saône-et-Loire
G.CHE;GRAND-CHENE;Poste de transformation;EN EXPLOITATION;63kV;Ain
PRINQ;PRINQUIAU;Poste de transformation;EN EXPLOITATION;225kV;Loire-Atlantique
S.COM;SURY-LE-COMTAL;Poste de transformation;EN EXPLOITATION;63kV;Loire
MANEG;MANEGUEN;Poste de transformation;EN EXPLOITATION;63kV;Morbihan
MARC8;MARCLAN;Poste de transformation;EN EXPLOITATION;63kV;Haute-Garonne
MARNA;MARNAVAL;Poste de transformation;EN EXPLOITATION;63kV;Haute-Marne
NOVIL;NOVILLARS;Poste de transformation;EN EXPLOITATION;63kV;Doubs
V.FEZ;VIC-FEZENSAC;Poste de transformation;EN EXPLOITATION;63kV;Gers
VALI5;VALIN;Poste de transformation;EN EXPLOITATION;63kV;Bouches-du-Rhône
ZBILL;BILLY / BAYET FONT 1;Point de piquage;EN EXPLOITATION;225kV;Allier
MAURS;MAURS;Poste de transformation;EN EXPLOITATION;63kV;Cantal
DUROL;DUROLLE;Poste de transformation;EN EXPLOITATION;63kV;Puy-de-Dôme
DURAN;DURANNE (LA);Poste de transformation;EN EXPLOITATION;225kV;Bouches-du-Rhône
ZF.SU;F.SUL / GIEN S.LOI 1;Point de piquage;EN EXPLOITATION;90kV;Loiret
ZC.R5;C.RO6 / CHAIN CZELL 1;Point de piquage;EN EXPLOITATION;90kV;Loiret
ZCAZ5;PIQUAGE CAZALIS (LIAISON BAZASZ31LUXEY);Point de piquage;EN EXPLOITATION;63kV;Gironde
ZCHAG;CHAG5 / MARMA VIERZ 2;Point de piquage;EN EXPLOITATION;90kV;Cher
ESPER;ESPERAZA;Poste de transformation;EN EXPLOITATION;63kV;Aude
ESTAQ;ESTAQUE (L);Poste de transformation;EN EXPLOITATION;63kV;Bouches-du-Rhône
COTON;COTONI;Poste de transformation;EN EXPLOITATION;90kV;Seine-Maritime
J.BRU;JEAN BRUNHES;Poste de transformation;EN EXPLOITATION;63kV;Haute-Garonne
ALBE5;ALBERT;Poste de transformation;EN EXPLOITATION;90kV;Somme
ALIZA;ALIZAY;Poste de transformation;EN EXPLOITATION;90kV;Seine-Maritime
AMBER;AMBERIEU;Poste de transformation;EN EXPLOITATION;63kV;Ain
TECH5;TECHNOCENTRE;Poste de transformation;EN EXPLOITATION;63kV;Yvelines
TENDR;TENDRECOURT;Poste de transformation;EN EXPLOITATION;63kV;Ardennes
TERNO;TERNOISE;Poste de transformation;EN EXPLOITATION;90kV;Pas-de-Calais
BREVA;BREVANS;Poste de transformation;EN EXPLOITATION;63kV;Jura
BROUS;BROUSSEVAL;Poste de transformation;EN EXPLOITATION;63kV;Haute-Marne
BVIL7;BELLEVILLE (BELLEVILLE-SUR-LOIRE);Poste de transformation;EN EXPLOITATION;400kV;Loiret
BZGAY;BOURGAY (ENEDIS);Poste de transformation;EN EXPLOITATION;90kV;Seine-Maritime
ZVLE6;PIQUAGE A VILLENOUVELLE;Point de piquage;EN EXPLOITATION;63kV;Haute-Garonne
GERVA;GERVANS;Poste de transformation;EN EXPLOITATION;63kV;Ardèche
GREPI;GREPILLES;Poste de transformation;EN EXPLOITATION;400kV;Loire
S.UNI;SARRE-UNION;Poste de transformation;EN EXPLOITATION;63kV;Bas-Rhin
SALLE;SALLES(-SOUS-BOIS);Poste de transformation;EN EXPLOITATION;63kV;Drôme
SALON;SALON;Poste de transformation;EN EXPLOITATION;225kV;Bouches-du-Rhône
SAULI;SAULIEU;Poste de transformation;EN EXPLOITATION;63kV;Côte-d'Or
FLINS;FLINS;Poste de transformation;EN EXPLOITATION;63kV;Yvelines
FORMI;FORMIGUERES;Poste de transformation;EN EXPLOITATION;63kV;Pyrénées-Orientales
MERY;MERY (CIE GLE EAUX A MERY-SUR-OISE);Poste de transformation;EN EXPLOITATION;63kV;Val-d'Oise
MEYRA;MEYRARGUES;Poste de transformation;EN EXPLOITATION;63kV;Bouches-du-Rhône
MIREC;MIRECOURT;Poste de transformation;EN EXPLOITATION;63kV;Vosges
NEY;NEY;Poste de transformation;EN EXPLOITATION;225kV;Hauts-de-Seine
BEZON;BEZON;Poste de transformation;EN EXPLOITATION;225kV;Morbihan
BREUI;BREUIL (LE);Poste de transformation;EN EXPLOITATION;400kV;Corrèze
SSROC;ST-ROCH;Poste de transformation;EN EXPLOITATION;225kV;Nord
SSMRI;ST-MAURICE;Poste de transformation;EN EXPLOITATION;63kV;Hautes-Alpes
ZT.RO;PIQUAGE A TOURZEL-RONZIERES;Point de piquage;EN EXPLOITATION;63kV;Puy-de-Dôme
ZSSE6;PIQUAGE A SAINT-ESTEPHE;Point de piquage;EN EXPLOITATION;63kV;Gironde
BESS6;BESSANGES (CLIENT);Poste de transformation;EN EXPLOITATION;90kV;Gironde
BETHE;BETHENY;Poste de transformation;EN EXPLOITATION;63kV;Marne
V.BEN;VAL-BENEYTE;Poste de transformation;EN EXPLOITATION;90kV;Corrèze
ZGARA;PIQUAGE A GARANGER;Point de piquage;EN EXPLOITATION;90kV;Vendée
GUNDE;GUNDERSHOFFEN;Poste de transformation;EN EXPLOITATION;63kV;Bas-Rhin
GUITA;GUITAYNE;Poste de transformation;EN EXPLOITATION;63kV;Gironde
SALAI;SALAISE;Poste de transformation;EN EXPLOITATION;63kV;Ardèche
SAUCE;SAUCES (LES);Poste de transformation;EN EXPLOITATION;45kV;Savoie
ZMER6;PIQUAGE MERCUS (LIAISON LAVELZ31TARAS);Point de piquage;EN EXPLOITATION;63kV;Ariège
ZMORG;PIQUAGE LA MORGE;Point de piquage;EN EXPLOITATION;63kV;Aube
ZMIZO;MIZOE / OCHE SSGUI 1;Point de piquage;EN EXPLOITATION;63kV;Isère
ZN.GR;PIQUAGE A NOTRE-DAME-DE-GRAVENCHON;Point de piquage;EN EXPLOITATION;90kV;Seine-Maritime
CREPI;CREPIEUX;Poste de transformation;EN EXPLOITATION;63kV;Rhône
NAVES;NAVES;Poste de transformation;EN EXPLOITATION;90kV;Corrèze
NYONS;NYONS;Poste de transformation;EN EXPLOITATION;63kV;Drôme
OBERN;OBERNAI (ELECTRICITE DE STRASBOURG);Poste de transformation;EN EXPLOITATION;63kV;Bas-Rhin
MORB5;MORBRAS (POSTE SOURCE);Poste de transformation;EN EXPLOITATION;225kV;Val-de-Marne
ZAUB7;PIQUAGE AUBRIVES;Point de piquage;EN EXPLOITATION;63kV;Meurthe-et-Moselle
ZBRIC;PIQUAGE BRICHE A SAINT-DENIS (ZBRIC);Point de piquage;EN EXPLOITATION;225kV;Val-d'Oise
TARAS;TARASCON;Poste de transformation;EN EXPLOITATION;225kV;Ariège
TEMP5;TEMPLE;Poste de transformation;EN EXPLOITATION;225kV;Paris
GOURJ;GOURJADE;Poste de transformation;EN EXPLOITATION;225kV;Tarn
CTMAL;CHATEAU MALO;Poste de transformation;EN EXPLOITATION;63kV;Ille-et-Vilaine
ORTH5;ORTHEZ;Poste de transformation;EN EXPLOITATION;63kV;Pyrénées-Atlantiques
MAZAR;MAZARGUES;Poste de transformation;EN EXPLOITATION;225kV;
MERCU;MERCUS;Poste de transformation;EN EXPLOITATION;63kV;Ariège
MILLE;MILLERY (54);Poste de transformation;EN EXPLOITATION;63kV;Meurthe-et-Moselle
ZP.B6;P.BEN / B.ETO MOUCH 1;Point de piquage;EN EXPLOITATION;63kV;Rhône
HESIN;HESINGUE;Poste de transformation;EN EXPLOITATION;63kV;Haut-Rhin
PARC;PARC (LE);Poste de transformation;EN EXPLOITATION;225kV;Sarthe
PERRA;PERRACHE;Poste de transformation;EN EXPLOITATION;225kV;Rhône
MIRAI;MIRAIL (LE);Poste de transformation;EN EXPLOITATION;63kV;Gironde
ZJUST;PIQUAGE A LA JUSTICE;Point de piquage;EN EXPLOITATION;225kV;Eure-et-Loir
ZSSTE;PIQUAGE  A SAINT-MARTIN-DU-TERTRE;Point de piquage;EN EXPLOITATION;63kV;Yonne
ZBAR7;PIQUAGE A BARBERIE (LA);Point de piquage;EN EXPLOITATION;90kV;Ille-et-Vilaine
RAVEL;RAVELLE (LA);Poste de transformation;EN EXPLOITATION;90kV;Indre
VENIZ;VENIZEL;Poste de transformation;EN EXPLOITATION;63kV;Aisne
VERN9;VERNOSC;Poste de transformation;EN EXPLOITATION;63kV;Ardèche
SAONE;SAONE;Poste de transformation;EN EXPLOITATION;225kV;Doubs
M.NIC;MESNIL-SAINT-NICAISE;Poste de transformation;EN EXPLOITATION;63kV;Somme
P.ABB;PONT-L ABBE;Poste de transformation;EN EXPLOITATION;63kV;Finistère
SAUTI;SAUTILLET;Poste de transformation;EN EXPLOITATION;63kV;Oise
SAUV5;SAUVEUR;Poste de transformation;EN EXPLOITATION;63kV;Côtes-d'Armor
SIBEL;SIBELIN;Poste de transformation;EN EXPLOITATION;63kV;Rhône
RIBEM;RIBEMONT;Poste de transformation;EN EXPLOITATION;63kV;Aisne
ORCHI;ORCHIES;Poste de transformation;EN EXPLOITATION;90kV;Nord
ORNAN;ORNANS;Poste de transformation;EN EXPLOITATION;63kV;Doubs
ZCOL.;PIQUAGE COLMAR-NORD;Point de piquage;EN EXPLOITATION;63kV;Haut-Rhin
ZCOQ5;PIQUAGE COQUIBUS A EVRY (ZCOQ5);Point de piquage;EN EXPLOITATION;225kV;Essonne
MTMIR;MONTMIRAIL;Poste de transformation;EN EXPLOITATION;63kV;Aisne
P.FOR;PETITE-FORET;Poste de transformation;EN EXPLOITATION;63kV;Nord
P.ESC;PONT-ESCOFFIER;Poste de transformation;EN EXPLOITATION;225kV;Isère
MOUS5;MOUSSEAUX;Poste de transformation;EN EXPLOITATION;225kV;Indre
MOUT5;MOUTHIERS;Poste de transformation;EN EXPLOITATION;90kV;Charente
V.AUB;VILLETTE-SUR-AUBE;Poste de transformation;EN EXPLOITATION;90kV;Aube
ECHEL;ECHELLES (LES);Poste de transformation;EN EXPLOITATION;63kV;Isère
ERROU;ERROUVILLE;Poste de transformation;EN EXPLOITATION;63kV;Meurthe-et-Moselle
SEVIG;SEVIGNAC;Poste de transformation;EN EXPLOITATION;63kV;Côtes-d'Armor
SISTE;SISTERON;Poste de transformation;EN EXPLOITATION;225kV;Hautes-Alpes
SOQUE;SOQUENCE;Poste de transformation;EN EXPLOITATION;90kV;Seine-Maritime
SORRU;SORRUS;Poste de transformation;EN EXPLOITATION;225kV;Pas-de-Calais
JALAN;JALANCOURT (RINGO);Poste de transformation;EN EXPLOITATION;63kV;Côte-d'Or
T.FRO;TERRES-FROIDES;Poste de transformation;EN EXPLOITATION;63kV;Savoie
TAVAU;TAVAUX (STE SOLVAY A TAVAUX);Poste de transformation;EN EXPLOITATION;225kV;Jura
TEMP6;TEMPLE (LE)(CLIENT);Poste de transformation;EN EXPLOITATION;45kV;Savoie
JARNE;JARNE (LA);Poste de transformation;EN EXPLOITATION;90kV;Charente-Maritime
CSLS5;CASTELSARRASIN (CLIENT);Poste de transformation;EN EXPLOITATION;63kV;Tarn-et-Garonne
GAUDI;GAUDIERE (LA);Poste de transformation;EN EXPLOITATION;400kV;Aude
TURCK;TURCKHEIM;Poste de transformation;EN EXPLOITATION;63kV;Haut-Rhin
USSON;USSON;Poste de transformation;EN EXPLOITATION;63kV;Aude
MOISS;MOISSAC;Poste de transformation;EN EXPLOITATION;63kV;Tarn-et-Garonne
ROYAN;ROYAN;Poste de transformation;EN EXPLOITATION;90kV;Charente-Maritime
ROMOR;ROMORANTIN;Poste de transformation;EN EXPLOITATION;90kV;Loir-et-Cher
CHOLE;CHOLET;Poste de transformation;EN EXPLOITATION;225kV;Maine-et-Loire
VAL;VAL (LE);Poste de transformation;EN EXPLOITATION;63kV;Var
SABRA;SABRAN;Poste de transformation;EN EXPLOITATION;63kV;Gard
SALET;SALETTES;Poste de transformation;EN EXPLOITATION;63kV;Haute-Loire
DIGNE;DIGNE;Poste de transformation;EN EXPLOITATION;63kV;Alpes-de-Haute-Provence
BOUS6;BOUSSOIS;Poste de transformation;EN EXPLOITATION;90kV;Nord
CTAUR;CHATEAURENARD;Poste de transformation;EN EXPLOITATION;225kV;Bouches-du-Rhône
BEL12;BELLAC (RINGO);Poste de transformation;EN EXPLOITATION;90kV;Haute-Vienne
GARIE;GARIES;Poste de transformation;EN EXPLOITATION;225kV;Gironde
BAZAS;BAZAS;Poste de transformation;EN EXPLOITATION;63kV;Gironde
ARVIG;ARVIGNY;Poste de transformation;EN EXPLOITATION;225kV;Essonne
AULNA;AULNAY (-AUX-PLANCHES);Poste de transformation;EN EXPLOITATION;90kV;Marne
B.GUI;BOIS-GUILLAUME;Poste de transformation;EN EXPLOITATION;90kV;Seine-Maritime
B.IND;BASSE-INDRE;Poste de transformation;EN EXPLOITATION;63kV;Loire-Atlantique
LACAN;LACANAU;Poste de transformation;EN EXPLOITATION;63kV;Gironde
CARRI;CARRIERES;Poste de transformation;EN EXPLOITATION;225kV;Oise
A.LI7;AIR-LIQUIDE (SOGIF);Poste de transformation;EN EXPLOITATION;63kV;Ardèche
A.NOR;ANCE-DU-NORD;Poste de transformation;EN EXPLOITATION;63kV;Haute-Loire
A.PLE;ARGENTRE-DU-PLESSIS;Poste de transformation;EN EXPLOITATION;90kV;Ille-et-Vilaine
GOURA;GOURAY (LE);Poste de transformation;EN EXPLOITATION;63kV;Côtes-d'Armor
ANNA;ANNA;Poste de transformation;EN EXPLOITATION;63kV;Haut-Rhin
AUBIN;AUBIN;Poste de transformation;EN EXPLOITATION;90kV;Cher
ANNEY;ANNEYRON;Poste de transformation;EN EXPLOITATION;63kV;Ardèche
ZC.OM;PIQUAGE A CRESSY-OMENCOURT;Point de piquage;EN EXPLOITATION;225kV;Somme
SAUS5;SAUSSET;Poste de transformation;EN EXPLOITATION;400kV;Val-d'Oise
BOLL5;BOLLENE (POSTE RESEAU);Poste de transformation;EN EXPLOITATION;225kV;Vaucluse
FARRA;FARRADIERE (LA);Poste de transformation;EN EXPLOITATION;225kV;Charente-Maritime
AVIO5;AVION;Poste de transformation;EN EXPLOITATION;90kV;Pas-de-Calais
BAUDR;BAUDRY;Poste de transformation;EN EXPLOITATION;225kV;Hauts-de-Seine
SSJM5;ST-JEAN-DE-MAURIENNE (S.N.C.F.);Poste de transformation;EN EXPLOITATION;45kV;Savoie
L.VIE;LUNEL-VIEL;Poste de transformation;EN EXPLOITATION;63kV;Hérault
GRIPP;GRIPP;Poste de transformation;EN EXPLOITATION;63kV;Hautes-Pyrénées
ZVA10;PIQUAGE A VALDEROURE;Point de piquage;EN EXPLOITATION;225kV;Var
GYSSE;GYSSERIE;Poste de transformation;EN EXPLOITATION;63kV;Jura
HERBI;HERBIERS (LES);Poste de transformation;EN EXPLOITATION;90kV;Vendée
HUNIN;HUNINGUE (E.D.F. - REGIE DE HUNINGUE);Poste de transformation;EN EXPLOITATION;63kV;Haut-Rhin
HEMIN;HEMING;Poste de transformation;EN EXPLOITATION;63kV;Moselle
ISOL5;ISOLA (VILLAGE);Poste de transformation;EN EXPLOITATION;63kV;Alpes-Maritimes
SEMIN;SEMINAIRE;Poste de transformation;EN EXPLOITATION;225kV;Allier
SARR7;SARRALBE;Poste de transformation;EN EXPLOITATION;63kV;Moselle
HENRI;HENRICHEMONT;Poste de transformation;EN EXPLOITATION;63kV;Cher
HORME;HORME (L );Poste de transformation;EN EXPLOITATION;63kV;Loire
I.TET;ILLE-SUR-TET;Poste de transformation;EN EXPLOITATION;63kV;Pyrénées-Orientales
SSBAI;ST-PIERRE-DE-BAILLEUL;Poste de transformation;EN EXPLOITATION;225kV;Eure
SSDIE;ST-DIE;Poste de transformation;EN EXPLOITATION;63kV;Vosges
SSLAC;STE-HELENE-DU-LAC;Poste de transformation;EN EXPLOITATION;63kV;Isère
CHAT6;CHATAIGNERAIE (LA);Poste de transformation;EN EXPLOITATION;90kV;Vendée
CIEUR;CIEURAC;Poste de transformation;EN EXPLOITATION;63kV;Lot
AZINC;AZINCOURT;Poste de transformation;EN EXPLOITATION;90kV;Nord
B.DAM;BAUME-LES-DAMES;Poste de transformation;EN EXPLOITATION;63kV;Doubs
BAUD;BAUD;Poste de transformation;EN EXPLOITATION;63kV;Morbihan
SSMAM;ST-MAMMES;Poste de transformation;EN EXPLOITATION;63kV;Seine-et-Marne
SSNAB;ST-NABORD;Poste de transformation;EN EXPLOITATION;225kV;Vosges
SSPEY;ST-PEY;Poste de transformation;EN EXPLOITATION;63kV;Gironde
ZLEDE;LEDEN / THEZI UZES 1;Point de piquage;EN EXPLOITATION;63kV;Gard
ZLOUD;LOUD6 / BVUE SANSS 1;Point de piquage;EN EXPLOITATION;63kV;Haute-Loire
ZMESN;PIQUAGE A MESNAY;Point de piquage;EN EXPLOITATION;63kV;Jura
STEAM;STEAM (H.B.L.);Poste de transformation;EN EXPLOITATION;63kV;Moselle
T.CRA;TERMINAL DE LA CRAU;Poste de transformation;EN EXPLOITATION;63kV;Bouches-du-Rhône
BETHO;BETHONCOURT;Poste de transformation;EN EXPLOITATION;63kV;Doubs
ALBIA;ALBIAS;Poste de transformation;EN EXPLOITATION;63kV;Tarn-et-Garonne
ZLESS;PIQUAGE A LESSAY (EX ZCOU6);Point de piquage;EN EXPLOITATION;90kV;Manche
A.HUE;ALPE-D HUEZ;Poste de transformation;EN EXPLOITATION;63kV;Isère
THIOT;THIOT;Poste de transformation;EN EXPLOITATION;225kV;Orne
SOLER;SOLER (LE);Poste de transformation;EN EXPLOITATION;225kV;Pyrénées-Orientales
SORGU;SORGUES;Poste de transformation;EN EXPLOITATION;63kV;Vaucluse
LABA5;LABARRE;Poste de transformation;EN EXPLOITATION;63kV;Ariège
FLOGN;FLOGNY;Poste de transformation;EN EXPLOITATION;63kV;Yonne
FUSTE;FUSTEL;Poste de transformation;EN EXPLOITATION;63kV;Bas-Rhin
EPIN5;EPINAY-SOUS-SENART;Poste de transformation;EN EXPLOITATION;63kV;Essonne
BONN7;BONNEVAL;Poste de transformation;EN EXPLOITATION;90kV;Eure-et-Loir
THIO5;THIONVILLE (CLIENT);Poste de transformation;EN EXPLOITATION;90kV;Eure-et-Loir
ZT.SS;PIQUAGE AUX TERRES-ST-ANTOINE;Point de piquage;EN EXPLOITATION;63kV;Marne
SSPLA;STE-CROIX-EN-PLAINE;Poste de transformation;EN EXPLOITATION;63kV;Haut-Rhin
ZSSDI;SSDID / CPNIE ZHER6 1;Point de piquage;EN EXPLOITATION;63kV;Isère
ZSSG6;PIQUAGE ST GENIEZ (LIAISON MAURIZ41TALAM);Point de piquage;EN EXPLOITATION;90kV;Corrèze
ZTHO5;PIQUAGE A THOR 2 (LE);Point de piquage;EN EXPLOITATION;63kV;Vaucluse
GILLY;GILLY;Poste de transformation;EN EXPLOITATION;63kV;Savoie
ZSSF5;PIQUAGE A SAINT-FLOUR;Point de piquage;EN EXPLOITATION;63kV;Cantal
JOUQU;JOUQUES;Poste de transformation;EN EXPLOITATION;63kV;Vaucluse
JUINE;JUINE;Poste de transformation;EN EXPLOITATION;90kV;Essonne
ZP.BR;V.MON / COMMA ONZAI 1;Point de piquage;EN EXPLOITATION;90kV;Indre-et-Loire
A.OTH;AIX-EN-OTHE;Poste de transformation;EN EXPLOITATION;63kV;Aube
HAUT5;HAUTELUCE;Poste de transformation;EN EXPLOITATION;45kV;Savoie
FLORE;FLORENSAC;Poste de transformation;EN EXPLOITATION;225kV;Hérault
ZCAP5;PIQUAGE CAPENDU (LIAISON CROZEZ31LEZIG);Point de piquage;EN EXPLOITATION;63kV;Aude
ZPUYC;PIQUAGE A PUYCHENIT;Point de piquage;EN EXPLOITATION;90kV;Dordogne
ZV.LI;PIQUAGE A LA VALLEE AUX LIEVRES;Point de piquage;EN EXPLOITATION;63kV;Eure
BENAU;BENAUGE;Poste de transformation;EN EXPLOITATION;63kV;Gironde
MERCI;MERCIERS (LES);Poste de transformation;EN EXPLOITATION;225kV;Isère
MERS;MERS;Poste de transformation;EN EXPLOITATION;90kV;
ROZEB;ROZEBOOM;Poste de transformation;EN EXPLOITATION;225kV;
PRADI;PRADIERES;Poste de transformation;EN EXPLOITATION;63kV;Ariège
GROSN;GROSNE;Poste de transformation;EN EXPLOITATION;400kV;Saône-et-Loire
JEUXE;JEUXEY;Poste de transformation;EN EXPLOITATION;225kV;Vosges
RANVI;RANVILLE;Poste de transformation;EN EXPLOITATION;225kV;Calvados
SAUGE;SAUGEES;Poste de transformation;EN EXPLOITATION;90kV;Essonne
SAUDR;SAUDRUPT;Poste de transformation;EN EXPLOITATION;63kV;Marne
SAUV6;SAUVETERRE;Poste de transformation;EN EXPLOITATION;63kV;Gard
M.MO5;MITRY-MORY (R.F.F.);Poste de transformation;EN EXPLOITATION;63kV;Seine-Saint-Denis
QUEVI;QUEVILLONCOURT;Poste de transformation;EN EXPLOITATION;63kV;Meurthe-et-Moselle
ORAN5;ORANGERIE (STRASBOURG);Poste de transformation;EN EXPLOITATION;63kV;Bas-Rhin
OSERA;OSERAIE;Poste de transformation;EN EXPLOITATION;63kV;Seine-et-Marne
AMARG;AMARGUE;Poste de transformation;EN EXPLOITATION;225kV;Somme
AMFAR;AMFARD;Poste de transformation;EN EXPLOITATION;225kV;Seine-Maritime
ANDR5;ANDRAYE (CN AIR);Poste de transformation;EN EXPLOITATION;45kV;Savoie
ZCNR6;PIQUAGE CHANTEREINE A THOUROTTE (ZCNR6);Point de piquage;EN EXPLOITATION;63kV;Oise
V.POR;VIEUX-PORT;Poste de transformation;EN EXPLOITATION;225kV;
RUYTI;RUYTINGEN (DUNKERQUE LNG);Poste de transformation;EN EXPLOITATION;90kV;
CALA5;CALAN;Poste de transformation;EN EXPLOITATION;400kV;Morbihan
ZSSPL;PIQUAGE A STE-CROIX-EN-PLAINE;Point de piquage;EN EXPLOITATION;63kV;Haut-Rhin
DEGA5;DEGAGNAC;Poste de transformation;EN EXPLOITATION;63kV;Lot
POMAC;POMACLE;Poste de transformation;EN EXPLOITATION;63kV;Marne
ZSS11;PIQUAGE A SAINT-GERAUD-DE-CORPS;Point de piquage;EN EXPLOITATION;225kV;Dordogne
MOISY;MOISY;Poste de transformation;EN EXPLOITATION;90kV;Loir-et-Cher
SARRY;SARRY;Poste de transformation;EN EXPLOITATION;225kV;Yonne
LAITI;LAITIER (LE);Poste de transformation;EN EXPLOITATION;90kV;Vienne
COULI;COULINIERE (LA);Poste de transformation;EN EXPLOITATION;90kV;Eure
ZTOU7;PIQUAGE TOURNAY SNCF (LIAISON BOUHEZ31LUGRA);Point de piquage;EN EXPLOITATION;63kV;Hautes-Pyrénées
POMBL;POMBLIERE;Poste de transformation;EN EXPLOITATION;63kV;Savoie
MTFO5;MONTFORT (BEDEE);Poste de transformation;EN EXPLOITATION;90kV;Ille-et-Vilaine
P.ME5;PETIT-MENIN;Poste de transformation;EN EXPLOITATION;225kV;Nord
P.SAO;POUILLY-SUR-SAONE;Poste de transformation;EN EXPLOITATION;63kV;Côte-d'Or
DOULO;DOULON;Poste de transformation;EN EXPLOITATION;225kV;Loire-Atlantique
JAUME;JAUMES(LES);Poste de transformation;EN EXPLOITATION;90kV;Vienne
JURAN;JURANCON;Poste de transformation;EN EXPLOITATION;150kV;Pyrénées-Atlantiques
KERLO;KERLOUAN;Poste de transformation;EN EXPLOITATION;63kV;
L.BAR;LIGNY-EN-BARROIS;Poste de transformation;EN EXPLOITATION;63kV;Meuse
RESOL;RESOLUT;Poste de transformation;EN EXPLOITATION;63kV;Landes
ROJA;ROJA;Poste de transformation;EN EXPLOITATION;63kV;Lot-et-Garonne
MARCH;MARCHAIS;Poste de transformation;EN EXPLOITATION;90kV;Loiret
MAME;MAME (LA);Poste de transformation;EN EXPLOITATION;90kV;Charente-Maritime
MAREG;MAREGES;Poste de transformation;EN EXPLOITATION;225kV;Corrèze
ENTRE;ENTREVAUX;Poste de transformation;EN EXPLOITATION;150kV;Alpes-de-Haute-Provence
BZGET;BOURGET (LE);Poste de transformation;EN EXPLOITATION;225kV;Seine-Saint-Denis
C.GAD;CHATEAUNEUF DE GADAGNE;Poste de transformation;EN EXPLOITATION;63kV;Vaucluse
C.HUI;CONDE-SUR-HUISNE;Poste de transformation;EN EXPLOITATION;90kV;Orne
LUCE;RSEIPC (SIEGE SOCIAL);Poste de transformation;EN EXPLOITATION;<45kV;Eure-et-Loir
ZCNR7;PIQUAGE CHANTEREINE A THOUROTTE (ZCNR7);Point de piquage;EN EXPLOITATION;63kV;Oise
DARCE;DARCEY;Poste de transformation;EN EXPLOITATION;225kV;Côte-d'Or
ROURE;ROURE;Poste de transformation;EN EXPLOITATION;63kV;Gard
ZBENY;BENY / MTREV TREFF 1;Point de piquage;EN EXPLOITATION;63kV;Ain
ZBRAM;PIQUAGE BRAM (LIAISON BAGATZ31VALGR);Point de piquage;EN EXPLOITATION;63kV;Aude
Q.SEI;QUATRE-SEIGNEURS;Poste de transformation;EN EXPLOITATION;225kV;Hérault
BENY;BENY;Poste de transformation;EN EXPLOITATION;63kV;Ain
PARDI;PARDIES;Poste de transformation;EN EXPLOITATION;63kV;Pyrénées-Atlantiques
PEYRO;PEYROU;Poste de transformation;EN EXPLOITATION;225kV;Hérault
TOURR;TOURRETTES;Poste de transformation;EN EXPLOITATION;63kV;Var
VLEGU;VILLEGUSIEN;Poste de transformation;EN EXPLOITATION;63kV;Haute-Marne
PLAN5;PLANCHE (LA);Poste de transformation;EN EXPLOITATION;90kV;Vienne
EXCID;EXCIDEUIL;Poste de transformation;EN EXPLOITATION;63kV;Dordogne
L.OO;LAC D OO;Poste de transformation;EN EXPLOITATION;150kV;Haute-Garonne
LANE6;LANEUVELOTTE;Poste de transformation;EN EXPLOITATION;63kV;Meurthe-et-Moselle
LAXOU;LAXOU;Poste de transformation;EN EXPLOITATION;63kV;Meurthe-et-Moselle
LEYGU;LEYGUES;Poste de transformation;EN EXPLOITATION;63kV;Cantal
ZALL5;ALLOU / MEHUN MUSSA 1;Point de piquage;EN EXPLOITATION;90kV;Cher
RQBIL;ROQUEBILLIERE;Poste de transformation;EN EXPLOITATION;150kV;Alpes-Maritimes
ZGOR5;PIQUAGE GORRE (LIAISON PLAUDZ41TANNI);Point de piquage;EN EXPLOITATION;90kV;Charente
ZGRAI;LOTHI / MADRO SSMCE 1;Point de piquage;EN EXPLOITATION;90kV;Indre
ZHARG;PIQUAGE A JUMEAUVILLE;Point de piquage;EN EXPLOITATION;63kV;Yvelines
PERCH;PERCHE (LA);Poste de transformation;EN EXPLOITATION;63kV;Pyrénées-Orientales
GUARB;GUARBECQUE;Poste de transformation;EN EXPLOITATION;225kV;Pas-de-Calais
GUESD;GUESDE;Poste de transformation;EN EXPLOITATION;225kV;Val-de-Marne
LIMO5;LIMOUX;Poste de transformation;EN EXPLOITATION;63kV;Aude
ZP.IL;PIQUAGE AUX PETITES ILES;Point de piquage;EN EXPLOITATION;225kV;Isère
V.MOY;VOIE-MOYENNE (LA);Poste de transformation;EN EXPLOITATION;90kV;Marne
F.EAU;FORGES-LES-EAUX;Poste de transformation;EN EXPLOITATION;90kV;Seine-Maritime
P.BOI;PETIT-BOIS (LE);Poste de transformation;EN EXPLOITATION;225kV;Essonne
ORANG;ORANGERIE (L);Poste de transformation;EN EXPLOITATION;225kV;Vienne
ZCATO;PIQUAGE CATOY (LIAISON COLAYZ31SSLIV);Point de piquage;EN EXPLOITATION;63kV;Lot-et-Garonne
ZCOUE;PIQUAGE COUESQUE (LIAISON GOLINZ61RUEYR);Point de piquage;EN EXPLOITATION;225kV;Cantal
ZCRAP;CRAPO / CHARP DARDI 1;Point de piquage;EN EXPLOITATION;63kV;Rhône
ZDURR;DURRE / MTLUC VALL7 1;Point de piquage;EN EXPLOITATION;63kV;Allier
ZESTI;PIQUAGE ESTIVAUX (LIAISON BRADAZ41GAUCH);Point de piquage;EN EXPLOITATION;90kV;Corrèze
TACON;TACONNET;Poste de transformation;EN EXPLOITATION;63kV;Meurthe-et-Moselle
ZLINA;PIQUAGE A LINAS (PRINCIPAL);Point de piquage;EN EXPLOITATION;225kV;Essonne
MARIT;MARITIME;Poste de transformation;EN EXPLOITATION;90kV;Eure
ZVAIL;VAILL / FORTA SANCE 1;Point de piquage;EN EXPLOITATION;63kV;Cher
ZB.L5;PIQUAGE BORDERES-ET-LAMENSANS (LIAISON A.ADOZ31NAOUT);Point de piquage;EN EXPLOITATION;63kV;Landes
FERRI;FERRIERES;Poste de transformation;EN EXPLOITATION;63kV;Ariège
ALLAR;ALLARD;Poste de transformation;EN EXPLOITATION;90kV;Sarthe
GUER8;GUERACHE (LA);Poste de transformation;EN EXPLOITATION;225kV;Var
ZBAST;PIQUAGE A BASTILLE;Point de piquage;EN EXPLOITATION;225kV;Loire-Atlantique
PLOER;PLOERMEL;Poste de transformation;EN EXPLOITATION;63kV;Morbihan
POURP;POURPRISES(LES);Poste de transformation;EN EXPLOITATION;63kV;Yonne
RENA5;RENAUCOURT;Poste de transformation;EN EXPLOITATION;63kV;Haute-Saône
PITHI;PITHIVIERS;Poste de transformation;EN EXPLOITATION;90kV;Loiret
ANNAY;ANNAY;Poste de transformation;EN EXPLOITATION;63kV;Yonne
ZBONI;PIQUAGE BONICHAUD (LIAISON COTEZ42VNES);Point de piquage;EN EXPLOITATION;90kV;Creuse
LISLO;LISLOCH;Poste de transformation;EN EXPLOITATION;63kV;Finistère
LOUSL;LOUSLITGES;Poste de transformation;EN EXPLOITATION;63kV;Gers
LUNES;LUNES;Poste de transformation;EN EXPLOITATION;63kV;Aude
ZMALM;PIQUAGE A SAINT-GERMAIN-DE-FRESNEY;Point de piquage;EN EXPLOITATION;90kV;Eure
SABLE;SABLE;Poste de transformation;EN EXPLOITATION;90kV;Sarthe
SALMO;SALMONPRE;Poste de transformation;EN EXPLOITATION;63kV;Meuse
ZBXZE;PIQUAGE BEAUZEE;Point de piquage;EN EXPLOITATION;63kV;Meuse
DAMBR;DAMBRON;Poste de transformation;EN EXPLOITATION;400kV;Eure-et-Loir
GREZI;GREZILLAC;Poste de transformation;EN EXPLOITATION;225kV;Gironde
LOUD8;LOUDENVIELLE (PRODUCTION);Poste de transformation;EN EXPLOITATION;63kV;Hautes-Pyrénées
ACHIE;ACHIET;Poste de transformation;EN EXPLOITATION;90kV;Pas-de-Calais
AMANV;AMANVILLERS;Poste de transformation;EN EXPLOITATION;63kV;Meurthe-et-Moselle
ROMEL;ROMELET;Poste de transformation;EN EXPLOITATION;63kV;Côte-d'Or
ARCAC;ARCACHON (ENEDIS);Poste de transformation;EN EXPLOITATION;63kV;
ARUDY;ARUDY;Poste de transformation;EN EXPLOITATION;63kV;Pyrénées-Atlantiques
GAVE5;GAVET (HYDRAULIQUE);Poste de transformation;EN EXPLOITATION;63kV;Isère
B.PAI;BOIS PAILLET (LE);Poste de transformation;EN EXPLOITATION;90kV;Eure-et-Loir
C.MAL;CREYS-MALVILLE;Poste de transformation;EN EXPLOITATION;<45kV;Isère
ZHERB;PIQUAGE HERBLAY A HERBLAY (ZHERB);Point de piquage;EN EXPLOITATION;225kV;Val-d'Oise
AUTER;AUTERRIVE;Poste de transformation;EN EXPLOITATION;63kV;Pyrénées-Atlantiques
LUGRA;LUGRA;Poste de transformation;EN EXPLOITATION;63kV;Hautes-Pyrénées
AUSSO;AUSSOIS;Poste de transformation;EN EXPLOITATION;225kV;Savoie
AURAY;AURAY;Poste de transformation;EN EXPLOITATION;63kV;Morbihan
SSOME;ST-OMER;Poste de transformation;EN EXPLOITATION;90kV;Pas-de-Calais
SSQUE;ST-QUENTIN (-FALLAVIER);Poste de transformation;EN EXPLOITATION;63kV;Isère
AVORI;AVORIAZ;Poste de transformation;EN EXPLOITATION;63kV;Haute-Savoie
V.MON;VEUVES-MONTEAUX;Poste de transformation;EN EXPLOITATION;90kV;Indre-et-Loire
ZPUYA;PIQUAGE A PUYALOUS;Point de piquage;EN EXPLOITATION;63kV;Pyrénées-Atlantiques
ZMTMI;PIQUAGE CHEZY;Point de piquage;EN EXPLOITATION;63kV;Aisne
VLEJU;VILLEJUST;Poste de transformation;EN EXPLOITATION;400kV;Essonne
B.COR;BREGNIER-CORDON;Poste de transformation;EN EXPLOITATION;63kV;Isère
PERCY;PERCY;Poste de transformation;EN EXPLOITATION;90kV;Calvados
SSSEV;ST-SEVER;Poste de transformation;EN EXPLOITATION;63kV;Landes
SSVAU;ST-PARRES-LES-VAUDES;Poste de transformation;EN EXPLOITATION;63kV;Aube
ZGONE;PIQUAGE A GONESSE;Point de piquage;EN EXPLOITATION;225kV;Val-d'Oise
M.PON;MARTIGUES-PONTEAU;Poste de transformation;EN EXPLOITATION;400kV;
BUQUE;BUQUET;Poste de transformation;EN EXPLOITATION;90kV;Seine-Maritime
MERZH;MERZHER (AR);Poste de transformation;ACCORD ADMINISTRATIF;COURANT CONTINU;Finistère
BRIAN;BRIANCON;Poste de transformation;EN EXPLOITATION;150kV;Hautes-Alpes
ASSIE;ASSIER;Poste de transformation;EN EXPLOITATION;63kV;Lot
TAIN;TAIN (E.D.F. ET S.N.C.F.);Poste de transformation;EN EXPLOITATION;63kV;Ardèche
BESSA;BESSANGES;Poste de transformation;EN EXPLOITATION;90kV;Gironde
HARCA;HARCANVILLE (ENEDIS);Poste de transformation;EN EXPLOITATION;90kV;Seine-Maritime
RUFFE;RUFFE;Poste de transformation;EN EXPLOITATION;63kV;Hérault
AUREN;AURENCE (L );Poste de transformation;EN EXPLOITATION;90kV;Haute-Vienne
HAUT6;HAUTERIVE;Poste de transformation;EN EXPLOITATION;63kV;Ain
BERT5;BERTHOLLET;Poste de transformation;EN EXPLOITATION;225kV;Hauts-de-Seine
SCIER;SCIERIE (LA);Poste de transformation;ACCORD ADMINISTRATIF;225kV;Pyrénées-Atlantiques
HERBL;HERBLAY;Poste de transformation;EN EXPLOITATION;225kV;Val-d'Oise
HERS5;HERSE(LA);Poste de transformation;EN EXPLOITATION;400kV;Oise
SSBLA;ST-BLAISE;Poste de transformation;EN EXPLOITATION;63kV;Vosges
SSCH6;ST-CHARLES;Poste de transformation;EN EXPLOITATION;63kV;Meurthe-et-Moselle
AUXER;AUXERRE;Poste de transformation;EN EXPLOITATION;63kV;Yonne
AUBEN;AUBENAS;Poste de transformation;EN EXPLOITATION;63kV;Ardèche
ZMETH;PIQUAGE A METHANIER;Point de piquage;EN EXPLOITATION;63kV;Bouches-du-Rhône
ZMTJA;PIQUAGE MONTJAY A LES ULIS (ZMTJA);Point de piquage;EN EXPLOITATION;225kV;Essonne
BONNE;BONNETERRE;Poste de transformation;EN EXPLOITATION;225kV;Rhône
AUREI;AUREILHAN;Poste de transformation;EN EXPLOITATION;63kV;Hautes-Pyrénées
HIRSO;HIRSON;Poste de transformation;EN EXPLOITATION;63kV;Aisne
GERR5;GER;Poste de transformation;EN EXPLOITATION;90kV;Manche
PORCH;PORCHEVILLE;Poste de transformation;EN EXPLOITATION;225kV;Yvelines
ZPANN;PIQUAGE PANNESIERE;Point de piquage;EN EXPLOITATION;63kV;Nièvre
CSLN5;CASTELNAU (CLIENT);Poste de transformation;EN EXPLOITATION;63kV;Hérault
PERSA;PERSAN;Poste de transformation;EN EXPLOITATION;225kV;Val-d'Oise
ZMALL;PIQUAGE A MALLE (LA);Point de piquage;EN EXPLOITATION;63kV;Bouches-du-Rhône
SARRA;SARRANS;Poste de transformation;EN EXPLOITATION;225kV;Aveyron
ZRAGE;RAGEA / CONTA MOTTA 1;Point de piquage;EN EXPLOITATION;63kV;Savoie
SSCO6;ST-COULITZ;Poste de transformation;EN EXPLOITATION;63kV;Finistère
ZP.CR;PIQUAGE PONT DU CRIEU;Point de piquage;ACCORD ADMINISTRATIF;63kV;Ariège
ALLAI;ALLAIRE;Poste de transformation;EN EXPLOITATION;63kV;Morbihan
ALLIE;ALLIERES;Poste de transformation;EN EXPLOITATION;63kV;Rhône
SSMA8;ST-MAXIMIN;Poste de transformation;EN EXPLOITATION;63kV;Var
SSMIH;ST-MIHIEL;Poste de transformation;EN EXPLOITATION;63kV;Meuse
SSMI5;ST-ELOI-LES-MINES;Poste de transformation;EN EXPLOITATION;63kV;Puy-de-Dôme
NEGR5;NEGREPELISSE;Poste de transformation;EN EXPLOITATION;225kV;Tarn-et-Garonne
HAMBA;HAMBACH;Poste de transformation;EN EXPLOITATION;63kV;Moselle
SARZE;SARZEAU;Poste de transformation;EN EXPLOITATION;63kV;Morbihan
EUROP;EUROPORT;Poste de transformation;EN EXPLOITATION;90kV;Marne
COUPV;COUPVRAY;Poste de transformation;EN EXPLOITATION;225kV;Seine-et-Marne
ZMRN6;PIQUAGE A MARTINIERE;Point de piquage;EN EXPLOITATION;63kV;Vaucluse
ZPENN;PIQUAGE 1 AUX PENNES;Point de piquage;EN EXPLOITATION;63kV;Bouches-du-Rhône
ZSOL6;PIQUAGE A SOLLIES;Point de piquage;EN EXPLOITATION;63kV;Var
MONN5;MONNERVILLE;Poste de transformation;EN EXPLOITATION;90kV;Eure-et-Loir
MTER5;MONTEREAU (CLIENT);Poste de transformation;EN EXPLOITATION;63kV;Seine-et-Marne
SALL7;SALLE (LA);Poste de transformation;EN EXPLOITATION;63kV;Saône-et-Loire
LAVE5;LAVELINE;Poste de transformation;EN EXPLOITATION;63kV;Vosges
ZMARL;PIQUAGE MARLIERE PYL 12;Point de piquage;EN EXPLOITATION;63kV;Ardennes
ZMATE;MATEL / RIORG ROANN 1;Point de piquage;EN EXPLOITATION;63kV;Loire
CZMEL;COURMELLES;Poste de transformation;ACCORD ADMINISTRATIF;63kV;Aisne
CPNIE;CHAMPAGNIER;Poste de transformation;EN EXPLOITATION;400kV;Isère
ZTANI;TANIN / MORZI PRESS 1;Point de piquage;EN EXPLOITATION;63kV;Haute-Savoie
CHA.N;CHALON-NORD;Poste de transformation;EN EXPLOITATION;63kV;Saône-et-Loire
CAZER;CAZERES;Poste de transformation;EN EXPLOITATION;63kV;Haute-Garonne
CHA.S;CHARTRES-SUD;Poste de transformation;EN EXPLOITATION;225kV;Eure-et-Loir
CHACE;CHACE;Poste de transformation;EN EXPLOITATION;90kV;Maine-et-Loire
CHAL6;CHALON (KODAK-PATHE);Poste de transformation;EN EXPLOITATION;63kV;Saône-et-Loire
ZIVR5;PIQUAGE A IVRY5 (CLIENT);Point de piquage;EN EXPLOITATION;63kV;Paris
ZS.SO;PIQUAGE A SANS-SOUCI;Point de piquage;ACCORD ADMINISTRATIF;63kV;Haute-Garonne
BRIAS;BRIASTRE;Poste de transformation;EN EXPLOITATION;63kV;Nord
ZSAB5;PIQUAGE A SABLONNIERES (LES);Point de piquage;EN EXPLOITATION;63kV;Nord
ZBAS7;PIQUAGE A BASTIDONNE;Point de piquage;EN EXPLOITATION;63kV;Bouches-du-Rhône
ZPER5;PIQUAGE PERPIGNAN 2 (LIAISON CABESZ32M.BRU);Point de piquage;EN EXPLOITATION;63kV;Pyrénées-Orientales
ESPAL;ESPALUNGUE;Poste de transformation;EN EXPLOITATION;63kV;Pyrénées-Atlantiques
BZRAY;BOURRAY;Poste de transformation;EN EXPLOITATION;90kV;Sarthe
C.BER;CHATEAU-BERNARD;Poste de transformation;EN EXPLOITATION;90kV;Charente
BARET;BARETTES;Poste de transformation;EN EXPLOITATION;90kV;Seine-Maritime
ESSAR;ESSARS;Poste de transformation;EN EXPLOITATION;90kV;Pas-de-Calais
F.MAN;FOUR-MANOIR;Poste de transformation;EN EXPLOITATION;63kV;Nord
WAGE;WAGE;Poste de transformation;EN EXPLOITATION;63kV;Oise
WESTH;WESTHOUCK (COPENOR G.I.E.);Poste de transformation;EN EXPLOITATION;225kV;Nord
YDES;YDES;Poste de transformation;EN EXPLOITATION;90kV;Cantal
CHAV5;CHAVAGNES;Poste de transformation;EN EXPLOITATION;90kV;Vendée
RIORG;RIORGES;Poste de transformation;EN EXPLOITATION;225kV;Loire
BEC5;BEC;Poste de transformation;EN EXPLOITATION;225kV;Gironde
BETHI;BETHISY;Poste de transformation;EN EXPLOITATION;63kV;Oise
BEUVR;BEUVRY (LABOURSE);Poste de transformation;EN EXPLOITATION;225kV;Pas-de-Calais
ZAIG5;AIGU5 / PERR5 RANDE 1;Point de piquage;EN EXPLOITATION;45kV;Savoie
ZCOM5;COMME / BANNE MTVIC 1;Point de piquage;EN EXPLOITATION;63kV;Allier
ROMEN;ROMENAY;Poste de transformation;EN EXPLOITATION;63kV;Ain
ROUYE;ROUYE;Poste de transformation;EN EXPLOITATION;63kV;Landes
DELBA;DELBASSE;Poste de transformation;EN EXPLOITATION;90kV;Nord
JONCH;JONCHERE;Poste de transformation;EN EXPLOITATION;63kV;Val-de-Marne
L.MON;LAURAC-MONTREAL;Poste de transformation;EN EXPLOITATION;63kV;Ardèche
ZFAN5;PIQUAGE FANAUDES A MONTMAGNY (ZFAN5);Point de piquage;EN EXPLOITATION;225kV;Val-d'Oise
V.VOI;VERTE-VOIE;Poste de transformation;EN EXPLOITATION;90kV;
AMIEN;AMIENS;Poste de transformation;EN EXPLOITATION;225kV;Somme
BASTI;BASTILLAC;Poste de transformation;EN EXPLOITATION;225kV;Hautes-Pyrénées
CHEV5;CHEVIRE;Poste de transformation;EN EXPLOITATION;225kV;Loire-Atlantique
CHEY6;CHEYLAS (LE);Poste de transformation;EN EXPLOITATION;400kV;Isère
LAON;LAON;Poste de transformation;EN EXPLOITATION;63kV;Aisne
LAROC;LAROCHE;Poste de transformation;EN EXPLOITATION;63kV;Yonne
FACTU;FACTURE;Poste de transformation;EN EXPLOITATION;63kV;Gironde
CORB9;CORBIGNY;Poste de transformation;EN EXPLOITATION;63kV;Nièvre
FRESN;FRESNAY;Poste de transformation;EN EXPLOITATION;90kV;Sarthe
S.GIR;SALIN-DE-GIRAUD;Poste de transformation;EN EXPLOITATION;63kV;Bouches-du-Rhône
ZBOTL;PIQUAGE A BOTLAN;Point de piquage;EN EXPLOITATION;63kV;Finistère
ZBRA5;PIQUAGE VIGUIER (LIAISON VALGRZ31VIGUI);Point de piquage;EN EXPLOITATION;63kV;Aude
ZBZPA;VALE9 / BLERE VARE5 1;Point de piquage;EN EXPLOITATION;90kV;Indre
ZC.BA;C.BAR / G.ILE SSAL5 1;Point de piquage;EN EXPLOITATION;63kV;Savoie
ZCBAU;CBAUD / B.MON CHABR 1;Point de piquage;EN EXPLOITATION;225kV;Drôme
ZCER6;PIQUAGE CERONS (LIAISON PODENZ31SAUCA);Point de piquage;EN EXPLOITATION;63kV;Gironde
ZCRUS;CRUSE / CORNI GEN.P 1;Point de piquage;EN EXPLOITATION;225kV;Haute-Savoie
ZE.CO;PIQUAGE ESCALE (LIAISON CROZEZ31LEZIG);Point de piquage;EN EXPLOITATION;63kV;Aude
NERAC;NERAC;Poste de transformation;EN EXPLOITATION;63kV;Lot-et-Garonne
LANGE;LANGEAC;Poste de transformation;EN EXPLOITATION;63kV;Haute-Loire
LANGO;LANGON;Poste de transformation;EN EXPLOITATION;63kV;Gironde
MALAD;MALADIERE (LA);Poste de transformation;EN EXPLOITATION;63kV;Aube
GEN.P;GENISSIAT-POSTE;Poste de transformation;EN EXPLOITATION;400kV;Ain
COISE;COISELET;Poste de transformation;EN EXPLOITATION;63kV;Jura
P.AGE;PASSAGE-D AGEN;Poste de transformation;EN EXPLOITATION;63kV;Lot-et-Garonne
FRONC;FRONCLES;Poste de transformation;EN EXPLOITATION;225kV;Haute-Marne
MEDOQ;MEDOQUINE;Poste de transformation;EN EXPLOITATION;63kV;Gironde
MERDR;MERDRIGNAC;Poste de transformation;EN EXPLOITATION;63kV;Côtes-d'Armor
LIORA;LIORAN;Poste de transformation;EN EXPLOITATION;63kV;Cantal
COULO;COULOMMIERS;Poste de transformation;EN EXPLOITATION;63kV;Seine-et-Marne
CPNAC;CHAMPAGNAC;Poste de transformation;EN EXPLOITATION;90kV;Haute-Vienne
VALLI;VALLIERES;Poste de transformation;EN EXPLOITATION;63kV;Savoie
VAUCA;VAUCANSON;Poste de transformation;EN EXPLOITATION;63kV;Isère
MOUGI;MOUGINS;Poste de transformation;EN EXPLOITATION;225kV;Alpes-Maritimes
GODIN;GODIN;Poste de transformation;EN EXPLOITATION;225kV;Aveyron
ZF.SS;PIQUAGE A LA FONTAINE-ST-HUBERT;Point de piquage;EN EXPLOITATION;63kV;Marne
LOING;LOING;Poste de transformation;EN EXPLOITATION;63kV;Seine-et-Marne
LONGA;LONGAGES;Poste de transformation;EN EXPLOITATION;63kV;Haute-Garonne
LORIE;LORIENT;Poste de transformation;EN EXPLOITATION;63kV;Morbihan
G.LUC;GRAND LUCE;Poste de transformation;EN EXPLOITATION;90kV;Sarthe
BEDOU;BEDOULE (LA);Poste de transformation;EN EXPLOITATION;63kV;Bouches-du-Rhône
A.BOU;ANDREZIEUX-BOUTHEON;Poste de transformation;EN EXPLOITATION;63kV;Loire
PAPIN;PAPIN;Poste de transformation;EN EXPLOITATION;225kV;Ardèche
REVIG;REVIGNY;Poste de transformation;EN EXPLOITATION;400kV;Meuse
LAURO;LAURONS;Poste de transformation;EN EXPLOITATION;63kV;
GARIB;GARIBALDI;Poste de transformation;EN EXPLOITATION;225kV;Paris
GESSE;GESSE;Poste de transformation;EN EXPLOITATION;63kV;Aude
GLAIR;GLAIRE (LA);Poste de transformation;EN EXPLOITATION;63kV;Hautes-Pyrénées
P.MEE;PONT-DU-MEE;Poste de transformation;EN EXPLOITATION;63kV;Seine-et-Marne
P.VAU;PRES-DE-VAUX;Poste de transformation;EN EXPLOITATION;63kV;Doubs
G.MAS;GRAND-MAS (LE);Poste de transformation;EN EXPLOITATION;225kV;Puy-de-Dôme
M.BL5;MAISON-BLANCHE (MARINE NATIONALE A BREST);Poste de transformation;EN EXPLOITATION;63kV;Finistère
VIVIE;VIVIEZ;Poste de transformation;EN EXPLOITATION;63kV;Aveyron
MOISE;MOISENAY;Poste de transformation;EN EXPLOITATION;225kV;Seine-et-Marne
MORZI;MORZINE;Poste de transformation;EN EXPLOITATION;63kV;Haute-Savoie
MOTTA;MOTTARET;Poste de transformation;EN EXPLOITATION;63kV;Savoie
M.ROI;MONTIGNY-LE-ROI;Poste de transformation;EN EXPLOITATION;63kV;Haute-Marne
ALLIN;ALLINGES;Poste de transformation;EN EXPLOITATION;225kV;Haute-Savoie
ZGARR;PIQUAGE A GARRIGOU;Point de piquage;EN EXPLOITATION;225kV;Tarn
LAMBR;LAMBRES-LES-DOUAI;Poste de transformation;EN EXPLOITATION;225kV;Pas-de-Calais
F.GOS;FOND GOSSON;Poste de transformation;EN EXPLOITATION;225kV;Pas-de-Calais
MAGNY;MAGNY(-SUR TILLE);Poste de transformation;EN EXPLOITATION;225kV;Côte-d'Or
TERNE;TERNES;Poste de transformation;EN EXPLOITATION;225kV;Hauts-de-Seine
THIO6;THIONVILLE (USINOR ACIERIES);Poste de transformation;EN EXPLOITATION;63kV;Moselle
ZPAST;PIQUAGE PASTOUREL LIAISON CSLN5Z31MTPEL;Point de piquage;EN EXPLOITATION;63kV;Hérault
NOAIL;NOAILLES;Poste de transformation;EN EXPLOITATION;63kV;Corrèze
SSAU5;ST-AUBIN;Poste de transformation;EN EXPLOITATION;225kV;Yvelines
VELAR;VELARS;Poste de transformation;EN EXPLOITATION;63kV;Côte-d'Or
VICLA;VICLAIRE;Poste de transformation;EN EXPLOITATION;63kV;Savoie
MQISE;MARQUISE;Poste de transformation;EN EXPLOITATION;90kV;Pas-de-Calais
SSFOY;STE-FOY(-LA-GRANDE);Poste de transformation;EN EXPLOITATION;63kV;Dordogne
1BAS5;BASSIES;Poste de transformation;EN EXPLOITATION;<45kV;Ariège
BASCA;BASCAT;Poste de transformation;ACCORD ADMINISTRATIF;63kV;Landes
G.CER;GORGES-DE-LA-CERE;Poste de transformation;EN EXPLOITATION;63kV;Corrèze
MTMAR;MONTMARTEL;Poste de transformation;EN EXPLOITATION;63kV;Vaucluse
MTREV;MONTREVEL;Poste de transformation;EN EXPLOITATION;63kV;Ain
TOUSS;TOUSSON;Poste de transformation;EN EXPLOITATION;63kV;Essonne
POINT;POINTES;Poste de transformation;EN EXPLOITATION;90kV;Marne
N.LOO;NOTRE-DAME-DE-LOOS;Poste de transformation;ACCORD ADMINISTRATIF;225kV;Nord
SSCH5;ST-MARTIN-LA-CHAMBRE;Poste de transformation;EN EXPLOITATION;45kV;Savoie
LOUPI;LOUPIAN;Poste de transformation;EN EXPLOITATION;63kV;Hérault
SONNE;SONNETTES;Poste de transformation;EN EXPLOITATION;225kV;Val-de-Marne
M.MIC;MAS DE MICHEL;Poste de transformation;EN EXPLOITATION;63kV;Gard
CTAU5;CHATEAUROUX;Poste de transformation;EN EXPLOITATION;90kV;Indre
CERIZ;CERIZAY;Poste de transformation;EN EXPLOITATION;90kV;Deux-Sèvres
BERG6;PNB-BERGERAC;Poste de transformation;EN EXPLOITATION;63kV;Dordogne
SSGEI;ST-GEIN;Poste de transformation;ACCORD ADMINISTRATIF;225kV;Landes
ZSEIG;PIQUAGE A SEIGNAS;Point de piquage;EN EXPLOITATION;63kV;Aude
CZSEU;COURSEULLES (SUR-MER);Poste de transformation;EN EXPLOITATION;225kV;
CHARR;CHARRAUT (LE);Poste de transformation;EN EXPLOITATION;90kV;Vienne
BEYRE;BEYREDE (POSTE MIXTE RTE - CLIENT);Poste de transformation;EN EXPLOITATION;63kV;Hautes-Pyrénées
CHEVI;CHEVILLY;Poste de transformation;EN EXPLOITATION;225kV;Hauts-de-Seine
BENE5;BENETIERE;Poste de transformation;EN EXPLOITATION;90kV;Maine-et-Loire
VICOG;VICOGNE (LA);Poste de transformation;EN EXPLOITATION;225kV;Somme
ALRAN;ALRANCE;Poste de transformation;EN EXPLOITATION;63kV;Aveyron
CHEV6;CHEVAIN;Poste de transformation;EN EXPLOITATION;90kV;Orne
GARRI;GARRIGOU;Poste de transformation;EN EXPLOITATION;225kV;Tarn
CAHO5;CAHORS (CLIENT);Poste de transformation;EN EXPLOITATION;63kV;Lot
M.PIN;MONT-PINSON;Poste de transformation;EN EXPLOITATION;90kV;Ardennes
MARZA;MARZAN;Poste de transformation;EN EXPLOITATION;63kV;Morbihan
SSCAT;ST-DENIS-CATUS;Poste de transformation;EN EXPLOITATION;63kV;Lot
PRAD6;PRADINAS;Poste de transformation;EN EXPLOITATION;63kV;Aveyron
FIER;FIER;Poste de transformation;EN EXPLOITATION;63kV;Haute-Savoie
ETREZ;ETREZ;Poste de transformation;EN EXPLOITATION;63kV;Ain
BERTH;BERTHOLENE;Poste de transformation;EN EXPLOITATION;63kV;Aveyron
BRAS5;BRASSAC;Poste de transformation;EN EXPLOITATION;63kV;Tarn
CHAB7;CHABROL;Poste de transformation;EN EXPLOITATION;225kV;Hauts-de-Seine
BVILL;BELLEVILLE (S.N.C.F.);Poste de transformation;EN EXPLOITATION;63kV;Rhône
MARL5;MARLIERE;Poste de transformation;EN EXPLOITATION;63kV;Ardennes
SSMO6;ST-PIERRE-LE-MOUTIER;Poste de transformation;EN EXPLOITATION;63kV;Nièvre
COUFF;COUFFRAU;Poste de transformation;EN EXPLOITATION;225kV;Aveyron
AVRAN;AVRANCHES;Poste de transformation;EN EXPLOITATION;90kV;Manche
MORIH;MORIHAN;Poste de transformation;EN EXPLOITATION;225kV;Ille-et-Vilaine
SSFL8;ST-FLOUR;Poste de transformation;EN EXPLOITATION;63kV;Cantal
MORCH;MORCHIES;Poste de transformation;EN EXPLOITATION;225kV;Pas-de-Calais
L.NEU;LOGIS-NEUF;Poste de transformation;EN EXPLOITATION;225kV;Ardèche
AMELO;AMELOT (AEROPORT PARIS NORD);Poste de transformation;EN EXPLOITATION;225kV;Val-d'Oise
CIERP;CIERP;Poste de transformation;EN EXPLOITATION;63kV;Hautes-Pyrénées
TAUTE;TAUTE;Poste de transformation;EN EXPLOITATION;400kV;Manche
SEGUI;SEGUIN;Poste de transformation;EN EXPLOITATION;63kV;Yvelines
SSALA;STE-ALAUZIE;Poste de transformation;EN EXPLOITATION;63kV;Lot
1CLAM;CLAMART;Poste de transformation;EN EXPLOITATION;225kV;Hauts-de-Seine
FEISS;FEISSONS;Poste de transformation;EN EXPLOITATION;63kV;Savoie
1AMBI;AMBIALET /AVALATS 33KV;Poste de transformation;EN EXPLOITATION;<45kV;Tarn
B.BAS;BAS-EN-BASSET;Poste de transformation;EN EXPLOITATION;63kV;Haute-Loire
NEUVY;NEUVY;Poste de transformation;EN EXPLOITATION;63kV;Loiret
GALL5;GALLAIS;Poste de transformation;ACCORD ADMINISTRATIF;225kV;Charente
J.LAC;JARDIN DU LAC;Poste de transformation;ACCORD ADMINISTRATIF;90kV;Charente
MESN5;MESNIER (CHEZ);Poste de transformation;EN EXPLOITATION;90kV;Charente
COUSL;COUSLIET;Poste de transformation;ACCORD ADMINISTRATIF;400kV;Pas-de-Calais
NEUSS;NEUSSARGUES;Poste de transformation;EN EXPLOITATION;63kV;Cantal
PELIS;PELISSIER;Poste de transformation;EN EXPLOITATION;225kV;Tarn
BAGE;BAGE (STATION DE POMPAGE);Poste de transformation;EN EXPLOITATION;63kV;Aveyron
SSAP5;ST-CHELY-D'APCHER (SOC.METAL.DE ST-CHELY);Poste de transformation;EN EXPLOITATION;63kV;Lozère
B.AI5;BEL-AIR (CLIENT);Poste de transformation;EN EXPLOITATION;90kV;Maine-et-Loire
QUIRI;QUIRIN;Poste de transformation;ACCORD ADMINISTRATIF;225kV;Finistère
ZMORE;PIQUAGE A MOREAU;Point de piquage;EN EXPLOITATION;225kV;Aude
ZGOUD;PIQUAGE GOUDOULI;Point de piquage;EN EXPLOITATION;63kV;Haute-Garonne
F.FRE;FAUX-FRESNAY;Poste de transformation;EN EXPLOITATION;400kV;Marne
ZLES8;PIQUAGE A LESCAR;Point de piquage;EN EXPLOITATION;63kV;Pyrénées-Atlantiques
ZBATO;PIQUAGE A BATON;Point de piquage;EN EXPLOITATION;63kV;Isère
SSSA7;ST-SAUVEUR (CLIENT);Poste de transformation;EN EXPLOITATION;63kV;Lozère
PEU.N;PEUGEOT-NORD;Poste de transformation;EN EXPLOITATION;63kV;Doubs
FOUGE;FOUGERES;Poste de transformation;EN EXPLOITATION;90kV;Ille-et-Vilaine
VLEGA;VILLEGATS;Poste de transformation;EN EXPLOITATION;90kV;Charente
LOUIS;LOUISFERT;Poste de transformation;EN EXPLOITATION;400kV;Loire-Atlantique
LUZI1;LUZIERES I;Poste de transformation;EN EXPLOITATION;63kV;Tarn
VIGNE;VIGNE (LA);Poste de transformation;EN EXPLOITATION;225kV;Yonne
GRAUL;GRAULHET;Poste de transformation;EN EXPLOITATION;63kV;Tarn
SSCOM;ST-GEORGES-DE-COMMIERS;Poste de transformation;EN EXPLOITATION;63kV;Isère
PIOVI;PIOVIT;Poste de transformation;EN EXPLOITATION;63kV;Dordogne
MTMEL;MONTMELIAN;Poste de transformation;EN EXPLOITATION;63kV;Savoie
KERL5;KERLOURY;Poste de transformation;EN EXPLOITATION;63kV;Finistère
L.BAL;LAU-BALAGNAS;Poste de transformation;EN EXPLOITATION;150kV;Hautes-Pyrénées
LAFOX;LAFOX;Poste de transformation;EN EXPLOITATION;63kV;Lot-et-Garonne
LAMBA;LAMBALLE;Poste de transformation;EN EXPLOITATION;63kV;Côtes-d'Armor
LANDI;LANDIVISIAU;Poste de transformation;EN EXPLOITATION;63kV;Finistère
LANG5;LANGONNET;Poste de transformation;EN EXPLOITATION;63kV;Morbihan
RENAI;RENAIRES;Poste de transformation;EN EXPLOITATION;225kV;
SSAM7;ST-AMOUR (S.N.C.F.);Poste de transformation;EN EXPLOITATION;63kV;Ain
SSFAU;ST-PIERRE-DE-FAUCIGNY;Poste de transformation;EN EXPLOITATION;63kV;Haute-Savoie
ZP.BE;P.BEN / B.ETO MOUCH 2;Point de piquage;EN EXPLOITATION;63kV;Rhône
CESSI;CESSIER (LE);Poste de transformation;EN EXPLOITATION;225kV;Aisne
AUBI5;AUBIGNY;Poste de transformation;EN EXPLOITATION;63kV;Cher
BRIVE;BRIVET;Poste de transformation;EN EXPLOITATION;63kV;Loire-Atlantique
BROSS;BROSSE;Poste de transformation;EN EXPLOITATION;63kV;Rhône
BROTT;BROTTEAUX;Poste de transformation;EN EXPLOITATION;63kV;Rhône
LOUE;LOUE;Poste de transformation;EN EXPLOITATION;90kV;Sarthe
LUCON;LUCON;Poste de transformation;EN EXPLOITATION;90kV;Vendée
LURE;LURE;Poste de transformation;EN EXPLOITATION;63kV;Haute-Saône
M.ACH;MOTHE ACHARD;Poste de transformation;EN EXPLOITATION;90kV;Vendée
SSMON;ST-JEAN-DE-MONTS;Poste de transformation;EN EXPLOITATION;90kV;
SSRIE;ST-HILAIRE-DE-RIEZ;Poste de transformation;EN EXPLOITATION;90kV;Vendée
TADEN;TADEN;Poste de transformation;EN EXPLOITATION;63kV;Côtes-d'Armor
TARAR;TARARE;Poste de transformation;EN EXPLOITATION;63kV;Rhône
SSJEA;ST-JEAN;Poste de transformation;EN EXPLOITATION;63kV;Aisne
SUZE;SUZE (LA);Poste de transformation;EN EXPLOITATION;90kV;Sarthe
LOUHA;LOUHANS;Poste de transformation;EN EXPLOITATION;63kV;Saône-et-Loire
LABOU;LABOUHEYRE;Poste de transformation;EN EXPLOITATION;63kV;Landes
LAMAR;LAMARCK;Poste de transformation;EN EXPLOITATION;63kV;Hauts-de-Seine
LANG8;LANGOGNE;Poste de transformation;EN EXPLOITATION;63kV;Lozère
LESP5;LESPARRE (S.N.C.F.);Poste de transformation;EN EXPLOITATION;63kV;Gironde
BORDI;BORDIERES;Poste de transformation;EN EXPLOITATION;63kV;Haute-Garonne
BORLY;BORLY;Poste de transformation;EN EXPLOITATION;63kV;Haute-Savoie
BOUCE;BOUCEY;Poste de transformation;EN EXPLOITATION;90kV;Ille-et-Vilaine
BOUCH;BOUCHAIN;Poste de transformation;EN EXPLOITATION;400kV;Nord
BOULA;BOULAY;Poste de transformation;EN EXPLOITATION;63kV;Moselle
BOULI;BOULIEU;Poste de transformation;EN EXPLOITATION;63kV;Ardèche
ROUGE;ROUGEMONTIER;Poste de transformation;EN EXPLOITATION;400kV;Eure
BARQU;BARQUET;Poste de transformation;EN EXPLOITATION;225kV;Eure
BECQU;BECQUE;Poste de transformation;EN EXPLOITATION;90kV;
BEINH;BEINHEIM;Poste de transformation;EN EXPLOITATION;63kV;Bas-Rhin
BLAVO;BLAVOZY;Poste de transformation;EN EXPLOITATION;63kV;Haute-Loire
SSHUB;ST-HUBERT;Poste de transformation;EN EXPLOITATION;225kV;Moselle
MORVE;MORVENT;Poste de transformation;EN EXPLOITATION;90kV;Yvelines
MOUZO;MOUZON (SOLLAC);Poste de transformation;EN EXPLOITATION;63kV;Ardennes
ANOUL;ANOULD;Poste de transformation;EN EXPLOITATION;225kV;Vosges
ARNAG;ARNAGE;Poste de transformation;EN EXPLOITATION;225kV;Sarthe
AVALL;AVALLON;Poste de transformation;EN EXPLOITATION;225kV;Yonne
BRENN;BRENNILIS;Poste de transformation;EN EXPLOITATION;225kV;Finistère
T.GAT;THIMERT-GATELLES (PROD. CRUCEY);Poste de transformation;EN EXPLOITATION;90kV;Eure-et-Loir
CERET;CERET;Poste de transformation;EN EXPLOITATION;63kV;Pyrénées-Orientales
MAGNA;MAGNANVILLE;Poste de transformation;EN EXPLOITATION;90kV;Yvelines
MARCL;MARCLAZ;Poste de transformation;EN EXPLOITATION;63kV;
THIER;THIERS (BRUAY-SUR-L'ESCAUT);Poste de transformation;EN EXPLOITATION;225kV;Nord
PALEN;PALENTE;Poste de transformation;EN EXPLOITATION;225kV;Doubs
CPFL5;CHAMPFLEUR;Poste de transformation;EN EXPLOITATION;225kV;Orne
SEREI;SEREIN;Poste de transformation;EN EXPLOITATION;400kV;Yonne
SIERE;SIERENTZ;Poste de transformation;EN EXPLOITATION;400kV;Haut-Rhin
VALDI;VALDIVIENNE;Poste de transformation;EN EXPLOITATION;400kV;Vienne
VLEMA;VILLEMANDEUR;Poste de transformation;EN EXPLOITATION;225kV;Loiret
SOLEI;SOLEIL (LE);Poste de transformation;EN EXPLOITATION;225kV;Loire
P.COR;PIVOZ-CORDIER;Poste de transformation;EN EXPLOITATION;400kV;Loire
P.VIZ;PEAGE-DE-VIZILLE;Poste de transformation;EN EXPLOITATION;63kV;Isère
VIEVR;VIEVRE;Poste de transformation;EN EXPLOITATION;90kV;Eure
LANIN;LANINON;Poste de transformation;EN EXPLOITATION;63kV;Finistère
LANOB;LANOBRE;Poste de transformation;EN EXPLOITATION;90kV;Corrèze
LAVA2;LAVAUR II;Poste de transformation;EN EXPLOITATION;63kV;Corrèze
CLAYE;CLAYETTE (LA);Poste de transformation;EN EXPLOITATION;63kV;Saône-et-Loire
COUES;COUESQUE;Poste de transformation;EN EXPLOITATION;225kV;Aveyron
ZMIGE;PIQUAGE A MIGENNES (LIGNE N0 1);Point de piquage;EN EXPLOITATION;63kV;Yonne
ZORS6;PIQUAGE A CROISSY-BEAUBOURG;Point de piquage;EN EXPLOITATION;225kV;Seine-et-Marne
ZSAU9;PIQUAGE SAULNOIS;Point de piquage;EN EXPLOITATION;225kV;Moselle
ZTERT;TERTR / C.REN VENDO 1;Point de piquage;EN EXPLOITATION;90kV;Loir-et-Cher
ZTREL;J.LOI / CORBI ROSER 1;Point de piquage;EN EXPLOITATION;90kV;Maine-et-Loire
P.MOE;PREVESSIN-MOENS;Poste de transformation;EN EXPLOITATION;63kV;Ain
BOUTR;BOUTRE;Poste de transformation;EN EXPLOITATION;400kV;Bouches-du-Rhône
DORNA;DORNACH;Poste de transformation;EN EXPLOITATION;63kV;Haut-Rhin
M.SER;MOTTE SERVOLEX (LA);Poste de transformation;EN EXPLOITATION;63kV;Savoie
BZBAK;BOURBAKI;Poste de transformation;EN EXPLOITATION;90kV;Seine-Maritime
CSLET;CASTELET (LE);Poste de transformation;EN EXPLOITATION;63kV;Ariège
EPERN;EPERNAY;Poste de transformation;EN EXPLOITATION;63kV;Marne
CHERB;CHERBOURG;Poste de transformation;EN EXPLOITATION;90kV;Manche
P.LAV;PRE LAVAL;Poste de transformation;EN EXPLOITATION;63kV;Isère
THIVI;THIVIERS;Poste de transformation;EN EXPLOITATION;63kV;Dordogne
THONO;THONON;Poste de transformation;EN EXPLOITATION;63kV;
THUES;THUES;Poste de transformation;EN EXPLOITATION;63kV;Pyrénées-Orientales
TORCY;TORCY (CEPIA );Poste de transformation;EN EXPLOITATION;63kV;Ardennes
TUCOY;TUCOY;Poste de transformation;EN EXPLOITATION;150kV;Hautes-Pyrénées
TUCQU;TUCQUEGNIEUX;Poste de transformation;EN EXPLOITATION;63kV;Meurthe-et-Moselle
C.REN;CHATEAU-RENAULT;Poste de transformation;EN EXPLOITATION;90kV;Indre-et-Loire
C.THI;CHATEAU-THIERRY;Poste de transformation;EN EXPLOITATION;63kV;Aisne
LUSIG;LUSIGNAN;Poste de transformation;EN EXPLOITATION;90kV;Vienne
M.ALL;MONISTROL-D ALLIER;Poste de transformation;EN EXPLOITATION;63kV;Haute-Loire
CLOCH;CLOCHETTE (LA);Poste de transformation;EN EXPLOITATION;225kV;Nord
COMME;COMMENTRY;Poste de transformation;EN EXPLOITATION;63kV;Allier
COLLO;COLLONGES;Poste de transformation;EN EXPLOITATION;63kV;Côte-d'Or
V.SEV;VAL-DE-SEVRE;Poste de transformation;EN EXPLOITATION;225kV;Vendée
VALAB;VALABRES;Poste de transformation;EN EXPLOITATION;150kV;Alpes-Maritimes
VALE6;VALENTIGNEY;Poste de transformation;EN EXPLOITATION;63kV;Doubs
MARCI;MARCIGNY;Poste de transformation;EN EXPLOITATION;63kV;Saône-et-Loire
CPIGN;CHAMPIGNEULLES;Poste de transformation;EN EXPLOITATION;63kV;Meurthe-et-Moselle
CRUSS;CRUSSOL;Poste de transformation;EN EXPLOITATION;63kV;Ardèche
CARIS;CARISEY;Poste de transformation;EN EXPLOITATION;225kV;Yonne
CHAB6;CHABOT;Poste de transformation;EN EXPLOITATION;90kV;Vendée
CHAM6;CHAMOUX;Poste de transformation;EN EXPLOITATION;63kV;Savoie
CHAT8;CHATAIGNIERS (LES);Poste de transformation;EN EXPLOITATION;150kV;Alpes-Maritimes
CHATR;CHATRE (LA);Poste de transformation;EN EXPLOITATION;90kV;Haute-Vienne
CHOLO;CHOLOY;Poste de transformation;EN EXPLOITATION;63kV;Meurthe-et-Moselle
MASEV;MASEVAUX;Poste de transformation;EN EXPLOITATION;63kV;Haut-Rhin
MERIG;MERIGNAC;Poste de transformation;EN EXPLOITATION;63kV;Gironde
MERIQ;MERIQUETTE;Poste de transformation;EN EXPLOITATION;63kV;Bouches-du-Rhône
DENNA;DENNA;Poste de transformation;EN EXPLOITATION;225kV;
ZB.MA;B.MAU / ARC18 MALGO 1;Point de piquage;EN EXPLOITATION;63kV;Savoie
ZCOU5;PIQUAGE COUGNALA (LIAISON CANTEZ32DAX);Point de piquage;EN EXPLOITATION;63kV;Landes
CEMPA;CEMPA;Poste de transformation;EN EXPLOITATION;63kV;Bas-Rhin
CHARD;CHARDES;Poste de transformation;EN EXPLOITATION;90kV;Vienne
ZEDGA;PIQUAGE A LILLEBONNE;Point de piquage;EN EXPLOITATION;90kV;Seine-Maritime
TRELA;TRELAZE;Poste de transformation;EN EXPLOITATION;90kV;Maine-et-Loire
NADIE;NADIERE (LA);Poste de transformation;EN EXPLOITATION;63kV;Aude
NARBO;NARBONNE;Poste de transformation;EN EXPLOITATION;63kV;Aude
MIMI5;MIMIZAN (CLIENT);Poste de transformation;EN EXPLOITATION;63kV;
MOTTE;MOTTELETTE (LA);Poste de transformation;EN EXPLOITATION;90kV;Pas-de-Calais
ZG.M5;PIQUAGE GDE MOTTE (LIAISON A.MORZ31SSCHR);Point de piquage;EN EXPLOITATION;63kV;Hérault
ZGOR6;PIQUAGE GORRE 6 (LIAISON SSJUNZ41TANNI);Point de piquage;EN EXPLOITATION;90kV;Charente
ZKERL;PIQUAGE A KERLAN;Point de piquage;EN EXPLOITATION;225kV;Loire-Atlantique
ZLISS;CHAT7 / BUZAN LOCHE 1;Point de piquage;EN EXPLOITATION;90kV;Indre
MALHE;MALHERBE;Poste de transformation;EN EXPLOITATION;63kV;Isère
V.PRE;VIEUX-PRE;Poste de transformation;EN EXPLOITATION;63kV;Meurthe-et-Moselle
VALCA;VALCANVILLE;Poste de transformation;EN EXPLOITATION;90kV;Manche
CREDI;CREDIN;Poste de transformation;EN EXPLOITATION;63kV;Morbihan
CST;CASTET (PORTIQUE);Poste de transformation;EN EXPLOITATION;63kV;Pyrénées-Atlantiques
YENNE;YENNE;Poste de transformation;EN EXPLOITATION;63kV;Ain
ZA.LI;PIQUAGE A GARDON;Point de piquage;EN EXPLOITATION;63kV;Ardèche
NEUF5;NEUFCHATEL;Poste de transformation;EN EXPLOITATION;90kV;Seine-Maritime
VERCH;VERCHERES (LES);Poste de transformation;EN EXPLOITATION;63kV;Isère
VERN;VERN;Poste de transformation;EN EXPLOITATION;90kV;Ille-et-Vilaine
VERSA;VERSAILLES;Poste de transformation;EN EXPLOITATION;225kV;Yvelines
ZSSRI;SSRIV / CONTE CZBAI 1;Point de piquage;EN EXPLOITATION;63kV;Alpes-Maritimes
ZSTE5;PIQUAGE MOUZON;Point de piquage;EN EXPLOITATION;63kV;Ardennes
BVIL6;BELLEVILLE (HAUTELUCE);Poste de transformation;EN EXPLOITATION;45kV;Savoie
MTBOU;MONTBOUCONS;Poste de transformation;EN EXPLOITATION;63kV;Doubs
VOUGL;VOUGLANS;Poste de transformation;EN EXPLOITATION;225kV;Jura
WARHE;WARHEM;Poste de transformation;EN EXPLOITATION;90kV;Nord
ZB20;PIQUAGE A CHANTURGUE;Point de piquage;EN EXPLOITATION;63kV;Puy-de-Dôme
VENDE;VENDETS;Poste de transformation;EN EXPLOITATION;63kV;Haute-Loire
BRIOU;BRIOUDE;Poste de transformation;EN EXPLOITATION;63kV;Haute-Loire
P.JE5;PORT-JEROME (CLIENT);Poste de transformation;EN EXPLOITATION;90kV;Seine-Maritime
BXNE;BEAUNE;Poste de transformation;EN EXPLOITATION;63kV;Côte-d'Or
FOYAU;FOYAUX;Poste de transformation;EN EXPLOITATION;90kV;Nord
CHECY;CHECY;Poste de transformation;EN EXPLOITATION;90kV;Loiret
P.ROL;PONT-ROLLAND;Poste de transformation;EN EXPLOITATION;63kV;
P.ROU;POTEAU-ROUGE;Poste de transformation;EN EXPLOITATION;225kV;Morbihan
DOMLO;DOMLOUP;Poste de transformation;EN EXPLOITATION;400kV;Ille-et-Vilaine
MAZIE;MAZIERES;Poste de transformation;EN EXPLOITATION;90kV;Cher
PERIZ;PERIZET (LE);Poste de transformation;EN EXPLOITATION;225kV;Nord
PTCHA;PONTCHATEAU;Poste de transformation;EN EXPLOITATION;225kV;Loire-Atlantique
ZPRR6;PIQUAGE A PIERREFITTE;Point de piquage;EN EXPLOITATION;90kV;Ille-et-Vilaine
ZQUA5;QUARO / THIER V.CON 1;Point de piquage;EN EXPLOITATION;63kV;Nord
ZRAMB;PIQUAGE A RAMBOUILLET;Point de piquage;EN EXPLOITATION;63kV;Yvelines
PICHO;PICHON;Poste de transformation;EN EXPLOITATION;63kV;Gironde
ZROU2;PIQUAGE A ROULEAUX 2;Point de piquage;EN EXPLOITATION;63kV;Loire-Atlantique
ZSAUG;PIQUAGE SAUGEES A SAINT-MICHEL-SUR-ORGE (ZSAUG);Point de piquage;EN EXPLOITATION;90kV;Essonne
ZSEV5;PIQUAGE A SEVENANS;Point de piquage;EN EXPLOITATION;63kV;Territoire de Belfort
ZSSC6;PIQUAGE A PLONEVEZ-PORZAY (ST-COULITZ);Point de piquage;EN EXPLOITATION;63kV;Finistère
ZSSC7;SSCO5 / ARDOI MOTT5 1;Point de piquage;EN EXPLOITATION;63kV;Gard
CHARO;CHAROLLES;Poste de transformation;EN EXPLOITATION;63kV;Saône-et-Loire
CHIN5;CHINON;Poste de transformation;EN EXPLOITATION;90kV;Indre-et-Loire
NAVIL;NAVILLY;Poste de transformation;EN EXPLOITATION;63kV;Saône-et-Loire
CRAYW;CRAYWICK;Poste de transformation;EN EXPLOITATION;225kV;Pas-de-Calais
ZSSCY;PIQUAGE ST CYPRIEN LIAISON A.MERZ31M.BRU;Point de piquage;EN EXPLOITATION;63kV;Pyrénées-Orientales
ZPOUL;PP A PLOGASTEL-ST-GERMAIN (POULDREUZIC)-SAINT-GERMAIN;Point de piquage;EN EXPLOITATION;63kV;Finistère
ZROUY;PIQUAGE ROUYE (LIAISON DAX Z31MARSI);Point de piquage;EN EXPLOITATION;63kV;Landes
ZSSJU;PIQUAGE ST JULIEN (LIAISON CARBOZ31PALAM);Point de piquage;EN EXPLOITATION;63kV;Haute-Garonne
ZT.BA;PIQUAGE A TRONVILLE-EN-BARROIS;Point de piquage;EN EXPLOITATION;63kV;Meuse
ZY.EV;Y.EVE / ARNAG ZBZRA 2;Point de piquage;EN EXPLOITATION;90kV;Sarthe
FURON;FURON;Poste de transformation;EN EXPLOITATION;63kV;Isère
PONS;PONS;Poste de transformation;EN EXPLOITATION;90kV;Charente-Maritime
ROSER;ROSERAIE (LA);Poste de transformation;EN EXPLOITATION;90kV;Maine-et-Loire
ROYE;ROYE;Poste de transformation;EN EXPLOITATION;225kV;Somme
S.DEN;SEPT-DENIERS;Poste de transformation;EN EXPLOITATION;63kV;Haute-Garonne
ZHAUT;HAUT5 / BVIL6 BXFOR 1;Point de piquage;EN EXPLOITATION;45kV;Savoie
ZHEMI;PIQUAGE HEMING;Point de piquage;EN EXPLOITATION;63kV;Moselle
BXBOU;BEAUBOURG;Poste de transformation;EN EXPLOITATION;225kV;Paris
G.COE;GRAND-COEUR;Poste de transformation;EN EXPLOITATION;225kV;Savoie
MILL5;MILLERY (69);Poste de transformation;EN EXPLOITATION;63kV;Rhône
MOREZ;MOREZ;Poste de transformation;EN EXPLOITATION;63kV;Jura
ZAMPE;AMPE5 / JOUX VLEFR 1;Point de piquage;EN EXPLOITATION;63kV;Rhône
ZTRUE;PIQUAGE TRUEL (LIAISON JOURDZ31SSVIC);Point de piquage;EN EXPLOITATION;63kV;Aveyron
C.SEI;CHATILLON-SUR-SEINE;Poste de transformation;EN EXPLOITATION;225kV;Côte-d'Or
CASSA;CASSAGNE (LA);Poste de transformation;EN EXPLOITATION;63kV;Pyrénées-Orientales
PAUDY;PAUDY;Poste de transformation;EN EXPLOITATION;225kV;Indre
ZCP.M;PIQUAGE A CHAMP-MOLLET;Point de piquage;EN EXPLOITATION;225kV;Aisne
SSSA6;SAINT-SAVOURNIN;Poste de transformation;EN EXPLOITATION;63kV;Bouches-du-Rhône
PEUP5;PEUPLINGUES;Poste de transformation;EN EXPLOITATION;400kV;Pas-de-Calais
CARAV;CARAVELLE;Poste de transformation;EN EXPLOITATION;63kV;Loire-Atlantique
SALSI;SALSIGNE;Poste de transformation;EN EXPLOITATION;225kV;Aude
C.NOI;CONDE-SUR-NOIREAU;Poste de transformation;EN EXPLOITATION;90kV;Calvados
C.RO6;CAS-ROUGE;Poste de transformation;EN EXPLOITATION;90kV;Loiret
C.ROU;CROIX-ROUSSE;Poste de transformation;EN EXPLOITATION;225kV;Rhône
C.VIL;CAMI-DE-VILANOVA;Poste de transformation;EN EXPLOITATION;225kV;Pyrénées-Orientales
R.LES;ROUEN-LESSARD;Poste de transformation;EN EXPLOITATION;90kV;Seine-Maritime
CXNAY;CHAUNAY;Poste de transformation;EN EXPLOITATION;225kV;Eure-et-Loir
GATEL;GATELLIER;Poste de transformation;EN EXPLOITATION;225kV;Cantal
MOHON;MOHON;Poste de transformation;EN EXPLOITATION;225kV;Ardennes
FOUCA;FOUCAUDIERE (LA);Poste de transformation;EN EXPLOITATION;90kV;Sarthe
FOURA;FOURAUDERIE;Poste de transformation;EN EXPLOITATION;90kV;Sarthe
REMIR;REMIREMONT;Poste de transformation;EN EXPLOITATION;63kV;Vosges
ROHRW;ROHRWILLER;Poste de transformation;EN EXPLOITATION;63kV;Bas-Rhin
ROISE;ROISEL;Poste de transformation;EN EXPLOITATION;63kV;Somme
ZLAMO;PIQUAGE LAMOTHE (LIAISON ARCACZ31FACTU);Point de piquage;EN EXPLOITATION;63kV;Gironde
ZLANC;LANCE / EYBEN FROGE 1;Point de piquage;EN EXPLOITATION;225kV;Isère
NOYAL;NOYALES;Poste de transformation;EN EXPLOITATION;63kV;Aisne
RECOU;RECOUVRANCE;Poste de transformation;EN EXPLOITATION;225kV;Loire-Atlantique
TAMAR;TAMAREAU;Poste de transformation;EN EXPLOITATION;400kV;Hérault
REINI;REINIERE;Poste de transformation;EN EXPLOITATION;90kV;Orne
CREST;CREST;Poste de transformation;EN EXPLOITATION;63kV;Drôme
D.FON;DOUE-LA-FONTAINE;Poste de transformation;EN EXPLOITATION;90kV;Maine-et-Loire
FRONT;FRONTIGNAN;Poste de transformation;EN EXPLOITATION;63kV;Hérault
CARQ5;CARQUEFOU;Poste de transformation;EN EXPLOITATION;63kV;Loire-Atlantique
ZCHOU;PIQUAGE CHOUY;Point de piquage;EN EXPLOITATION;63kV;Aisne
ZCUBR;PIQUAGE CUBRY;Point de piquage;EN EXPLOITATION;90kV;Marne
ZCZE5;PIQUAGE A COUREGES;Point de piquage;EN EXPLOITATION;63kV;Vaucluse
MONLO;MONLOO;Poste de transformation;EN EXPLOITATION;150kV;Hautes-Pyrénées
SARR6;SARREGUEMINES;Poste de transformation;EN EXPLOITATION;225kV;Moselle
PUISE;PUISEUX;Poste de transformation;EN EXPLOITATION;225kV;Val-d'Oise
G.MO5;GRANDE-MOTTE;Poste de transformation;EN EXPLOITATION;63kV;Hérault
EVIAN;EVIAN;Poste de transformation;EN EXPLOITATION;63kV;Haute-Savoie
CXTAG;CHAUTAGNE;Poste de transformation;EN EXPLOITATION;63kV;Ain
D.FRA;DIGUE-DES-FRANCAIS;Poste de transformation;EN EXPLOITATION;225kV;Alpes-Maritimes
SSJUN;ST-JUNIEN;Poste de transformation;EN EXPLOITATION;90kV;Haute-Vienne
SSV.E;ST-VULBAS-EST;Poste de transformation;EN EXPLOITATION;225kV;Ain
G.COL;GRAND-COLOMBIER;Poste de transformation;EN EXPLOITATION;225kV;
GAIL6;GAILLON;Poste de transformation;EN EXPLOITATION;90kV;Eure
GENLI;GENLIS;Poste de transformation;EN EXPLOITATION;63kV;Côte-d'Or
GESVR;GESVRES;Poste de transformation;EN EXPLOITATION;63kV;Loire-Atlantique
DOMBA;DOMBASLE (STE SOLVAY);Poste de transformation;EN EXPLOITATION;63kV;Meurthe-et-Moselle
DUNES;DUNES (LES);Poste de transformation;EN EXPLOITATION;225kV;
C.LEO;CROIX-LEONARD;Poste de transformation;EN EXPLOITATION;63kV;Saône-et-Loire
PUGET;PUGET;Poste de transformation;EN EXPLOITATION;63kV;Var
PUYO5;PUYOO (S.N.C.F.);Poste de transformation;EN EXPLOITATION;63kV;Pyrénées-Atlantiques
PYRAM;PYRAMIDES;Poste de transformation;EN EXPLOITATION;225kV;Paris
R.CH5;RECHICOURT-LE-CHATEAU;Poste de transformation;EN EXPLOITATION;63kV;Moselle
ABBEN;ABBENANS;Poste de transformation;EN EXPLOITATION;63kV;Doubs
BXCOU;BEAUCOUZE;Poste de transformation;EN EXPLOITATION;225kV;Maine-et-Loire
C.MET;CROIX-DE-METZ;Poste de transformation;EN EXPLOITATION;225kV;Meurthe-et-Moselle
C.SAU;CHEVIGNY-ST-SAUVEUR;Poste de transformation;EN EXPLOITATION;63kV;Côte-d'Or
CALYP;CALYPSO;Poste de transformation;EN EXPLOITATION;45kV;Savoie
CZPIE;COURPIERE;Poste de transformation;EN EXPLOITATION;63kV;Puy-de-Dôme
DEBON;DEBONNAIRE;Poste de transformation;EN EXPLOITATION;63kV;Moselle
A.LI6;AIR-LIQUIDE (A GRANDE SYNTHE);Poste de transformation;EN EXPLOITATION;225kV;Nord
TILL5;TILLEUL;Poste de transformation;EN EXPLOITATION;400kV;Eure
TONNE;TONNERRE;Poste de transformation;EN EXPLOITATION;225kV;Yonne
WEPPE;WEPPES;Poste de transformation;EN EXPLOITATION;400kV;Pas-de-Calais
PTIVY;PONTIVY;Poste de transformation;EN EXPLOITATION;63kV;Morbihan
PTMAI;PONTMAIN;Poste de transformation;EN EXPLOITATION;90kV;Ille-et-Vilaine
PUBLI;PUBLIER;Poste de transformation;EN EXPLOITATION;63kV;
PUYBE;PUYBELLIARD;Poste de transformation;EN EXPLOITATION;90kV;Vendée
PUYPE;PUYPERTUS;Poste de transformation;EN EXPLOITATION;90kV;Corrèze
RETHE;RETHEL;Poste de transformation;EN EXPLOITATION;63kV;Ardennes
REVE5;REVEL (PIPE-LINE SUD-EUROPEEN NO 3A);Poste de transformation;EN EXPLOITATION;63kV;Isère
ZDEGA;PIQUAGE DEGAGNAC SNCF (LIAISON DEGA5Z31GOURD);Point de piquage;EN EXPLOITATION;63kV;Lot
ALLON;ALLONNE;Poste de transformation;EN EXPLOITATION;63kV;Oise
ANTIB;ANTIBES;Poste de transformation;EN EXPLOITATION;225kV;Alpes-Maritimes
CORNE;CORNEILLE;Poste de transformation;EN EXPLOITATION;90kV;Seine-Maritime
COUL5;COULONDRES;Poste de transformation;EN EXPLOITATION;63kV;Hérault
ZDOME;DOMEN / FROGE MEYLA 1;Point de piquage;EN EXPLOITATION;63kV;Isère
SSPOU;ST-GENIS-POUILLY;Poste de transformation;EN EXPLOITATION;63kV;Ain
MTLU5;MONTLUC;Poste de transformation;EN EXPLOITATION;63kV;Loire-Atlantique
N.MAR;NEUILLY-SUR-MARNE (POSTE D);Poste de transformation;EN EXPLOITATION;225kV;Seine-Saint-Denis
ZPRA5;PRATC / M.ALL ZNAUS 1;Point de piquage;EN EXPLOITATION;63kV;Haute-Loire
ZRQBI;RQBIL / LINGO SSDAL 1;Point de piquage;EN EXPLOITATION;150kV;Alpes-Maritimes
FAVER;FAVERGES;Poste de transformation;EN EXPLOITATION;63kV;Haute-Savoie
VERTU;VERTUS;Poste de transformation;EN EXPLOITATION;90kV;Marne
VIMOU;VIMOUTIERS;Poste de transformation;EN EXPLOITATION;90kV;Orne
ZSSFE;PIQUAGE ST-FERJEUX;Point de piquage;EN EXPLOITATION;63kV;Doubs
ZSSL5;PIQUAGE ST LARY (LIAISON ARRE5Z31EGET);Point de piquage;EN EXPLOITATION;63kV;Hautes-Pyrénées
CZELL;COURELLES (LES);Poste de transformation;EN EXPLOITATION;90kV;Loiret
SSGEO;ST-GEORGES;Poste de transformation;EN EXPLOITATION;63kV;Aude
GIROT;GIROTTE (LA);Poste de transformation;EN EXPLOITATION;45kV;Savoie
VIVI5;VIVIERS;Poste de transformation;EN EXPLOITATION;63kV;Ardèche
YAINV;YAINVILLE;Poste de transformation;EN EXPLOITATION;225kV;Seine-Maritime
CZRIE;COURRIERES;Poste de transformation;EN EXPLOITATION;225kV;Pas-de-Calais
SAUV7;SAUVE;Poste de transformation;EN EXPLOITATION;63kV;Gard
ARGIA;ARGIA (BAYONNE SUD);Poste de transformation;EN EXPLOITATION;400kV;Pyrénées-Atlantiques
GOUTR;GOUTRENS;Poste de transformation;EN EXPLOITATION;63kV;Aveyron
COMPS;COMPS;Poste de transformation;EN EXPLOITATION;225kV;Puy-de-Dôme
CORM5;CORMELAI;Poste de transformation;EN EXPLOITATION;90kV;Indre
COUTA;COUTANCES;Poste de transformation;EN EXPLOITATION;90kV;Manche
CRAON;CRAON;Poste de transformation;EN EXPLOITATION;90kV;Mayenne
SSANG;ST-JEAN-D ANGELY;Poste de transformation;EN EXPLOITATION;90kV;Charente-Maritime
CARNO;CARNOULES;Poste de transformation;EN EXPLOITATION;63kV;Var
MARCE;MARCELINE;Poste de transformation;EN EXPLOITATION;63kV;Isère
MASSA;MASSANE;Poste de transformation;EN EXPLOITATION;63kV;Pyrénées-Orientales
MAXE;MAXE (LA);Poste de transformation;EN EXPLOITATION;225kV;Moselle
ZMOHE;PIQUAGE MOHET 1;Point de piquage;EN EXPLOITATION;63kV;Somme
ZMOIS;MOIS5 / MOUCH OULLI 1;Point de piquage;EN EXPLOITATION;63kV;Rhône
ZNEUV;NEUVY / COSNE FORTA 1;Point de piquage;EN EXPLOITATION;63kV;Loiret
ZOLLA;PIQUAGE A OLLAINVILLE;Point de piquage;EN EXPLOITATION;90kV;Essonne
ZEPIZ;PIQUAGE A EPIZON;Point de piquage;EN EXPLOITATION;225kV;Haute-Marne
J.BOI;JEU-LES-BOIS;Poste de transformation;EN EXPLOITATION;90kV;Indre
GUEU8;GUEUGNON (ENEDIS);Poste de transformation;EN EXPLOITATION;63kV;Saône-et-Loire
ZCAR8;PIQUAGE A CARLING (LIGNE N2);Point de piquage;EN EXPLOITATION;63kV;Moselle
VESAI;VESAIGNES;Poste de transformation;EN EXPLOITATION;63kV;Haute-Marne
VINON;VINON;Poste de transformation;EN EXPLOITATION;63kV;Var
KUHL5;KUHLMANN;Poste de transformation;EN EXPLOITATION;63kV;Loire-Atlantique
ZLIM5;LIMON / BESS5 GAMPA 1;Point de piquage;EN EXPLOITATION;63kV;Loire
ZPERP;PIQUAGE PERPIGNAN 1 (LIAISON CABESZ31M.BRU);Point de piquage;EN EXPLOITATION;63kV;Pyrénées-Orientales
ZPINE;PIQUAGE A  LA BOCCA 1;Point de piquage;EN EXPLOITATION;63kV;Var
ZHER9;PIQUAGE A HERBIGNAC;Point de piquage;EN EXPLOITATION;63kV;Loire-Atlantique
CSLL5;CASTELLAS;Poste de transformation;EN EXPLOITATION;63kV;Hérault
ZMERE;PIQUAGE MERENS (LIAISON HOSPIZ61TARAS);Point de piquage;EN EXPLOITATION;225kV;Ariège
ZMEY5;MEYLA / EYBEN I.VER 1;Point de piquage;EN EXPLOITATION;63kV;Isère
SOUL6;SOULAC;Poste de transformation;EN EXPLOITATION;63kV;
MEUNI;MEUNIERES (LES);Poste de transformation;EN EXPLOITATION;225kV;Ain
MIRIB;MIRIBEL;Poste de transformation;EN EXPLOITATION;63kV;Rhône
ZROJA;PIQUAGE ROJA (LIAISON MARM5Z31TONN5);Point de piquage;EN EXPLOITATION;63kV;Lot-et-Garonne
ZSER5;SERVA / C.CHA CIZE 1;Point de piquage;EN EXPLOITATION;63kV;Ain
ZSOLE;SOLES / FAMAR PERIZ 1;Point de piquage;EN EXPLOITATION;63kV;Nord
ZSSEU;PIQUAGE A THOMER-LA-SOGNE;Point de piquage;EN EXPLOITATION;90kV;Eure
O.CHA;ONET-LE-CHATEAU;Poste de transformation;EN EXPLOITATION;225kV;Aveyron
JANAI;JANAIS (LA);Poste de transformation;EN EXPLOITATION;90kV;Ille-et-Vilaine
LARGU;LARGUE (LE);Poste de transformation;EN EXPLOITATION;63kV;Alpes-de-Haute-Provence
TESTE;TESTE (LA);Poste de transformation;EN EXPLOITATION;63kV;
THOUA;THOUARS;Poste de transformation;EN EXPLOITATION;90kV;Deux-Sèvres
THOUR;THOUROTTE;Poste de transformation;EN EXPLOITATION;63kV;Oise
LINGO;LINGOSTIERE;Poste de transformation;EN EXPLOITATION;150kV;Alpes-Maritimes
FIRM5;FIRMINY;Poste de transformation;EN EXPLOITATION;225kV;Loire
E.BON;EAUX-BONNES;Poste de transformation;EN EXPLOITATION;63kV;Pyrénées-Atlantiques
E.FOR;EPINES-FORTES;Poste de transformation;EN EXPLOITATION;90kV;Indre-et-Loire
E.HUC;EMILE-HUCHET;Poste de transformation;EN EXPLOITATION;400kV;Moselle
MARZE;MARZENS;Poste de transformation;EN EXPLOITATION;63kV;Tarn
ROM;ROM;Poste de transformation;EN EXPLOITATION;400kV;Vienne
BRENS;BRENS;Poste de transformation;EN EXPLOITATION;225kV;Ain
SOUTE;SOUTERRAINE (LA);Poste de transformation;EN EXPLOITATION;90kV;Creuse
SSAV7;ST-AVE;Poste de transformation;EN EXPLOITATION;63kV;Morbihan
ESTRE;ESTRESSIN;Poste de transformation;EN EXPLOITATION;63kV;Rhône
EVREU;EVREUX;Poste de transformation;EN EXPLOITATION;90kV;Eure
T.VIC;TRINITE-VICTOR;Poste de transformation;EN EXPLOITATION;225kV;Alpes-Maritimes
C.LO6;CHARITE-SUR-LOIRE (LA);Poste de transformation;EN EXPLOITATION;63kV;Cher
CARB5;CARBONNE (CLIENT);Poste de transformation;EN EXPLOITATION;63kV;Haute-Garonne
CEREE;CERE;Poste de transformation;ACCORD ADMINISTRATIF;225kV;Landes
MTOIS;MONTOIS;Poste de transformation;EN EXPLOITATION;225kV;Meurthe-et-Moselle
MTVER;MONTVERDUN;Poste de transformation;EN EXPLOITATION;63kV;Loire
TOULO;TOULOUSE (CEAT);Poste de transformation;EN EXPLOITATION;63kV;Haute-Garonne
FOUIL;FOUILLOY;Poste de transformation;EN EXPLOITATION;90kV;Oise
BZELI;BOURELIE (LA);Poste de transformation;EN EXPLOITATION;63kV;Tarn
SAUS6;SAUSSAYE;Poste de transformation;EN EXPLOITATION;90kV;Loiret
SCHIR;SCHIRMECK;Poste de transformation;EN EXPLOITATION;63kV;Bas-Rhin
LIEVE;LIEVE;Poste de transformation;EN EXPLOITATION;63kV;Puy-de-Dôme
M.FAM;MAING-FAMARS;Poste de transformation;EN EXPLOITATION;63kV;Nord
VAISO;VAISON (-LA-ROMAINE);Poste de transformation;EN EXPLOITATION;63kV;Vaucluse
ZS.CH;S.CHE / SEIGY VARE5 1;Point de piquage;EN EXPLOITATION;90kV;Loir-et-Cher
BIACA;BIACAVE;Poste de transformation;EN EXPLOITATION;63kV;Hautes-Pyrénées
G.DEN;GAULT-SAINT-DENIS;Poste de transformation;EN EXPLOITATION;225kV;Eure-et-Loir
VINGE;VINGEANNE;Poste de transformation;EN EXPLOITATION;63kV;Côte-d'Or
DOL;DOL (-DE-BRETAGNE);Poste de transformation;EN EXPLOITATION;90kV;Ille-et-Vilaine
ZCSLS;PIQUAGE CASTELSARRASIN(CLIENT) (LIAISON CSLSAZ31MOISS);Point de piquage;EN EXPLOITATION;63kV;Tarn-et-Garonne
DONCH;DONCHERY;Poste de transformation;EN EXPLOITATION;63kV;Ardennes
ZGOIS;GOISE / MELLE SSFLO 1;Point de piquage;EN EXPLOITATION;90kV;Deux-Sèvres
ZSSPE;PIQUAGE A SAINT-PEYRE;Point de piquage;EN EXPLOITATION;63kV;Tarn-et-Garonne
VOGEL;VOGELGRUN;Poste de transformation;EN EXPLOITATION;225kV;Haut-Rhin
BRETA;BRETAGNE;Poste de transformation;EN EXPLOITATION;63kV;Gers
BREV6;BREVAL;Poste de transformation;EN EXPLOITATION;63kV;Val-d'Oise
BRUGA;BRUGALE;Poste de transformation;EN EXPLOITATION;63kV;Corrèze
BUZAN;BUZANCAIS;Poste de transformation;EN EXPLOITATION;90kV;Indre
SENAR;SENART;Poste de transformation;EN EXPLOITATION;225kV;Essonne
P.RH5;PEC-RHIN;Poste de transformation;EN EXPLOITATION;63kV;Haut-Rhin
PALAI;PALAIS (LE);Poste de transformation;EN EXPLOITATION;90kV;Haute-Vienne
VLERS;VILLERS;Poste de transformation;EN EXPLOITATION;63kV;Essonne
VNERE;VIGNERES;Poste de transformation;EN EXPLOITATION;63kV;Haute-Savoie
WALDI;WALDIGHOFFEN;Poste de transformation;EN EXPLOITATION;63kV;Haut-Rhin
PTAC;PONTAC;Poste de transformation;EN EXPLOITATION;63kV;Gironde
ZCARL;PIQUAGE CARLA (LIAISON GOURJZ31LUZI1);Point de piquage;EN EXPLOITATION;63kV;Tarn
DORE;DORE;Poste de transformation;EN EXPLOITATION;63kV;Puy-de-Dôme
CTAU;CHATEAU (LE);Poste de transformation;EN EXPLOITATION;63kV;Haute-Garonne
CUISE;CUISEAUX;Poste de transformation;EN EXPLOITATION;63kV;Saône-et-Loire
MAGN5;MAGNAZEIX;Poste de transformation;EN EXPLOITATION;90kV;Haute-Vienne
MAIGN;MAIGNELAY;Poste de transformation;EN EXPLOITATION;63kV;Oise
MALAG;MALAGUAY;Poste de transformation;EN EXPLOITATION;90kV;Eure-et-Loir
VENDO;VENDOME;Poste de transformation;EN EXPLOITATION;90kV;Loir-et-Cher
ZSERI;GRIBO / BXGEN LESTI 1;Point de piquage;EN EXPLOITATION;90kV;Loir-et-Cher
ZSSBO;PIQUAGE A SAINT-PHILBERT-DE-BOUAINE;Point de piquage;EN EXPLOITATION;90kV;Loire-Atlantique
ZVIRI;VIRIA / CADAL FLEYR 1;Point de piquage;EN EXPLOITATION;63kV;Ain
ZYVE5;PIQUAGE YVETOT A SAINT-WANDRILLE-RANCON (ZYVE5);Point de piquage;EN EXPLOITATION;90kV;Seine-Maritime
QUEIG;QUEIGE;Poste de transformation;EN EXPLOITATION;63kV;Savoie
RAMB5;RAMBOZ;Poste de transformation;EN EXPLOITATION;63kV;Rhône
PLISO;PLISON;Poste de transformation;EN EXPLOITATION;225kV;Seine-et-Marne
POLLI;POLLIAT;Poste de transformation;EN EXPLOITATION;63kV;Ain
PORNI;PORNIC;Poste de transformation;EN EXPLOITATION;63kV;Loire-Atlantique
POULD;POULDREUZIC;Poste de transformation;EN EXPLOITATION;63kV;Finistère
S.BRE;SAULT-BRENAZ;Poste de transformation;EN EXPLOITATION;63kV;Isère
CLAV5;CLAVAUX (LES) (PORTIQUE);Poste de transformation;EN EXPLOITATION;63kV;Isère
BRONS;BRONSONNIERE (LA);Poste de transformation;EN EXPLOITATION;63kV;Savoie
REBO5;REBOURSIN;Poste de transformation;EN EXPLOITATION;90kV;Indre
REINA;REINANGE;Poste de transformation;EN EXPLOITATION;63kV;Moselle
RELA5;RELAIS;Poste de transformation;EN EXPLOITATION;225kV;Bouches-du-Rhône
ESCO2;ESCOULOUBRE II;Poste de transformation;EN EXPLOITATION;63kV;Ariège
ZEMAL;PIQUAGE A FRENOUVILLE;Point de piquage;EN EXPLOITATION;225kV;Calvados
CLEON;CLEON;Poste de transformation;EN EXPLOITATION;225kV;Seine-Maritime
CALCE;CALCE;Poste de transformation;EN EXPLOITATION;63kV;Pyrénées-Orientales
ROCH6;ROCHETTE (LA);Poste de transformation;EN EXPLOITATION;63kV;Savoie
1P.RE;PUIG-REDON /TECH 26KV;Poste de transformation;EN EXPLOITATION;<45kV;Pyrénées-Orientales
1RENA;RENAULT /SANDOUVILLE 20KV;Poste de transformation;EN EXPLOITATION;<45kV;Seine-Maritime
ZGORG;PIQUAGE A L ILE-ROSE;Point de piquage;EN EXPLOITATION;63kV;Isère
GENAY;GENAY;Poste de transformation;EN EXPLOITATION;63kV;Rhône
MARA5;MARAIS (ASCOMETAL AU MARAIS);Poste de transformation;EN EXPLOITATION;63kV;Loire
G.QUE;GRAND-QUEVILLY;Poste de transformation;EN EXPLOITATION;225kV;Seine-Maritime
GANDR;GANDRANGE;Poste de transformation;EN EXPLOITATION;225kV;Moselle
GANTE;GANTERIE;Poste de transformation;EN EXPLOITATION;90kV;Eure
P.HER;PRE-DES-HERBES;Poste de transformation;EN EXPLOITATION;63kV;Isère
BILLY;BILLY;Poste de transformation;EN EXPLOITATION;225kV;Allier
BLAIN;BLAIN;Poste de transformation;EN EXPLOITATION;63kV;Loire-Atlantique
BORD7;BORDES (PORTIQUE);Poste de transformation;EN EXPLOITATION;63kV;Pyrénées-Atlantiques
BOULO;BOULOU;Poste de transformation;EN EXPLOITATION;63kV;Pyrénées-Orientales
RONCH;RONCHAMP;Poste de transformation;EN EXPLOITATION;63kV;Haute-Saône
ROQUE;ROQUES (LES);Poste de transformation;EN EXPLOITATION;63kV;Bouches-du-Rhône
RUBLO;RUBLOTS (LES);Poste de transformation;EN EXPLOITATION;63kV;Yonne
FAUGA;FAUGA;Poste de transformation;EN EXPLOITATION;63kV;Haute-Garonne
NOURO;NOUROTTES;Poste de transformation;EN EXPLOITATION;225kV;Yvelines
NOUZO;NOUZONVILLE;Poste de transformation;EN EXPLOITATION;63kV;Ardennes
USSEL;USSEL;Poste de transformation;EN EXPLOITATION;90kV;Corrèze
V.BIG;VIC-EN-BIGORRE;Poste de transformation;EN EXPLOITATION;63kV;Hautes-Pyrénées
V.CO5;VILLEFRANCHE-DE-CONFLENT;Poste de transformation;EN EXPLOITATION;63kV;Pyrénées-Orientales
P.TRI;PONT TRINQUAT;Poste de transformation;EN EXPLOITATION;225kV;Hérault
ZBOR7;PIQUAGE BORDERES (LIAISON ARRE5Z32EGET);Point de piquage;EN EXPLOITATION;63kV;Hautes-Pyrénées
SSAL6;ST-PIERRE-D ALBIGNY (S.N.C.F.);Poste de transformation;EN EXPLOITATION;63kV;Savoie
SSAST;ST-ASTIER;Poste de transformation;EN EXPLOITATION;63kV;Dordogne
ZCOR6;CORBI / BXCOU LAVAL 1;Point de piquage;EN EXPLOITATION;225kV;Maine-et-Loire
ZCOU8;COUDE / DUNES G.SYN 1;Point de piquage;EN EXPLOITATION;90kV;Nord
ZCOUG;PIQUAGE COUGNALA (LIAISON DAX Z31R.LAN);Point de piquage;EN EXPLOITATION;63kV;Landes
ZC.FO;PIQUAGE COLOMBIER-FONTAINE;Point de piquage;EN EXPLOITATION;63kV;Doubs
ZCHA5;PIQUAGE CHARNY;Point de piquage;EN EXPLOITATION;63kV;Loiret
ETAN5;ETANG (L);Poste de transformation;EN EXPLOITATION;63kV;Seine-et-Marne
FENOU;FENOUILLERE;Poste de transformation;EN EXPLOITATION;63kV;Bouches-du-Rhône
CHAPE;CHAPELLE (LA) (CHAPELLE D ARBLAY);Poste de transformation;EN EXPLOITATION;225kV;Seine-Maritime
SSCRO;STE-CROIX-DU-VERDON;Poste de transformation;EN EXPLOITATION;225kV;Alpes-de-Haute-Provence
EGUZO;EGUZON;Poste de transformation;EN EXPLOITATION;400kV;Indre
ENSER;ENSERUNE;Poste de transformation;EN EXPLOITATION;63kV;Hérault
ALOUE;ALOUETTES (LES);Poste de transformation;EN EXPLOITATION;225kV;Seine-Saint-Denis
AMELE;AMELECOURT;Poste de transformation;EN EXPLOITATION;63kV;Moselle
ANDRA;ANDRAYE (THERMPHOS);Poste de transformation;EN EXPLOITATION;45kV;Savoie
ANNIB;ANNIBAL;Poste de transformation;EN EXPLOITATION;63kV;Bouches-du-Rhône
PATOU;PATOU;Poste de transformation;EN EXPLOITATION;225kV;Seine-et-Marne
PENCR;PENCRAN;Poste de transformation;EN EXPLOITATION;63kV;Finistère
PEUGE;PEUGEOT;Poste de transformation;EN EXPLOITATION;63kV;Haut-Rhin
PLAGN;PLAGNE (LA);Poste de transformation;EN EXPLOITATION;63kV;Savoie
BRUMA;BRUMATH;Poste de transformation;EN EXPLOITATION;63kV;Bas-Rhin
BXZEE;BEAUZEE;Poste de transformation;EN EXPLOITATION;63kV;Meuse
GRUES;GRUES (LES);Poste de transformation;EN EXPLOITATION;90kV;Vendée
GUER5;GUERLESQUIN;Poste de transformation;EN EXPLOITATION;63kV;Finistère
SAUCA;SAUCATS;Poste de transformation;EN EXPLOITATION;400kV;Gironde
FAYET;FAYET (LE);Poste de transformation;EN EXPLOITATION;63kV;Haute-Savoie
MIDOU;MIDOUR;Poste de transformation;EN EXPLOITATION;63kV;Gers
MIGEN;MIGENNES;Poste de transformation;EN EXPLOITATION;63kV;Yonne
PENNE;PENNE (LA);Poste de transformation;EN EXPLOITATION;63kV;Bouches-du-Rhône
PHELI;PHELIBON;Poste de transformation;EN EXPLOITATION;90kV;Eure-et-Loir
POISA;POISARD;Poste de transformation;EN EXPLOITATION;90kV;Loir-et-Cher
POISE;POISEUL;Poste de transformation;EN EXPLOITATION;63kV;Côte-d'Or
POITI;POITIERS;Poste de transformation;EN EXPLOITATION;90kV;Vienne
TOURY;TOURY;Poste de transformation;EN EXPLOITATION;90kV;Eure-et-Loir
BEC;BEC (LE);Poste de transformation;EN EXPLOITATION;63kV;Loire
UGIN7;UGINE (UGINE SAVOIE A UGINE)3;Poste de transformation;EN EXPLOITATION;45kV;Haute-Savoie
POM.C;POMBLIERE (POSTE CENTRALE);Poste de transformation;EN EXPLOITATION;63kV;Savoie
VALE8;VALENCE;Poste de transformation;EN EXPLOITATION;225kV;Ardèche
VIGY;VIGY;Poste de transformation;EN EXPLOITATION;400kV;Moselle
VLERB;VILLERBON;Poste de transformation;EN EXPLOITATION;400kV;Loir-et-Cher
THONE;THONES;Poste de transformation;EN EXPLOITATION;63kV;Haute-Savoie
SAISI;SAISIES (LES);Poste de transformation;EN EXPLOITATION;45kV;Savoie
T.CH5;TRIE-CHATEAU;Poste de transformation;EN EXPLOITATION;63kV;Eure
CSLL8;CASTELLE (LA);Poste de transformation;EN EXPLOITATION;225kV;Hérault
PUY;PUY (LE);Poste de transformation;EN EXPLOITATION;63kV;Haute-Loire
QUIMP;QUIMPER;Poste de transformation;EN EXPLOITATION;63kV;Finistère
TOUVR;TOUVRE;Poste de transformation;EN EXPLOITATION;90kV;Charente
TOUR6;TOURNAY;Poste de transformation;EN EXPLOITATION;63kV;Hautes-Pyrénées
TREIG;TREIGNAC;Poste de transformation;EN EXPLOITATION;90kV;Corrèze
ZJOUX;JOUX / BOISS MACON 1;Point de piquage;EN EXPLOITATION;225kV;Ain
SSGCO;SAINT-GERAUD-DE-CORPS;Poste de transformation;EN EXPLOITATION;225kV;Dordogne
ZMEL5;PIQUAGE MELUN A MELUN (ZMEL5);Point de piquage;EN EXPLOITATION;63kV;Seine-et-Marne
ZGLAC;GIEN / TABAR VLEMA 1;Point de piquage;EN EXPLOITATION;225kV;Loiret
ZLAC5;PIQUAGE LACQ SNCF (LIAISON DAX Z31MARSI);Point de piquage;EN EXPLOITATION;63kV;Pyrénées-Atlantiques
CROQU;CROQUELOUP;Poste de transformation;EN EXPLOITATION;90kV;Ille-et-Vilaine
NESLE;NESLE;Poste de transformation;EN EXPLOITATION;63kV;Somme
MORT5;MORTEAU (LE);Poste de transformation;EN EXPLOITATION;63kV;Aisne
MRGUE;MARTIGUES;Poste de transformation;EN EXPLOITATION;63kV;Bouches-du-Rhône
ZAUCU;PIQUAGE AUCUN (LIAISON ARRENZ51L.BAL);Point de piquage;EN EXPLOITATION;150kV;Hautes-Pyrénées
ZBASI;PIQUAGE BASIN;Point de piquage;EN EXPLOITATION;63kV;Marne
ZBER7;PIQUAGE A VILLENEUVE-SAINT-GEORGES;Point de piquage;EN EXPLOITATION;63kV;Val-de-Marne
ZBEY5;PIQUAGE BEYREDE (LIAISON ARRE5Z32LANNE);Point de piquage;EN EXPLOITATION;63kV;Hautes-Pyrénées
ZBEZ5;PIQUAGE BEZIERS (LIAISON SAUCLZ33SSVIN);Point de piquage;EN EXPLOITATION;63kV;Hérault
ZBIA7;PIQUAGE BIACAVE (LIAISON BASTIZ31V.BIG);Point de piquage;EN EXPLOITATION;63kV;Hautes-Pyrénées
TERRE;TERRENOIRE;Poste de transformation;EN EXPLOITATION;63kV;Loire
THEIX;THEIX;Poste de transformation;EN EXPLOITATION;225kV;Morbihan
CRUCH;CRUCHET (LE);Poste de transformation;EN EXPLOITATION;90kV;Sarthe
ORELL;ORELLE;Poste de transformation;EN EXPLOITATION;225kV;Savoie
ODET;ODET;Poste de transformation;EN EXPLOITATION;63kV;Finistère
MEDE;MEDE (LA);Poste de transformation;EN EXPLOITATION;63kV;Bouches-du-Rhône
MERAN;MERANTAIS;Poste de transformation;EN EXPLOITATION;63kV;Yvelines
MIMIZ;MIMIZAN;Poste de transformation;EN EXPLOITATION;63kV;Landes
ZBZRA;BZRAY / P.GEN ZY.EV 2;Point de piquage;EN EXPLOITATION;90kV;Sarthe
ZC.LA;PIQUAGE CONDAT (LIAISON MTIGNZ41P.ELL);Point de piquage;EN EXPLOITATION;90kV;Dordogne
A.MOU;AIX-MOURET;Poste de transformation;EN EXPLOITATION;225kV;Bouches-du-Rhône
LOUD7;LOUDENVIELLE (RTE);Poste de transformation;EN EXPLOITATION;63kV;Hautes-Pyrénées
THERA;THERAIN;Poste de transformation;EN EXPLOITATION;63kV;Oise
P.MED;PIAN-MEDOC (LE);Poste de transformation;EN EXPLOITATION;63kV;Gironde
P.SI1;PUITS-SIMON I;Poste de transformation;EN EXPLOITATION;63kV;Moselle
PACY;PACY;Poste de transformation;EN EXPLOITATION;63kV;Yonne
PELTR;PELTRE;Poste de transformation;EN EXPLOITATION;225kV;Moselle
1P.LO;PAS-DU-LOUP /1P.RE 26KV;Poste de transformation;EN EXPLOITATION;<45kV;Pyrénées-Orientales
1POUC;POUCH (HTA);Poste de transformation;EN EXPLOITATION;<45kV;Corrèze
1SSFO;SAINT-FONS /BELLE-ETOILE;Poste de transformation;EN EXPLOITATION;<45kV;Rhône
ERSTE;ERSTEIN;Poste de transformation;EN EXPLOITATION;63kV;Bas-Rhin
ESPON;ESPONDEILHAN (CLIENT);Poste de transformation;EN EXPLOITATION;63kV;Hérault
MISTR;MISTRAL;Poste de transformation;EN EXPLOITATION;63kV;Isère
MOIMO;MOIMONT;Poste de transformation;EN EXPLOITATION;225kV;Val-d'Oise
ZCO10;PIQUAGE A LA COULINIERE;Point de piquage;EN EXPLOITATION;90kV;Eure
B.SSB;BAIE-DE-ST-BRIEUC;Poste de transformation;ACCORD ADMINISTRATIF;225kV;
QUINS;QUINSON;Poste de transformation;EN EXPLOITATION;225kV;Alpes-de-Haute-Provence
REBOU;REBOUL;Poste de transformation;EN EXPLOITATION;63kV;Ardèche
REVES;REVEST;Poste de transformation;EN EXPLOITATION;225kV;Hauts-de-Seine
VERPI;VERPILLIERE (LA);Poste de transformation;EN EXPLOITATION;63kV;Isère
N.SEU;NOUE-SEUIL;Poste de transformation;EN EXPLOITATION;90kV;Ardennes
SEYSS;SEYSSEL;Poste de transformation;EN EXPLOITATION;63kV;Ain
RISLE;RISLE;Poste de transformation;EN EXPLOITATION;90kV;Eure
ZCHA6;CHAV6 / CHAVA VALLI 1;Point de piquage;EN EXPLOITATION;63kV;Haute-Savoie
ZCRE7;PIQUAGE A CARCAGNY;Point de piquage;EN EXPLOITATION;90kV;Calvados
ZCROI;GENEV / MUSSA VLEME 1;Point de piquage;EN EXPLOITATION;90kV;Indre
ZD.IN;D.INF / CPNIE PARIS 1;Point de piquage;EN EXPLOITATION;63kV;Isère
P.FOS;PONT DU FOSSE;Poste de transformation;EN EXPLOITATION;63kV;Hautes-Alpes
PASTO;PASTOUREL;Poste de transformation;EN EXPLOITATION;63kV;Hérault
P.MON;PARAY-LE-MONIAL;Poste de transformation;EN EXPLOITATION;63kV;Saône-et-Loire
P.ROY;PONT-EN-ROYANS;Poste de transformation;EN EXPLOITATION;63kV;Isère
P.RO6;PEAGE-DE-ROUSSILLON-SUD;Poste de transformation;EN EXPLOITATION;63kV;Ardèche
MOLIE;MOLIERE;Poste de transformation;EN EXPLOITATION;400kV;Mayenne
MOTZ;MOTZ;Poste de transformation;EN EXPLOITATION;63kV;Ain
CONRA;CONRAIE (LA);Poste de transformation;EN EXPLOITATION;63kV;Loire-Atlantique
P.BO8;PETIT-BOULAY;Poste de transformation;EN EXPLOITATION;150kV;Saône-et-Loire
PLANT;PLANTADES;Poste de transformation;EN EXPLOITATION;63kV;Ardèche
POUAN;POUANCE;Poste de transformation;EN EXPLOITATION;90kV;Maine-et-Loire
ZCHAM;CHAMP / CPNIE SSCOM 1;Point de piquage;EN EXPLOITATION;63kV;Isère
ZCHED;CHED5 / ABBA5 PASSY 1;Point de piquage;EN EXPLOITATION;45kV;Haute-Savoie
DROUG;DROUGES;Poste de transformation;EN EXPLOITATION;90kV;Ille-et-Vilaine
EPIER;EPIERRE;Poste de transformation;EN EXPLOITATION;45kV;Savoie
SELO5;SELONNET (LE);Poste de transformation;EN EXPLOITATION;63kV;Alpes-de-Haute-Provence
SSANJ;ST-SYLVAIN-D'ANJOU;Poste de transformation;EN EXPLOITATION;90kV;Maine-et-Loire
ALLEU;ALLEUX (GRANDVILLIERS);Poste de transformation;EN EXPLOITATION;90kV;Oise
RANCE;RANCE;Poste de transformation;EN EXPLOITATION;225kV;Ille-et-Vilaine
BLENO;BLENOD;Poste de transformation;EN EXPLOITATION;400kV;Meurthe-et-Moselle
TERGN;TERGNIER;Poste de transformation;EN EXPLOITATION;63kV;Aisne
JUMEA;JUMEAUX (LES);Poste de transformation;EN EXPLOITATION;400kV;Deux-Sèvres
DAUX;DAUX;Poste de transformation;EN EXPLOITATION;63kV;Haute-Garonne
LESP6;LESPINET;Poste de transformation;EN EXPLOITATION;63kV;Haute-Garonne
RICHE;RICHEMONT;Poste de transformation;EN EXPLOITATION;225kV;Moselle
RIVIE;RIVIERE (LA);Poste de transformation;EN EXPLOITATION;225kV;Loire
ONDES;ONDES;Poste de transformation;EN EXPLOITATION;63kV;Tarn-et-Garonne
COUB6;COUBERTIN;Poste de transformation;EN EXPLOITATION;63kV;Côte-d'Or
TRING;TRINGUE;Poste de transformation;EN EXPLOITATION;90kV;
UNET;UNET;Poste de transformation;EN EXPLOITATION;63kV;Lot-et-Garonne
ROCH8;ROCHEFORT;Poste de transformation;EN EXPLOITATION;90kV;Charente-Maritime
P.NOU;PORT-LA-NOUVELLE;Poste de transformation;EN EXPLOITATION;63kV;Aude
ZG.BA;PIQUAGE A GREOUX-LES-BAINS;Point de piquage;EN EXPLOITATION;225kV;Alpes-de-Haute-Provence
V.MOU;VIEUX-MOULIN;Poste de transformation;EN EXPLOITATION;225kV;Savoie
VALLO;VALLORCINE;Poste de transformation;EN EXPLOITATION;225kV;
ARIET;ARIETAZ;Poste de transformation;EN EXPLOITATION;63kV;Savoie
ROUS5;ROUSSET;Poste de transformation;EN EXPLOITATION;63kV;Bouches-du-Rhône
S.BOE;SCEAUX-BOESSE;Poste de transformation;EN EXPLOITATION;90kV;Sarthe
S.BRI;SUCY-EN-BRIE;Poste de transformation;EN EXPLOITATION;<45kV;Val-de-Marne
PEYR7;PEYRILHAC;Poste de transformation;EN EXPLOITATION;90kV;Haute-Vienne
SAGN5;SAGNES (LES);Poste de transformation;EN EXPLOITATION;63kV;Hautes-Alpes
LUXEY;LUXEY;Poste de transformation;EN EXPLOITATION;63kV;Landes
P.BEN;PIERRE-BENITE;Poste de transformation;EN EXPLOITATION;63kV;Rhône
COULA;COULANGE;Poste de transformation;EN EXPLOITATION;400kV;Ardèche
COMB6;COMBE (LA);Poste de transformation;EN EXPLOITATION;63kV;Tarn
BEDAR;BEDARIEUX;Poste de transformation;EN EXPLOITATION;63kV;Hérault
BELL4;BELLENAVES;Poste de transformation;EN EXPLOITATION;63kV;Allier
ANTIF;ANTIFER;Poste de transformation;EN EXPLOITATION;90kV;
AUBRE;AUBREAUX (LES);Poste de transformation;EN EXPLOITATION;90kV;Charente
AUCH;AUCH (AUCH);Poste de transformation;EN EXPLOITATION;63kV;Gers
AUCUN;AUCUN;Poste de transformation;EN EXPLOITATION;150kV;Hautes-Pyrénées
AYVEL;AYVELLES (LES);Poste de transformation;EN EXPLOITATION;225kV;Ardennes
SSCAL;ST-CALAIS;Poste de transformation;EN EXPLOITATION;225kV;Sarthe
M.HER;MOTHE-ST-HERAY (LA);Poste de transformation;EN EXPLOITATION;90kV;Deux-Sèvres
AGE;AGE (L );Poste de transformation;EN EXPLOITATION;90kV;Haute-Vienne
ARREN;ARRENS;Poste de transformation;EN EXPLOITATION;150kV;Hautes-Pyrénées
ARSEN;ARSENAL;Poste de transformation;EN EXPLOITATION;90kV;Manche
AUDIE;AUDIERNE;Poste de transformation;EN EXPLOITATION;63kV;Finistère
CSLSA;CASTELSARRASIN;Poste de transformation;EN EXPLOITATION;63kV;Tarn-et-Garonne
BIANC;BIANCON;Poste de transformation;EN EXPLOITATION;400kV;Var
ARRI5;ARRIGHI (SITE EX-CENTRALE);Poste de transformation;EN EXPLOITATION;225kV;Val-de-Marne
AUZAT;AUZAT;Poste de transformation;EN EXPLOITATION;225kV;Ariège
B.AUS;BOIS D AUSSOIS;Poste de transformation;EN EXPLOITATION;63kV;Savoie
GERBA;GERBAUD;Poste de transformation;EN EXPLOITATION;63kV;Ardèche
GIVET;GIVET;Poste de transformation;EN EXPLOITATION;63kV;
GIVOR;GIVORS;Poste de transformation;EN EXPLOITATION;225kV;Rhône
GOISE;GOISE;Poste de transformation;EN EXPLOITATION;90kV;Deux-Sèvres
GRANZ;GRANZAY;Poste de transformation;EN EXPLOITATION;400kV;Deux-Sèvres
AVRIE;AVRIEUX;Poste de transformation;EN EXPLOITATION;63kV;Savoie
BALDI;BALDI;Poste de transformation;EN EXPLOITATION;63kV;Hérault
BAST5;BASTIDONNE (LA);Poste de transformation;EN EXPLOITATION;63kV;Bouches-du-Rhône
VEZIL;VEZILLY;Poste de transformation;EN EXPLOITATION;225kV;Aisne
BISCH;BISCHEIM;Poste de transformation;EN EXPLOITATION;63kV;Bas-Rhin
AIGUE;AIGUEBELLE (ENEDIS);Poste de transformation;EN EXPLOITATION;45kV;Savoie
GUERE;GUERET;Poste de transformation;EN EXPLOITATION;90kV;Creuse
GUING;GUINGAMP;Poste de transformation;EN EXPLOITATION;63kV;Côtes-d'Armor
TOURB;TOURBE;Poste de transformation;EN EXPLOITATION;400kV;Calvados
HERIC;HERICOURT;Poste de transformation;EN EXPLOITATION;63kV;Haute-Saône
SALIN;SALINDRES;Poste de transformation;EN EXPLOITATION;63kV;Gard
SANDR;SANDRICOURT;Poste de transformation;EN EXPLOITATION;63kV;Oise
H.TOU;HAYANGE-TOURNEBRIDE;Poste de transformation;EN EXPLOITATION;225kV;Moselle
HANNA;HANNART;Poste de transformation;EN EXPLOITATION;225kV;Nord
HUBER;HUBERVILLE;Poste de transformation;EN EXPLOITATION;90kV;Manche
ISSAC;ISSAC;Poste de transformation;EN EXPLOITATION;63kV;Gironde
SENS;SENS;Poste de transformation;EN EXPLOITATION;63kV;Yonne
PREGU;PREGUILLAC;Poste de transformation;EN EXPLOITATION;400kV;Charente-Maritime
BOUDE;BOUDEYRE;Poste de transformation;EN EXPLOITATION;225kV;Ardèche
ESCAI;ESCAILLON (L );Poste de transformation;EN EXPLOITATION;225kV;Var
FEUIL;FEUILLANE;Poste de transformation;EN EXPLOITATION;225kV;Bouches-du-Rhône
ARACH;ARACHES;Poste de transformation;EN EXPLOITATION;63kV;Haute-Savoie
I.JO5;ISLE-JOURDAIN;Poste de transformation;EN EXPLOITATION;63kV;Gers
SERV5;SERVES;Poste de transformation;EN EXPLOITATION;63kV;Ardèche
SEUIL;SEUIL;Poste de transformation;EN EXPLOITATION;400kV;Ardennes
QUATR;QUATROUILLOTS (LES);Poste de transformation;EN EXPLOITATION;225kV;Doubs
PYMON;PYMONT;Poste de transformation;EN EXPLOITATION;225kV;Jura
B.LAN;BOURBON-LANCY;Poste de transformation;EN EXPLOITATION;63kV;Allier
B.ROC;BAULME-LA-ROCHE;Poste de transformation;EN EXPLOITATION;63kV;Côte-d'Or
SSMEN;STE-MENEHOULD;Poste de transformation;EN EXPLOITATION;63kV;Marne
INGWI;INGWILLER;Poste de transformation;EN EXPLOITATION;63kV;Bas-Rhin
KERHE;KERHELLEGAN;Poste de transformation;EN EXPLOITATION;63kV;
SSRET;ST-PERE-EN-RETZ;Poste de transformation;EN EXPLOITATION;63kV;Loire-Atlantique
B.SEP;BATTERIE-DE-SEPT;Poste de transformation;EN EXPLOITATION;63kV;Finistère
BAGAT;BAGATELLE;Poste de transformation;EN EXPLOITATION;63kV;Aude
BELMO;BELMONT;Poste de transformation;EN EXPLOITATION;63kV;Rhône
ZLISL;PIQUAGE A MELLAC;Point de piquage;EN EXPLOITATION;63kV;Finistère
ZMAGN;PIQUAGE A MAGNY-SUR-TILLE;Point de piquage;EN EXPLOITATION;225kV;Côte-d'Or
ZMAR1;PIQUAGE A VILLENEUVE-LES-SABLONS;Point de piquage;EN EXPLOITATION;63kV;Oise
ZNARB;PIQUAGE NARBONNE (LIAISON LIVIEZ31P.NOU);Point de piquage;EN EXPLOITATION;63kV;Aude
ZOSTR;OSTRO / ECHIN MQISE 1;Point de piquage;EN EXPLOITATION;90kV;Pas-de-Calais
ZPEY5;PIQUAGE A PEYRUSSE;Point de piquage;EN EXPLOITATION;63kV;Cantal
STP;ATELIER POLYETHYLENE;Poste de transformation;EN EXPLOITATION;63kV;Moselle
SUIPP;SUIPPES;Poste de transformation;EN EXPLOITATION;63kV;Marne
BERNO;BERNO;Poste de transformation;EN EXPLOITATION;63kV;Côtes-d'Armor
BIACH;BIACHE;Poste de transformation;EN EXPLOITATION;90kV;Pas-de-Calais
BIGNY;BIGNY;Poste de transformation;EN EXPLOITATION;90kV;Cher
ZCXC5;PIQUAGE A CHAUCONIN;Point de piquage;EN EXPLOITATION;63kV;Seine-et-Marne
ABERS;ABERS (LES);Poste de transformation;EN EXPLOITATION;63kV;Finistère
AIGUR;AIGURANDE;Poste de transformation;EN EXPLOITATION;90kV;Indre
AIRAI;AIRAINES;Poste de transformation;EN EXPLOITATION;90kV;Somme
ALGER;ALGER;Poste de transformation;EN EXPLOITATION;63kV;Moselle
AOSTE;AOSTE;Poste de transformation;EN EXPLOITATION;225kV;Isère
SEYNE;SEYNE (LA);Poste de transformation;EN EXPLOITATION;63kV;Var
LAGAF;LAGAFIERE;Poste de transformation;EN EXPLOITATION;225kV;Drôme
FTAI9;FONTAINES (LES) (AUTOMOBILES PEUGEOT A DOMPIERRE);Poste de transformation;EN EXPLOITATION;63kV;Allier
BXLIE;BEAULIEU;Poste de transformation;EN EXPLOITATION;225kV;Charente-Maritime
DETTW;DETTWILLER;Poste de transformation;EN EXPLOITATION;225kV;Bas-Rhin
SSCON;ST-CONTEST;Poste de transformation;EN EXPLOITATION;90kV;Calvados
GAVRE;GAVRELLE;Poste de transformation;EN EXPLOITATION;400kV;Pas-de-Calais
ORSON;ORSONVILLE;Poste de transformation;EN EXPLOITATION;225kV;Seine-et-Marne
VAROI;VAROILLES (LES);Poste de transformation;EN EXPLOITATION;225kV;Doubs
ZSSAP;SSAP5 / ARCOM MARGE 1;Point de piquage;EN EXPLOITATION;63kV;Lozère
ZTHIM;PIQUAGE A LE BOULLAY-MIVOYE;Point de piquage;EN EXPLOITATION;90kV;Eure-et-Loir
LALBE;LALBENQUE;Poste de transformation;EN EXPLOITATION;63kV;Lot
LENCL;LENCLOITRE;Poste de transformation;EN EXPLOITATION;90kV;Vienne
LESQU;LESQUIVE;Poste de transformation;EN EXPLOITATION;400kV;Tarn-et-Garonne
SETE;SETE;Poste de transformation;EN EXPLOITATION;63kV;Hérault
SETE5;SETE (CLIENT);Poste de transformation;EN EXPLOITATION;63kV;Hérault
ZPLOU;PLOUI / P.FOR THIER 1;Point de piquage;EN EXPLOITATION;63kV;Nord
ZROBI;PIQUAGE ROBINSON A LE PLESSIS-ROBINSON (ZROBI);Point de piquage;EN EXPLOITATION;225kV;Yvelines
HAGET;HAGETMAU;Poste de transformation;EN EXPLOITATION;63kV;Landes
SSMAY;ST-MAYME;Poste de transformation;EN EXPLOITATION;63kV;Dordogne
SSNOB;ST-LEONARD-DE-NOBLAT;Poste de transformation;EN EXPLOITATION;90kV;Haute-Vienne
SSPMA;ST-PIERRE-MAREGES;Poste de transformation;EN EXPLOITATION;225kV;Corrèze
SSSU5;ST-SULAN;Poste de transformation;EN EXPLOITATION;63kV;Morbihan
SSTER;ST-MARTIN-DU-TERTRE;Poste de transformation;EN EXPLOITATION;63kV;Yonne
MTVIC;MONTVICQ;Poste de transformation;EN EXPLOITATION;225kV;Allier
GUIG5;GUIGNONS (LES);Poste de transformation;EN EXPLOITATION;63kV;Seine-et-Marne
HIRSI;HIRSINGUE;Poste de transformation;EN EXPLOITATION;225kV;Haut-Rhin
FLORY;FLORY;Poste de transformation;EN EXPLOITATION;63kV;
COMBE;COMBETTE;Poste de transformation;EN EXPLOITATION;63kV;Ardèche
COMB5;COMBEAUX;Poste de transformation;EN EXPLOITATION;63kV;Ardèche
MELUN;MELUN;Poste de transformation;EN EXPLOITATION;63kV;Seine-et-Marne
MENUS;MENUS;Poste de transformation;EN EXPLOITATION;225kV;Hauts-de-Seine
MESNA;MESNAY;Poste de transformation;EN EXPLOITATION;63kV;Jura
MEZEA;MEZEAUX;Poste de transformation;EN EXPLOITATION;90kV;Vienne
MIRAN;MIRANDE;Poste de transformation;EN EXPLOITATION;63kV;Gers
LAVAL;LAVAL;Poste de transformation;EN EXPLOITATION;225kV;Mayenne
QUES5;QUESNOY (LE);Poste de transformation;EN EXPLOITATION;90kV;Nord
R.ORA;RIS-ORANGIS;Poste de transformation;EN EXPLOITATION;63kV;Essonne
SEES;SEES;Poste de transformation;EN EXPLOITATION;90kV;Orne
OSNES;OSNES;Poste de transformation;EN EXPLOITATION;63kV;Ardennes
ESPAG;ESPAGNOUX;Poste de transformation;EN EXPLOITATION;63kV;Haute-Savoie
ECHIN;ECHINGHEN;Poste de transformation;EN EXPLOITATION;225kV;Pas-de-Calais
RENNE;RENNES;Poste de transformation;EN EXPLOITATION;225kV;Ille-et-Vilaine
ZSSSA;PIQUAGE A SAINT-SAUVEUR;Point de piquage;EN EXPLOITATION;63kV;Isère
DESVR;DESVRES;Poste de transformation;EN EXPLOITATION;90kV;Pas-de-Calais
ZHAST;PIQUAGE A HASTIGNAN;Point de piquage;EN EXPLOITATION;63kV;Gironde
CRAIE;CRAIES (LES);Poste de transformation;EN EXPLOITATION;63kV;Yonne
MOLE5;MOLE;Poste de transformation;EN EXPLOITATION;63kV;Bouches-du-Rhône
SAIN5;SAINTOIS;Poste de transformation;EN EXPLOITATION;225kV;Meurthe-et-Moselle
BUSIG;BUSIGNY;Poste de transformation;EN EXPLOITATION;63kV;Nord
BXCHA;BEAUCHASTEL;Poste de transformation;EN EXPLOITATION;225kV;Ardèche
V.REU;VAL-DE-REUIL;Poste de transformation;EN EXPLOITATION;90kV;Eure
ZTALA;PIQUAGE TALAMET (LIAISON BREUIZ61L.CE2);Point de piquage;EN EXPLOITATION;225kV;Corrèze
POLY5;POLYGONE (CLIENT);Poste de transformation;EN EXPLOITATION;63kV;Ardèche
PRRF5;PIERREFITTE (PEM);Poste de transformation;EN EXPLOITATION;63kV;Hautes-Pyrénées
MONT5;MONT (ARKEMA);Poste de transformation;EN EXPLOITATION;63kV;Pyrénées-Atlantiques
MTFOR;MONTFORT (-L AMAURY);Poste de transformation;EN EXPLOITATION;63kV;Yvelines
MAGEN;MAGENTA;Poste de transformation;EN EXPLOITATION;225kV;Paris
I.DOD;ISLE-EN-DODON (L);Poste de transformation;EN EXPLOITATION;63kV;Haute-Garonne
IZERN;IZERNORE;Poste de transformation;EN EXPLOITATION;225kV;Ain
RIBAU;RIBAUX;Poste de transformation;EN EXPLOITATION;63kV;Côte-d'Or
EDITH;EDITH;Poste de transformation;EN EXPLOITATION;225kV;Drôme
C.LEU;CROIX-ST-LEUFROY (LA);Poste de transformation;EN EXPLOITATION;90kV;Eure
ZTRAN;TRAN5 / GAVRE PERTA 1;Point de piquage;EN EXPLOITATION;225kV;Somme
ARBOR;ARBORIA;Poste de transformation;EN EXPLOITATION;90kV;Loiret
BOCHE;BOCHET (LE);Poste de transformation;EN EXPLOITATION;63kV;Savoie
L.PR5;LONGS-PRES (LES);Poste de transformation;EN EXPLOITATION;63kV;Meurthe-et-Moselle
ZBOR5;PIQUAGE BORDERES (LIAISON ARRE5Z31EGET);Point de piquage;EN EXPLOITATION;63kV;Hautes-Pyrénées
BEYR5;BEYREDE (EDF);Poste de transformation;EN EXPLOITATION;63kV;Hautes-Pyrénées
R.NEN;ROCHEFORT-SUR-NENON;Poste de transformation;EN EXPLOITATION;63kV;Jura
REICH;REICHSTETT;Poste de transformation;EN EXPLOITATION;225kV;Bas-Rhin
PALAM;PALAMINY;Poste de transformation;EN EXPLOITATION;63kV;Haute-Garonne
PENL5;PENLY (POSTE EVACUATION);Poste de transformation;EN EXPLOITATION;400kV;
PERNE;PERNES;Poste de transformation;EN EXPLOITATION;90kV;Pas-de-Calais
HARDT;HARDT;Poste de transformation;EN EXPLOITATION;225kV;Haut-Rhin
VLERE;VILLEREST;Poste de transformation;EN EXPLOITATION;63kV;Loire
VUARC;VUARCHE;Poste de transformation;EN EXPLOITATION;63kV;
BILHO;BILHO;Poste de transformation;EN EXPLOITATION;63kV;Loire-Atlantique
BLEVI;BLEVILLE;Poste de transformation;EN EXPLOITATION;90kV;
ESTR6;ESTREUX;Poste de transformation;EN EXPLOITATION;225kV;Nord
LALIN;LALINDE;Poste de transformation;EN EXPLOITATION;63kV;Dordogne
LAMO5;LAMOTTE (-BREBIERE);Poste de transformation;EN EXPLOITATION;90kV;Somme
LASSA;LASSAY;Poste de transformation;EN EXPLOITATION;90kV;Mayenne
LEZIG;LEZIGNAN;Poste de transformation;EN EXPLOITATION;63kV;Aude
ZARLO;PIQUAGE ARLOS (LIAISON CIERPZ31M.MAU);Point de piquage;EN EXPLOITATION;63kV;Haute-Garonne
ZGANN;PIQUAGE A GANNES;Point de piquage;EN EXPLOITATION;63kV;Oise
ZGENE;PIQUAGE GENEUILLE;Point de piquage;EN EXPLOITATION;63kV;Doubs
ZGREN;GRENA / AOSTE MIONS 1;Point de piquage;EN EXPLOITATION;225kV;Rhône
NAOUT;NAOUTOT;Poste de transformation;EN EXPLOITATION;225kV;Landes
GRAN8;GRANDFRESNOY;Poste de transformation;EN EXPLOITATION;63kV;Oise
P.JER;PORT-JEROME;Poste de transformation;EN EXPLOITATION;225kV;Seine-Maritime
BOUL5;BOULETERNERE;Poste de transformation;EN EXPLOITATION;63kV;Pyrénées-Orientales
ZCAR6;PIQUAGE LES CARRES A MARCOUSSIS (ZCAR6);Point de piquage;EN EXPLOITATION;225kV;Essonne
ZCOU9;COUDE / HOLQU NOORD 1;Point de piquage;EN EXPLOITATION;90kV;Nord
ZLAB6;PIQUAGE A LABOUHEYRE (CLIENT);Point de piquage;EN EXPLOITATION;63kV;Landes
MERIE;MERIE;Poste de transformation;EN EXPLOITATION;90kV;Loiret
RABIN;RABINE (LA);Poste de transformation;EN EXPLOITATION;63kV;Morbihan
ZBENA;RENAU / ARNAG PLUMA 1;Point de piquage;EN EXPLOITATION;90kV;Sarthe
FEYZI;FEYZIN (CLIENT);Poste de transformation;EN EXPLOITATION;63kV;Rhône
PLOE5;PLOEREN;Poste de transformation;EN EXPLOITATION;63kV;Morbihan
PLUSQ;PLUSQUELLEC;Poste de transformation;EN EXPLOITATION;63kV;Côtes-d'Armor
PONTE;PONTEAU;Poste de transformation;EN EXPLOITATION;400kV;
REVIN;REVIN;Poste de transformation;EN EXPLOITATION;63kV;Ardennes
ALSTH;ALSTHOM;Poste de transformation;EN EXPLOITATION;63kV;Haute-Saône
LIMOU;LIMOUZAT (LE);Poste de transformation;EN EXPLOITATION;63kV;Allier
LOCQU;LOCQUELTAS;Poste de transformation;EN EXPLOITATION;63kV;Morbihan
ZMARG;PIQUAGE A VIEILLE-EGLISE-EN-YVELINES;Point de piquage;EN EXPLOITATION;63kV;Yvelines
ZMEDO;PIQUAGE MEDOQUINE (LIAISON GLACIZ31TALEN);Point de piquage;EN EXPLOITATION;63kV;Gironde
ZMIGN;MIGNA / BONN6 POITI 3;Point de piquage;EN EXPLOITATION;90kV;Vienne
SABLO;SABLONS (CLIENT);Poste de transformation;EN EXPLOITATION;225kV;Ardèche
SAISS;SAISSE (LA);Poste de transformation;EN EXPLOITATION;63kV;Jura
PLAN6;PLANCOET;Poste de transformation;EN EXPLOITATION;63kV;Côtes-d'Armor
PLELA;PLELAN;Poste de transformation;EN EXPLOITATION;90kV;Ille-et-Vilaine
ZAIG6;AIGU6 / GANNA RIOM 1;Point de piquage;EN EXPLOITATION;63kV;Puy-de-Dôme
SSVIN;ST-VINCENT;Poste de transformation;EN EXPLOITATION;225kV;Hérault
ZBERG;PIQUAGE BERGERAC 1 (LIAISON BERG5Z31TUILI);Point de piquage;EN EXPLOITATION;63kV;Dordogne
ZBETH;PIQUAGE A NERY;Point de piquage;EN EXPLOITATION;63kV;Oise
DISTR;DISTRE;Poste de transformation;EN EXPLOITATION;400kV;Maine-et-Loire
FOSSE;FOSSES (LES);Poste de transformation;EN EXPLOITATION;225kV;Seine-et-Marne
G.CAI;GROS-CAILLOU;Poste de transformation;EN EXPLOITATION;225kV;Nord
FLEU5;FLEURANCE;Poste de transformation;EN EXPLOITATION;63kV;Gers
REBEU;REBEUVILLE;Poste de transformation;EN EXPLOITATION;63kV;Vosges
AIX;AIX;Poste de transformation;EN EXPLOITATION;63kV;Bouches-du-Rhône
ROSPE;ROSPEZ;Poste de transformation;EN EXPLOITATION;225kV;Côtes-d'Armor
ZHEL5;HELLE / AVELI H.VIN 1;Point de piquage;EN EXPLOITATION;225kV;Nord
ZLALI;PIQUAGE LALINDE (LIAISON MAUZAZ32TUILI);Point de piquage;EN EXPLOITATION;63kV;Dordogne
ARMEN;ARMENTIERES;Poste de transformation;EN EXPLOITATION;225kV;Nord
C.SSH;CHAMPAGNE-ST-HILAIRE;Poste de transformation;EN EXPLOITATION;90kV;Vienne
AUTUN;AUTUN;Poste de transformation;EN EXPLOITATION;63kV;Saône-et-Loire
SAUVA;SAUVAGEON;Poste de transformation;EN EXPLOITATION;63kV;Loiret
SENON;SENONCHES;Poste de transformation;EN EXPLOITATION;90kV;Eure-et-Loir
THIME;THIMERT;Poste de transformation;EN EXPLOITATION;90kV;Eure-et-Loir
CIROL;CIROLLIERS;Poste de transformation;EN EXPLOITATION;400kV;Essonne
ZFERE;PIQUAGE FERE;Point de piquage;EN EXPLOITATION;63kV;Aisne
BATON;BATON;Poste de transformation;EN EXPLOITATION;63kV;Isère
SSSE5;ST-SERVAN;Poste de transformation;EN EXPLOITATION;63kV;Ille-et-Vilaine
SCAER;SCAER;Poste de transformation;EN EXPLOITATION;63kV;Finistère
SEIGN;SEIGNY;Poste de transformation;EN EXPLOITATION;63kV;Côte-d'Or
ZFOUI;FOUIL / ALLEU BLOCA 2;Point de piquage;EN EXPLOITATION;90kV;Oise
ZFRE6;PIQUAGE FREJORGUES (LIAISON CSLN5Z31MTPEL);Point de piquage;EN EXPLOITATION;63kV;Hérault
ZGIR5;PIQUAGE GIROUFLAT (LIAISON GUPIEZ32MARM5);Point de piquage;EN EXPLOITATION;63kV;Lot-et-Garonne
ZHEND;PIQUAGE HENDAYE (LIAISON ERRONZ31SSLUZ);Point de piquage;EN EXPLOITATION;63kV;
DARNE;DARNEY;Poste de transformation;EN EXPLOITATION;63kV;Vosges
BELLE;BELLEY;Poste de transformation;EN EXPLOITATION;63kV;Ain
B.CUR;BOIS-DE-CURE;Poste de transformation;EN EXPLOITATION;63kV;Yonne
BALAN;BALAN (ARKEMA);Poste de transformation;EN EXPLOITATION;63kV;Ain
DARSE;DARSE;Poste de transformation;EN EXPLOITATION;225kV;Bouches-du-Rhône
ROCH5;ROCHETAILLEE;Poste de transformation;EN EXPLOITATION;63kV;Rhône
ROMB5;ROMBAS (CIMENTS FRANCAIS);Poste de transformation;EN EXPLOITATION;63kV;Moselle
BANNE;BANNE (LA);Poste de transformation;EN EXPLOITATION;63kV;Allier
BEYSS;BEYSSAC;Poste de transformation;EN EXPLOITATION;63kV;Lozère
ERQUY;ERQUY;Poste de transformation;EN EXPLOITATION;63kV;
BELI5;BELIC;Poste de transformation;EN EXPLOITATION;<45kV;Landes
BELLA;BELLAC;Poste de transformation;EN EXPLOITATION;90kV;Haute-Vienne
BERAT;BERAT;Poste de transformation;EN EXPLOITATION;63kV;Haute-Garonne
RUMEN;RUMENGOL;Poste de transformation;EN EXPLOITATION;63kV;Finistère
S.BLA;SALON-CROIX-BLANCHE;Poste de transformation;EN EXPLOITATION;63kV;Bouches-du-Rhône
S.DAM;SOISSONS-NOTRE-DAME;Poste de transformation;EN EXPLOITATION;225kV;Aisne
BARJO;BARJOLS;Poste de transformation;EN EXPLOITATION;63kV;Var
SINAR;SINARD;Poste de transformation;EN EXPLOITATION;225kV;Isère
HAUTM;HAUTMONT;Poste de transformation;EN EXPLOITATION;45kV;Nord
BASSE;BASSENS;Poste de transformation;EN EXPLOITATION;63kV;Gironde
GIROU;GIROUFLAT;Poste de transformation;EN EXPLOITATION;63kV;Lot-et-Garonne
SSBON;ST-BONNET (-LE-CHATEAU);Poste de transformation;EN EXPLOITATION;63kV;Loire
AUBIG;AUBIGNE;Poste de transformation;EN EXPLOITATION;90kV;Maine-et-Loire
BOGNY;BOGNY;Poste de transformation;EN EXPLOITATION;63kV;Ardennes
HOSTE;HOSTENS;Poste de transformation;EN EXPLOITATION;63kV;Gironde
AVRON;AVRON;Poste de transformation;EN EXPLOITATION;225kV;Seine-Saint-Denis
SANIL;SANILHAC;Poste de transformation;EN EXPLOITATION;225kV;Dordogne
ZPIN;ECOUF / CORBI THORI 1;Point de piquage;EN EXPLOITATION;90kV;Maine-et-Loire
ZPLUZ;PIQUAGE A PLUZUNET;Point de piquage;EN EXPLOITATION;63kV;Côtes-d'Armor
ZPOLL;POLLI / CRUET MTREV 1;Point de piquage;EN EXPLOITATION;63kV;Ain
SSBE5;ST-BERNARD;Poste de transformation;EN EXPLOITATION;63kV;Rhône
A.BA5;AIX-LES-BAINS (CLIENT);Poste de transformation;EN EXPLOITATION;63kV;Savoie
IVRY5;IVRY (CLIENT);Poste de transformation;EN EXPLOITATION;63kV;Paris
FINS;FINS (LES);Poste de transformation;EN EXPLOITATION;63kV;Doubs
GAVET;GAVET (FERROPEM);Poste de transformation;EN EXPLOITATION;63kV;Isère
INSMI;INSMING;Poste de transformation;EN EXPLOITATION;63kV;Moselle
ZLIE5;PIQUAGE A SAINT-OUEN-L AUMONE;Point de piquage;EN EXPLOITATION;225kV;Val-d'Oise
ZLIES;LIESS / CERGY H.BOR 1;Point de piquage;EN EXPLOITATION;225kV;Val-d'Oise
ZLIM6;LIMOU / THIE5 ZP.G5 1;Point de piquage;EN EXPLOITATION;63kV;Puy-de-Dôme
ZMANS;MANSL / LUXE NAUCL 1;Point de piquage;EN EXPLOITATION;90kV;Charente
CLAVA;CLAVAUX (LES);Poste de transformation;EN EXPLOITATION;63kV;Isère
SARDO;SARDON;Poste de transformation;EN EXPLOITATION;63kV;Loire
ECHAL;ECHALAS;Poste de transformation;EN EXPLOITATION;400kV;Loire
SSLIV;STE-LIVRADE;Poste de transformation;EN EXPLOITATION;63kV;Lot-et-Garonne
HEM;HEM;Poste de transformation;EN EXPLOITATION;90kV;Nord
SSCRA;ST-MARTIN-DE-CRAU;Poste de transformation;EN EXPLOITATION;63kV;Bouches-du-Rhône
JOUY;JOUY;Poste de transformation;EN EXPLOITATION;63kV;Seine-et-Marne
G.CO6;GRAND-COURBIS;Poste de transformation;EN EXPLOITATION;225kV;Drôme
I.POR;ISOLA-PORTIQUE;Poste de transformation;EN EXPLOITATION;63kV;Alpes-Maritimes
SSMC6;ST-MARCEL (CLIENT);Poste de transformation;EN EXPLOITATION;90kV;Indre
P.NO7;PETITES-NOUES;Poste de transformation;EN EXPLOITATION;90kV;Marne
SSNA6;ST-NAZAIRE (S.N.C.F.);Poste de transformation;EN EXPLOITATION;63kV;Gard
GOBEL;GOBELINS;Poste de transformation;EN EXPLOITATION;225kV;Paris
ZCPFL;PIQUAGE A CHAMPFLEURY;Point de piquage;EN EXPLOITATION;63kV;Gard
ZCZEG;PIQUAGE 1 A COUREGES;Point de piquage;EN EXPLOITATION;63kV;Gard
ZPOUZ;PIQUAGE A POUZI LORIOL;Point de piquage;EN EXPLOITATION;63kV;Ardèche
ZSOSP;PIQUAGE A SOSPEL;Point de piquage;EN EXPLOITATION;63kV;Alpes-Maritimes
D.ROU;DEVILLE-LES-ROUEN;Poste de transformation;EN EXPLOITATION;90kV;Seine-Maritime
JUVIG;JUVIGNY;Poste de transformation;EN EXPLOITATION;225kV;
ZLIC6;PIQUAGE LICAUGAS (LIAISON MASQUZ31PAREN);Point de piquage;EN EXPLOITATION;63kV;Landes
ZLUSS;PIQUAGE LUSSAGNET (LIAISON MIDOUZ31NAOUT);Point de piquage;EN EXPLOITATION;63kV;Landes
ZMAIN;MAINT / ARPEN EPER5 1;Point de piquage;EN EXPLOITATION;90kV;Eure-et-Loir
ZMAC.;PIQUAGE MACON-SUD;Point de piquage;EN EXPLOITATION;63kV;Saône-et-Loire
POIRI;POIRIER;Poste de transformation;EN EXPLOITATION;90kV;Eure-et-Loir
ZG.DO;PIQUAGE AU GRAND DOME;Point de piquage;ACCORD ADMINISTRATIF;225kV;Essonne
ZB.C6;PIQUAGE AU BOIS COURTIN;Point de piquage;ACCORD ADMINISTRATIF;225kV;Essonne
CPNOL;CHAMPAGNOLE;Poste de transformation;EN EXPLOITATION;225kV;Jura
ALBER;ALBERTVILLE;Poste de transformation;EN EXPLOITATION;400kV;Savoie
CASTA;CASTAGNARY;Poste de transformation;EN EXPLOITATION;225kV;Hauts-de-Seine
CATEA;CATEAU (LE);Poste de transformation;EN EXPLOITATION;63kV;Nord
1N.MA;NEUILLY-SUR-MARNE /NEUILL;Poste de transformation;EN EXPLOITATION;<45kV;Seine-Saint-Denis
MALBO;MALBOUSQUET (PORT MILITAIRE TOULON);Poste de transformation;EN EXPLOITATION;63kV;Var
ZBLAU;PIQUAGE A BLAUX;Point de piquage;EN EXPLOITATION;225kV;Hautes-Alpes
V.GRA;VILLE-SOUS-GRANGE (LA);Poste de transformation;EN EXPLOITATION;90kV;Haute-Vienne
TOLBI;TOLBIAC;Poste de transformation;EN EXPLOITATION;225kV;Paris
ZPICH;PIQUAGE PICHON (LIAISON BASSEZ31SSEUL);Point de piquage;EN EXPLOITATION;63kV;Gironde
ZPLEL;PIQUAGE A MAURE-DE-BRETAGNE (PLELAN);Point de piquage;EN EXPLOITATION;90kV;Morbihan
BXNE5;BEAUNE (SNCF);Poste de transformation;EN EXPLOITATION;63kV;Côte-d'Or
BARLI;BARLIN;Poste de transformation;EN EXPLOITATION;90kV;Pas-de-Calais
ESSER;ESSERT;Poste de transformation;EN EXPLOITATION;63kV;Haute-Saône
Y.EVE;YVRE L EVEQUE;Poste de transformation;EN EXPLOITATION;90kV;Sarthe
ISIGN;ISIGNY;Poste de transformation;EN EXPLOITATION;90kV;Manche
YQUEL;YQUELON;Poste de transformation;EN EXPLOITATION;90kV;
ZALLA;ALLAR / C.LO5 LUDE 1;Point de piquage;EN EXPLOITATION;90kV;Sarthe
ZBER5;PIQUAGE BERGERAC 2 (LIAISON BERG5Z32TUILI);Point de piquage;EN EXPLOITATION;63kV;Dordogne
ZCORO;PIQUAGE A  LE CORONG;Point de piquage;EN EXPLOITATION;225kV;Côtes-d'Armor
RUELL;RUELLE;Poste de transformation;EN EXPLOITATION;<45kV;Charente
G.SOL;GRANDE-SOLE (LA) (PROVISOIRE);Poste de transformation;EN EXPLOITATION;400kV;
ISSY;ISSY;Poste de transformation;EN EXPLOITATION;63kV;Hauts-de-Seine
J.CLA;JAUNAY-CLAN;Poste de transformation;EN EXPLOITATION;90kV;Vienne
MEDIT;MEDITERRANEE;Poste de transformation;EN EXPLOITATION;63kV;Haute-Garonne
MIREB;MIREBEAU;Poste de transformation;EN EXPLOITATION;90kV;Vienne
ZESSA;ESSAR / BEUVR ESTAI 1;Point de piquage;EN EXPLOITATION;90kV;Pas-de-Calais
ZEYRE;PIQUAGE EYREIN (LIAISON EGLETZ41NAVES);Point de piquage;EN EXPLOITATION;90kV;Corrèze
V.ROU;VILLEFRANCHE-DE-ROUERGUE;Poste de transformation;EN EXPLOITATION;63kV;Aveyron
VAREN;VARENNES;Poste de transformation;EN EXPLOITATION;63kV;Saône-et-Loire
VAUJA;VAUJANY;Poste de transformation;EN EXPLOITATION;400kV;Isère
EDGAR;EDGAR;Poste de transformation;EN EXPLOITATION;90kV;Seine-Maritime
ERASM;ERASME;Poste de transformation;EN EXPLOITATION;225kV;Paris
SSRO5;ST-PIERRE-ROCHE;Poste de transformation;EN EXPLOITATION;63kV;Puy-de-Dôme
UGINE;UGINE (UGINE SAVOIE A UGINE)1;Poste de transformation;EN EXPLOITATION;225kV;Haute-Savoie
V.LOT;VILLENEUVE-SUR-LOT;Poste de transformation;EN EXPLOITATION;63kV;Lot-et-Garonne
F.SUL;FORET DE SULLY;Poste de transformation;EN EXPLOITATION;90kV;Loiret
COLON;COLONIE;Poste de transformation;EN EXPLOITATION;225kV;Val-de-Marne
SSVI5;ST-JEAN-LE-VIEUX;Poste de transformation;EN EXPLOITATION;63kV;Pyrénées-Atlantiques
SSYRI;ST-YRIEIX;Poste de transformation;EN EXPLOITATION;90kV;Haute-Vienne
TANNE;TANNEURS;Poste de transformation;EN EXPLOITATION;63kV;Loire-Atlantique
KERBO;KERBOQUET;Poste de transformation;EN EXPLOITATION;63kV;Morbihan
FLEUR;FLEURVILLE;Poste de transformation;EN EXPLOITATION;63kV;Saône-et-Loire
FOLIE;FOLIES;Poste de transformation;EN EXPLOITATION;225kV;Hauts-de-Seine
FOURM;FOURMIES;Poste de transformation;EN EXPLOITATION;63kV;Nord
TERRA;TERRADOU;Poste de transformation;EN EXPLOITATION;225kV;Vaucluse
LIVIE;LIVIERE;Poste de transformation;EN EXPLOITATION;225kV;Aude
B.SE5;BOIS-DE-SERVES;Poste de transformation;EN EXPLOITATION;400kV;Ain
MASSY;MASSY;Poste de transformation;EN EXPLOITATION;225kV;Essonne
METHA;METHANIER (TERMINAL DE FOS-SUR-MER);Poste de transformation;EN EXPLOITATION;63kV;Bouches-du-Rhône
MEXIM;MEXIMIEUX;Poste de transformation;EN EXPLOITATION;63kV;Ain
COUCH;COUCHEY;Poste de transformation;EN EXPLOITATION;225kV;Côte-d'Or
COUE5;COUESMES;Poste de transformation;EN EXPLOITATION;90kV;Indre-et-Loire
COULL;COULLONS;Poste de transformation;EN EXPLOITATION;90kV;Loiret
CRAPO;CRAPONNE;Poste de transformation;EN EXPLOITATION;63kV;Rhône
GATI5;GATINAIS;Poste de transformation;EN EXPLOITATION;400kV;Loiret
MERLA;MERLATIERE;Poste de transformation;EN EXPLOITATION;225kV;Vendée
V.BAC;VILLIERS-LE-BACLE  (CEA SACLAY);Poste de transformation;EN EXPLOITATION;63kV;Yvelines
LOGES;LOGES (LES);Poste de transformation;EN EXPLOITATION;225kV;Essonne
LOUV5;LOUVET;Poste de transformation;EN EXPLOITATION;90kV;Eure
ZSSFA;PIQUAGE A CREDO;Point de piquage;EN EXPLOITATION;63kV;Haute-Savoie
ZSSMC;SSMCE / J.BOI MADRO 1;Point de piquage;EN EXPLOITATION;90kV;Indre
PRIEU;PRIEURE (LE);Poste de transformation;EN EXPLOITATION;63kV;Marne
ZGERR;PIQUAGE A GER;Point de piquage;EN EXPLOITATION;90kV;Manche
SSORE;ST-ORENS;Poste de transformation;EN EXPLOITATION;225kV;Haute-Garonne
C.OME;CRESSY-OMENCOURT;Poste de transformation;EN EXPLOITATION;225kV;Somme
MOULA;MOULAINE;Poste de transformation;EN EXPLOITATION;400kV;Meurthe-et-Moselle
ZFRO8;PIQUAGE AUX FROMONTS;Point de piquage;EN EXPLOITATION;63kV;Seine-et-Marne
G.BA5;GREOUX-LES-BAINS (CLIENT);Poste de transformation;EN EXPLOITATION;225kV;Alpes-de-Haute-Provence
ZVILA;PIQUAGE A VILASSOLE;Point de piquage;EN EXPLOITATION;225kV;Bouches-du-Rhône
PATIS;PATIS;Poste de transformation;EN EXPLOITATION;225kV;Oise
PLAUD;PLAUD;Poste de transformation;EN EXPLOITATION;400kV;Charente
SEQUE;SEQUEDIN;Poste de transformation;EN EXPLOITATION;225kV;Nord
ZVNES;PIQUAGE A VIGNES (LES);Point de piquage;EN EXPLOITATION;63kV;Indre
MARSI;MARSILLON;Poste de transformation;EN EXPLOITATION;400kV;Pyrénées-Atlantiques
MORTE;MORTEMER;Poste de transformation;EN EXPLOITATION;90kV;Seine-Maritime
M.TER;MONT-DE-TERRE;Poste de transformation;EN EXPLOITATION;90kV;Nord
TARB5;TARBES (S.N.C.F.);Poste de transformation;EN EXPLOITATION;63kV;Hautes-Pyrénées
YVE.O;YVELINES-OUEST;Poste de transformation;EN EXPLOITATION;400kV;Yvelines
ZR.V5;PIQUAGE A RIVIERE LE VIEUX 2;Point de piquage;EN EXPLOITATION;63kV;Ariège
GRACI;GRACIEUSE (LA);Poste de transformation;EN EXPLOITATION;225kV;Bouches-du-Rhône
BANCA;BANCAIRON;Poste de transformation;EN EXPLOITATION;150kV;Alpes-Maritimes
OLLAI;OLLAINVILLE;Poste de transformation;EN EXPLOITATION;90kV;Essonne
SIRMI;SIRMIERE;Poste de transformation;EN EXPLOITATION;225kV;Vendée
VENES;VENESMES;Poste de transformation;EN EXPLOITATION;90kV;Cher
VENIS;VENISSIEUX;Poste de transformation;EN EXPLOITATION;225kV;Rhône
VERDU;VERDUN;Poste de transformation;EN EXPLOITATION;63kV;Meuse
1BLER;BLERIOT (BLERIOT);Poste de transformation;EN EXPLOITATION;<45kV;Val-d'Oise
S.GUY;SAUVETERRE-DE-GUYENNE;Poste de transformation;EN EXPLOITATION;225kV;Gironde
ZG.P5;PIQUAGE A LA GRANDE PAROISSE;Point de piquage;EN EXPLOITATION;63kV;Seine-et-Marne
ZFAUG;PIQUAGE A FAUGERES;Point de piquage;EN EXPLOITATION;63kV;Hérault
MTIGN;MONTIGNAC;Poste de transformation;EN EXPLOITATION;90kV;Dordogne
FARAM;FARAMAN;Poste de transformation;EN EXPLOITATION;COURANT CONTINU;
SSVA6;ST-CYR-EN-VAL;Poste de transformation;EN EXPLOITATION;225kV;Loiret
PAMI5;PAMIERS (S.N.C.F.);Poste de transformation;EN EXPLOITATION;63kV;Ariège
V.COT;VILLERS-COTTERETS;Poste de transformation;EN EXPLOITATION;63kV;Oise
ZV.OR;PIQUAGE A VILLEJUST ORSAY;Point de piquage;EN EXPLOITATION;225kV;Essonne
ODON;ODON;Poste de transformation;EN EXPLOITATION;90kV;Calvados
EPER5;EPERNON;Poste de transformation;EN EXPLOITATION;90kV;Eure-et-Loir
F.BIS;FOND-BISARD;Poste de transformation;ACCORD ADMINISTRATIF;90kV;Seine-Maritime
CHART;CHARTREUX;Poste de transformation;EN EXPLOITATION;90kV;Essonne
DOPPL;DOPPLER;Poste de transformation;EN EXPLOITATION;63kV;Loire-Atlantique
RANGU;RANGUEVAUX;Poste de transformation;EN EXPLOITATION;63kV;Moselle
T.SAV;TOURS EN SAVOIE;Poste de transformation;EN EXPLOITATION;63kV;Savoie
LUMIE;LUMIERE;Poste de transformation;EN EXPLOITATION;63kV;Saône-et-Loire
CHAVE;CHAVENAT;Poste de transformation;EN EXPLOITATION;90kV;Charente
BORD8;BORDERES (PORTIQUE);Poste de transformation;EN EXPLOITATION;63kV;Hautes-Pyrénées
VALTI;VALTIER (LE);Poste de transformation;EN EXPLOITATION;90kV;Eure
PLESS;PLESSES (LES);Poste de transformation;EN EXPLOITATION;90kV;Vendée
FERR5;FERRIERE;Poste de transformation;EN EXPLOITATION;90kV;Orne
ISCLE;ISCLES (LES);Poste de transformation;EN EXPLOITATION;225kV;Bouches-du-Rhône
POTEA;POTEAU (LE);Poste de transformation;EN EXPLOITATION;225kV;Marne
ARCOM;ARCOMIE;Poste de transformation;EN EXPLOITATION;63kV;Cantal
MARIV;MARIVAUX;Poste de transformation;EN EXPLOITATION;63kV;Oise
BERAN;BERANVILLE;Poste de transformation;EN EXPLOITATION;225kV;Yvelines
RIAIL;RIAILLE;Poste de transformation;EN EXPLOITATION;90kV;Loire-Atlantique
FLAC5;FLACE (SOUS STATION SNCF);Poste de transformation;EN EXPLOITATION;63kV;Saône-et-Loire
BITCH;BITCHE;Poste de transformation;EN EXPLOITATION;63kV;Moselle
BODUT;BODUT;Poste de transformation;EN EXPLOITATION;90kV;Deux-Sèvres
LANN5;LANNEMEZAN ( PECHINEY A LANNEMEZAN);Poste de transformation;EN EXPLOITATION;63kV;Hautes-Pyrénées
LUZEC;LUZECH;Poste de transformation;EN EXPLOITATION;63kV;Lot
SSHON;ST-HONORE;Poste de transformation;EN EXPLOITATION;63kV;Nièvre
SAIZE;SAIZERAIS;Poste de transformation;EN EXPLOITATION;63kV;Meurthe-et-Moselle
SSARD;ST-JEAN D ARDIERES;Poste de transformation;EN EXPLOITATION;63kV;Rhône
ANTUG;ANTUGNAC;Poste de transformation;EN EXPLOITATION;63kV;Aude
B.MAN;BOINVILLE-EN-MANTOIS;Poste de transformation;EN EXPLOITATION;225kV;Yvelines
FOS;FOS;Poste de transformation;EN EXPLOITATION;63kV;Haute-Garonne
TARTI;TARTIFUME;Poste de transformation;EN EXPLOITATION;63kV;Gironde
P.VAR;PLAN-DU-VAR;Poste de transformation;EN EXPLOITATION;63kV;Alpes-Maritimes
TOUR7;TOURNEMIRE;Poste de transformation;EN EXPLOITATION;63kV;Aveyron
EGET;EGET;Poste de transformation;EN EXPLOITATION;63kV;Hautes-Pyrénées
G.ENF;GUEULE D ENFER (MASSHYLIA LA MEDE);Poste de transformation;ACCORD ADMINISTRATIF;150kV;Bouches-du-Rhône
TARNO;TARNON;Poste de transformation;EN EXPLOITATION;63kV;Lozère
NENTI;NENTILLA;Poste de transformation;EN EXPLOITATION;150kV;Aude
BACCH;BACCHUS (ENEDIS);Poste de transformation;EN EXPLOITATION;90kV;Manche
PYRIM;PYRIMONT;Poste de transformation;EN EXPLOITATION;63kV;Ain
LACAU;LACAUNE;Poste de transformation;EN EXPLOITATION;63kV;Tarn
AIGU5;AIGUEBELLE (CLIENT);Poste de transformation;EN EXPLOITATION;45kV;Savoie
S.SAU;SEPT-SAULX;Poste de transformation;EN EXPLOITATION;63kV;Marne
B.THI;BOURG-DE-THIZY;Poste de transformation;EN EXPLOITATION;63kV;Loire
NUISE;NUISEMENT;Poste de transformation;EN EXPLOITATION;225kV;Eure-et-Loir
E.BAI;EVAUX LES BAINS;Poste de transformation;EN EXPLOITATION;63kV;Creuse
LOUP;LOUP (LE);Poste de transformation;EN EXPLOITATION;63kV;Alpes-Maritimes
BREI5;BREIL;Poste de transformation;EN EXPLOITATION;90kV;Maine-et-Loire
GOLBE;GOLBEY;Poste de transformation;EN EXPLOITATION;225kV;Vosges
SOURD;SOURDRIE (LA);Poste de transformation;EN EXPLOITATION;90kV;Maine-et-Loire
DERVA;DERVAL;Poste de transformation;EN EXPLOITATION;90kV;Loire-Atlantique
TOLME;TOLMER;Poste de transformation;EN EXPLOITATION;90kV;Manche
RIVI6;RIVIERES;Poste de transformation;EN EXPLOITATION;63kV;Tarn
CAHOR;CAHORS;Poste de transformation;EN EXPLOITATION;63kV;Lot
V.CH7;VIEUX-CHATEAU;Poste de transformation;EN EXPLOITATION;63kV;Isère
PLOMB;PLOMBIERES;Poste de transformation;EN EXPLOITATION;150kV;Haute-Saône
DOUAI;DOUAIRES;Poste de transformation;EN EXPLOITATION;90kV;Ille-et-Vilaine
REQUI;REQUISTA;Poste de transformation;EN EXPLOITATION;63kV;Tarn
GARCH;GARCHIZY;Poste de transformation;EN EXPLOITATION;225kV;Cher
LUTZE;LUTZELHOUSE;Poste de transformation;EN EXPLOITATION;63kV;Bas-Rhin
POMPI;POMPIGNAC;Poste de transformation;EN EXPLOITATION;63kV;Gironde
MONCO;MONCOUTANT;Poste de transformation;EN EXPLOITATION;90kV;Deux-Sèvres
ZMES6;PIQUAGE A MESNIER;Point de piquage;EN EXPLOITATION;90kV;Charente
C.GUE;CHAMPS GUERIN (LES);Poste de transformation;EN EXPLOITATION;63kV;Nièvre
NAVA6;NAVARRE;Poste de transformation;ACCORD ADMINISTRATIF;400kV;
ZMA12;PIQUAGE-A-MARECAGES (LES);Point de piquage;EN EXPLOITATION;63kV;Val-d'Oise
L.ROU;LACHAPELLE-SOUS-ROUGEMONT;Poste de transformation;EN EXPLOITATION;63kV;Territoire de Belfort
NOYON;NOYON;Poste de transformation;EN EXPLOITATION;63kV;Oise
B.PLU;BOUIN-PLUMOISON;Poste de transformation;EN EXPLOITATION;90kV;Pas-de-Calais
MIST5;MISTROU;Poste de transformation;EN EXPLOITATION;63kV;Aveyron
ORLEA;ORLEANS;Poste de transformation;EN EXPLOITATION;90kV;Loiret
TIZEE;TIZE;Poste de transformation;EN EXPLOITATION;90kV;Ille-et-Vilaine
M.BLA;MAISON-BLANCHE;Poste de transformation;EN EXPLOITATION;63kV;Hautes-Pyrénées
FONDA;FONDAMENTE;Poste de transformation;EN EXPLOITATION;63kV;Aveyron
GONCO;GONCOURT;Poste de transformation;EN EXPLOITATION;63kV;Haute-Marne
TRES5;TRESSE;Poste de transformation;EN EXPLOITATION;90kV;Côtes-d'Armor
LUZI2;LUZIERES II;Poste de transformation;EN EXPLOITATION;63kV;Tarn
PLOUI;PLOUICH;Poste de transformation;EN EXPLOITATION;63kV;Nord
H.PAU;HENRI-PAUL;Poste de transformation;EN EXPLOITATION;400kV;Saône-et-Loire
CURBA;CURBANS;Poste de transformation;EN EXPLOITATION;225kV;Hautes-Alpes
VALDE;VALDEROURE;Poste de transformation;EN EXPLOITATION;225kV;Var
VALMY;VALMY;Poste de transformation;EN EXPLOITATION;63kV;Paris
MTGRO;MONTGROS;Poste de transformation;EN EXPLOITATION;225kV;Lozère
BAOUS;BAOUS;Poste de transformation;EN EXPLOITATION;63kV;Tarn
BERCL;BERCLAU;Poste de transformation;EN EXPLOITATION;225kV;Pas-de-Calais
LOGEL;LOGELBACH;Poste de transformation;EN EXPLOITATION;400kV;Haut-Rhin
VLARG;VILLARGONDRAN (SSJM SNCF);Poste de transformation;EN EXPLOITATION;63kV;Savoie
RUNGI;RUNGIS;Poste de transformation;EN EXPLOITATION;225kV;Hauts-de-Seine
AMBE6;AMBES (CLIENT);Poste de transformation;EN EXPLOITATION;63kV;Gironde
