{"type": "FeatureCollection", "metadata": {"source": "OpenRadiation (science citoyenne, ASNR co-fondatrice)", "license": "ODbL", "attribution": "OpenRadiation contributors - ODbL", "quantity": "debit de dose gamma/X ambiant (Geiger), uSv/h - PAS radon", "bbox_corse": [8.4, 41.3, 9.7, 43.1], "n": 2077, "built": "2026-07-09", "epistemic": "Mesures citoyennes indicatives, capteurs heterogenes, non certifiees. Le jeu inclut des traces continues (une session de marche vaut plusieurs centaines de points) : densite affichee != nombre de sites de mesure."}, "features": [{"type": "Feature", "geometry": {"type": "Point", "coordinates": [9.53216, 42.51212]}, "properties": {"v": 0.124, "d": "2025-08-11", "s": "geiger", "m": "SM-G781B"}}, {"type": "Feature", "geometry": {"type": "Point", "coordinates": [9.11906, 42.11362]}, "properties": {"v": 0.2104, "d": "2025-06-09", "s": "geiger", "m": "iPhone14,4"}}, {"type": "Feature", "geometry": {"type": "Point", "coordinates": [9.11918, 42.11358]}, "properties": {"v": 0.2203, "d": "2025-06-08", "s": "geiger", "m": "iPhone14,4"}}, {"type": "Feature", "geometry": {"type": "Point", "coordinates": [9.13193, 42.12688]}, "properties": {"v": 0.2454, "d": "2025-06-08", "s": "geiger", "m": "iPhone14,4"}}, {"type": "Feature", "geometry": {"type": "Point", "coordinates": [9.13277, 42.12715]}, "properties": {"v": 0.166, "d": "2025-06-08", "s": "geiger", "m": "iPhone14,4"}}, {"type": "Feature", "geometry": {"type": "Point", "coordinates": [9.13235, 42.12735]}, "properties": {"v": 0.1577, "d": "2025-06-08", "s": "geiger", "m": "iPhone14,4"}}, {"type": "Feature", "geometry": {"type": "Point", "coordinates": [9.13312, 42.12781]}, "properties": {"v": 0.1777, "d": "2025-06-08", "s": "geiger", "m": "iPhone14,4"}}, {"type": "Feature", "geometry": {"type": "Point", "coordinates": [9.1339, 42.12828]}, "properties": {"v": 0.2035, "d": "2025-06-08", "s": "geiger", "m": "iPhone14,4"}}, {"type": "Feature", "geometry": {"type": "Point", "coordinates": [9.13368, 42.12851]}, "properties": {"v": 0.1726, "d": "2025-06-08", "s": "geiger", "m": "iPhone14,4"}}, {"type": "Feature", "geometry": {"type": "Point", "coordinates": [9.10149, 42.10273]}, "properties": {"v": 0.1908, "d": "2025-06-08", "s": "geiger", "m": "iPhone14,4"}}, {"type": "Feature", "geometry": {"type": "Point", "coordinates": [9.09858, 42.09889]}, "properties": {"v": 0.095, "d": "2025-06-08", "s": "geiger", "m": "iPhone14,4"}}, {"type": "Feature", "geometry": {"type": "Point", "coordinates": [9.0709, 42.08869]}, "properties": {"v": 0.0918, "d": "2025-06-08", "s": "geiger", "m": "iPhone14,4"}}, {"type": "Feature", "geometry": {"type": "Point", "coordinates": [9.05462, 42.07986]}, "properties": {"v": 0.1412, "d": "2025-06-08", "s": "geiger", "m": "iPhone14,4"}}, {"type": "Feature", "geometry": {"type": "Point", "coordinates": [9.04669, 42.07785]}, "properties": {"v": 0.1449, "d": "2025-06-08", "s": "geiger", "m": "iPhone14,4"}}, {"type": "Feature", "geometry": {"type": "Point", "coordinates": [9.04129, 42.067]}, "properties": {"v": 0.1137, "d": "2025-06-08", "s": "geiger", "m": "iPhone14,4"}}, {"type": "Feature", "geometry": {"type": "Point", "coordinates": [9.0321, 42.07385]}, "properties": {"v": 0.1376, "d": "2025-06-08", "s": "geiger", "m": "iPhone14,4"}}, {"type": "Feature", "geometry": {"type": "Point", "coordinates": [9.00938, 42.06933]}, "properties": {"v": 0.0963, "d": "2025-06-08", "s": "geiger", "m": "iPhone14,4"}}, {"type": "Feature", "geometry": {"type": "Point", "coordinates": [8.9874, 42.0622]}, "properties": {"v": 0.0821, "d": "2025-06-08", "s": "geiger", "m": "iPhone14,4"}}, {"type": "Feature", "geometry": {"type": "Point", "coordinates": [8.97771, 42.0497]}, "properties": {"v": 0.1079, "d": "2025-06-08", "s": "geiger", "m": "iPhone14,4"}}, {"type": "Feature", "geometry": {"type": "Point", "coordinates": [8.9674, 42.04994]}, "properties": {"v": 0.1298, "d": "2025-06-08", "s": "geiger", "m": "iPhone14,4"}}, {"type": "Feature", "geometry": {"type": "Point", "coordinates": [8.95211, 42.05224]}, "properties": {"v": 0.1012, "d": "2025-06-08", "s": "geiger", "m": "iPhone14,4"}}, {"type": "Feature", "geometry": {"type": "Point", "coordinates": [8.93153, 42.04139]}, "properties": {"v": 0.1268, "d": "2025-06-08", "s": "geiger", "m": "iPhone14,4"}}, {"type": "Feature", "geometry": {"type": "Point", "coordinates": [8.91777, 42.03241]}, "properties": {"v": 0.1388, "d": "2025-06-08", "s": "geiger", "m": "iPhone14,4"}}, {"type": "Feature", "geometry": {"type": "Point", "coordinates": [8.90438, 42.01963]}, "properties": {"v": 0.0943, "d": "2025-06-08", "s": "geiger", "m": "iPhone14,4"}}, {"type": "Feature", "geometry": {"type": "Point", "coordinates": [8.88618, 42.0028]}, "properties": {"v": 0.099, "d": "2025-06-08", "s": "geiger", "m": "iPhone14,4"}}, {"type": "Feature", "geometry": {"type": "Point", "coordinates": [8.86457, 41.98905]}, "properties": {"v": 0.132, "d": "2025-06-08", "s": "geiger", "m": "iPhone14,4"}}, {"type": "Feature", "geometry": {"type": "Point", "coordinates": [8.83357, 41.97929]}, "properties": {"v": 0.0906, "d": "2025-06-08", "s": "geiger", "m": "iPhone14,4"}}, {"type": "Feature", "geometry": {"type": "Point", "coordinates": [8.81581, 41.96612]}, "properties": {"v": 0.1199, "d": "2025-06-08", "s": "geiger", "m": "iPhone14,4"}}, {"type": "Feature", "geometry": {"type": "Point", "coordinates": [8.81215, 41.9506]}, "properties": {"v": 0.1041, "d": "2025-06-08", "s": "geiger", "m": "iPhone14,4"}}, {"type": "Feature", "geometry": {"type": "Point", "coordinates": [8.80123, 41.93038]}, "properties": {"v": 0.1095, "d": "2025-06-08", "s": "geiger", "m": "iPhone14,4"}}, {"type": "Feature", "geometry": {"type": "Point", "coordinates": [8.78563, 41.92931]}, "properties": {"v": 0.1527, "d": "2025-06-08", "s": "geiger", "m": "iPhone14,4"}}, {"type": "Feature", "geometry": {"type": "Point", "coordinates": [8.76863, 41.92894]}, "properties": {"v": 0.1436, "d": "2025-06-08", "s": "geiger", "m": "iPhone14,4"}}, {"type": "Feature", "geometry": {"type": "Point", "coordinates": [8.75124, 41.93373]}, "properties": {"v": 0.1487, "d": "2025-06-08", "s": "geiger", "m": "iPhone14,4"}}, {"type": "Feature", "geometry": {"type": "Point", "coordinates": [8.74183, 41.93278]}, "properties": {"v": 0.1555, "d": "2025-06-08", "s": "geiger", "m": "iPhone14,4"}}, {"type": "Feature", "geometry": {"type": "Point", "coordinates": [8.7392, 41.92792]}, "properties": {"v": 0.1505, "d": "2025-06-08", "s": "geiger", "m": "iPhone14,4"}}, {"type": "Feature", "geometry": {"type": "Point", "coordinates": [9.27421, 41.53155]}, "properties": {"v": 0.1169, "d": "2025-06-06", "s": "geiger", "m": "RMO-NX1"}}, {"type": "Feature", "geometry": {"type": "Point", "coordinates": [9.25402, 41.33913]}, "properties": {"v": 0.1528, "d": "2025-06-05", "s": "geiger", "m": "RMO-NX1"}}, {"type": "Feature", "geometry": {"type": "Point", "coordinates": [9.26654, 41.46837]}, "properties": {"v": 0.1158, "d": "2025-06-04", "s": "geiger", "m": "RMO-NX1"}}, {"type": "Feature", "geometry": {"type": "Point", "coordinates": [9.28684, 41.5883]}, "properties": {"v": 0.2765, "d": "2025-06-04", "s": "geiger", "m": "RMO-NX1"}}, {"type": "Feature", "geometry": {"type": "Point", "coordinates": [9.44613, 42.70351]}, "properties": {"v": 0.1719, "d": "2025-04-28", "s": "geiger", "m": "SM-S901B"}}, {"type": "Feature", "geometry": {"type": "Point", "coordinates": [9.15315, 42.29797]}, "properties": {"v": 0.1451, "d": "2025-04-04", "s": "geiger", "m": "SM-S901B"}}, {"type": "Feature", "geometry": {"type": "Point", "coordinates": [9.15315, 42.29797]}, "properties": {"v": 0.1961, "d": "2025-04-04", "s": "geiger", "m": "SM-S901B"}}, {"type": "Feature", "geometry": {"type": "Point", "coordinates": [9.15315, 42.29797]}, "properties": {"v": 0.1947, "d": "2025-04-04", "s": "geiger", "m": "SM-S901B"}}, {"type": "Feature", "geometry": {"type": "Point", "coordinates": [9.15315, 42.29797]}, "properties": {"v": 0.1816, "d": "2025-04-04", "s": "geiger", "m": "SM-S901B"}}, {"type": "Feature", "geometry": {"type": "Point", "coordinates": [9.15315, 42.29797]}, "properties": {"v": 0.1751, "d": "2025-04-04", "s": "geiger", "m": "SM-S901B"}}, {"type": "Feature", "geometry": {"type": "Point", "coordinates": [9.15315, 42.29797]}, "properties": {"v": 0.1685, "d": "2025-04-04", "s": "geiger", "m": "SM-S901B"}}, {"type": "Feature", "geometry": {"type": "Point", "coordinates": [9.15315, 42.29797]}, "properties": {"v": 0.162, "d": "2025-04-04", "s": "geiger", "m": "SM-S901B"}}, {"type": "Feature", "geometry": {"type": "Point", "coordinates": [9.15315, 42.29797]}, "properties": {"v": 0.1816, "d": "2025-04-04", "s": "geiger", "m": "SM-S901B"}}, {"type": "Feature", "geometry": {"type": "Point", "coordinates": [9.15315, 42.29797]}, "properties": {"v": 0.1898, "d": "2025-04-04", "s": "geiger", "m": "SM-S901B"}}, {"type": "Feature", "geometry": {"type": "Point", "coordinates": [9.15315, 42.29797]}, "properties": {"v": 0.2045, "d": "2025-04-04", "s": "geiger", "m": "SM-S901B"}}, {"type": "Feature", "geometry": {"type": "Point", "coordinates": [9.15315, 42.29797]}, "properties": {"v": 0.1702, "d": "2025-04-04", "s": "geiger", "m": "SM-S901B"}}, {"type": "Feature", "geometry": {"type": "Point", "coordinates": [9.15315, 42.29797]}, "properties": {"v": 0.1554, "d": "2025-04-04", "s": "geiger", "m": "SM-S901B"}}, {"type": "Feature", "geometry": {"type": "Point", "coordinates": [9.15315, 42.29797]}, "properties": {"v": 0.2078, "d": "2025-04-04", "s": "geiger", "m": "SM-S901B"}}, {"type": "Feature", "geometry": {"type": "Point", "coordinates": [9.15315, 42.29797]}, "properties": {"v": 0.2078, "d": "2025-04-04", "s": "geiger", "m": "SM-S901B"}}, {"type": "Feature", "geometry": {"type": "Point", "coordinates": [9.44163, 42.67013]}, "properties": {"v": 0.1211, "d": "2025-04-04", "s": "geiger", "m": "SM-S901B"}}, {"type": "Feature", "geometry": {"type": "Point", "coordinates": [9.44376, 42.70433]}, "properties": {"v": 0.1133, "d": "2025-04-02", "s": "geiger", "m": "SM-S901B"}}, {"type": "Feature", "geometry": {"type": "Point", "coordinates": [9.44637, 42.70348]}, "properties": {"v": 0.1235, "d": "2025-04-02", "s": "geiger", "m": "SM-S901B"}}, {"type": "Feature", "geometry": {"type": "Point", "coordinates": [9.44637, 42.70348]}, "properties": {"v": 0.1159, "d": "2025-04-02", "s": "geiger", "m": "SM-S901B"}}, {"type": "Feature", "geometry": {"type": "Point", "coordinates": [9.4462, 42.70362]}, "properties": {"v": 0.0984, "d": "2025-04-02", "s": "geiger", "m": "SM-S901B"}}, {"type": "Feature", "geometry": {"type": "Point", "coordinates": [9.4462, 42.70362]}, "properties": {"v": 0.1244, "d": "2025-04-02", "s": "geiger", "m": "SM-S901B"}}, {"type": "Feature", "geometry": {"type": "Point", "coordinates": [9.44642, 42.7037]}, "properties": {"v": 0.1025, "d": "2025-04-02", "s": "geiger", "m": "SM-S901B"}}, {"type": "Feature", "geometry": {"type": "Point", "coordinates": [9.44592, 42.70364]}, "properties": {"v": 0.152, "d": "2025-04-02", "s": "geiger", "m": "CPH1931"}}, {"type": "Feature", "geometry": {"type": "Point", "coordinates": [9.44611, 42.70352]}, "properties": {"v": 0.1244, "d": "2025-04-02", "s": "geiger", "m": "SM-S901B"}}, {"type": "Feature", "geometry": {"type": "Point", "coordinates": [9.44592, 42.70364]}, "properties": {"v": 0.1358, "d": "2025-04-02", "s": "geiger", "m": "CPH1931"}}, {"type": "Feature", "geometry": {"type": "Point", "coordinates": [9.44611, 42.70352]}, "properties": {"v": 0.1328, "d": "2025-04-02", "s": "geiger", "m": "SM-S901B"}}, {"type": "Feature", "geometry": {"type": "Point", "coordinates": [9.44618, 42.70356]}, "properties": {"v": 0.1154, "d": "2025-04-02", "s": "geiger", "m": "SM-S901B"}}, {"type": "Feature", "geometry": {"type": "Point", "coordinates": [9.44625, 42.70326]}, "properties": {"v": 0.1468, "d": "2025-04-02", "s": "geiger", "m": "SM-S901B"}}, {"type": "Feature", "geometry": {"type": "Point", "coordinates": [9.44614, 42.70361]}, "properties": {"v": 0.1234, "d": "2025-04-01", "s": "geiger", "m": "SM-S901B"}}, {"type": "Feature", "geometry": {"type": "Point", "coordinates": [9.44614, 42.70361]}, "properties": {"v": 0.1218, "d": "2025-04-01", "s": "geiger", "m": "SM-S901B"}}, {"type": "Feature", "geometry": {"type": "Point", "coordinates": [9.44614, 42.70361]}, "properties": {"v": 0.1517, "d": "2025-04-01", "s": "geiger", "m": "SM-S901B"}}, {"type": "Feature", "geometry": {"type": "Point", "coordinates": [9.44614, 42.70361]}, "properties": {"v": 0.1323, "d": "2025-04-01", "s": "geiger", "m": "SM-S901B"}}, {"type": "Feature", "geometry": {"type": "Point", "coordinates": [9.44639, 42.70361]}, "properties": {"v": 0.1217, "d": "2025-04-01", "s": "geiger", "m": "SM-S901B"}}, {"type": "Feature", "geometry": {"type": "Point", "coordinates": [9.44614, 42.70364]}, "properties": {"v": 0.1122, "d": "2025-04-01", "s": "geiger", "m": "SM-S901B"}}, {"type": "Feature", "geometry": {"type": "Point", "coordinates": [9.44614, 42.70364]}, "properties": {"v": 0.1193, "d": "2025-04-01", "s": "geiger", "m": "SM-S901B"}}, {"type": "Feature", "geometry": {"type": "Point", "coordinates": [9.44605, 42.70357]}, "properties": {"v": 0.1029, "d": "2025-04-01", "s": "geiger", "m": "SM-S901B"}}, {"type": "Feature", "geometry": {"type": "Point", "coordinates": [9.44598, 42.7034]}, "properties": {"v": 0.1279, "d": "2025-04-01", "s": "geiger", "m": "SM-S901B"}}, {"type": "Feature", "geometry": {"type": "Point", "coordinates": [9.44598, 42.7034]}, "properties": {"v": 0.1, "d": "2025-04-01", "s": "geiger", "m": "SM-S901B"}}, {"type": "Feature", "geometry": {"type": "Point", "coordinates": [9.44598, 42.7034]}, "properties": {"v": 0.1393, "d": "2025-04-01", "s": "geiger", "m": "SM-S901B"}}, {"type": "Feature", "geometry": {"type": "Point", "coordinates": [9.44598, 42.7034]}, "properties": {"v": 0.1292, "d": "2025-04-01", "s": "geiger", "m": "SM-S901B"}}, {"type": "Feature", "geometry": {"type": "Point", "coordinates": [9.44617, 42.70354]}, "properties": {"v": 0.1076, "d": "2025-04-01", "s": "geiger", "m": "SM-S901B"}}, {"type": "Feature", "geometry": {"type": "Point", "coordinates": [9.44617, 42.70354]}, "properties": {"v": 0.097, "d": "2025-04-01", "s": "geiger", "m": "SM-S901B"}}, {"type": "Feature", "geometry": {"type": "Point", "coordinates": [9.44617, 42.70354]}, "properties": {"v": 0.1237, "d": "2025-04-01", "s": "geiger", "m": "SM-S901B"}}, {"type": "Feature", "geometry": {"type": "Point", "coordinates": [9.44617, 42.70354]}, "properties": {"v": 0.1325, "d": "2025-04-01", "s": "geiger", "m": "SM-S901B"}}, {"type": "Feature", "geometry": {"type": "Point", "coordinates": [9.44617, 42.70354]}, "properties": {"v": 0.1048, "d": "2025-04-01", "s": "geiger", "m": "SM-S901B"}}, {"type": "Feature", "geometry": {"type": "Point", "coordinates": [9.44616, 42.70353]}, "properties": {"v": 0.1236, "d": "2025-04-01", "s": "geiger", "m": "SM-S901B"}}, {"type": "Feature", "geometry": {"type": "Point", "coordinates": [9.44589, 42.70359]}, "properties": {"v": 0.1152, "d": "2025-04-01", "s": "geiger", "m": "SM-S901B"}}, {"type": "Feature", "geometry": {"type": "Point", "coordinates": [9.42837, 42.67949]}, "properties": {"v": 0.1992, "d": "2025-03-29", "s": "geiger", "m": "CPH1931"}}, {"type": "Feature", "geometry": {"type": "Point", "coordinates": [9.47856, 42.55068]}, "properties": {"v": 0.1596, "d": "2025-03-28", "s": "geiger", "m": "SM-S901B"}}, {"type": "Feature", "geometry": {"type": "Point", "coordinates": [9.47856, 42.55068]}, "properties": {"v": 0.127, "d": "2025-03-28", "s": "geiger", "m": "SM-S901B"}}, {"type": "Feature", "geometry": {"type": "Point", "coordinates": [9.47878, 42.55036]}, "properties": {"v": 0.1275, "d": "2025-03-28", "s": "geiger", "m": "SM-S901B"}}, {"type": "Feature", "geometry": {"type": "Point", "coordinates": [9.48865, 42.54102]}, "properties": {"v": 0.1361, "d": "2025-03-28", "s": "geiger", "m": "SM-S901B"}}, {"type": "Feature", "geometry": {"type": "Point", "coordinates": [9.51201, 42.57834]}, "properties": {"v": 0.0566, "d": "2025-03-28", "s": "geiger", "m": "SM-S901B"}}, {"type": "Feature", "geometry": {"type": "Point", "coordinates": [9.68595, 42.60704]}, "properties": {"v": 0.0555, "d": "2025-03-28", "s": "geiger", "m": "SM-S901B"}}, {"type": "Feature", "geometry": {"type": "Point", "coordinates": [9.62651, 42.6004]}, "properties": {"v": 0.0504, "d": "2025-03-28", "s": "geiger", "m": "SM-S901B"}}, {"type": "Feature", "geometry": {"type": "Point", "coordinates": [9.48456, 42.55071]}, "properties": {"v": 0.0544, "d": "2025-03-28", "s": "geiger", "m": "SM-S901B"}}, {"type": "Feature", "geometry": {"type": "Point", "coordinates": [9.47982, 42.55181]}, "properties": {"v": 0.1123, "d": "2025-03-28", "s": "geiger", "m": "SM-S901B"}}, {"type": "Feature", "geometry": {"type": "Point", "coordinates": [9.47982, 42.55181]}, "properties": {"v": 0.1158, "d": "2025-03-28", "s": "geiger", "m": "SM-S901B"}}, {"type": "Feature", "geometry": {"type": "Point", "coordinates": [9.47855, 42.55049]}, "properties": {"v": 0.1304, "d": "2025-03-28", "s": "geiger", "m": "SM-S901B"}}, {"type": "Feature", "geometry": {"type": "Point", "coordinates": [9.47841, 42.55062]}, "properties": {"v": 0.1402, "d": "2025-03-28", "s": "geiger", "m": "SM-S901B"}}, {"type": "Feature", "geometry": {"type": "Point", "coordinates": [9.44585, 42.70366]}, "properties": {"v": 0.1587, "d": "2025-03-28", "s": "geiger", "m": "CPH1931"}}, {"type": "Feature", "geometry": {"type": "Point", "coordinates": [9.44599, 42.70371]}, "properties": {"v": 0.1461, "d": "2025-03-28", "s": "geiger", "m": "SM-S901B"}}, {"type": "Feature", "geometry": {"type": "Point", "coordinates": [9.44585, 42.70366]}, "properties": {"v": 0.1489, "d": "2025-03-28", "s": "geiger", "m": "CPH1931"}}, {"type": "Feature", "geometry": {"type": "Point", "coordinates": [9.44585, 42.70358]}, "properties": {"v": 0.1373, "d": "2025-03-28", "s": "geiger", "m": "SM-S901B"}}, {"type": "Feature", "geometry": {"type": "Point", "coordinates": [9.44585, 42.70366]}, "properties": {"v": 0.1129, "d": "2025-03-28", "s": "geiger", "m": "CPH1931"}}, {"type": "Feature", "geometry": {"type": "Point", "coordinates": [9.4458, 42.70388]}, "properties": {"v": 0.1205, "d": "2025-03-28", "s": "geiger", "m": "SM-S901B"}}, {"type": "Feature", "geometry": {"type": "Point", "coordinates": [9.44585, 42.70366]}, "properties": {"v": 0.1538, "d": "2025-03-28", "s": "geiger", "m": "CPH1931"}}, {"type": "Feature", "geometry": {"type": "Point", "coordinates": [9.44567, 42.70397]}, "properties": {"v": 0.1185, "d": "2025-03-28", "s": "geiger", "m": "SM-S901B"}}, {"type": "Feature", "geometry": {"type": "Point", "coordinates": [9.44585, 42.70366]}, "properties": {"v": 0.1456, "d": "2025-03-28", "s": "geiger", "m": "CPH1931"}}, {"type": "Feature", "geometry": {"type": "Point", "coordinates": [9.4461, 42.70415]}, "properties": {"v": 0.1003, "d": "2025-03-28", "s": "geiger", "m": "SM-S901B"}}, {"type": "Feature", "geometry": {"type": "Point", "coordinates": [9.44585, 42.70366]}, "properties": {"v": 0.1489, "d": "2025-03-28", "s": "geiger", "m": "CPH1931"}}, {"type": "Feature", "geometry": {"type": "Point", "coordinates": [9.44585, 42.70365]}, "properties": {"v": 0.1378, "d": "2025-03-28", "s": "geiger", "m": "SM-S901B"}}, {"type": "Feature", "geometry": {"type": "Point", "coordinates": [9.44585, 42.70366]}, "properties": {"v": 0.1341, "d": "2025-03-28", "s": "geiger", "m": "CPH1931"}}, {"type": "Feature", "geometry": {"type": "Point", "coordinates": [9.44585, 42.70365]}, "properties": {"v": 0.1293, "d": "2025-03-28", "s": "geiger", "m": "SM-S901B"}}, {"type": "Feature", "geometry": {"type": "Point", "coordinates": [9.44585, 42.70366]}, "properties": {"v": 0.1342, "d": "2025-03-28", "s": "geiger", "m": "CPH1931"}}, {"type": "Feature", "geometry": {"type": "Point", "coordinates": [9.44588, 42.70397]}, "properties": {"v": 0.1384, "d": "2025-03-28", "s": "geiger", "m": "SM-S901B"}}, {"type": "Feature", "geometry": {"type": "Point", "coordinates": [9.44585, 42.70366]}, "properties": {"v": 0.1571, "d": "2025-03-28", "s": "geiger", "m": "CPH1931"}}, {"type": "Feature", "geometry": {"type": "Point", "coordinates": [9.44585, 42.70366]}, "properties": {"v": 0.1179, "d": "2025-03-28", "s": "geiger", "m": "SM-S901B"}}, {"type": "Feature", "geometry": {"type": "Point", "coordinates": [9.44585, 42.70366]}, "properties": {"v": 0.1701, "d": "2025-03-28", "s": "geiger", "m": "CPH1931"}}, {"type": "Feature", "geometry": {"type": "Point", "coordinates": [9.44588, 42.70365]}, "properties": {"v": 0.1339, "d": "2025-03-28", "s": "geiger", "m": "CPH1931"}}, {"type": "Feature", "geometry": {"type": "Point", "coordinates": [9.44597, 42.70385]}, "properties": {"v": 0.0925, "d": "2025-03-28", "s": "geiger", "m": "SM-S901B"}}, {"type": "Feature", "geometry": {"type": "Point", "coordinates": [9.44588, 42.70365]}, "properties": {"v": 0.1768, "d": "2025-03-28", "s": "geiger", "m": "CPH1931"}}, {"type": "Feature", "geometry": {"type": "Point", "coordinates": [9.44586, 42.70365]}, "properties": {"v": 0.1542, "d": "2025-03-28", "s": "geiger", "m": "SM-S901B"}}, {"type": "Feature", "geometry": {"type": "Point", "coordinates": [9.44588, 42.70365]}, "properties": {"v": 0.1522, "d": "2025-03-28", "s": "geiger", "m": "CPH1931"}}, {"type": "Feature", "geometry": {"type": "Point", "coordinates": [9.44586, 42.70365]}, "properties": {"v": 0.1242, "d": "2025-03-28", "s": "geiger", "m": "SM-S901B"}}, {"type": "Feature", "geometry": {"type": "Point", "coordinates": [9.44588, 42.70365]}, "properties": {"v": 0.1407, "d": "2025-03-28", "s": "geiger", "m": "CPH1931"}}, {"type": "Feature", "geometry": {"type": "Point", "coordinates": [9.44586, 42.70365]}, "properties": {"v": 0.1201, "d": "2025-03-28", "s": "geiger", "m": "SM-S901B"}}, {"type": "Feature", "geometry": {"type": "Point", "coordinates": [9.44588, 42.70365]}, "properties": {"v": 0.1423, "d": "2025-03-28", "s": "geiger", "m": "CPH1931"}}, {"type": "Feature", "geometry": {"type": "Point", "coordinates": [9.44587, 42.70366]}, "properties": {"v": 0.119, "d": "2025-03-28", "s": "geiger", "m": "SM-S901B"}}, {"type": "Feature", "geometry": {"type": "Point", "coordinates": [9.44588, 42.70365]}, "properties": {"v": 0.1653, "d": "2025-03-28", "s": "geiger", "m": "CPH1931"}}, {"type": "Feature", "geometry": {"type": "Point", "coordinates": [9.44587, 42.70366]}, "properties": {"v": 0.1172, "d": "2025-03-28", "s": "geiger", "m": "SM-S901B"}}, {"type": "Feature", "geometry": {"type": "Point", "coordinates": [9.44588, 42.70365]}, "properties": {"v": 0.1488, "d": "2025-03-28", "s": "geiger", "m": "CPH1931"}}, {"type": "Feature", "geometry": {"type": "Point", "coordinates": [9.44587, 42.70366]}, "properties": {"v": 0.1324, "d": "2025-03-28", "s": "geiger", "m": "SM-S901B"}}, {"type": "Feature", "geometry": {"type": "Point", "coordinates": [9.44588, 42.70365]}, "properties": {"v": 0.1523, "d": "2025-03-28", "s": "geiger", "m": "CPH1931"}}, {"type": "Feature", "geometry": {"type": "Point", "coordinates": [9.44587, 42.70366]}, "properties": {"v": 0.11, "d": "2025-03-28", "s": "geiger", "m": "SM-S901B"}}, {"type": "Feature", "geometry": {"type": "Point", "coordinates": [9.44588, 42.70365]}, "properties": {"v": 0.1702, "d": "2025-03-28", "s": "geiger", "m": "CPH1931"}}, {"type": "Feature", "geometry": {"type": "Point", "coordinates": [9.44591, 42.70459]}, "properties": {"v": 0.1223, "d": "2025-03-28", "s": "geiger", "m": "SM-S901B"}}, {"type": "Feature", "geometry": {"type": "Point", "coordinates": [9.44588, 42.70365]}, "properties": {"v": 0.1783, "d": "2025-03-28", "s": "geiger", "m": "CPH1931"}}, {"type": "Feature", "geometry": {"type": "Point", "coordinates": [9.44586, 42.70365]}, "properties": {"v": 0.1081, "d": "2025-03-28", "s": "geiger", "m": "SM-S901B"}}, {"type": "Feature", "geometry": {"type": "Point", "coordinates": [9.44588, 42.70365]}, "properties": {"v": 0.1276, "d": "2025-03-28", "s": "geiger", "m": "CPH1931"}}, {"type": "Feature", "geometry": {"type": "Point", "coordinates": [9.44586, 42.70365]}, "properties": {"v": 0.1016, "d": "2025-03-28", "s": "geiger", "m": "SM-S901B"}}, {"type": "Feature", "geometry": {"type": "Point", "coordinates": [9.44588, 42.70365]}, "properties": {"v": 0.1669, "d": "2025-03-28", "s": "geiger", "m": "CPH1931"}}, {"type": "Feature", "geometry": {"type": "Point", "coordinates": [9.45238, 42.69904]}, "properties": {"v": 0.1358, "d": "2025-03-28", "s": "geiger", "m": "CPH1931"}}, {"type": "Feature", "geometry": {"type": "Point", "coordinates": [9.44475, 42.703]}, "properties": {"v": 0.0892, "d": "2025-03-28", "s": "geiger", "m": "SM-S901B"}}, {"type": "Feature", "geometry": {"type": "Point", "coordinates": [9.44388, 42.67683]}, "properties": {"v": 0.139, "d": "2025-03-28", "s": "geiger", "m": "CPH1931"}}, {"type": "Feature", "geometry": {"type": "Point", "coordinates": [9.42838, 42.67949]}, "properties": {"v": 0.1489, "d": "2025-03-28", "s": "geiger", "m": "CPH1931"}}, {"type": "Feature", "geometry": {"type": "Point", "coordinates": [9.44562, 42.70362]}, "properties": {"v": 0.1347, "d": "2025-03-27", "s": "geiger", "m": "SM-S901B"}}, {"type": "Feature", "geometry": {"type": "Point", "coordinates": [9.44602, 42.70392]}, "properties": {"v": 0.1459, "d": "2025-03-27", "s": "geiger", "m": "SM-S901B"}}, {"type": "Feature", "geometry": {"type": "Point", "coordinates": [9.44602, 42.70392]}, "properties": {"v": 0.1197, "d": "2025-03-27", "s": "geiger", "m": "SM-S901B"}}, {"type": "Feature", "geometry": {"type": "Point", "coordinates": [9.44602, 42.70392]}, "properties": {"v": 0.0979, "d": "2025-03-27", "s": "geiger", "m": "SM-S901B"}}, {"type": "Feature", "geometry": {"type": "Point", "coordinates": [9.44578, 42.70395]}, "properties": {"v": 0.108, "d": "2025-03-27", "s": "geiger", "m": "SM-S901B"}}, {"type": "Feature", "geometry": {"type": "Point", "coordinates": [9.44578, 42.70395]}, "properties": {"v": 0.1118, "d": "2025-03-27", "s": "geiger", "m": "SM-S901B"}}, {"type": "Feature", "geometry": {"type": "Point", "coordinates": [9.44588, 42.70411]}, "properties": {"v": 0.1289, "d": "2025-03-27", "s": "geiger", "m": "SM-S901B"}}, {"type": "Feature", "geometry": {"type": "Point", "coordinates": [9.44869, 42.70428]}, "properties": {"v": 0.1043, "d": "2025-03-27", "s": "geiger", "m": "SM-S901B"}}, {"type": "Feature", "geometry": {"type": "Point", "coordinates": [9.4466, 42.70405]}, "properties": {"v": 0.1189, "d": "2025-03-27", "s": "geiger", "m": "SM-S901B"}}, {"type": "Feature", "geometry": {"type": "Point", "coordinates": [9.4466, 42.70405]}, "properties": {"v": 0.1238, "d": "2025-03-27", "s": "geiger", "m": "SM-S901B"}}, {"type": "Feature", "geometry": {"type": "Point", "coordinates": [9.44657, 42.70406]}, "properties": {"v": 0.0949, "d": "2025-03-27", "s": "geiger", "m": "SM-S901B"}}, {"type": "Feature", "geometry": {"type": "Point", "coordinates": [9.44682, 42.7041]}, "properties": {"v": 0.1243, "d": "2025-03-27", "s": "geiger", "m": "SM-S901B"}}, {"type": "Feature", "geometry": {"type": "Point", "coordinates": [9.44692, 42.70393]}, "properties": {"v": 0.1103, "d": "2025-03-27", "s": "geiger", "m": "SM-S901B"}}, {"type": "Feature", "geometry": {"type": "Point", "coordinates": [9.44692, 42.70393]}, "properties": {"v": 0.1423, "d": "2025-03-27", "s": "geiger", "m": "SM-S901B"}}, {"type": "Feature", "geometry": {"type": "Point", "coordinates": [9.44619, 42.70391]}, "properties": {"v": 0.1211, "d": "2025-03-27", "s": "geiger", "m": "SM-S901B"}}, {"type": "Feature", "geometry": {"type": "Point", "coordinates": [9.44671, 42.70387]}, "properties": {"v": 0.1156, "d": "2025-03-27", "s": "geiger", "m": "SM-S901B"}}, {"type": "Feature", "geometry": {"type": "Point", "coordinates": [9.44527, 42.70387]}, "properties": {"v": 0.1193, "d": "2025-03-27", "s": "geiger", "m": "SM-S901B"}}, {"type": "Feature", "geometry": {"type": "Point", "coordinates": [9.44603, 42.70352]}, "properties": {"v": 0.0925, "d": "2025-03-27", "s": "geiger", "m": "SM-S901B"}}, {"type": "Feature", "geometry": {"type": "Point", "coordinates": [9.44603, 42.70352]}, "properties": {"v": 0.0981, "d": "2025-03-27", "s": "geiger", "m": "SM-S901B"}}, {"type": "Feature", "geometry": {"type": "Point", "coordinates": [9.44603, 42.70352]}, "properties": {"v": 0.0891, "d": "2025-03-27", "s": "geiger", "m": "SM-S901B"}}, {"type": "Feature", "geometry": {"type": "Point", "coordinates": [9.44603, 42.70352]}, "properties": {"v": 0.1169, "d": "2025-03-27", "s": "geiger", "m": "SM-S901B"}}, {"type": "Feature", "geometry": {"type": "Point", "coordinates": [9.44603, 42.70352]}, "properties": {"v": 0.1184, "d": "2025-03-27", "s": "geiger", "m": "SM-S901B"}}, {"type": "Feature", "geometry": {"type": "Point", "coordinates": [9.44603, 42.70352]}, "properties": {"v": 0.1096, "d": "2025-03-27", "s": "geiger", "m": "SM-S901B"}}, {"type": "Feature", "geometry": {"type": "Point", "coordinates": [9.44603, 42.70352]}, "properties": {"v": 0.127, "d": "2025-03-27", "s": "geiger", "m": "SM-S901B"}}, {"type": "Feature", "geometry": {"type": "Point", "coordinates": [9.44603, 42.70352]}, "properties": {"v": 0.1257, "d": "2025-03-27", "s": "geiger", "m": "SM-S901B"}}, {"type": "Feature", "geometry": {"type": "Point", "coordinates": [9.44614, 42.70368]}, "properties": {"v": 0.1211, "d": "2025-03-27", "s": "geiger", "m": "SM-S901B"}}, {"type": "Feature", "geometry": {"type": "Point", "coordinates": [9.44614, 42.70368]}, "properties": {"v": 0.1123, "d": "2025-03-27", "s": "geiger", "m": "SM-S901B"}}, {"type": "Feature", "geometry": {"type": "Point", "coordinates": [9.44612, 42.70389]}, "properties": {"v": 0.1475, "d": "2025-03-27", "s": "geiger", "m": "SM-S901B"}}, {"type": "Feature", "geometry": {"type": "Point", "coordinates": [9.44615, 42.70408]}, "properties": {"v": 0.1536, "d": "2025-03-27", "s": "geiger", "m": "SM-S901B"}}, {"type": "Feature", "geometry": {"type": "Point", "coordinates": [9.44593, 42.70416]}, "properties": {"v": 0.1011, "d": "2025-03-27", "s": "geiger", "m": "SM-S901B"}}, {"type": "Feature", "geometry": {"type": "Point", "coordinates": [9.44631, 42.70408]}, "properties": {"v": 0.141, "d": "2025-03-27", "s": "geiger", "m": "SM-S901B"}}, {"type": "Feature", "geometry": {"type": "Point", "coordinates": [9.44554, 42.70422]}, "properties": {"v": 0.1111, "d": "2025-03-27", "s": "geiger", "m": "SM-S901B"}}, {"type": "Feature", "geometry": {"type": "Point", "coordinates": [9.44599, 42.70445]}, "properties": {"v": 0.1259, "d": "2025-03-27", "s": "geiger", "m": "SM-S901B"}}, {"type": "Feature", "geometry": {"type": "Point", "coordinates": [9.44543, 42.70393]}, "properties": {"v": 0.1662, "d": "2025-03-27", "s": "geiger", "m": "SM-S901B"}}, {"type": "Feature", "geometry": {"type": "Point", "coordinates": [9.44421, 42.70411]}, "properties": {"v": 0.1259, "d": "2025-03-27", "s": "geiger", "m": "SM-S901B"}}, {"type": "Feature", "geometry": {"type": "Point", "coordinates": [9.44632, 42.70408]}, "properties": {"v": 0.1312, "d": "2025-03-27", "s": "geiger", "m": "SM-S901B"}}, {"type": "Feature", "geometry": {"type": "Point", "coordinates": [9.44582, 42.70379]}, "properties": {"v": 0.1275, "d": "2025-03-27", "s": "geiger", "m": "SM-S901B"}}, {"type": "Feature", "geometry": {"type": "Point", "coordinates": [9.44621, 42.7035]}, "properties": {"v": 0.1424, "d": "2025-03-25", "s": "geiger", "m": "CPH1931"}}, {"type": "Feature", "geometry": {"type": "Point", "coordinates": [9.44605, 42.70354]}, "properties": {"v": 0.1767, "d": "2025-03-25", "s": "geiger", "m": "CPH1931"}}, {"type": "Feature", "geometry": {"type": "Point", "coordinates": [9.44605, 42.70354]}, "properties": {"v": 0.144, "d": "2025-03-25", "s": "geiger", "m": "CPH1931"}}, {"type": "Feature", "geometry": {"type": "Point", "coordinates": [9.44603, 42.70363]}, "properties": {"v": 0.1225, "d": "2025-03-25", "s": "geiger", "m": "CPH1931"}}, {"type": "Feature", "geometry": {"type": "Point", "coordinates": [9.44603, 42.70363]}, "properties": {"v": 0.1523, "d": "2025-03-25", "s": "geiger", "m": "CPH1931"}}, {"type": "Feature", "geometry": {"type": "Point", "coordinates": [9.44603, 42.70363]}, "properties": {"v": 0.1539, "d": "2025-03-25", "s": "geiger", "m": "CPH1931"}}, {"type": "Feature", "geometry": {"type": "Point", "coordinates": [9.44603, 42.70363]}, "properties": {"v": 0.1816, "d": "2025-03-25", "s": "geiger", "m": "CPH1931"}}, {"type": "Feature", "geometry": {"type": "Point", "coordinates": [9.44603, 42.70363]}, "properties": {"v": 0.1538, "d": "2025-03-25", "s": "geiger", "m": "CPH1931"}}, {"type": "Feature", "geometry": {"type": "Point", "coordinates": [9.44603, 42.70363]}, "properties": {"v": 0.1818, "d": "2025-03-25", "s": "geiger", "m": "CPH1931"}}, {"type": "Feature", "geometry": {"type": "Point", "coordinates": [9.44603, 42.70363]}, "properties": {"v": 0.1804, "d": "2025-03-25", "s": "geiger", "m": "CPH1931"}}, {"type": "Feature", "geometry": {"type": "Point", "coordinates": [9.44603, 42.70363]}, "properties": {"v": 0.1521, "d": "2025-03-25", "s": "geiger", "m": "CPH1931"}}, {"type": "Feature", "geometry": {"type": "Point", "coordinates": [9.44603, 42.70363]}, "properties": {"v": 0.1489, "d": "2025-03-25", "s": "geiger", "m": "CPH1931"}}, {"type": "Feature", "geometry": {"type": "Point", "coordinates": [9.44636, 42.70371]}, "properties": {"v": 0.1099, "d": "2025-03-25", "s": "geiger", "m": "CPH1931"}}, {"type": "Feature", "geometry": {"type": "Point", "coordinates": [9.44636, 42.70371]}, "properties": {"v": 0.1817, "d": "2025-03-25", "s": "geiger", "m": "CPH1931"}}, {"type": "Feature", "geometry": {"type": "Point", "coordinates": [9.44607, 42.70348]}, "properties": {"v": 0.1637, "d": "2025-03-25", "s": "geiger", "m": "CPH1931"}}, {"type": "Feature", "geometry": {"type": "Point", "coordinates": [9.44607, 42.70348]}, "properties": {"v": 0.149, "d": "2025-03-25", "s": "geiger", "m": "CPH1931"}}, {"type": "Feature", "geometry": {"type": "Point", "coordinates": [9.44607, 42.70348]}, "properties": {"v": 0.1916, "d": "2025-03-25", "s": "geiger", "m": "CPH1931"}}, {"type": "Feature", "geometry": {"type": "Point", "coordinates": [9.44614, 42.70353]}, "properties": {"v": 0.1774, "d": "2025-03-25", "s": "geiger", "m": "CPH1931"}}, {"type": "Feature", "geometry": {"type": "Point", "coordinates": [9.44434, 42.70359]}, "properties": {"v": 0.1603, "d": "2025-03-25", "s": "geiger", "m": "CPH1931"}}, {"type": "Feature", "geometry": {"type": "Point", "coordinates": [9.44471, 42.70071]}, "properties": {"v": 0.1361, "d": "2025-03-25", "s": "geiger", "m": "SM-S901B"}}, {"type": "Feature", "geometry": {"type": "Point", "coordinates": [9.44434, 42.70359]}, "properties": {"v": 0.157, "d": "2025-03-25", "s": "geiger", "m": "CPH1931"}}, {"type": "Feature", "geometry": {"type": "Point", "coordinates": [9.44765, 42.70258]}, "properties": {"v": 0.1275, "d": "2025-03-25", "s": "geiger", "m": "SM-S901B"}}, {"type": "Feature", "geometry": {"type": "Point", "coordinates": [9.44434, 42.70359]}, "properties": {"v": 0.1636, "d": "2025-03-25", "s": "geiger", "m": "CPH1931"}}, {"type": "Feature", "geometry": {"type": "Point", "coordinates": [9.44529, 42.70289]}, "properties": {"v": 0.1361, "d": "2025-03-25", "s": "geiger", "m": "SM-S901B"}}, {"type": "Feature", "geometry": {"type": "Point", "coordinates": [9.44434, 42.70359]}, "properties": {"v": 0.1538, "d": "2025-03-25", "s": "geiger", "m": "CPH1931"}}, {"type": "Feature", "geometry": {"type": "Point", "coordinates": [9.44434, 42.70359]}, "properties": {"v": 0.1538, "d": "2025-03-25", "s": "geiger", "m": "CPH1931"}}, {"type": "Feature", "geometry": {"type": "Point", "coordinates": [9.44565, 42.70391]}, "properties": {"v": 0.1403, "d": "2025-03-25", "s": "geiger", "m": "SM-S901B"}}, {"type": "Feature", "geometry": {"type": "Point", "coordinates": [9.44434, 42.70359]}, "properties": {"v": 0.1571, "d": "2025-03-25", "s": "geiger", "m": "CPH1931"}}, {"type": "Feature", "geometry": {"type": "Point", "coordinates": [9.44583, 42.70367]}, "properties": {"v": 0.1503, "d": "2025-03-25", "s": "geiger", "m": "SM-S901B"}}, {"type": "Feature", "geometry": {"type": "Point", "coordinates": [9.44434, 42.70359]}, "properties": {"v": 0.1505, "d": "2025-03-25", "s": "geiger", "m": "CPH1931"}}, {"type": "Feature", "geometry": {"type": "Point", "coordinates": [9.44588, 42.70366]}, "properties": {"v": 0.1947, "d": "2025-03-25", "s": "geiger", "m": "SM-S901B"}}, {"type": "Feature", "geometry": {"type": "Point", "coordinates": [9.44434, 42.70359]}, "properties": {"v": 0.18, "d": "2025-03-25", "s": "geiger", "m": "CPH1931"}}, {"type": "Feature", "geometry": {"type": "Point", "coordinates": [9.44594, 42.70405]}, "properties": {"v": 0.1292, "d": "2025-03-25", "s": "geiger", "m": "SM-S901B"}}, {"type": "Feature", "geometry": {"type": "Point", "coordinates": [9.44434, 42.70359]}, "properties": {"v": 0.1817, "d": "2025-03-25", "s": "geiger", "m": "CPH1931"}}, {"type": "Feature", "geometry": {"type": "Point", "coordinates": [9.44581, 42.7037]}, "properties": {"v": 0.1186, "d": "2025-03-25", "s": "geiger", "m": "SM-S901B"}}, {"type": "Feature", "geometry": {"type": "Point", "coordinates": [9.44434, 42.70359]}, "properties": {"v": 0.1325, "d": "2025-03-25", "s": "geiger", "m": "CPH1931"}}, {"type": "Feature", "geometry": {"type": "Point", "coordinates": [9.44434, 42.70359]}, "properties": {"v": 0.18, "d": "2025-03-25", "s": "geiger", "m": "CPH1931"}}, {"type": "Feature", "geometry": {"type": "Point", "coordinates": [9.44526, 42.70336]}, "properties": {"v": 0.1486, "d": "2025-03-25", "s": "geiger", "m": "SM-S901B"}}, {"type": "Feature", "geometry": {"type": "Point", "coordinates": [9.44434, 42.70359]}, "properties": {"v": 0.1832, "d": "2025-03-25", "s": "geiger", "m": "CPH1931"}}, {"type": "Feature", "geometry": {"type": "Point", "coordinates": [9.4453, 42.704]}, "properties": {"v": 0.1289, "d": "2025-03-25", "s": "geiger", "m": "SM-S901B"}}, {"type": "Feature", "geometry": {"type": "Point", "coordinates": [9.44434, 42.70359]}, "properties": {"v": 0.2143, "d": "2025-03-25", "s": "geiger", "m": "CPH1931"}}, {"type": "Feature", "geometry": {"type": "Point", "coordinates": [9.44557, 42.70358]}, "properties": {"v": 0.0958, "d": "2025-03-25", "s": "geiger", "m": "SM-S901B"}}, {"type": "Feature", "geometry": {"type": "Point", "coordinates": [9.44557, 42.70358]}, "properties": {"v": 0.1275, "d": "2025-03-25", "s": "geiger", "m": "SM-S901B"}}, {"type": "Feature", "geometry": {"type": "Point", "coordinates": [9.44434, 42.70359]}, "properties": {"v": 0.1669, "d": "2025-03-25", "s": "geiger", "m": "CPH1931"}}, {"type": "Feature", "geometry": {"type": "Point", "coordinates": [9.44607, 42.70343]}, "properties": {"v": 0.1538, "d": "2025-03-25", "s": "geiger", "m": "SM-S901B"}}, {"type": "Feature", "geometry": {"type": "Point", "coordinates": [9.44434, 42.70359]}, "properties": {"v": 0.1931, "d": "2025-03-25", "s": "geiger", "m": "CPH1931"}}, {"type": "Feature", "geometry": {"type": "Point", "coordinates": [9.44587, 42.70355]}, "properties": {"v": 0.0976, "d": "2025-03-25", "s": "geiger", "m": "SM-S901B"}}, {"type": "Feature", "geometry": {"type": "Point", "coordinates": [9.44529, 42.70398]}, "properties": {"v": 0.1471, "d": "2025-03-25", "s": "geiger", "m": "SM-S901B"}}, {"type": "Feature", "geometry": {"type": "Point", "coordinates": [9.44434, 42.70359]}, "properties": {"v": 0.1423, "d": "2025-03-25", "s": "geiger", "m": "CPH1931"}}, {"type": "Feature", "geometry": {"type": "Point", "coordinates": [9.44529, 42.70398]}, "properties": {"v": 0.1873, "d": "2025-03-25", "s": "geiger", "m": "SM-S901B"}}, {"type": "Feature", "geometry": {"type": "Point", "coordinates": [9.44434, 42.70359]}, "properties": {"v": 0.157, "d": "2025-03-25", "s": "geiger", "m": "CPH1931"}}, {"type": "Feature", "geometry": {"type": "Point", "coordinates": [9.44547, 42.7037]}, "properties": {"v": 0.1519, "d": "2025-03-25", "s": "geiger", "m": "SM-S901B"}}, {"type": "Feature", "geometry": {"type": "Point", "coordinates": [9.44555, 42.70352]}, "properties": {"v": 0.1661, "d": "2025-03-25", "s": "geiger", "m": "SM-S901B"}}, {"type": "Feature", "geometry": {"type": "Point", "coordinates": [9.44434, 42.70359]}, "properties": {"v": 0.1521, "d": "2025-03-25", "s": "geiger", "m": "CPH1931"}}, {"type": "Feature", "geometry": {"type": "Point", "coordinates": [9.44567, 42.70368]}, "properties": {"v": 0.1475, "d": "2025-03-25", "s": "geiger", "m": "SM-S901B"}}, {"type": "Feature", "geometry": {"type": "Point", "coordinates": [9.44567, 42.70368]}, "properties": {"v": 0.1541, "d": "2025-03-25", "s": "geiger", "m": "SM-S901B"}}, {"type": "Feature", "geometry": {"type": "Point", "coordinates": [9.44434, 42.70359]}, "properties": {"v": 0.1751, "d": "2025-03-25", "s": "geiger", "m": "CPH1931"}}, {"type": "Feature", "geometry": {"type": "Point", "coordinates": [9.44567, 42.70368]}, "properties": {"v": 0.2432, "d": "2025-03-25", "s": "geiger", "m": "SM-S901B"}}, {"type": "Feature", "geometry": {"type": "Point", "coordinates": [9.44434, 42.70359]}, "properties": {"v": 0.1374, "d": "2025-03-25", "s": "geiger", "m": "CPH1931"}}, {"type": "Feature", "geometry": {"type": "Point", "coordinates": [9.44595, 42.70375]}, "properties": {"v": 0.0824, "d": "2025-03-25", "s": "geiger", "m": "SM-S901B"}}, {"type": "Feature", "geometry": {"type": "Point", "coordinates": [9.44434, 42.70359]}, "properties": {"v": 0.157, "d": "2025-03-25", "s": "geiger", "m": "CPH1931"}}, {"type": "Feature", "geometry": {"type": "Point", "coordinates": [9.44967, 42.7024]}, "properties": {"v": 0.0965, "d": "2025-03-25", "s": "geiger", "m": "CPH1931"}}, {"type": "Feature", "geometry": {"type": "Point", "coordinates": [9.44649, 42.68575]}, "properties": {"v": 0.1031, "d": "2025-03-25", "s": "geiger", "m": "CPH1931"}}, {"type": "Feature", "geometry": {"type": "Point", "coordinates": [9.42868, 42.67957]}, "properties": {"v": 0.0998, "d": "2025-03-25", "s": "geiger", "m": "CPH1931"}}, {"type": "Feature", "geometry": {"type": "Point", "coordinates": [9.44614, 42.70366]}, "properties": {"v": 0.1078, "d": "2025-03-24", "s": "geiger", "m": "SM-S901B"}}, {"type": "Feature", "geometry": {"type": "Point", "coordinates": [9.44614, 42.70366]}, "properties": {"v": 0.1345, "d": "2025-03-24", "s": "geiger", "m": "SM-S901B"}}, {"type": "Feature", "geometry": {"type": "Point", "coordinates": [9.44614, 42.70366]}, "properties": {"v": 0.1377, "d": "2025-03-24", "s": "geiger", "m": "SM-S901B"}}, {"type": "Feature", "geometry": {"type": "Point", "coordinates": [9.44614, 42.70366]}, "properties": {"v": 0.1374, "d": "2025-03-24", "s": "geiger", "m": "SM-S901B"}}, {"type": "Feature", "geometry": {"type": "Point", "coordinates": [9.44601, 42.70351]}, "properties": {"v": 0.1026, "d": "2025-03-24", "s": "geiger", "m": "SM-S901B"}}, {"type": "Feature", "geometry": {"type": "Point", "coordinates": [9.44626, 42.70351]}, "properties": {"v": 0.1112, "d": "2025-03-24", "s": "geiger", "m": "SM-S901B"}}, {"type": "Feature", "geometry": {"type": "Point", "coordinates": [9.44626, 42.70351]}, "properties": {"v": 0.1311, "d": "2025-03-24", "s": "geiger", "m": "SM-S901B"}}, {"type": "Feature", "geometry": {"type": "Point", "coordinates": [9.44626, 42.70351]}, "properties": {"v": 0.1277, "d": "2025-03-24", "s": "geiger", "m": "SM-S901B"}}, {"type": "Feature", "geometry": {"type": "Point", "coordinates": [9.44626, 42.70351]}, "properties": {"v": 0.1012, "d": "2025-03-24", "s": "geiger", "m": "SM-S901B"}}, {"type": "Feature", "geometry": {"type": "Point", "coordinates": [9.44626, 42.70351]}, "properties": {"v": 0.1432, "d": "2025-03-24", "s": "geiger", "m": "SM-S901B"}}, {"type": "Feature", "geometry": {"type": "Point", "coordinates": [9.44626, 42.70351]}, "properties": {"v": 0.0901, "d": "2025-03-24", "s": "geiger", "m": "SM-S901B"}}, {"type": "Feature", "geometry": {"type": "Point", "coordinates": [9.44626, 42.70351]}, "properties": {"v": 0.1063, "d": "2025-03-24", "s": "geiger", "m": "SM-S901B"}}, {"type": "Feature", "geometry": {"type": "Point", "coordinates": [9.44626, 42.70351]}, "properties": {"v": 0.1049, "d": "2025-03-24", "s": "geiger", "m": "SM-S901B"}}, {"type": "Feature", "geometry": {"type": "Point", "coordinates": [9.44626, 42.70351]}, "properties": {"v": 0.1262, "d": "2025-03-24", "s": "geiger", "m": "SM-S901B"}}, {"type": "Feature", "geometry": {"type": "Point", "coordinates": [9.44626, 42.70351]}, "properties": {"v": 0.1294, "d": "2025-03-24", "s": "geiger", "m": "SM-S901B"}}, {"type": "Feature", "geometry": {"type": "Point", "coordinates": [9.44626, 42.70351]}, "properties": {"v": 0.1393, "d": "2025-03-24", "s": "geiger", "m": "SM-S901B"}}, {"type": "Feature", "geometry": {"type": "Point", "coordinates": [9.44626, 42.70351]}, "properties": {"v": 0.159, "d": "2025-03-24", "s": "geiger", "m": "SM-S901B"}}, {"type": "Feature", "geometry": {"type": "Point", "coordinates": [9.44626, 42.70351]}, "properties": {"v": 0.1132, "d": "2025-03-24", "s": "geiger", "m": "SM-S901B"}}, {"type": "Feature", "geometry": {"type": "Point", "coordinates": [9.44626, 42.70351]}, "properties": {"v": 0.1113, "d": "2025-03-24", "s": "geiger", "m": "SM-S901B"}}, {"type": "Feature", "geometry": {"type": "Point", "coordinates": [9.44626, 42.70351]}, "properties": {"v": 0.1284, "d": "2025-03-24", "s": "geiger", "m": "SM-S901B"}}, {"type": "Feature", "geometry": {"type": "Point", "coordinates": [9.44476, 42.70379]}, "properties": {"v": 0.1301, "d": "2025-03-24", "s": "geiger", "m": "SM-S901B"}}, {"type": "Feature", "geometry": {"type": "Point", "coordinates": [9.4458, 42.70365]}, "properties": {"v": 0.1526, "d": "2025-03-24", "s": "geiger", "m": "SM-S901B"}}, {"type": "Feature", "geometry": {"type": "Point", "coordinates": [9.44573, 42.70387]}, "properties": {"v": 0.1129, "d": "2025-03-24", "s": "geiger", "m": "SM-S901B"}}, {"type": "Feature", "geometry": {"type": "Point", "coordinates": [9.44581, 42.70365]}, "properties": {"v": 0.1535, "d": "2025-03-24", "s": "geiger", "m": "SM-S901B"}}, {"type": "Feature", "geometry": {"type": "Point", "coordinates": [9.44582, 42.70365]}, "properties": {"v": 0.1246, "d": "2025-03-24", "s": "geiger", "m": "SM-S901B"}}, {"type": "Feature", "geometry": {"type": "Point", "coordinates": [9.4458, 42.70366]}, "properties": {"v": 0.1034, "d": "2025-03-24", "s": "geiger", "m": "SM-S901B"}}, {"type": "Feature", "geometry": {"type": "Point", "coordinates": [9.4458, 42.70366]}, "properties": {"v": 0.1443, "d": "2025-03-24", "s": "geiger", "m": "SM-S901B"}}, {"type": "Feature", "geometry": {"type": "Point", "coordinates": [9.44546, 42.70403]}, "properties": {"v": 0.127, "d": "2025-03-24", "s": "geiger", "m": "SM-S901B"}}, {"type": "Feature", "geometry": {"type": "Point", "coordinates": [9.44546, 42.70403]}, "properties": {"v": 0.1483, "d": "2025-03-24", "s": "geiger", "m": "SM-S901B"}}, {"type": "Feature", "geometry": {"type": "Point", "coordinates": [9.44571, 42.7042]}, "properties": {"v": 0.1361, "d": "2025-03-24", "s": "geiger", "m": "SM-S901B"}}, {"type": "Feature", "geometry": {"type": "Point", "coordinates": [9.44495, 42.70419]}, "properties": {"v": 0.119, "d": "2025-03-24", "s": "geiger", "m": "SM-S901B"}}, {"type": "Feature", "geometry": {"type": "Point", "coordinates": [9.44468, 42.70461]}, "properties": {"v": 0.1345, "d": "2025-03-24", "s": "geiger", "m": "SM-S901B"}}, {"type": "Feature", "geometry": {"type": "Point", "coordinates": [9.44581, 42.70365]}, "properties": {"v": 0.1403, "d": "2025-03-24", "s": "geiger", "m": "SM-S901B"}}, {"type": "Feature", "geometry": {"type": "Point", "coordinates": [9.44581, 42.70365]}, "properties": {"v": 0.1204, "d": "2025-03-24", "s": "geiger", "m": "SM-S901B"}}, {"type": "Feature", "geometry": {"type": "Point", "coordinates": [9.44607, 42.70375]}, "properties": {"v": 0.1304, "d": "2025-03-24", "s": "geiger", "m": "SM-S901B"}}, {"type": "Feature", "geometry": {"type": "Point", "coordinates": [9.44581, 42.70365]}, "properties": {"v": 0.1328, "d": "2025-03-24", "s": "geiger", "m": "SM-S901B"}}, {"type": "Feature", "geometry": {"type": "Point", "coordinates": [9.44587, 42.70383]}, "properties": {"v": 0.1475, "d": "2025-03-24", "s": "geiger", "m": "SM-S901B"}}, {"type": "Feature", "geometry": {"type": "Point", "coordinates": [9.44611, 42.70371]}, "properties": {"v": 0.1272, "d": "2025-03-24", "s": "geiger", "m": "SM-S901B"}}, {"type": "Feature", "geometry": {"type": "Point", "coordinates": [9.44611, 42.70371]}, "properties": {"v": 0.1202, "d": "2025-03-24", "s": "geiger", "m": "SM-S901B"}}, {"type": "Feature", "geometry": {"type": "Point", "coordinates": [9.4458, 42.70366]}, "properties": {"v": 0.1518, "d": "2025-03-24", "s": "geiger", "m": "SM-S901B"}}, {"type": "Feature", "geometry": {"type": "Point", "coordinates": [9.44556, 42.70388]}, "properties": {"v": 0.0966, "d": "2025-03-24", "s": "geiger", "m": "SM-S901B"}}, {"type": "Feature", "geometry": {"type": "Point", "coordinates": [9.44581, 42.70365]}, "properties": {"v": 0.1213, "d": "2025-03-24", "s": "geiger", "m": "SM-S901B"}}, {"type": "Feature", "geometry": {"type": "Point", "coordinates": [9.44589, 42.7034]}, "properties": {"v": 0.1413, "d": "2025-03-24", "s": "geiger", "m": "SM-S901B"}}, {"type": "Feature", "geometry": {"type": "Point", "coordinates": [9.44587, 42.70398]}, "properties": {"v": 0.1241, "d": "2025-03-24", "s": "geiger", "m": "SM-S901B"}}, {"type": "Feature", "geometry": {"type": "Point", "coordinates": [9.44633, 42.70325]}, "properties": {"v": 0.1213, "d": "2025-03-24", "s": "geiger", "m": "SM-S901B"}}, {"type": "Feature", "geometry": {"type": "Point", "coordinates": [9.44636, 42.70251]}, "properties": {"v": 0.1163, "d": "2025-03-24", "s": "geiger", "m": "SM-S901B"}}, {"type": "Feature", "geometry": {"type": "Point", "coordinates": [9.44589, 42.704]}, "properties": {"v": 0.1472, "d": "2025-03-24", "s": "geiger", "m": "SM-S901B"}}, {"type": "Feature", "geometry": {"type": "Point", "coordinates": [9.44589, 42.704]}, "properties": {"v": 0.1272, "d": "2025-03-24", "s": "geiger", "m": "SM-S901B"}}, {"type": "Feature", "geometry": {"type": "Point", "coordinates": [9.44595, 42.70358]}, "properties": {"v": 0.1423, "d": "2025-03-24", "s": "geiger", "m": "SM-S901B"}}, {"type": "Feature", "geometry": {"type": "Point", "coordinates": [9.44583, 42.70342]}, "properties": {"v": 0.1127, "d": "2025-03-24", "s": "geiger", "m": "SM-S901B"}}, {"type": "Feature", "geometry": {"type": "Point", "coordinates": [9.44584, 42.70361]}, "properties": {"v": 0.1315, "d": "2025-03-24", "s": "geiger", "m": "SM-S901B"}}, {"type": "Feature", "geometry": {"type": "Point", "coordinates": [9.44605, 42.70384]}, "properties": {"v": 0.1224, "d": "2025-03-24", "s": "geiger", "m": "SM-S901B"}}, {"type": "Feature", "geometry": {"type": "Point", "coordinates": [9.44564, 42.70367]}, "properties": {"v": 0.1178, "d": "2025-03-24", "s": "geiger", "m": "SM-S901B"}}, {"type": "Feature", "geometry": {"type": "Point", "coordinates": [9.44564, 42.70367]}, "properties": {"v": 0.1443, "d": "2025-03-24", "s": "geiger", "m": "SM-S901B"}}, {"type": "Feature", "geometry": {"type": "Point", "coordinates": [9.44564, 42.70367]}, "properties": {"v": 0.1224, "d": "2025-03-24", "s": "geiger", "m": "SM-S901B"}}, {"type": "Feature", "geometry": {"type": "Point", "coordinates": [9.44587, 42.70399]}, "properties": {"v": 0.1012, "d": "2025-03-24", "s": "geiger", "m": "SM-S901B"}}, {"type": "Feature", "geometry": {"type": "Point", "coordinates": [9.44571, 42.70363]}, "properties": {"v": 0.1654, "d": "2025-03-24", "s": "geiger", "m": "SM-S901B"}}, {"type": "Feature", "geometry": {"type": "Point", "coordinates": [9.44571, 42.70363]}, "properties": {"v": 0.139, "d": "2025-03-24", "s": "geiger", "m": "SM-S901B"}}, {"type": "Feature", "geometry": {"type": "Point", "coordinates": [9.44571, 42.70363]}, "properties": {"v": 0.1318, "d": "2025-03-24", "s": "geiger", "m": "SM-S901B"}}, {"type": "Feature", "geometry": {"type": "Point", "coordinates": [9.44588, 42.70385]}, "properties": {"v": 0.1479, "d": "2025-03-24", "s": "geiger", "m": "SM-S901B"}}, {"type": "Feature", "geometry": {"type": "Point", "coordinates": [9.4461, 42.70438]}, "properties": {"v": 0.1113, "d": "2025-03-24", "s": "geiger", "m": "SM-S901B"}}, {"type": "Feature", "geometry": {"type": "Point", "coordinates": [9.40809, 42.31911]}, "properties": {"v": 0.1289, "d": "2025-03-23", "s": "geiger", "m": "SM-G781B"}}, {"type": "Feature", "geometry": {"type": "Point", "coordinates": [9.44585, 42.70365]}, "properties": {"v": 0.1718, "d": "2025-03-21", "s": "geiger", "m": "CPH1931"}}, {"type": "Feature", "geometry": {"type": "Point", "coordinates": [9.44585, 42.70365]}, "properties": {"v": 0.139, "d": "2025-03-21", "s": "geiger", "m": "CPH1931"}}, {"type": "Feature", "geometry": {"type": "Point", "coordinates": [9.44585, 42.70365]}, "properties": {"v": 0.139, "d": "2025-03-21", "s": "geiger", "m": "CPH1931"}}, {"type": "Feature", "geometry": {"type": "Point", "coordinates": [9.44585, 42.70365]}, "properties": {"v": 0.1325, "d": "2025-03-21", "s": "geiger", "m": "CPH1931"}}, {"type": "Feature", "geometry": {"type": "Point", "coordinates": [9.44585, 42.70365]}, "properties": {"v": 0.1653, "d": "2025-03-21", "s": "geiger", "m": "CPH1931"}}, {"type": "Feature", "geometry": {"type": "Point", "coordinates": [9.44585, 42.70365]}, "properties": {"v": 0.18, "d": "2025-03-21", "s": "geiger", "m": "CPH1931"}}, {"type": "Feature", "geometry": {"type": "Point", "coordinates": [9.44585, 42.70365]}, "properties": {"v": 0.1668, "d": "2025-03-21", "s": "geiger", "m": "CPH1931"}}, {"type": "Feature", "geometry": {"type": "Point", "coordinates": [9.44585, 42.70365]}, "properties": {"v": 0.1587, "d": "2025-03-21", "s": "geiger", "m": "CPH1931"}}, {"type": "Feature", "geometry": {"type": "Point", "coordinates": [9.44585, 42.70365]}, "properties": {"v": 0.1685, "d": "2025-03-21", "s": "geiger", "m": "CPH1931"}}, {"type": "Feature", "geometry": {"type": "Point", "coordinates": [9.44585, 42.70365]}, "properties": {"v": 0.1718, "d": "2025-03-21", "s": "geiger", "m": "CPH1931"}}, {"type": "Feature", "geometry": {"type": "Point", "coordinates": [9.44576, 42.70363]}, "properties": {"v": 0.1178, "d": "2025-03-21", "s": "geiger", "m": "SM-S901B"}}, {"type": "Feature", "geometry": {"type": "Point", "coordinates": [9.44585, 42.70365]}, "properties": {"v": 0.1521, "d": "2025-03-21", "s": "geiger", "m": "CPH1931"}}, {"type": "Feature", "geometry": {"type": "Point", "coordinates": [9.44585, 42.70365]}, "properties": {"v": 0.1554, "d": "2025-03-21", "s": "geiger", "m": "CPH1931"}}, {"type": "Feature", "geometry": {"type": "Point", "coordinates": [9.44585, 42.70365]}, "properties": {"v": 0.1325, "d": "2025-03-21", "s": "geiger", "m": "CPH1931"}}, {"type": "Feature", "geometry": {"type": "Point", "coordinates": [9.44585, 42.70365]}, "properties": {"v": 0.1734, "d": "2025-03-21", "s": "geiger", "m": "CPH1931"}}, {"type": "Feature", "geometry": {"type": "Point", "coordinates": [9.44573, 42.70359]}, "properties": {"v": 0.1605, "d": "2025-03-21", "s": "geiger", "m": "SM-S901B"}}, {"type": "Feature", "geometry": {"type": "Point", "coordinates": [9.44585, 42.70365]}, "properties": {"v": 0.1652, "d": "2025-03-21", "s": "geiger", "m": "CPH1931"}}, {"type": "Feature", "geometry": {"type": "Point", "coordinates": [9.44591, 42.70397]}, "properties": {"v": 0.1139, "d": "2025-03-21", "s": "geiger", "m": "SM-S901B"}}, {"type": "Feature", "geometry": {"type": "Point", "coordinates": [9.44585, 42.70365]}, "properties": {"v": 0.1571, "d": "2025-03-21", "s": "geiger", "m": "CPH1931"}}, {"type": "Feature", "geometry": {"type": "Point", "coordinates": [9.44594, 42.70378]}, "properties": {"v": 0.1313, "d": "2025-03-21", "s": "geiger", "m": "SM-S901B"}}, {"type": "Feature", "geometry": {"type": "Point", "coordinates": [9.44585, 42.70365]}, "properties": {"v": 0.1227, "d": "2025-03-21", "s": "geiger", "m": "CPH1931"}}, {"type": "Feature", "geometry": {"type": "Point", "coordinates": [9.44594, 42.70378]}, "properties": {"v": 0.11, "d": "2025-03-21", "s": "geiger", "m": "SM-S901B"}}, {"type": "Feature", "geometry": {"type": "Point", "coordinates": [9.44585, 42.70365]}, "properties": {"v": 0.1359, "d": "2025-03-21", "s": "geiger", "m": "CPH1931"}}, {"type": "Feature", "geometry": {"type": "Point", "coordinates": [9.44591, 42.70379]}, "properties": {"v": 0.1068, "d": "2025-03-21", "s": "geiger", "m": "SM-S901B"}}, {"type": "Feature", "geometry": {"type": "Point", "coordinates": [9.44585, 42.70365]}, "properties": {"v": 0.1472, "d": "2025-03-21", "s": "geiger", "m": "CPH1931"}}, {"type": "Feature", "geometry": {"type": "Point", "coordinates": [9.44576, 42.70445]}, "properties": {"v": 0.1336, "d": "2025-03-21", "s": "geiger", "m": "SM-S901B"}}, {"type": "Feature", "geometry": {"type": "Point", "coordinates": [9.44585, 42.70365]}, "properties": {"v": 0.1603, "d": "2025-03-21", "s": "geiger", "m": "CPH1931"}}, {"type": "Feature", "geometry": {"type": "Point", "coordinates": [9.44585, 42.70365]}, "properties": {"v": 0.1473, "d": "2025-03-21", "s": "geiger", "m": "CPH1931"}}, {"type": "Feature", "geometry": {"type": "Point", "coordinates": [9.44607, 42.70399]}, "properties": {"v": 0.1142, "d": "2025-03-21", "s": "geiger", "m": "SM-S901B"}}, {"type": "Feature", "geometry": {"type": "Point", "coordinates": [9.44585, 42.70365]}, "properties": {"v": 0.1538, "d": "2025-03-21", "s": "geiger", "m": "CPH1931"}}, {"type": "Feature", "geometry": {"type": "Point", "coordinates": [9.44589, 42.70365]}, "properties": {"v": 0.0835, "d": "2025-03-21", "s": "geiger", "m": "SM-S901B"}}, {"type": "Feature", "geometry": {"type": "Point", "coordinates": [9.44585, 42.70365]}, "properties": {"v": 0.1687, "d": "2025-03-21", "s": "geiger", "m": "CPH1931"}}, {"type": "Feature", "geometry": {"type": "Point", "coordinates": [9.44586, 42.70365]}, "properties": {"v": 0.1032, "d": "2025-03-21", "s": "geiger", "m": "SM-S901B"}}, {"type": "Feature", "geometry": {"type": "Point", "coordinates": [9.44679, 42.70296]}, "properties": {"v": 0.1554, "d": "2025-03-21", "s": "geiger", "m": "CPH1931"}}, {"type": "Feature", "geometry": {"type": "Point", "coordinates": [9.45218, 42.69921]}, "properties": {"v": 0.1341, "d": "2025-03-21", "s": "geiger", "m": "CPH1931"}}, {"type": "Feature", "geometry": {"type": "Point", "coordinates": [9.43622, 42.67618]}, "properties": {"v": 0.1259, "d": "2025-03-21", "s": "geiger", "m": "CPH1931"}}, {"type": "Feature", "geometry": {"type": "Point", "coordinates": [9.44534, 42.51357]}, "properties": {"v": 0.2398, "d": "2025-03-20", "s": "geiger", "m": "SM-G781B"}}, {"type": "Feature", "geometry": {"type": "Point", "coordinates": [9.44588, 42.7038]}, "properties": {"v": 0.1308, "d": "2025-03-20", "s": "geiger", "m": "CPH1931"}}, {"type": "Feature", "geometry": {"type": "Point", "coordinates": [9.44588, 42.7038]}, "properties": {"v": 0.1701, "d": "2025-03-20", "s": "geiger", "m": "CPH1931"}}, {"type": "Feature", "geometry": {"type": "Point", "coordinates": [9.44588, 42.7038]}, "properties": {"v": 0.1522, "d": "2025-03-20", "s": "geiger", "m": "CPH1931"}}, {"type": "Feature", "geometry": {"type": "Point", "coordinates": [9.44588, 42.7038]}, "properties": {"v": 0.1358, "d": "2025-03-20", "s": "geiger", "m": "CPH1931"}}, {"type": "Feature", "geometry": {"type": "Point", "coordinates": [9.44588, 42.7038]}, "properties": {"v": 0.1603, "d": "2025-03-20", "s": "geiger", "m": "CPH1931"}}, {"type": "Feature", "geometry": {"type": "Point", "coordinates": [9.44532, 42.70432]}, "properties": {"v": 0.1604, "d": "2025-03-20", "s": "geiger", "m": "CPH1931"}}, {"type": "Feature", "geometry": {"type": "Point", "coordinates": [9.44532, 42.70432]}, "properties": {"v": 0.1309, "d": "2025-03-20", "s": "geiger", "m": "CPH1931"}}, {"type": "Feature", "geometry": {"type": "Point", "coordinates": [9.44569, 42.70383]}, "properties": {"v": 0.1882, "d": "2025-03-20", "s": "geiger", "m": "CPH1931"}}, {"type": "Feature", "geometry": {"type": "Point", "coordinates": [9.4455, 42.70375]}, "properties": {"v": 0.1619, "d": "2025-03-20", "s": "geiger", "m": "CPH1931"}}, {"type": "Feature", "geometry": {"type": "Point", "coordinates": [9.44533, 42.70397]}, "properties": {"v": 0.1751, "d": "2025-03-20", "s": "geiger", "m": "CPH1931"}}, {"type": "Feature", "geometry": {"type": "Point", "coordinates": [9.44533, 42.70397]}, "properties": {"v": 0.1898, "d": "2025-03-20", "s": "geiger", "m": "CPH1931"}}, {"type": "Feature", "geometry": {"type": "Point", "coordinates": [9.44533, 42.70397]}, "properties": {"v": 0.1407, "d": "2025-03-20", "s": "geiger", "m": "CPH1931"}}, {"type": "Feature", "geometry": {"type": "Point", "coordinates": [9.44533, 42.70397]}, "properties": {"v": 0.1505, "d": "2025-03-20", "s": "geiger", "m": "CPH1931"}}, {"type": "Feature", "geometry": {"type": "Point", "coordinates": [9.44555, 42.70388]}, "properties": {"v": 0.1866, "d": "2025-03-20", "s": "geiger", "m": "CPH1931"}}, {"type": "Feature", "geometry": {"type": "Point", "coordinates": [9.4453, 42.70392]}, "properties": {"v": 0.1669, "d": "2025-03-20", "s": "geiger", "m": "CPH1931"}}, {"type": "Feature", "geometry": {"type": "Point", "coordinates": [9.44581, 42.70391]}, "properties": {"v": 0.1521, "d": "2025-03-20", "s": "geiger", "m": "CPH1931"}}, {"type": "Feature", "geometry": {"type": "Point", "coordinates": [9.44581, 42.70391]}, "properties": {"v": 0.1702, "d": "2025-03-20", "s": "geiger", "m": "CPH1931"}}, {"type": "Feature", "geometry": {"type": "Point", "coordinates": [9.44581, 42.70391]}, "properties": {"v": 0.0948, "d": "2025-03-20", "s": "geiger", "m": "CPH1931"}}, {"type": "Feature", "geometry": {"type": "Point", "coordinates": [9.4463, 42.7039]}, "properties": {"v": 0.1407, "d": "2025-03-20", "s": "geiger", "m": "CPH1931"}}, {"type": "Feature", "geometry": {"type": "Point", "coordinates": [9.44418, 42.70469]}, "properties": {"v": 0.1725, "d": "2025-03-20", "s": "geiger", "m": "CPH1931"}}, {"type": "Feature", "geometry": {"type": "Point", "coordinates": [9.44695, 42.70325]}, "properties": {"v": 0.1487, "d": "2025-03-20", "s": "geiger", "m": "CPH1931"}}, {"type": "Feature", "geometry": {"type": "Point", "coordinates": [9.44695, 42.70325]}, "properties": {"v": 0.1486, "d": "2025-03-20", "s": "geiger", "m": "CPH1931"}}, {"type": "Feature", "geometry": {"type": "Point", "coordinates": [9.44695, 42.70325]}, "properties": {"v": 0.1387, "d": "2025-03-20", "s": "geiger", "m": "CPH1931"}}, {"type": "Feature", "geometry": {"type": "Point", "coordinates": [9.4472, 42.70293]}, "properties": {"v": 0.1145, "d": "2025-03-20", "s": "geiger", "m": "CPH1931"}}, {"type": "Feature", "geometry": {"type": "Point", "coordinates": [9.45211, 42.70049]}, "properties": {"v": 0.1539, "d": "2025-03-20", "s": "geiger", "m": "CPH1931"}}, {"type": "Feature", "geometry": {"type": "Point", "coordinates": [9.44736, 42.68838]}, "properties": {"v": 0.1473, "d": "2025-03-20", "s": "geiger", "m": "CPH1931"}}, {"type": "Feature", "geometry": {"type": "Point", "coordinates": [9.44391, 42.67686]}, "properties": {"v": 0.0815, "d": "2025-03-20", "s": "geiger", "m": "CPH1931"}}, {"type": "Feature", "geometry": {"type": "Point", "coordinates": [9.4429, 42.67674]}, "properties": {"v": 0.1364, "d": "2025-03-20", "s": "geiger", "m": "CPH1931"}}, {"type": "Feature", "geometry": {"type": "Point", "coordinates": [9.4325, 42.67803]}, "properties": {"v": 0.1208, "d": "2025-03-20", "s": "geiger", "m": "CPH1931"}}, {"type": "Feature", "geometry": {"type": "Point", "coordinates": [9.43979, 42.67634]}, "properties": {"v": 0.0924, "d": "2025-03-19", "s": "geiger", "m": "CPH1931"}}, {"type": "Feature", "geometry": {"type": "Point", "coordinates": [9.44664, 42.68399]}, "properties": {"v": 0.119, "d": "2025-03-19", "s": "geiger", "m": "CPH1931"}}, {"type": "Feature", "geometry": {"type": "Point", "coordinates": [9.45234, 42.70184]}, "properties": {"v": 0.1136, "d": "2025-03-19", "s": "geiger", "m": "CPH1931"}}, {"type": "Feature", "geometry": {"type": "Point", "coordinates": [9.4486, 42.70246]}, "properties": {"v": 0.1072, "d": "2025-03-19", "s": "geiger", "m": "CPH1931"}}, {"type": "Feature", "geometry": {"type": "Point", "coordinates": [9.44721, 42.70283]}, "properties": {"v": 0.1364, "d": "2025-03-19", "s": "geiger", "m": "CPH1931"}}, {"type": "Feature", "geometry": {"type": "Point", "coordinates": [9.44572, 42.70306]}, "properties": {"v": 0.1174, "d": "2025-03-19", "s": "geiger", "m": "CPH1931"}}, {"type": "Feature", "geometry": {"type": "Point", "coordinates": [9.44455, 42.70332]}, "properties": {"v": 0.1055, "d": "2025-03-19", "s": "geiger", "m": "CPH1931"}}, {"type": "Feature", "geometry": {"type": "Point", "coordinates": [9.44598, 42.70354]}, "properties": {"v": 0.1598, "d": "2025-03-19", "s": "geiger", "m": "CPH1931"}}, {"type": "Feature", "geometry": {"type": "Point", "coordinates": [9.44598, 42.70354]}, "properties": {"v": 0.1777, "d": "2025-03-19", "s": "geiger", "m": "CPH1931"}}, {"type": "Feature", "geometry": {"type": "Point", "coordinates": [9.44598, 42.70354]}, "properties": {"v": 0.1794, "d": "2025-03-19", "s": "geiger", "m": "CPH1931"}}, {"type": "Feature", "geometry": {"type": "Point", "coordinates": [9.44598, 42.70354]}, "properties": {"v": 0.1487, "d": "2025-03-19", "s": "geiger", "m": "CPH1931"}}, {"type": "Feature", "geometry": {"type": "Point", "coordinates": [9.44598, 42.70354]}, "properties": {"v": 0.1436, "d": "2025-03-19", "s": "geiger", "m": "CPH1931"}}, {"type": "Feature", "geometry": {"type": "Point", "coordinates": [9.44598, 42.70354]}, "properties": {"v": 0.1629, "d": "2025-03-19", "s": "geiger", "m": "CPH1931"}}, {"type": "Feature", "geometry": {"type": "Point", "coordinates": [9.44598, 42.70354]}, "properties": {"v": 0.1399, "d": "2025-03-19", "s": "geiger", "m": "CPH1931"}}, {"type": "Feature", "geometry": {"type": "Point", "coordinates": [9.44598, 42.70354]}, "properties": {"v": 0.1227, "d": "2025-03-19", "s": "geiger", "m": "CPH1931"}}, {"type": "Feature", "geometry": {"type": "Point", "coordinates": [9.44598, 42.70354]}, "properties": {"v": 0.1555, "d": "2025-03-19", "s": "geiger", "m": "CPH1931"}}, {"type": "Feature", "geometry": {"type": "Point", "coordinates": [9.4458, 42.70362]}, "properties": {"v": 0.1287, "d": "2025-03-19", "s": "geiger", "m": "CPH1931"}}, {"type": "Feature", "geometry": {"type": "Point", "coordinates": [9.4458, 42.70362]}, "properties": {"v": 0.1364, "d": "2025-03-19", "s": "geiger", "m": "CPH1931"}}, {"type": "Feature", "geometry": {"type": "Point", "coordinates": [9.4458, 42.70362]}, "properties": {"v": 0.1319, "d": "2025-03-19", "s": "geiger", "m": "CPH1931"}}, {"type": "Feature", "geometry": {"type": "Point", "coordinates": [9.4458, 42.70362]}, "properties": {"v": 0.1436, "d": "2025-03-19", "s": "geiger", "m": "CPH1931"}}, {"type": "Feature", "geometry": {"type": "Point", "coordinates": [9.4458, 42.70362]}, "properties": {"v": 0.189, "d": "2025-03-19", "s": "geiger", "m": "CPH1931"}}, {"type": "Feature", "geometry": {"type": "Point", "coordinates": [9.446, 42.7035]}, "properties": {"v": 0.1613, "d": "2025-03-19", "s": "geiger", "m": "CPH1931"}}, {"type": "Feature", "geometry": {"type": "Point", "coordinates": [9.446, 42.7035]}, "properties": {"v": 0.1411, "d": "2025-03-19", "s": "geiger", "m": "CPH1931"}}, {"type": "Feature", "geometry": {"type": "Point", "coordinates": [9.446, 42.7035]}, "properties": {"v": 0.1341, "d": "2025-03-19", "s": "geiger", "m": "CPH1931"}}, {"type": "Feature", "geometry": {"type": "Point", "coordinates": [9.446, 42.7035]}, "properties": {"v": 0.1598, "d": "2025-03-19", "s": "geiger", "m": "CPH1931"}}, {"type": "Feature", "geometry": {"type": "Point", "coordinates": [9.446, 42.7035]}, "properties": {"v": 0.146, "d": "2025-03-19", "s": "geiger", "m": "CPH1931"}}, {"type": "Feature", "geometry": {"type": "Point", "coordinates": [9.446, 42.7035]}, "properties": {"v": 0.1831, "d": "2025-03-19", "s": "geiger", "m": "CPH1931"}}, {"type": "Feature", "geometry": {"type": "Point", "coordinates": [9.446, 42.7035]}, "properties": {"v": 0.1635, "d": "2025-03-19", "s": "geiger", "m": "CPH1931"}}, {"type": "Feature", "geometry": {"type": "Point", "coordinates": [9.446, 42.7035]}, "properties": {"v": 0.1698, "d": "2025-03-19", "s": "geiger", "m": "CPH1931"}}, {"type": "Feature", "geometry": {"type": "Point", "coordinates": [9.446, 42.7035]}, "properties": {"v": 0.1555, "d": "2025-03-19", "s": "geiger", "m": "CPH1931"}}, {"type": "Feature", "geometry": {"type": "Point", "coordinates": [9.446, 42.7035]}, "properties": {"v": 0.1399, "d": "2025-03-19", "s": "geiger", "m": "CPH1931"}}, {"type": "Feature", "geometry": {"type": "Point", "coordinates": [9.44589, 42.70346]}, "properties": {"v": 0.1331, "d": "2025-03-19", "s": "geiger", "m": "CPH1931"}}, {"type": "Feature", "geometry": {"type": "Point", "coordinates": [9.44566, 42.70354]}, "properties": {"v": 0.1384, "d": "2025-03-19", "s": "geiger", "m": "CPH1931"}}, {"type": "Feature", "geometry": {"type": "Point", "coordinates": [9.44595, 42.70362]}, "properties": {"v": 0.1536, "d": "2025-03-19", "s": "geiger", "m": "CPH1931"}}, {"type": "Feature", "geometry": {"type": "Point", "coordinates": [9.44595, 42.70362]}, "properties": {"v": 0.1341, "d": "2025-03-19", "s": "geiger", "m": "CPH1931"}}, {"type": "Feature", "geometry": {"type": "Point", "coordinates": [9.2707, 41.57862]}, "properties": {"v": 0.099, "d": "2025-03-16", "s": "geiger", "m": "SM-S901B"}}, {"type": "Feature", "geometry": {"type": "Point", "coordinates": [9.2707, 41.57862]}, "properties": {"v": 0.1064, "d": "2025-03-16", "s": "geiger", "m": "SM-S901B"}}, {"type": "Feature", "geometry": {"type": "Point", "coordinates": [9.2707, 41.57862]}, "properties": {"v": 0.1382, "d": "2025-03-16", "s": "geiger", "m": "SM-S901B"}}, {"type": "Feature", "geometry": {"type": "Point", "coordinates": [9.27008, 41.57893]}, "properties": {"v": 0.1147, "d": "2025-03-16", "s": "geiger", "m": "SM-S901B"}}, {"type": "Feature", "geometry": {"type": "Point", "coordinates": [9.27773, 41.60658]}, "properties": {"v": 0.1246, "d": "2025-03-16", "s": "geiger", "m": "SM-S901B"}}, {"type": "Feature", "geometry": {"type": "Point", "coordinates": [9.29834, 41.64925]}, "properties": {"v": 0.1126, "d": "2025-03-16", "s": "geiger", "m": "SM-S901B"}}, {"type": "Feature", "geometry": {"type": "Point", "coordinates": [9.32869, 41.69009]}, "properties": {"v": 0.0915, "d": "2025-03-16", "s": "geiger", "m": "SM-S901B"}}, {"type": "Feature", "geometry": {"type": "Point", "coordinates": [9.39358, 41.71057]}, "properties": {"v": 0.1173, "d": "2025-03-16", "s": "geiger", "m": "SM-S901B"}}, {"type": "Feature", "geometry": {"type": "Point", "coordinates": [9.40428, 41.75878]}, "properties": {"v": 0.1493, "d": "2025-03-16", "s": "geiger", "m": "SM-S901B"}}, {"type": "Feature", "geometry": {"type": "Point", "coordinates": [9.39757, 41.80526]}, "properties": {"v": 0.1603, "d": "2025-03-16", "s": "geiger", "m": "SM-S901B"}}, {"type": "Feature", "geometry": {"type": "Point", "coordinates": [9.39662, 41.85919]}, "properties": {"v": 0.095, "d": "2025-03-16", "s": "geiger", "m": "SM-S901B"}}, {"type": "Feature", "geometry": {"type": "Point", "coordinates": [9.38955, 41.91736]}, "properties": {"v": 0.0553, "d": "2025-03-16", "s": "geiger", "m": "SM-S901B"}}, {"type": "Feature", "geometry": {"type": "Point", "coordinates": [9.39906, 41.97396]}, "properties": {"v": 0.0927, "d": "2025-03-16", "s": "geiger", "m": "SM-S901B"}}, {"type": "Feature", "geometry": {"type": "Point", "coordinates": [9.40536, 42.01624]}, "properties": {"v": 0.0795, "d": "2025-03-16", "s": "geiger", "m": "SM-S901B"}}, {"type": "Feature", "geometry": {"type": "Point", "coordinates": [9.41037, 42.02224]}, "properties": {"v": 0.0701, "d": "2025-03-16", "s": "geiger", "m": "SM-S901B"}}, {"type": "Feature", "geometry": {"type": "Point", "coordinates": [9.41037, 42.02224]}, "properties": {"v": 0.0876, "d": "2025-03-16", "s": "geiger", "m": "SM-S901B"}}, {"type": "Feature", "geometry": {"type": "Point", "coordinates": [9.42976, 42.05199]}, "properties": {"v": 0.0707, "d": "2025-03-16", "s": "geiger", "m": "SM-S901B"}}, {"type": "Feature", "geometry": {"type": "Point", "coordinates": [9.49534, 42.0859]}, "properties": {"v": 0.1144, "d": "2025-03-16", "s": "geiger", "m": "SM-S901B"}}, {"type": "Feature", "geometry": {"type": "Point", "coordinates": [9.42874, 42.68097]}, "properties": {"v": 0.1161, "d": "2025-03-15", "s": "geiger", "m": "SM-S901B"}}, {"type": "Feature", "geometry": {"type": "Point", "coordinates": [9.42776, 42.68144]}, "properties": {"v": 0.1244, "d": "2025-03-15", "s": "geiger", "m": "SM-S901B"}}, {"type": "Feature", "geometry": {"type": "Point", "coordinates": [9.42776, 42.68144]}, "properties": {"v": 0.1414, "d": "2025-03-15", "s": "geiger", "m": "SM-S901B"}}, {"type": "Feature", "geometry": {"type": "Point", "coordinates": [9.42776, 42.68144]}, "properties": {"v": 0.1006, "d": "2025-03-15", "s": "geiger", "m": "SM-S901B"}}, {"type": "Feature", "geometry": {"type": "Point", "coordinates": [9.42775, 42.6814]}, "properties": {"v": 0.1038, "d": "2025-03-15", "s": "geiger", "m": "SM-S901B"}}, {"type": "Feature", "geometry": {"type": "Point", "coordinates": [9.42754, 42.68148]}, "properties": {"v": 0.1516, "d": "2025-03-15", "s": "geiger", "m": "SM-S901B"}}, {"type": "Feature", "geometry": {"type": "Point", "coordinates": [9.42773, 42.68137]}, "properties": {"v": 0.1015, "d": "2025-03-15", "s": "geiger", "m": "SM-S901B"}}, {"type": "Feature", "geometry": {"type": "Point", "coordinates": [9.42794, 42.68142]}, "properties": {"v": 0.1134, "d": "2025-03-15", "s": "geiger", "m": "SM-S901B"}}, {"type": "Feature", "geometry": {"type": "Point", "coordinates": [9.42727, 42.6816]}, "properties": {"v": 0.1219, "d": "2025-03-15", "s": "geiger", "m": "SM-S901B"}}, {"type": "Feature", "geometry": {"type": "Point", "coordinates": [9.42768, 42.6814]}, "properties": {"v": 0.0986, "d": "2025-03-15", "s": "geiger", "m": "SM-S901B"}}, {"type": "Feature", "geometry": {"type": "Point", "coordinates": [9.42768, 42.6814]}, "properties": {"v": 0.095, "d": "2025-03-15", "s": "geiger", "m": "SM-S901B"}}, {"type": "Feature", "geometry": {"type": "Point", "coordinates": [9.42769, 42.68146]}, "properties": {"v": 0.1615, "d": "2025-03-15", "s": "geiger", "m": "SM-S901B"}}, {"type": "Feature", "geometry": {"type": "Point", "coordinates": [9.42722, 42.6816]}, "properties": {"v": 0.1621, "d": "2025-03-15", "s": "geiger", "m": "SM-S901B"}}, {"type": "Feature", "geometry": {"type": "Point", "coordinates": [9.42722, 42.6816]}, "properties": {"v": 0.1433, "d": "2025-03-15", "s": "geiger", "m": "SM-S901B"}}, {"type": "Feature", "geometry": {"type": "Point", "coordinates": [9.42722, 42.6816]}, "properties": {"v": 0.1579, "d": "2025-03-15", "s": "geiger", "m": "SM-S901B"}}, {"type": "Feature", "geometry": {"type": "Point", "coordinates": [9.42773, 42.68138]}, "properties": {"v": 0.1211, "d": "2025-03-15", "s": "geiger", "m": "SM-S901B"}}, {"type": "Feature", "geometry": {"type": "Point", "coordinates": [9.42792, 42.68132]}, "properties": {"v": 0.1112, "d": "2025-03-15", "s": "geiger", "m": "SM-S901B"}}, {"type": "Feature", "geometry": {"type": "Point", "coordinates": [9.42849, 42.68147]}, "properties": {"v": 0.1345, "d": "2025-03-15", "s": "geiger", "m": "SM-S901B"}}, {"type": "Feature", "geometry": {"type": "Point", "coordinates": [9.42869, 42.67978]}, "properties": {"v": 0.1048, "d": "2025-03-15", "s": "geiger", "m": "SM-S901B"}}, {"type": "Feature", "geometry": {"type": "Point", "coordinates": [9.44361, 42.67436]}, "properties": {"v": 0.0763, "d": "2025-03-15", "s": "geiger", "m": "SM-S901B"}}, {"type": "Feature", "geometry": {"type": "Point", "coordinates": [9.47846, 42.55077]}, "properties": {"v": 0.1027, "d": "2025-03-15", "s": "geiger", "m": "SM-S901B"}}, {"type": "Feature", "geometry": {"type": "Point", "coordinates": [9.47846, 42.55077]}, "properties": {"v": 0.1657, "d": "2025-03-15", "s": "geiger", "m": "SM-S901B"}}, {"type": "Feature", "geometry": {"type": "Point", "coordinates": [9.47846, 42.55077]}, "properties": {"v": 0.1628, "d": "2025-03-15", "s": "geiger", "m": "SM-S901B"}}, {"type": "Feature", "geometry": {"type": "Point", "coordinates": [9.47846, 42.55077]}, "properties": {"v": 0.1259, "d": "2025-03-15", "s": "geiger", "m": "SM-S901B"}}, {"type": "Feature", "geometry": {"type": "Point", "coordinates": [9.47846, 42.55077]}, "properties": {"v": 0.1312, "d": "2025-03-15", "s": "geiger", "m": "SM-S901B"}}, {"type": "Feature", "geometry": {"type": "Point", "coordinates": [9.47846, 42.55077]}, "properties": {"v": 0.183, "d": "2025-03-15", "s": "geiger", "m": "SM-S901B"}}, {"type": "Feature", "geometry": {"type": "Point", "coordinates": [9.47846, 42.55077]}, "properties": {"v": 0.1271, "d": "2025-03-15", "s": "geiger", "m": "SM-S901B"}}, {"type": "Feature", "geometry": {"type": "Point", "coordinates": [9.47846, 42.55077]}, "properties": {"v": 0.1336, "d": "2025-03-15", "s": "geiger", "m": "SM-S901B"}}, {"type": "Feature", "geometry": {"type": "Point", "coordinates": [9.47846, 42.55077]}, "properties": {"v": 0.1475, "d": "2025-03-15", "s": "geiger", "m": "SM-S901B"}}, {"type": "Feature", "geometry": {"type": "Point", "coordinates": [9.47846, 42.55077]}, "properties": {"v": 0.1507, "d": "2025-03-15", "s": "geiger", "m": "SM-S901B"}}, {"type": "Feature", "geometry": {"type": "Point", "coordinates": [9.47846, 42.55077]}, "properties": {"v": 0.1515, "d": "2025-03-15", "s": "geiger", "m": "SM-S901B"}}, {"type": "Feature", "geometry": {"type": "Point", "coordinates": [9.47846, 42.55077]}, "properties": {"v": 0.1259, "d": "2025-03-15", "s": "geiger", "m": "SM-S901B"}}, {"type": "Feature", "geometry": {"type": "Point", "coordinates": [9.47846, 42.55077]}, "properties": {"v": 0.1569, "d": "2025-03-15", "s": "geiger", "m": "SM-S901B"}}, {"type": "Feature", "geometry": {"type": "Point", "coordinates": [9.47846, 42.55077]}, "properties": {"v": 0.1426, "d": "2025-03-15", "s": "geiger", "m": "SM-S901B"}}, {"type": "Feature", "geometry": {"type": "Point", "coordinates": [9.47846, 42.55077]}, "properties": {"v": 0.1467, "d": "2025-03-15", "s": "geiger", "m": "SM-S901B"}}, {"type": "Feature", "geometry": {"type": "Point", "coordinates": [9.47846, 42.55077]}, "properties": {"v": 0.1456, "d": "2025-03-15", "s": "geiger", "m": "SM-S901B"}}, {"type": "Feature", "geometry": {"type": "Point", "coordinates": [9.47846, 42.55077]}, "properties": {"v": 0.1324, "d": "2025-03-15", "s": "geiger", "m": "SM-S901B"}}, {"type": "Feature", "geometry": {"type": "Point", "coordinates": [9.47846, 42.55077]}, "properties": {"v": 0.1499, "d": "2025-03-15", "s": "geiger", "m": "SM-S901B"}}, {"type": "Feature", "geometry": {"type": "Point", "coordinates": [9.47846, 42.55077]}, "properties": {"v": 0.1126, "d": "2025-03-15", "s": "geiger", "m": "SM-S901B"}}, {"type": "Feature", "geometry": {"type": "Point", "coordinates": [9.47846, 42.55077]}, "properties": {"v": 0.1783, "d": "2025-03-15", "s": "geiger", "m": "SM-S901B"}}, {"type": "Feature", "geometry": {"type": "Point", "coordinates": [9.47846, 42.55077]}, "properties": {"v": 0.1311, "d": "2025-03-15", "s": "geiger", "m": "SM-S901B"}}, {"type": "Feature", "geometry": {"type": "Point", "coordinates": [9.47846, 42.55077]}, "properties": {"v": 0.1384, "d": "2025-03-15", "s": "geiger", "m": "SM-S901B"}}, {"type": "Feature", "geometry": {"type": "Point", "coordinates": [9.4784, 42.55082]}, "properties": {"v": 0.1566, "d": "2025-03-15", "s": "geiger", "m": "SM-S901B"}}, {"type": "Feature", "geometry": {"type": "Point", "coordinates": [9.42847, 42.67941]}, "properties": {"v": 0.1946, "d": "2025-03-15", "s": "geiger", "m": "CPH1931"}}, {"type": "Feature", "geometry": {"type": "Point", "coordinates": [9.42847, 42.67941]}, "properties": {"v": 0.1971, "d": "2025-03-15", "s": "geiger", "m": "CPH1931"}}, {"type": "Feature", "geometry": {"type": "Point", "coordinates": [9.42858, 42.67941]}, "properties": {"v": 0.2748, "d": "2025-03-15", "s": "geiger", "m": "CPH1931"}}, {"type": "Feature", "geometry": {"type": "Point", "coordinates": [9.42858, 42.67941]}, "properties": {"v": 0.206, "d": "2025-03-15", "s": "geiger", "m": "CPH1931"}}, {"type": "Feature", "geometry": {"type": "Point", "coordinates": [9.42831, 42.67944]}, "properties": {"v": 0.1754, "d": "2025-03-15", "s": "geiger", "m": "CPH1931"}}, {"type": "Feature", "geometry": {"type": "Point", "coordinates": [9.46513, 42.5502]}, "properties": {"v": 0.1109, "d": "2025-03-14", "s": "geiger", "m": "SM-S901B"}}, {"type": "Feature", "geometry": {"type": "Point", "coordinates": [9.46513, 42.5502]}, "properties": {"v": 0.108, "d": "2025-03-14", "s": "geiger", "m": "SM-S901B"}}, {"type": "Feature", "geometry": {"type": "Point", "coordinates": [9.46513, 42.5502]}, "properties": {"v": 0.1401, "d": "2025-03-14", "s": "geiger", "m": "SM-S901B"}}, {"type": "Feature", "geometry": {"type": "Point", "coordinates": [9.46513, 42.5502]}, "properties": {"v": 0.1353, "d": "2025-03-14", "s": "geiger", "m": "SM-S901B"}}, {"type": "Feature", "geometry": {"type": "Point", "coordinates": [9.46513, 42.5502]}, "properties": {"v": 0.1269, "d": "2025-03-14", "s": "geiger", "m": "SM-S901B"}}, {"type": "Feature", "geometry": {"type": "Point", "coordinates": [9.46513, 42.5502]}, "properties": {"v": 0.1555, "d": "2025-03-14", "s": "geiger", "m": "SM-S901B"}}, {"type": "Feature", "geometry": {"type": "Point", "coordinates": [9.46513, 42.5502]}, "properties": {"v": 0.1554, "d": "2025-03-14", "s": "geiger", "m": "SM-S901B"}}, {"type": "Feature", "geometry": {"type": "Point", "coordinates": [9.46513, 42.5502]}, "properties": {"v": 0.1489, "d": "2025-03-14", "s": "geiger", "m": "SM-S901B"}}, {"type": "Feature", "geometry": {"type": "Point", "coordinates": [9.46513, 42.5502]}, "properties": {"v": 0.1196, "d": "2025-03-14", "s": "geiger", "m": "SM-S901B"}}, {"type": "Feature", "geometry": {"type": "Point", "coordinates": [9.46513, 42.5502]}, "properties": {"v": 0.1162, "d": "2025-03-14", "s": "geiger", "m": "SM-S901B"}}, {"type": "Feature", "geometry": {"type": "Point", "coordinates": [9.46513, 42.5502]}, "properties": {"v": 0.1294, "d": "2025-03-14", "s": "geiger", "m": "SM-S901B"}}, {"type": "Feature", "geometry": {"type": "Point", "coordinates": [9.46512, 42.5502]}, "properties": {"v": 0.1167, "d": "2025-03-14", "s": "geiger", "m": "SM-S901B"}}, {"type": "Feature", "geometry": {"type": "Point", "coordinates": [9.4338, 42.66561]}, "properties": {"v": 0.063, "d": "2025-03-14", "s": "geiger", "m": "SM-S901B"}}, {"type": "Feature", "geometry": {"type": "Point", "coordinates": [9.43382, 42.6658]}, "properties": {"v": 0.122, "d": "2025-03-14", "s": "geiger", "m": "SM-S901B"}}, {"type": "Feature", "geometry": {"type": "Point", "coordinates": [9.43212, 42.6655]}, "properties": {"v": 0.1154, "d": "2025-03-14", "s": "geiger", "m": "SM-S901B"}}, {"type": "Feature", "geometry": {"type": "Point", "coordinates": [9.43224, 42.66565]}, "properties": {"v": 0.1205, "d": "2025-03-14", "s": "geiger", "m": "SM-S901B"}}, {"type": "Feature", "geometry": {"type": "Point", "coordinates": [9.43224, 42.66565]}, "properties": {"v": 0.0751, "d": "2025-03-14", "s": "geiger", "m": "SM-S901B"}}, {"type": "Feature", "geometry": {"type": "Point", "coordinates": [9.43244, 42.66554]}, "properties": {"v": 0.128, "d": "2025-03-14", "s": "geiger", "m": "SM-S901B"}}, {"type": "Feature", "geometry": {"type": "Point", "coordinates": [9.4461, 42.70358]}, "properties": {"v": 0.1019, "d": "2025-03-14", "s": "geiger", "m": "SM-S901B"}}, {"type": "Feature", "geometry": {"type": "Point", "coordinates": [9.44612, 42.70354]}, "properties": {"v": 0.1402, "d": "2025-03-14", "s": "geiger", "m": "SM-S901B"}}, {"type": "Feature", "geometry": {"type": "Point", "coordinates": [9.44612, 42.70354]}, "properties": {"v": 0.1105, "d": "2025-03-14", "s": "geiger", "m": "SM-S901B"}}, {"type": "Feature", "geometry": {"type": "Point", "coordinates": [9.44605, 42.70336]}, "properties": {"v": 0.128, "d": "2025-03-14", "s": "geiger", "m": "SM-S901B"}}, {"type": "Feature", "geometry": {"type": "Point", "coordinates": [9.44605, 42.70336]}, "properties": {"v": 0.1277, "d": "2025-03-14", "s": "geiger", "m": "SM-S901B"}}, {"type": "Feature", "geometry": {"type": "Point", "coordinates": [9.44639, 42.70362]}, "properties": {"v": 0.1477, "d": "2025-03-14", "s": "geiger", "m": "SM-S901B"}}, {"type": "Feature", "geometry": {"type": "Point", "coordinates": [9.44639, 42.70362]}, "properties": {"v": 0.1315, "d": "2025-03-14", "s": "geiger", "m": "SM-S901B"}}, {"type": "Feature", "geometry": {"type": "Point", "coordinates": [9.44639, 42.70362]}, "properties": {"v": 0.1107, "d": "2025-03-14", "s": "geiger", "m": "SM-S901B"}}, {"type": "Feature", "geometry": {"type": "Point", "coordinates": [9.44601, 42.70352]}, "properties": {"v": 0.1229, "d": "2025-03-14", "s": "geiger", "m": "SM-S901B"}}, {"type": "Feature", "geometry": {"type": "Point", "coordinates": [9.44626, 42.70353]}, "properties": {"v": 0.1286, "d": "2025-03-14", "s": "geiger", "m": "SM-S901B"}}, {"type": "Feature", "geometry": {"type": "Point", "coordinates": [9.44623, 42.7036]}, "properties": {"v": 0.1005, "d": "2025-03-14", "s": "geiger", "m": "SM-S901B"}}, {"type": "Feature", "geometry": {"type": "Point", "coordinates": [9.44579, 42.70365]}, "properties": {"v": 0.0978, "d": "2025-03-14", "s": "geiger", "m": "SM-S901B"}}, {"type": "Feature", "geometry": {"type": "Point", "coordinates": [9.44588, 42.70361]}, "properties": {"v": 0.1085, "d": "2025-03-14", "s": "geiger", "m": "SM-S901B"}}, {"type": "Feature", "geometry": {"type": "Point", "coordinates": [9.44588, 42.70361]}, "properties": {"v": 0.1114, "d": "2025-03-14", "s": "geiger", "m": "SM-S901B"}}, {"type": "Feature", "geometry": {"type": "Point", "coordinates": [9.44588, 42.70361]}, "properties": {"v": 0.13, "d": "2025-03-14", "s": "geiger", "m": "SM-S901B"}}, {"type": "Feature", "geometry": {"type": "Point", "coordinates": [9.44588, 42.70361]}, "properties": {"v": 0.1167, "d": "2025-03-14", "s": "geiger", "m": "SM-S901B"}}, {"type": "Feature", "geometry": {"type": "Point", "coordinates": [9.44586, 42.70361]}, "properties": {"v": 0.1332, "d": "2025-03-14", "s": "geiger", "m": "SM-S901B"}}, {"type": "Feature", "geometry": {"type": "Point", "coordinates": [9.42848, 42.66132]}, "properties": {"v": 0.1434, "d": "2025-03-13", "s": "geiger", "m": "SM-S901B"}}, {"type": "Feature", "geometry": {"type": "Point", "coordinates": [9.42884, 42.66151]}, "properties": {"v": 0.1635, "d": "2025-03-13", "s": "geiger", "m": "SM-S901B"}}, {"type": "Feature", "geometry": {"type": "Point", "coordinates": [9.42884, 42.66151]}, "properties": {"v": 0.1427, "d": "2025-03-13", "s": "geiger", "m": "SM-S901B"}}, {"type": "Feature", "geometry": {"type": "Point", "coordinates": [9.42887, 42.66147]}, "properties": {"v": 0.121, "d": "2025-03-13", "s": "geiger", "m": "SM-S901B"}}, {"type": "Feature", "geometry": {"type": "Point", "coordinates": [9.42872, 42.66161]}, "properties": {"v": 0.1556, "d": "2025-03-13", "s": "geiger", "m": "SM-S901B"}}, {"type": "Feature", "geometry": {"type": "Point", "coordinates": [9.4289, 42.66154]}, "properties": {"v": 0.1628, "d": "2025-03-13", "s": "geiger", "m": "SM-S901B"}}, {"type": "Feature", "geometry": {"type": "Point", "coordinates": [9.42896, 42.66137]}, "properties": {"v": 0.1783, "d": "2025-03-13", "s": "geiger", "m": "SM-S901B"}}, {"type": "Feature", "geometry": {"type": "Point", "coordinates": [9.42872, 42.66133]}, "properties": {"v": 0.1254, "d": "2025-03-13", "s": "geiger", "m": "SM-S901B"}}, {"type": "Feature", "geometry": {"type": "Point", "coordinates": [9.42887, 42.66139]}, "properties": {"v": 0.1697, "d": "2025-03-13", "s": "geiger", "m": "SM-S901B"}}, {"type": "Feature", "geometry": {"type": "Point", "coordinates": [9.42877, 42.66028]}, "properties": {"v": 0.166, "d": "2025-03-13", "s": "geiger", "m": "SM-S901B"}}, {"type": "Feature", "geometry": {"type": "Point", "coordinates": [9.42905, 42.66172]}, "properties": {"v": 0.1381, "d": "2025-03-13", "s": "geiger", "m": "SM-S901B"}}, {"type": "Feature", "geometry": {"type": "Point", "coordinates": [9.42898, 42.66142]}, "properties": {"v": 0.1302, "d": "2025-03-13", "s": "geiger", "m": "SM-S901B"}}, {"type": "Feature", "geometry": {"type": "Point", "coordinates": [9.4287, 42.66104]}, "properties": {"v": 0.1401, "d": "2025-03-13", "s": "geiger", "m": "SM-S901B"}}, {"type": "Feature", "geometry": {"type": "Point", "coordinates": [9.42921, 42.66153]}, "properties": {"v": 0.1198, "d": "2025-03-13", "s": "geiger", "m": "SM-S901B"}}, {"type": "Feature", "geometry": {"type": "Point", "coordinates": [9.42894, 42.66139]}, "properties": {"v": 0.1482, "d": "2025-03-13", "s": "geiger", "m": "SM-S901B"}}, {"type": "Feature", "geometry": {"type": "Point", "coordinates": [9.42922, 42.6611]}, "properties": {"v": 0.1481, "d": "2025-03-13", "s": "geiger", "m": "SM-S901B"}}, {"type": "Feature", "geometry": {"type": "Point", "coordinates": [9.42931, 42.66143]}, "properties": {"v": 0.1506, "d": "2025-03-13", "s": "geiger", "m": "SM-S901B"}}, {"type": "Feature", "geometry": {"type": "Point", "coordinates": [9.42906, 42.66124]}, "properties": {"v": 0.1535, "d": "2025-03-13", "s": "geiger", "m": "SM-S901B"}}, {"type": "Feature", "geometry": {"type": "Point", "coordinates": [9.42875, 42.66134]}, "properties": {"v": 0.1484, "d": "2025-03-13", "s": "geiger", "m": "SM-S901B"}}, {"type": "Feature", "geometry": {"type": "Point", "coordinates": [9.42875, 42.66133]}, "properties": {"v": 0.1304, "d": "2025-03-13", "s": "geiger", "m": "SM-S901B"}}, {"type": "Feature", "geometry": {"type": "Point", "coordinates": [9.42892, 42.66124]}, "properties": {"v": 0.1532, "d": "2025-03-13", "s": "geiger", "m": "SM-S901B"}}, {"type": "Feature", "geometry": {"type": "Point", "coordinates": [9.428, 42.66149]}, "properties": {"v": 0.1454, "d": "2025-03-13", "s": "geiger", "m": "SM-S901B"}}, {"type": "Feature", "geometry": {"type": "Point", "coordinates": [9.42818, 42.66118]}, "properties": {"v": 0.1486, "d": "2025-03-13", "s": "geiger", "m": "SM-S901B"}}, {"type": "Feature", "geometry": {"type": "Point", "coordinates": [9.42883, 42.6612]}, "properties": {"v": 0.1843, "d": "2025-03-13", "s": "geiger", "m": "SM-S901B"}}, {"type": "Feature", "geometry": {"type": "Point", "coordinates": [9.42818, 42.66118]}, "properties": {"v": 0.1344, "d": "2025-03-13", "s": "geiger", "m": "SM-S901B"}}, {"type": "Feature", "geometry": {"type": "Point", "coordinates": [9.42858, 42.6617]}, "properties": {"v": 0.1415, "d": "2025-03-13", "s": "geiger", "m": "SM-S901B"}}, {"type": "Feature", "geometry": {"type": "Point", "coordinates": [9.42888, 42.66125]}, "properties": {"v": 0.1436, "d": "2025-03-13", "s": "geiger", "m": "SM-S901B"}}, {"type": "Feature", "geometry": {"type": "Point", "coordinates": [9.42888, 42.66125]}, "properties": {"v": 0.1534, "d": "2025-03-13", "s": "geiger", "m": "SM-S901B"}}, {"type": "Feature", "geometry": {"type": "Point", "coordinates": [9.42888, 42.66125]}, "properties": {"v": 0.1349, "d": "2025-03-13", "s": "geiger", "m": "SM-S901B"}}, {"type": "Feature", "geometry": {"type": "Point", "coordinates": [9.42888, 42.66125]}, "properties": {"v": 0.1383, "d": "2025-03-13", "s": "geiger", "m": "SM-S901B"}}, {"type": "Feature", "geometry": {"type": "Point", "coordinates": [9.42888, 42.66125]}, "properties": {"v": 0.1221, "d": "2025-03-13", "s": "geiger", "m": "SM-S901B"}}, {"type": "Feature", "geometry": {"type": "Point", "coordinates": [9.42888, 42.66125]}, "properties": {"v": 0.1303, "d": "2025-03-13", "s": "geiger", "m": "SM-S901B"}}, {"type": "Feature", "geometry": {"type": "Point", "coordinates": [9.42892, 42.66128]}, "properties": {"v": 0.144, "d": "2025-03-13", "s": "geiger", "m": "SM-S901B"}}, {"type": "Feature", "geometry": {"type": "Point", "coordinates": [9.44514, 42.7029]}, "properties": {"v": 0.1778, "d": "2025-03-13", "s": "geiger", "m": "SM-S901B"}}, {"type": "Feature", "geometry": {"type": "Point", "coordinates": [9.44537, 42.70348]}, "properties": {"v": 0.1252, "d": "2025-03-13", "s": "geiger", "m": "SM-S901B"}}, {"type": "Feature", "geometry": {"type": "Point", "coordinates": [9.44571, 42.70347]}, "properties": {"v": 0.118, "d": "2025-03-13", "s": "geiger", "m": "SM-S901B"}}, {"type": "Feature", "geometry": {"type": "Point", "coordinates": [9.44571, 42.70347]}, "properties": {"v": 0.1011, "d": "2025-03-13", "s": "geiger", "m": "SM-S901B"}}, {"type": "Feature", "geometry": {"type": "Point", "coordinates": [9.44571, 42.70347]}, "properties": {"v": 0.1062, "d": "2025-03-13", "s": "geiger", "m": "SM-S901B"}}, {"type": "Feature", "geometry": {"type": "Point", "coordinates": [9.4456, 42.70389]}, "properties": {"v": 0.1063, "d": "2025-03-13", "s": "geiger", "m": "SM-S901B"}}, {"type": "Feature", "geometry": {"type": "Point", "coordinates": [9.42887, 42.66145]}, "properties": {"v": 0.1453, "d": "2025-02-19", "s": "geiger", "m": "SM-S901B"}}, {"type": "Feature", "geometry": {"type": "Point", "coordinates": [9.42887, 42.66145]}, "properties": {"v": 0.095, "d": "2025-02-19", "s": "geiger", "m": "SM-S901B"}}, {"type": "Feature", "geometry": {"type": "Point", "coordinates": [9.42887, 42.66145]}, "properties": {"v": 0.1123, "d": "2025-02-19", "s": "geiger", "m": "SM-S901B"}}, {"type": "Feature", "geometry": {"type": "Point", "coordinates": [9.42887, 42.66145]}, "properties": {"v": 0.1473, "d": "2025-02-19", "s": "geiger", "m": "SM-S901B"}}, {"type": "Feature", "geometry": {"type": "Point", "coordinates": [9.42887, 42.66145]}, "properties": {"v": 0.1228, "d": "2025-02-19", "s": "geiger", "m": "SM-S901B"}}, {"type": "Feature", "geometry": {"type": "Point", "coordinates": [9.42867, 42.66158]}, "properties": {"v": 0.1411, "d": "2025-02-19", "s": "geiger", "m": "SM-S901B"}}, {"type": "Feature", "geometry": {"type": "Point", "coordinates": [9.42856, 42.66174]}, "properties": {"v": 0.1435, "d": "2025-02-19", "s": "geiger", "m": "SM-S901B"}}, {"type": "Feature", "geometry": {"type": "Point", "coordinates": [9.42762, 42.66224]}, "properties": {"v": 0.1376, "d": "2025-02-19", "s": "geiger", "m": "SM-S901B"}}, {"type": "Feature", "geometry": {"type": "Point", "coordinates": [9.42911, 42.66102]}, "properties": {"v": 0.1304, "d": "2025-02-19", "s": "geiger", "m": "SM-S901B"}}, {"type": "Feature", "geometry": {"type": "Point", "coordinates": [9.42886, 42.66189]}, "properties": {"v": 0.0995, "d": "2025-02-19", "s": "geiger", "m": "SM-S901B"}}, {"type": "Feature", "geometry": {"type": "Point", "coordinates": [9.42898, 42.66117]}, "properties": {"v": 0.1408, "d": "2025-02-19", "s": "geiger", "m": "SM-S901B"}}, {"type": "Feature", "geometry": {"type": "Point", "coordinates": [9.42839, 42.67947]}, "properties": {"v": 0.1752, "d": "2025-02-19", "s": "geiger", "m": "CPH1931"}}, {"type": "Feature", "geometry": {"type": "Point", "coordinates": [9.42885, 42.66138]}, "properties": {"v": 0.1504, "d": "2025-02-15", "s": "geiger", "m": "SM-S901B"}}, {"type": "Feature", "geometry": {"type": "Point", "coordinates": [9.42881, 42.6614]}, "properties": {"v": 0.1396, "d": "2025-02-15", "s": "geiger", "m": "SM-S901B"}}, {"type": "Feature", "geometry": {"type": "Point", "coordinates": [9.42881, 42.6614]}, "properties": {"v": 0.1623, "d": "2025-02-15", "s": "geiger", "m": "SM-S901B"}}, {"type": "Feature", "geometry": {"type": "Point", "coordinates": [9.42881, 42.6614]}, "properties": {"v": 0.1311, "d": "2025-02-15", "s": "geiger", "m": "SM-S901B"}}, {"type": "Feature", "geometry": {"type": "Point", "coordinates": [9.42877, 42.66172]}, "properties": {"v": 0.1718, "d": "2025-02-15", "s": "geiger", "m": "SM-S901B"}}, {"type": "Feature", "geometry": {"type": "Point", "coordinates": [9.4287, 42.66164]}, "properties": {"v": 0.1744, "d": "2025-02-15", "s": "geiger", "m": "SM-S901B"}}, {"type": "Feature", "geometry": {"type": "Point", "coordinates": [9.4291, 42.66153]}, "properties": {"v": 0.1426, "d": "2025-02-15", "s": "geiger", "m": "SM-S901B"}}, {"type": "Feature", "geometry": {"type": "Point", "coordinates": [9.4291, 42.66153]}, "properties": {"v": 0.1401, "d": "2025-02-15", "s": "geiger", "m": "SM-S901B"}}, {"type": "Feature", "geometry": {"type": "Point", "coordinates": [9.42934, 42.66151]}, "properties": {"v": 0.1481, "d": "2025-02-15", "s": "geiger", "m": "SM-S901B"}}, {"type": "Feature", "geometry": {"type": "Point", "coordinates": [9.42934, 42.66151]}, "properties": {"v": 0.1503, "d": "2025-02-15", "s": "geiger", "m": "SM-S901B"}}, {"type": "Feature", "geometry": {"type": "Point", "coordinates": [9.42934, 42.66151]}, "properties": {"v": 0.1449, "d": "2025-02-15", "s": "geiger", "m": "SM-S901B"}}, {"type": "Feature", "geometry": {"type": "Point", "coordinates": [9.42934, 42.66151]}, "properties": {"v": 0.1405, "d": "2025-02-15", "s": "geiger", "m": "SM-S901B"}}, {"type": "Feature", "geometry": {"type": "Point", "coordinates": [9.42883, 42.66127]}, "properties": {"v": 0.1442, "d": "2025-02-15", "s": "geiger", "m": "SM-S901B"}}, {"type": "Feature", "geometry": {"type": "Point", "coordinates": [9.42883, 42.66127]}, "properties": {"v": 0.1489, "d": "2025-02-15", "s": "geiger", "m": "SM-S901B"}}, {"type": "Feature", "geometry": {"type": "Point", "coordinates": [9.42883, 42.66127]}, "properties": {"v": 0.1115, "d": "2025-02-15", "s": "geiger", "m": "SM-S901B"}}, {"type": "Feature", "geometry": {"type": "Point", "coordinates": [9.42883, 42.66127]}, "properties": {"v": 0.1343, "d": "2025-02-15", "s": "geiger", "m": "SM-S901B"}}, {"type": "Feature", "geometry": {"type": "Point", "coordinates": [9.42883, 42.66127]}, "properties": {"v": 0.1293, "d": "2025-02-15", "s": "geiger", "m": "SM-S901B"}}, {"type": "Feature", "geometry": {"type": "Point", "coordinates": [9.42883, 42.66127]}, "properties": {"v": 0.1391, "d": "2025-02-15", "s": "geiger", "m": "SM-S901B"}}, {"type": "Feature", "geometry": {"type": "Point", "coordinates": [9.42883, 42.66127]}, "properties": {"v": 0.1599, "d": "2025-02-15", "s": "geiger", "m": "SM-S901B"}}, {"type": "Feature", "geometry": {"type": "Point", "coordinates": [9.42883, 42.66127]}, "properties": {"v": 0.1305, "d": "2025-02-15", "s": "geiger", "m": "SM-S901B"}}, {"type": "Feature", "geometry": {"type": "Point", "coordinates": [9.42883, 42.66127]}, "properties": {"v": 0.1586, "d": "2025-02-15", "s": "geiger", "m": "SM-S901B"}}, {"type": "Feature", "geometry": {"type": "Point", "coordinates": [9.42883, 42.66127]}, "properties": {"v": 0.1581, "d": "2025-02-15", "s": "geiger", "m": "SM-S901B"}}, {"type": "Feature", "geometry": {"type": "Point", "coordinates": [9.42872, 42.66111]}, "properties": {"v": 0.1532, "d": "2025-02-15", "s": "geiger", "m": "SM-S901B"}}, {"type": "Feature", "geometry": {"type": "Point", "coordinates": [9.42888, 42.66125]}, "properties": {"v": 0.1514, "d": "2025-02-15", "s": "geiger", "m": "SM-S901B"}}, {"type": "Feature", "geometry": {"type": "Point", "coordinates": [9.42888, 42.66125]}, "properties": {"v": 0.1227, "d": "2025-02-15", "s": "geiger", "m": "SM-S901B"}}, {"type": "Feature", "geometry": {"type": "Point", "coordinates": [9.42941, 42.66159]}, "properties": {"v": 0.1401, "d": "2025-02-15", "s": "geiger", "m": "SM-S901B"}}, {"type": "Feature", "geometry": {"type": "Point", "coordinates": [9.42941, 42.66159]}, "properties": {"v": 0.1356, "d": "2025-02-15", "s": "geiger", "m": "SM-S901B"}}, {"type": "Feature", "geometry": {"type": "Point", "coordinates": [9.42941, 42.66159]}, "properties": {"v": 0.142, "d": "2025-02-15", "s": "geiger", "m": "SM-S901B"}}, {"type": "Feature", "geometry": {"type": "Point", "coordinates": [9.42938, 42.66152]}, "properties": {"v": 0.1197, "d": "2025-02-15", "s": "geiger", "m": "SM-S901B"}}, {"type": "Feature", "geometry": {"type": "Point", "coordinates": [9.42934, 42.66143]}, "properties": {"v": 0.1335, "d": "2025-02-09", "s": "geiger", "m": "SM-S901B"}}, {"type": "Feature", "geometry": {"type": "Point", "coordinates": [9.42887, 42.66146]}, "properties": {"v": 0.1431, "d": "2025-02-09", "s": "geiger", "m": "SM-S901B"}}, {"type": "Feature", "geometry": {"type": "Point", "coordinates": [9.42878, 42.66152]}, "properties": {"v": 0.1399, "d": "2025-02-09", "s": "geiger", "m": "SM-S901B"}}, {"type": "Feature", "geometry": {"type": "Point", "coordinates": [9.42878, 42.66152]}, "properties": {"v": 0.1589, "d": "2025-02-09", "s": "geiger", "m": "SM-S901B"}}, {"type": "Feature", "geometry": {"type": "Point", "coordinates": [9.42878, 42.66152]}, "properties": {"v": 0.1314, "d": "2025-02-09", "s": "geiger", "m": "SM-S901B"}}, {"type": "Feature", "geometry": {"type": "Point", "coordinates": [9.42885, 42.66133]}, "properties": {"v": 0.1685, "d": "2025-02-09", "s": "geiger", "m": "SM-S901B"}}, {"type": "Feature", "geometry": {"type": "Point", "coordinates": [9.42948, 42.66164]}, "properties": {"v": 0.1553, "d": "2025-02-09", "s": "geiger", "m": "SM-S901B"}}, {"type": "Feature", "geometry": {"type": "Point", "coordinates": [9.42883, 42.66124]}, "properties": {"v": 0.1116, "d": "2025-02-09", "s": "geiger", "m": "SM-S901B"}}, {"type": "Feature", "geometry": {"type": "Point", "coordinates": [9.42898, 42.66149]}, "properties": {"v": 0.138, "d": "2025-02-09", "s": "geiger", "m": "SM-S901B"}}, {"type": "Feature", "geometry": {"type": "Point", "coordinates": [9.42898, 42.66149]}, "properties": {"v": 0.1819, "d": "2025-02-09", "s": "geiger", "m": "SM-S901B"}}, {"type": "Feature", "geometry": {"type": "Point", "coordinates": [9.42898, 42.66149]}, "properties": {"v": 0.1567, "d": "2025-02-09", "s": "geiger", "m": "SM-S901B"}}, {"type": "Feature", "geometry": {"type": "Point", "coordinates": [9.42898, 42.66149]}, "properties": {"v": 0.1311, "d": "2025-02-09", "s": "geiger", "m": "SM-S901B"}}, {"type": "Feature", "geometry": {"type": "Point", "coordinates": [9.42898, 42.66149]}, "properties": {"v": 0.1304, "d": "2025-02-09", "s": "geiger", "m": "SM-S901B"}}, {"type": "Feature", "geometry": {"type": "Point", "coordinates": [9.42898, 42.66149]}, "properties": {"v": 0.1663, "d": "2025-02-09", "s": "geiger", "m": "SM-S901B"}}, {"type": "Feature", "geometry": {"type": "Point", "coordinates": [9.42898, 42.66149]}, "properties": {"v": 0.1522, "d": "2025-02-09", "s": "geiger", "m": "SM-S901B"}}, {"type": "Feature", "geometry": {"type": "Point", "coordinates": [9.42898, 42.66149]}, "properties": {"v": 0.1418, "d": "2025-02-09", "s": "geiger", "m": "SM-S901B"}}, {"type": "Feature", "geometry": {"type": "Point", "coordinates": [9.42898, 42.66149]}, "properties": {"v": 0.141, "d": "2025-02-09", "s": "geiger", "m": "SM-S901B"}}, {"type": "Feature", "geometry": {"type": "Point", "coordinates": [9.42892, 42.66141]}, "properties": {"v": 0.0906, "d": "2025-02-09", "s": "geiger", "m": "SM-S901B"}}, {"type": "Feature", "geometry": {"type": "Point", "coordinates": [9.42892, 42.66141]}, "properties": {"v": 0.1652, "d": "2025-02-09", "s": "geiger", "m": "SM-S901B"}}, {"type": "Feature", "geometry": {"type": "Point", "coordinates": [9.42894, 42.66136]}, "properties": {"v": 0.1207, "d": "2025-02-09", "s": "geiger", "m": "SM-S901B"}}, {"type": "Feature", "geometry": {"type": "Point", "coordinates": [9.4291, 42.66154]}, "properties": {"v": 0.1728, "d": "2025-02-09", "s": "geiger", "m": "SM-S901B"}}, {"type": "Feature", "geometry": {"type": "Point", "coordinates": [9.42887, 42.66148]}, "properties": {"v": 0.1689, "d": "2025-02-09", "s": "geiger", "m": "SM-S901B"}}, {"type": "Feature", "geometry": {"type": "Point", "coordinates": [9.42888, 42.66137]}, "properties": {"v": 0.1257, "d": "2025-02-09", "s": "geiger", "m": "SM-S901B"}}, {"type": "Feature", "geometry": {"type": "Point", "coordinates": [9.42888, 42.66137]}, "properties": {"v": 0.1182, "d": "2025-02-09", "s": "geiger", "m": "SM-S901B"}}, {"type": "Feature", "geometry": {"type": "Point", "coordinates": [9.42913, 42.66138]}, "properties": {"v": 0.1417, "d": "2025-02-09", "s": "geiger", "m": "SM-S901B"}}, {"type": "Feature", "geometry": {"type": "Point", "coordinates": [9.42869, 42.66144]}, "properties": {"v": 0.172, "d": "2025-02-09", "s": "geiger", "m": "SM-S901B"}}, {"type": "Feature", "geometry": {"type": "Point", "coordinates": [9.42892, 42.66139]}, "properties": {"v": 0.1659, "d": "2025-02-09", "s": "geiger", "m": "SM-S901B"}}, {"type": "Feature", "geometry": {"type": "Point", "coordinates": [9.42892, 42.66139]}, "properties": {"v": 0.108, "d": "2025-02-09", "s": "geiger", "m": "SM-S901B"}}, {"type": "Feature", "geometry": {"type": "Point", "coordinates": [9.42892, 42.66139]}, "properties": {"v": 0.1373, "d": "2025-02-09", "s": "geiger", "m": "SM-S901B"}}, {"type": "Feature", "geometry": {"type": "Point", "coordinates": [9.42895, 42.66135]}, "properties": {"v": 0.158, "d": "2025-02-09", "s": "geiger", "m": "SM-S901B"}}, {"type": "Feature", "geometry": {"type": "Point", "coordinates": [9.42915, 42.66142]}, "properties": {"v": 0.1421, "d": "2025-02-09", "s": "geiger", "m": "SM-S901B"}}, {"type": "Feature", "geometry": {"type": "Point", "coordinates": [9.42895, 42.66131]}, "properties": {"v": 0.1917, "d": "2025-02-09", "s": "geiger", "m": "SM-S901B"}}, {"type": "Feature", "geometry": {"type": "Point", "coordinates": [9.42926, 42.6611]}, "properties": {"v": 0.1296, "d": "2025-02-09", "s": "geiger", "m": "SM-S901B"}}, {"type": "Feature", "geometry": {"type": "Point", "coordinates": [9.42987, 42.66114]}, "properties": {"v": 0.1156, "d": "2025-02-09", "s": "geiger", "m": "SM-S901B"}}, {"type": "Feature", "geometry": {"type": "Point", "coordinates": [9.42897, 42.66135]}, "properties": {"v": 0.1491, "d": "2025-02-09", "s": "geiger", "m": "SM-S901B"}}, {"type": "Feature", "geometry": {"type": "Point", "coordinates": [9.42876, 42.66126]}, "properties": {"v": 0.1292, "d": "2025-02-09", "s": "geiger", "m": "SM-S901B"}}, {"type": "Feature", "geometry": {"type": "Point", "coordinates": [9.42902, 42.66134]}, "properties": {"v": 0.145, "d": "2025-02-09", "s": "geiger", "m": "SM-S901B"}}, {"type": "Feature", "geometry": {"type": "Point", "coordinates": [9.42902, 42.66134]}, "properties": {"v": 0.1439, "d": "2025-02-09", "s": "geiger", "m": "SM-S901B"}}, {"type": "Feature", "geometry": {"type": "Point", "coordinates": [9.42865, 42.67928]}, "properties": {"v": 0.1977, "d": "2025-02-01", "s": "geiger", "m": "CPH1931"}}, {"type": "Feature", "geometry": {"type": "Point", "coordinates": [9.42898, 42.66158]}, "properties": {"v": 0.1913, "d": "2025-01-26", "s": "geiger", "m": "SM-S901B"}}, {"type": "Feature", "geometry": {"type": "Point", "coordinates": [9.42972, 42.66072]}, "properties": {"v": 0.186, "d": "2025-01-26", "s": "geiger", "m": "SM-S901B"}}, {"type": "Feature", "geometry": {"type": "Point", "coordinates": [9.42885, 42.66137]}, "properties": {"v": 0.1872, "d": "2025-01-25", "s": "geiger", "m": "SM-S901B"}}, {"type": "Feature", "geometry": {"type": "Point", "coordinates": [9.42885, 42.66137]}, "properties": {"v": 0.2284, "d": "2025-01-25", "s": "geiger", "m": "SM-S901B"}}, {"type": "Feature", "geometry": {"type": "Point", "coordinates": [9.42883, 42.66121]}, "properties": {"v": 0.1636, "d": "2025-01-25", "s": "geiger", "m": "SM-S901B"}}, {"type": "Feature", "geometry": {"type": "Point", "coordinates": [9.42923, 42.66126]}, "properties": {"v": 0.202, "d": "2025-01-24", "s": "geiger", "m": "SM-S901B"}}, {"type": "Feature", "geometry": {"type": "Point", "coordinates": [9.42838, 42.67948]}, "properties": {"v": 0.1925, "d": "2025-01-24", "s": "geiger", "m": "CPH1931"}}, {"type": "Feature", "geometry": {"type": "Point", "coordinates": [9.42875, 42.66125]}, "properties": {"v": 0.1915, "d": "2025-01-23", "s": "geiger", "m": "SM-S901B"}}, {"type": "Feature", "geometry": {"type": "Point", "coordinates": [9.42647, 42.66235]}, "properties": {"v": 0.1689, "d": "2025-01-22", "s": "geiger", "m": "SM-S901B"}}, {"type": "Feature", "geometry": {"type": "Point", "coordinates": [9.42887, 42.66145]}, "properties": {"v": 0.2276, "d": "2025-01-19", "s": "geiger", "m": "SM-S901B"}}, {"type": "Feature", "geometry": {"type": "Point", "coordinates": [9.42884, 42.66127]}, "properties": {"v": 0.1898, "d": "2025-01-19", "s": "geiger", "m": "SM-S901B"}}, {"type": "Feature", "geometry": {"type": "Point", "coordinates": [9.42884, 42.66127]}, "properties": {"v": 0.2013, "d": "2025-01-19", "s": "geiger", "m": "SM-S901B"}}, {"type": "Feature", "geometry": {"type": "Point", "coordinates": [9.42884, 42.66127]}, "properties": {"v": 0.1882, "d": "2025-01-19", "s": "geiger", "m": "SM-S901B"}}, {"type": "Feature", "geometry": {"type": "Point", "coordinates": [9.42884, 42.66127]}, "properties": {"v": 0.1931, "d": "2025-01-19", "s": "geiger", "m": "SM-S901B"}}, {"type": "Feature", "geometry": {"type": "Point", "coordinates": [9.42884, 42.66127]}, "properties": {"v": 0.198, "d": "2025-01-19", "s": "geiger", "m": "SM-S901B"}}, {"type": "Feature", "geometry": {"type": "Point", "coordinates": [9.42884, 42.66127]}, "properties": {"v": 0.1963, "d": "2025-01-19", "s": "geiger", "m": "SM-S901B"}}, {"type": "Feature", "geometry": {"type": "Point", "coordinates": [9.42884, 42.66127]}, "properties": {"v": 0.2144, "d": "2025-01-19", "s": "geiger", "m": "SM-S901B"}}, {"type": "Feature", "geometry": {"type": "Point", "coordinates": [9.42884, 42.66127]}, "properties": {"v": 0.2045, "d": "2025-01-19", "s": "geiger", "m": "SM-S901B"}}, {"type": "Feature", "geometry": {"type": "Point", "coordinates": [9.42884, 42.66127]}, "properties": {"v": 0.2013, "d": "2025-01-19", "s": "geiger", "m": "SM-S901B"}}, {"type": "Feature", "geometry": {"type": "Point", "coordinates": [9.42886, 42.66145]}, "properties": {"v": 0.1848, "d": "2025-01-19", "s": "geiger", "m": "SM-S901B"}}, {"type": "Feature", "geometry": {"type": "Point", "coordinates": [9.4289, 42.66143]}, "properties": {"v": 0.1767, "d": "2025-01-19", "s": "geiger", "m": "SM-S901B"}}, {"type": "Feature", "geometry": {"type": "Point", "coordinates": [9.42875, 42.66166]}, "properties": {"v": 0.157, "d": "2025-01-19", "s": "geiger", "m": "SM-S901B"}}, {"type": "Feature", "geometry": {"type": "Point", "coordinates": [9.42843, 42.66062]}, "properties": {"v": 0.162, "d": "2025-01-19", "s": "geiger", "m": "SM-S901B"}}, {"type": "Feature", "geometry": {"type": "Point", "coordinates": [9.42921, 42.66219]}, "properties": {"v": 0.1735, "d": "2025-01-19", "s": "geiger", "m": "SM-S901B"}}, {"type": "Feature", "geometry": {"type": "Point", "coordinates": [9.42883, 42.66122]}, "properties": {"v": 0.1755, "d": "2025-01-18", "s": "geiger", "m": "SM-S901B"}}, {"type": "Feature", "geometry": {"type": "Point", "coordinates": [9.42882, 42.6613]}, "properties": {"v": 0.1701, "d": "2025-01-17", "s": "geiger", "m": "SM-S901B"}}, {"type": "Feature", "geometry": {"type": "Point", "coordinates": [9.42882, 42.6613]}, "properties": {"v": 0.2258, "d": "2025-01-17", "s": "geiger", "m": "SM-S901B"}}, {"type": "Feature", "geometry": {"type": "Point", "coordinates": [9.42882, 42.6613]}, "properties": {"v": 0.1882, "d": "2025-01-17", "s": "geiger", "m": "SM-S901B"}}, {"type": "Feature", "geometry": {"type": "Point", "coordinates": [9.42882, 42.6613]}, "properties": {"v": 0.1587, "d": "2025-01-17", "s": "geiger", "m": "SM-S901B"}}, {"type": "Feature", "geometry": {"type": "Point", "coordinates": [9.42895, 42.66148]}, "properties": {"v": 0.1603, "d": "2025-01-17", "s": "geiger", "m": "SM-S901B"}}, {"type": "Feature", "geometry": {"type": "Point", "coordinates": [9.42906, 42.66132]}, "properties": {"v": 0.1898, "d": "2025-01-17", "s": "geiger", "m": "SM-S901B"}}, {"type": "Feature", "geometry": {"type": "Point", "coordinates": [9.42906, 42.66132]}, "properties": {"v": 0.1734, "d": "2025-01-17", "s": "geiger", "m": "SM-S901B"}}, {"type": "Feature", "geometry": {"type": "Point", "coordinates": [9.42906, 42.66132]}, "properties": {"v": 0.1603, "d": "2025-01-17", "s": "geiger", "m": "SM-S901B"}}, {"type": "Feature", "geometry": {"type": "Point", "coordinates": [9.42906, 42.66132]}, "properties": {"v": 0.1587, "d": "2025-01-17", "s": "geiger", "m": "SM-S901B"}}, {"type": "Feature", "geometry": {"type": "Point", "coordinates": [9.42924, 42.66145]}, "properties": {"v": 0.1751, "d": "2025-01-17", "s": "geiger", "m": "SM-S901B"}}, {"type": "Feature", "geometry": {"type": "Point", "coordinates": [9.4304, 42.66195]}, "properties": {"v": 0.1849, "d": "2025-01-17", "s": "geiger", "m": "SM-S901B"}}, {"type": "Feature", "geometry": {"type": "Point", "coordinates": [9.42884, 42.66152]}, "properties": {"v": 0.162, "d": "2025-01-17", "s": "geiger", "m": "SM-S901B"}}, {"type": "Feature", "geometry": {"type": "Point", "coordinates": [9.42884, 42.66152]}, "properties": {"v": 0.1996, "d": "2025-01-17", "s": "geiger", "m": "SM-S901B"}}, {"type": "Feature", "geometry": {"type": "Point", "coordinates": [9.42902, 42.66146]}, "properties": {"v": 0.1783, "d": "2025-01-17", "s": "geiger", "m": "SM-S901B"}}, {"type": "Feature", "geometry": {"type": "Point", "coordinates": [9.42883, 42.66155]}, "properties": {"v": 0.1652, "d": "2025-01-17", "s": "geiger", "m": "SM-S901B"}}, {"type": "Feature", "geometry": {"type": "Point", "coordinates": [9.42867, 42.66153]}, "properties": {"v": 0.1947, "d": "2025-01-17", "s": "geiger", "m": "SM-S901B"}}, {"type": "Feature", "geometry": {"type": "Point", "coordinates": [9.42884, 42.66186]}, "properties": {"v": 0.1685, "d": "2025-01-17", "s": "geiger", "m": "SM-S901B"}}, {"type": "Feature", "geometry": {"type": "Point", "coordinates": [9.42884, 42.66186]}, "properties": {"v": 0.1849, "d": "2025-01-17", "s": "geiger", "m": "SM-S901B"}}, {"type": "Feature", "geometry": {"type": "Point", "coordinates": [9.4289, 42.66144]}, "properties": {"v": 0.1685, "d": "2025-01-17", "s": "geiger", "m": "SM-S901B"}}, {"type": "Feature", "geometry": {"type": "Point", "coordinates": [9.4289, 42.66144]}, "properties": {"v": 0.1587, "d": "2025-01-17", "s": "geiger", "m": "SM-S901B"}}, {"type": "Feature", "geometry": {"type": "Point", "coordinates": [9.4289, 42.66144]}, "properties": {"v": 0.1914, "d": "2025-01-17", "s": "geiger", "m": "SM-S901B"}}, {"type": "Feature", "geometry": {"type": "Point", "coordinates": [9.4289, 42.66144]}, "properties": {"v": 0.1587, "d": "2025-01-17", "s": "geiger", "m": "SM-S901B"}}, {"type": "Feature", "geometry": {"type": "Point", "coordinates": [9.4289, 42.66144]}, "properties": {"v": 0.1423, "d": "2025-01-17", "s": "geiger", "m": "SM-S901B"}}, {"type": "Feature", "geometry": {"type": "Point", "coordinates": [9.42867, 42.66138]}, "properties": {"v": 0.1701, "d": "2025-01-16", "s": "geiger", "m": "SM-S901B"}}, {"type": "Feature", "geometry": {"type": "Point", "coordinates": [9.42876, 42.66162]}, "properties": {"v": 0.1882, "d": "2025-01-16", "s": "geiger", "m": "SM-S901B"}}, {"type": "Feature", "geometry": {"type": "Point", "coordinates": [9.42903, 42.66139]}, "properties": {"v": 0.162, "d": "2025-01-16", "s": "geiger", "m": "SM-S901B"}}, {"type": "Feature", "geometry": {"type": "Point", "coordinates": [9.43276, 42.66183]}, "properties": {"v": 0.1718, "d": "2025-01-16", "s": "geiger", "m": "SM-S901B"}}, {"type": "Feature", "geometry": {"type": "Point", "coordinates": [9.42881, 42.66139]}, "properties": {"v": 0.1522, "d": "2025-01-16", "s": "geiger", "m": "SM-S901B"}}, {"type": "Feature", "geometry": {"type": "Point", "coordinates": [9.42881, 42.66139]}, "properties": {"v": 0.1963, "d": "2025-01-16", "s": "geiger", "m": "SM-S901B"}}, {"type": "Feature", "geometry": {"type": "Point", "coordinates": [9.42879, 42.66123]}, "properties": {"v": 0.1734, "d": "2025-01-16", "s": "geiger", "m": "SM-S901B"}}, {"type": "Feature", "geometry": {"type": "Point", "coordinates": [9.44423, 42.70047]}, "properties": {"v": 0.1096, "d": "2025-01-16", "s": "geiger", "m": "SM-S901B"}}, {"type": "Feature", "geometry": {"type": "Point", "coordinates": [9.44679, 42.70321]}, "properties": {"v": 0.1844, "d": "2025-01-16", "s": "geiger", "m": "SM-S901B"}}, {"type": "Feature", "geometry": {"type": "Point", "coordinates": [9.44655, 42.70289]}, "properties": {"v": 0.1738, "d": "2025-01-16", "s": "geiger", "m": "SM-S901B"}}, {"type": "Feature", "geometry": {"type": "Point", "coordinates": [9.44578, 42.70379]}, "properties": {"v": 0.1505, "d": "2025-01-16", "s": "geiger", "m": "SM-S901B"}}, {"type": "Feature", "geometry": {"type": "Point", "coordinates": [9.42873, 42.66141]}, "properties": {"v": 0.188, "d": "2025-01-15", "s": "geiger", "m": "SM-S901B"}}, {"type": "Feature", "geometry": {"type": "Point", "coordinates": [9.42875, 42.66152]}, "properties": {"v": 0.1793, "d": "2025-01-14", "s": "geiger", "m": "SM-S901B"}}, {"type": "Feature", "geometry": {"type": "Point", "coordinates": [9.42865, 42.6612]}, "properties": {"v": 0.157, "d": "2025-01-14", "s": "geiger", "m": "SM-S901B"}}, {"type": "Feature", "geometry": {"type": "Point", "coordinates": [9.42892, 42.66137]}, "properties": {"v": 0.1876, "d": "2025-01-13", "s": "geiger", "m": "SM-S901B"}}, {"type": "Feature", "geometry": {"type": "Point", "coordinates": [9.4288, 42.66142]}, "properties": {"v": 0.1977, "d": "2025-01-13", "s": "geiger", "m": "SM-S901B"}}, {"type": "Feature", "geometry": {"type": "Point", "coordinates": [9.42879, 42.66123]}, "properties": {"v": 0.1298, "d": "2025-01-12", "s": "geiger", "m": "SM-S901B"}}, {"type": "Feature", "geometry": {"type": "Point", "coordinates": [9.42879, 42.66123]}, "properties": {"v": 0.1696, "d": "2025-01-12", "s": "geiger", "m": "SM-S901B"}}, {"type": "Feature", "geometry": {"type": "Point", "coordinates": [9.42879, 42.66123]}, "properties": {"v": 0.1846, "d": "2025-01-11", "s": "geiger", "m": "SM-S901B"}}, {"type": "Feature", "geometry": {"type": "Point", "coordinates": [9.42879, 42.66123]}, "properties": {"v": 0.1952, "d": "2025-01-11", "s": "geiger", "m": "SM-S901B"}}, {"type": "Feature", "geometry": {"type": "Point", "coordinates": [9.45107, 42.70589]}, "properties": {"v": 0.0935, "d": "2025-01-10", "s": "geiger", "m": "SM-A226B"}}, {"type": "Feature", "geometry": {"type": "Point", "coordinates": [9.45107, 42.70589]}, "properties": {"v": 0.1413, "d": "2025-01-10", "s": "geiger", "m": "SM-A226B"}}, {"type": "Feature", "geometry": {"type": "Point", "coordinates": [9.45086, 42.7058]}, "properties": {"v": 0.1037, "d": "2025-01-10", "s": "geiger", "m": "SM-A226B"}}, {"type": "Feature", "geometry": {"type": "Point", "coordinates": [9.44344, 42.70222]}, "properties": {"v": 0.1696, "d": "2024-12-21", "s": "geiger", "m": "SM-A226B"}}, {"type": "Feature", "geometry": {"type": "Point", "coordinates": [9.44133, 42.67006]}, "properties": {"v": 0.2111, "d": "2024-05-29", "s": "geiger", "m": ""}}, {"type": "Feature", "geometry": {"type": "Point", "coordinates": [9.44133, 42.67006]}, "properties": {"v": 0.2274, "d": "2024-05-22", "s": "geiger", "m": ""}}, {"type": "Feature", "geometry": {"type": "Point", "coordinates": [9.44133, 42.67006]}, "properties": {"v": 0.2274, "d": "2024-04-26", "s": "geiger", "m": ""}}, {"type": "Feature", "geometry": {"type": "Point", "coordinates": [9.44133, 42.67006]}, "properties": {"v": 0.2599, "d": "2024-04-24", "s": "geiger", "m": ""}}, {"type": "Feature", "geometry": {"type": "Point", "coordinates": [9.44133, 42.67006]}, "properties": {"v": 0.2111, "d": "2024-04-19", "s": "geiger", "m": ""}}, {"type": "Feature", "geometry": {"type": "Point", "coordinates": [9.44133, 42.67006]}, "properties": {"v": 0.2842, "d": "2024-04-17", "s": "geiger", "m": ""}}, {"type": "Feature", "geometry": {"type": "Point", "coordinates": [9.44133, 42.67006]}, "properties": {"v": 0.3086, "d": "2024-04-12", "s": "geiger", "m": ""}}, {"type": "Feature", "geometry": {"type": "Point", "coordinates": [9.44133, 42.67006]}, "properties": {"v": 0.3573, "d": "2024-04-10", "s": "", "m": ""}}, {"type": "Feature", "geometry": {"type": "Point", "coordinates": [9.44133, 42.67006]}, "properties": {"v": 0.2192, "d": "2024-04-05", "s": "", "m": ""}}, {"type": "Feature", "geometry": {"type": "Point", "coordinates": [9.44133, 42.67006]}, "properties": {"v": 0.2192, "d": "2024-04-05", "s": "", "m": ""}}, {"type": "Feature", "geometry": {"type": "Point", "coordinates": [9.44133, 42.67006]}, "properties": {"v": 0.2355, "d": "2024-04-03", "s": "", "m": ""}}, {"type": "Feature", "geometry": {"type": "Point", "coordinates": [9.44133, 42.67006]}, "properties": {"v": 0.2517, "d": "2024-03-27", "s": "", "m": ""}}, {"type": "Feature", "geometry": {"type": "Point", "coordinates": [9.44133, 42.67006]}, "properties": {"v": 0.1601, "d": "2024-03-27", "s": "", "m": ""}}, {"type": "Feature", "geometry": {"type": "Point", "coordinates": [9.44133, 42.67006]}, "properties": {"v": 0.1624, "d": "2024-03-15", "s": "", "m": ""}}, {"type": "Feature", "geometry": {"type": "Point", "coordinates": [9.44133, 42.67006]}, "properties": {"v": 0.1787, "d": "2024-03-15", "s": "", "m": ""}}, {"type": "Feature", "geometry": {"type": "Point", "coordinates": [9.44133, 42.67006]}, "properties": {"v": 0.1624, "d": "2024-03-15", "s": "", "m": ""}}, {"type": "Feature", "geometry": {"type": "Point", "coordinates": [9.44133, 42.67006]}, "properties": {"v": 0.1949, "d": "2024-03-15", "s": "", "m": ""}}, {"type": "Feature", "geometry": {"type": "Point", "coordinates": [9.44133, 42.67006]}, "properties": {"v": 0.0974, "d": "2024-03-13", "s": "", "m": ""}}, {"type": "Feature", "geometry": {"type": "Point", "coordinates": [9.44133, 42.67006]}, "properties": {"v": 0.085, "d": "2024-02-24", "s": "", "m": ""}}, {"type": "Feature", "geometry": {"type": "Point", "coordinates": [9.44133, 42.67006]}, "properties": {"v": 0.085, "d": "2024-02-24", "s": "", "m": ""}}, {"type": "Feature", "geometry": {"type": "Point", "coordinates": [9.44133, 42.67006]}, "properties": {"v": 0.085, "d": "2024-02-24", "s": "", "m": ""}}, {"type": "Feature", "geometry": {"type": "Point", "coordinates": [9.44133, 42.67006]}, "properties": {"v": 0.085, "d": "2024-02-24", "s": "", "m": ""}}, {"type": "Feature", "geometry": {"type": "Point", "coordinates": [9.44133, 42.67006]}, "properties": {"v": 0.085, "d": "2024-02-24", "s": "", "m": ""}}, {"type": "Feature", "geometry": {"type": "Point", "coordinates": [8.60581, 42.38735]}, "properties": {"v": 0.0904, "d": "2022-08-04", "s": "geiger", "m": "iPhone14,3"}}, {"type": "Feature", "geometry": {"type": "Point", "coordinates": [8.69486, 42.11024]}, "properties": {"v": 0.0849, "d": "2022-08-03", "s": "geiger", "m": "iPhone14,3"}}, {"type": "Feature", "geometry": {"type": "Point", "coordinates": [9.06772, 41.45291]}, "properties": {"v": 0.1487, "d": "2022-04-15", "s": "geiger", "m": "iPhone14,5"}}, {"type": "Feature", "geometry": {"type": "Point", "coordinates": [8.93316, 41.50099]}, "properties": {"v": 0.1991, "d": "2022-04-14", "s": "geiger", "m": "iPhone14,5"}}, {"type": "Feature", "geometry": {"type": "Point", "coordinates": [8.93103, 41.49964]}, "properties": {"v": 0.2464, "d": "2022-04-14", "s": "geiger", "m": "iPhone14,5"}}, {"type": "Feature", "geometry": {"type": "Point", "coordinates": [8.9213, 41.49738]}, "properties": {"v": 0.1211, "d": "2022-04-14", "s": "geiger", "m": "iPhone14,5"}}, {"type": "Feature", "geometry": {"type": "Point", "coordinates": [9.04605, 41.46059]}, "properties": {"v": 0.1753, "d": "2022-04-13", "s": "geiger", "m": "iPhone14,5"}}, {"type": "Feature", "geometry": {"type": "Point", "coordinates": [9.0463, 41.46083]}, "properties": {"v": 0.2011, "d": "2022-04-13", "s": "geiger", "m": "iPhone14,5"}}, {"type": "Feature", "geometry": {"type": "Point", "coordinates": [9.04682, 41.46112]}, "properties": {"v": 0.0738, "d": "2022-04-13", "s": "geiger", "m": "iPhone14,5"}}, {"type": "Feature", "geometry": {"type": "Point", "coordinates": [9.06767, 41.52608]}, "properties": {"v": 0.2365, "d": "2022-04-13", "s": "geiger", "m": "iPhone14,5"}}, {"type": "Feature", "geometry": {"type": "Point", "coordinates": [9.06768, 41.52615]}, "properties": {"v": 0.2195, "d": "2022-04-13", "s": "geiger", "m": "iPhone14,5"}}, {"type": "Feature", "geometry": {"type": "Point", "coordinates": [9.44287, 42.70201]}, "properties": {"v": 0.1645, "d": "2022-03-11", "s": "geiger", "m": "2201117TY"}}, {"type": "Feature", "geometry": {"type": "Point", "coordinates": [9.44302, 42.70377]}, "properties": {"v": 0.1099, "d": "2022-03-11", "s": "geiger", "m": "SM-A405FN"}}, {"type": "Feature", "geometry": {"type": "Point", "coordinates": [9.3083, 42.62494]}, "properties": {"v": 0.0558, "d": "2022-03-10", "s": "geiger", "m": "SM-A405FN"}}, {"type": "Feature", "geometry": {"type": "Point", "coordinates": [9.30874, 42.62159]}, "properties": {"v": 0.0803, "d": "2022-03-10", "s": "geiger", "m": "SM-A405FN"}}, {"type": "Feature", "geometry": {"type": "Point", "coordinates": [9.30893, 42.62152]}, "properties": {"v": 0.0725, "d": "2022-03-10", "s": "geiger", "m": "SM-A405FN"}}, {"type": "Feature", "geometry": {"type": "Point", "coordinates": [9.44327, 42.70198]}, "properties": {"v": 0.1945, "d": "2022-03-10", "s": "geiger", "m": "2201117TY"}}, {"type": "Feature", "geometry": {"type": "Point", "coordinates": [9.44543, 42.70205]}, "properties": {"v": 0.0759, "d": "2022-03-09", "s": "geiger", "m": "SM-A405FN"}}, {"type": "Feature", "geometry": {"type": "Point", "coordinates": [9.44567, 42.70408]}, "properties": {"v": 0.1142, "d": "2022-03-09", "s": "geiger", "m": "SM-A405FN"}}, {"type": "Feature", "geometry": {"type": "Point", "coordinates": [9.34354, 42.6294]}, "properties": {"v": 0.1115, "d": "2022-03-07", "s": "geiger", "m": "SM-A405FN"}}, {"type": "Feature", "geometry": {"type": "Point", "coordinates": [9.44305, 42.70201]}, "properties": {"v": 0.161, "d": "2022-03-05", "s": "geiger", "m": "2201117TY"}}, {"type": "Feature", "geometry": {"type": "Point", "coordinates": [9.44307, 42.70193]}, "properties": {"v": 0.1506, "d": "2022-03-04", "s": "geiger", "m": "2201117TY"}}, {"type": "Feature", "geometry": {"type": "Point", "coordinates": [9.3447, 42.66948]}, "properties": {"v": 0.1174, "d": "2021-10-28", "s": "geiger", "m": "Redmi Note 8T"}}, {"type": "Feature", "geometry": {"type": "Point", "coordinates": [9.44294, 42.70201]}, "properties": {"v": 0.1578, "d": "2021-10-27", "s": "geiger", "m": "Redmi Note 8T"}}, {"type": "Feature", "geometry": {"type": "Point", "coordinates": [9.29379, 41.73717]}, "properties": {"v": 0.1811, "d": "2021-07-21", "s": "geiger", "m": "DIG-L21HN"}}, {"type": "Feature", "geometry": {"type": "Point", "coordinates": [9.29404, 41.73741]}, "properties": {"v": 0.2311, "d": "2021-07-21", "s": "geiger", "m": "DIG-L21HN"}}, {"type": "Feature", "geometry": {"type": "Point", "coordinates": [9.29417, 41.73741]}, "properties": {"v": 0.2009, "d": "2021-07-21", "s": "geiger", "m": "DIG-L21HN"}}, {"type": "Feature", "geometry": {"type": "Point", "coordinates": [9.29412, 41.73727]}, "properties": {"v": 0.1811, "d": "2021-07-21", "s": "geiger", "m": "DIG-L21HN"}}, {"type": "Feature", "geometry": {"type": "Point", "coordinates": [9.29423, 41.73759]}, "properties": {"v": 0.1871, "d": "2021-07-21", "s": "geiger", "m": "DIG-L21HN"}}, {"type": "Feature", "geometry": {"type": "Point", "coordinates": [9.29472, 41.7376]}, "properties": {"v": 0.1711, "d": "2021-07-21", "s": "geiger", "m": "DIG-L21HN"}}, {"type": "Feature", "geometry": {"type": "Point", "coordinates": [9.29464, 41.73752]}, "properties": {"v": 0.1691, "d": "2021-07-21", "s": "geiger", "m": "DIG-L21HN"}}, {"type": "Feature", "geometry": {"type": "Point", "coordinates": [9.29544, 41.7372]}, "properties": {"v": 0.1556, "d": "2021-07-21", "s": "geiger", "m": "DIG-L21HN"}}, {"type": "Feature", "geometry": {"type": "Point", "coordinates": [9.29637, 41.73736]}, "properties": {"v": 0.1725, "d": "2021-07-21", "s": "geiger", "m": "DIG-L21HN"}}, {"type": "Feature", "geometry": {"type": "Point", "coordinates": [9.29672, 41.7371]}, "properties": {"v": 0.1848, "d": "2021-07-21", "s": "geiger", "m": "DIG-L21HN"}}, {"type": "Feature", "geometry": {"type": "Point", "coordinates": [9.2975, 41.73725]}, "properties": {"v": 0.1288, "d": "2021-07-21", "s": "geiger", "m": "DIG-L21HN"}}, {"type": "Feature", "geometry": {"type": "Point", "coordinates": [9.29776, 41.73701]}, "properties": {"v": 0.2203, "d": "2021-07-21", "s": "geiger", "m": "DIG-L21HN"}}, {"type": "Feature", "geometry": {"type": "Point", "coordinates": [9.29798, 41.73693]}, "properties": {"v": 0.1766, "d": "2021-07-21", "s": "geiger", "m": "DIG-L21HN"}}, {"type": "Feature", "geometry": {"type": "Point", "coordinates": [9.29837, 41.73639]}, "properties": {"v": 0.1959, "d": "2021-07-21", "s": "geiger", "m": "DIG-L21HN"}}, {"type": "Feature", "geometry": {"type": "Point", "coordinates": [9.29888, 41.73616]}, "properties": {"v": 0.1866, "d": "2021-07-21", "s": "geiger", "m": "DIG-L21HN"}}, {"type": "Feature", "geometry": {"type": "Point", "coordinates": [9.29932, 41.73567]}, "properties": {"v": 0.1097, "d": "2021-07-21", "s": "geiger", "m": "DIG-L21HN"}}, {"type": "Feature", "geometry": {"type": "Point", "coordinates": [9.29953, 41.7355]}, "properties": {"v": 0.1435, "d": "2021-07-21", "s": "geiger", "m": "DIG-L21HN"}}, {"type": "Feature", "geometry": {"type": "Point", "coordinates": [9.29948, 41.73545]}, "properties": {"v": 0.1286, "d": "2021-07-21", "s": "geiger", "m": "DIG-L21HN"}}, {"type": "Feature", "geometry": {"type": "Point", "coordinates": [9.29948, 41.73545]}, "properties": {"v": 0.1437, "d": "2021-07-21", "s": "geiger", "m": "DIG-L21HN"}}, {"type": "Feature", "geometry": {"type": "Point", "coordinates": [9.29948, 41.73544]}, "properties": {"v": 0.1514, "d": "2021-07-21", "s": "geiger", "m": "DIG-L21HN"}}, {"type": "Feature", "geometry": {"type": "Point", "coordinates": [9.29948, 41.73544]}, "properties": {"v": 0.1266, "d": "2021-07-21", "s": "geiger", "m": "DIG-L21HN"}}, {"type": "Feature", "geometry": {"type": "Point", "coordinates": [9.29947, 41.73544]}, "properties": {"v": 0.22, "d": "2021-07-21", "s": "geiger", "m": "DIG-L21HN"}}, {"type": "Feature", "geometry": {"type": "Point", "coordinates": [9.29947, 41.73543]}, "properties": {"v": 0.1247, "d": "2021-07-21", "s": "geiger", "m": "DIG-L21HN"}}, {"type": "Feature", "geometry": {"type": "Point", "coordinates": [9.29949, 41.73543]}, "properties": {"v": 0.1614, "d": "2021-07-21", "s": "geiger", "m": "DIG-L21HN"}}, {"type": "Feature", "geometry": {"type": "Point", "coordinates": [9.29948, 41.73538]}, "properties": {"v": 0.1553, "d": "2021-07-21", "s": "geiger", "m": "DIG-L21HN"}}, {"type": "Feature", "geometry": {"type": "Point", "coordinates": [9.30715, 41.71822]}, "properties": {"v": 0.1353, "d": "2021-07-21", "s": "geiger", "m": "DIG-L21HN"}}, {"type": "Feature", "geometry": {"type": "Point", "coordinates": [9.30715, 41.71822]}, "properties": {"v": 0.1267, "d": "2021-07-21", "s": "geiger", "m": "DIG-L21HN"}}, {"type": "Feature", "geometry": {"type": "Point", "coordinates": [9.29949, 41.73547]}, "properties": {"v": 0.1034, "d": "2021-07-21", "s": "geiger", "m": "DIG-L21HN"}}, {"type": "Feature", "geometry": {"type": "Point", "coordinates": [9.2995, 41.73547]}, "properties": {"v": 0.1318, "d": "2021-07-21", "s": "geiger", "m": "DIG-L21HN"}}, {"type": "Feature", "geometry": {"type": "Point", "coordinates": [9.29951, 41.73548]}, "properties": {"v": 0.1796, "d": "2021-07-21", "s": "geiger", "m": "DIG-L21HN"}}, {"type": "Feature", "geometry": {"type": "Point", "coordinates": [9.29946, 41.73539]}, "properties": {"v": 0.1562, "d": "2021-07-21", "s": "geiger", "m": "DIG-L21HN"}}, {"type": "Feature", "geometry": {"type": "Point", "coordinates": [9.29946, 41.73539]}, "properties": {"v": 0.1319, "d": "2021-07-21", "s": "geiger", "m": "DIG-L21HN"}}, {"type": "Feature", "geometry": {"type": "Point", "coordinates": [9.29946, 41.73552]}, "properties": {"v": 0.187, "d": "2021-07-21", "s": "geiger", "m": "DIG-L21HN"}}, {"type": "Feature", "geometry": {"type": "Point", "coordinates": [9.29945, 41.7352]}, "properties": {"v": 0.1597, "d": "2021-07-21", "s": "geiger", "m": "DIG-L21HN"}}, {"type": "Feature", "geometry": {"type": "Point", "coordinates": [9.29945, 41.73539]}, "properties": {"v": 0.1708, "d": "2021-07-21", "s": "geiger", "m": "DIG-L21HN"}}, {"type": "Feature", "geometry": {"type": "Point", "coordinates": [9.29933, 41.73622]}, "properties": {"v": 0.14, "d": "2021-07-21", "s": "geiger", "m": "DIG-L21HN"}}, {"type": "Feature", "geometry": {"type": "Point", "coordinates": [9.29943, 41.73504]}, "properties": {"v": 0.1674, "d": "2021-07-21", "s": "geiger", "m": "DIG-L21HN"}}, {"type": "Feature", "geometry": {"type": "Point", "coordinates": [9.30018, 41.73411]}, "properties": {"v": 0.2154, "d": "2021-07-21", "s": "geiger", "m": "DIG-L21HN"}}, {"type": "Feature", "geometry": {"type": "Point", "coordinates": [9.30076, 41.73373]}, "properties": {"v": 0.1498, "d": "2021-07-21", "s": "geiger", "m": "DIG-L21HN"}}, {"type": "Feature", "geometry": {"type": "Point", "coordinates": [9.30098, 41.73335]}, "properties": {"v": 0.1778, "d": "2021-07-21", "s": "geiger", "m": "DIG-L21HN"}}, {"type": "Feature", "geometry": {"type": "Point", "coordinates": [9.30138, 41.73327]}, "properties": {"v": 0.2228, "d": "2021-07-21", "s": "geiger", "m": "DIG-L21HN"}}, {"type": "Feature", "geometry": {"type": "Point", "coordinates": [9.30151, 41.733]}, "properties": {"v": 0.2726, "d": "2021-07-21", "s": "geiger", "m": "DIG-L21HN"}}, {"type": "Feature", "geometry": {"type": "Point", "coordinates": [9.30198, 41.73271]}, "properties": {"v": 0.2251, "d": "2021-07-21", "s": "geiger", "m": "DIG-L21HN"}}, {"type": "Feature", "geometry": {"type": "Point", "coordinates": [9.3019, 41.73179]}, "properties": {"v": 0.169, "d": "2021-07-21", "s": "geiger", "m": "DIG-L21HN"}}, {"type": "Feature", "geometry": {"type": "Point", "coordinates": [9.30168, 41.73149]}, "properties": {"v": 0.2766, "d": "2021-07-21", "s": "geiger", "m": "DIG-L21HN"}}, {"type": "Feature", "geometry": {"type": "Point", "coordinates": [9.30133, 41.73084]}, "properties": {"v": 0.2649, "d": "2021-07-21", "s": "geiger", "m": "DIG-L21HN"}}, {"type": "Feature", "geometry": {"type": "Point", "coordinates": [9.30142, 41.73089]}, "properties": {"v": 0.1813, "d": "2021-07-21", "s": "geiger", "m": "DIG-L21HN"}}, {"type": "Feature", "geometry": {"type": "Point", "coordinates": [9.30135, 41.73035]}, "properties": {"v": 0.1353, "d": "2021-07-21", "s": "geiger", "m": "DIG-L21HN"}}, {"type": "Feature", "geometry": {"type": "Point", "coordinates": [9.30133, 41.73051]}, "properties": {"v": 0.181, "d": "2021-07-21", "s": "geiger", "m": "DIG-L21HN"}}, {"type": "Feature", "geometry": {"type": "Point", "coordinates": [9.30129, 41.73053]}, "properties": {"v": 0.1731, "d": "2021-07-21", "s": "geiger", "m": "DIG-L21HN"}}, {"type": "Feature", "geometry": {"type": "Point", "coordinates": [9.30114, 41.72996]}, "properties": {"v": 0.1572, "d": "2021-07-21", "s": "geiger", "m": "DIG-L21HN"}}, {"type": "Feature", "geometry": {"type": "Point", "coordinates": [9.30064, 41.72926]}, "properties": {"v": 0.1577, "d": "2021-07-21", "s": "geiger", "m": "DIG-L21HN"}}, {"type": "Feature", "geometry": {"type": "Point", "coordinates": [9.30025, 41.72832]}, "properties": {"v": 0.1352, "d": "2021-07-21", "s": "geiger", "m": "DIG-L21HN"}}, {"type": "Feature", "geometry": {"type": "Point", "coordinates": [9.30027, 41.72817]}, "properties": {"v": 0.1889, "d": "2021-07-21", "s": "geiger", "m": "DIG-L21HN"}}, {"type": "Feature", "geometry": {"type": "Point", "coordinates": [9.30012, 41.72795]}, "properties": {"v": 0.1599, "d": "2021-07-21", "s": "geiger", "m": "DIG-L21HN"}}, {"type": "Feature", "geometry": {"type": "Point", "coordinates": [9.30022, 41.72751]}, "properties": {"v": 0.1891, "d": "2021-07-21", "s": "geiger", "m": "DIG-L21HN"}}, {"type": "Feature", "geometry": {"type": "Point", "coordinates": [9.30015, 41.72762]}, "properties": {"v": 0.1525, "d": "2021-07-21", "s": "geiger", "m": "DIG-L21HN"}}, {"type": "Feature", "geometry": {"type": "Point", "coordinates": [9.30015, 41.72762]}, "properties": {"v": 0.1446, "d": "2021-07-21", "s": "geiger", "m": "DIG-L21HN"}}, {"type": "Feature", "geometry": {"type": "Point", "coordinates": [9.3001, 41.72772]}, "properties": {"v": 0.1387, "d": "2021-07-21", "s": "geiger", "m": "DIG-L21HN"}}, {"type": "Feature", "geometry": {"type": "Point", "coordinates": [9.3001, 41.72772]}, "properties": {"v": 0.145, "d": "2021-07-21", "s": "geiger", "m": "DIG-L21HN"}}, {"type": "Feature", "geometry": {"type": "Point", "coordinates": [9.29992, 41.72755]}, "properties": {"v": 0.1851, "d": "2021-07-21", "s": "geiger", "m": "DIG-L21HN"}}, {"type": "Feature", "geometry": {"type": "Point", "coordinates": [9.2986, 41.72675]}, "properties": {"v": 0.1708, "d": "2021-07-21", "s": "geiger", "m": "DIG-L21HN"}}, {"type": "Feature", "geometry": {"type": "Point", "coordinates": [9.29824, 41.72572]}, "properties": {"v": 0.1975, "d": "2021-07-21", "s": "geiger", "m": "DIG-L21HN"}}, {"type": "Feature", "geometry": {"type": "Point", "coordinates": [9.29818, 41.72565]}, "properties": {"v": 0.1925, "d": "2021-07-21", "s": "geiger", "m": "DIG-L21HN"}}, {"type": "Feature", "geometry": {"type": "Point", "coordinates": [9.29818, 41.72562]}, "properties": {"v": 0.1531, "d": "2021-07-21", "s": "geiger", "m": "DIG-L21HN"}}, {"type": "Feature", "geometry": {"type": "Point", "coordinates": [9.29874, 41.72469]}, "properties": {"v": 0.2277, "d": "2021-07-21", "s": "geiger", "m": "DIG-L21HN"}}, {"type": "Feature", "geometry": {"type": "Point", "coordinates": [9.29993, 41.72324]}, "properties": {"v": 0.1542, "d": "2021-07-21", "s": "geiger", "m": "DIG-L21HN"}}, {"type": "Feature", "geometry": {"type": "Point", "coordinates": [9.30015, 41.72324]}, "properties": {"v": 0.2932, "d": "2021-07-21", "s": "geiger", "m": "DIG-L21HN"}}, {"type": "Feature", "geometry": {"type": "Point", "coordinates": [9.30035, 41.72287]}, "properties": {"v": 0.1679, "d": "2021-07-21", "s": "geiger", "m": "DIG-L21HN"}}, {"type": "Feature", "geometry": {"type": "Point", "coordinates": [9.30149, 41.72258]}, "properties": {"v": 0.1729, "d": "2021-07-21", "s": "geiger", "m": "DIG-L21HN"}}, {"type": "Feature", "geometry": {"type": "Point", "coordinates": [9.30157, 41.72229]}, "properties": {"v": 0.1473, "d": "2021-07-21", "s": "geiger", "m": "DIG-L21HN"}}, {"type": "Feature", "geometry": {"type": "Point", "coordinates": [9.30715, 41.71822]}, "properties": {"v": 0.1774, "d": "2021-07-21", "s": "geiger", "m": "DIG-L21HN"}}, {"type": "Feature", "geometry": {"type": "Point", "coordinates": [9.30219, 41.72122]}, "properties": {"v": 0.1433, "d": "2021-07-21", "s": "geiger", "m": "DIG-L21HN"}}, {"type": "Feature", "geometry": {"type": "Point", "coordinates": [9.30239, 41.72049]}, "properties": {"v": 0.1627, "d": "2021-07-21", "s": "geiger", "m": "DIG-L21HN"}}, {"type": "Feature", "geometry": {"type": "Point", "coordinates": [9.30111, 41.72025]}, "properties": {"v": 0.1541, "d": "2021-07-21", "s": "geiger", "m": "DIG-L21HN"}}, {"type": "Feature", "geometry": {"type": "Point", "coordinates": [9.30248, 41.7187]}, "properties": {"v": 0.1269, "d": "2021-07-21", "s": "geiger", "m": "DIG-L21HN"}}, {"type": "Feature", "geometry": {"type": "Point", "coordinates": [9.30711, 41.71178]}, "properties": {"v": 0.1436, "d": "2021-07-21", "s": "geiger", "m": "DIG-L21HN"}}, {"type": "Feature", "geometry": {"type": "Point", "coordinates": [9.3223, 41.70637]}, "properties": {"v": 0.14, "d": "2021-07-21", "s": "geiger", "m": "DIG-L21HN"}}, {"type": "Feature", "geometry": {"type": "Point", "coordinates": [9.34598, 41.70025]}, "properties": {"v": 0.1342, "d": "2021-07-21", "s": "geiger", "m": "DIG-L21HN"}}, {"type": "Feature", "geometry": {"type": "Point", "coordinates": [9.34903, 41.69931]}, "properties": {"v": 0.1279, "d": "2021-07-21", "s": "geiger", "m": "DIG-L21HN"}}, {"type": "Feature", "geometry": {"type": "Point", "coordinates": [9.35047, 41.69917]}, "properties": {"v": 0.1778, "d": "2021-07-21", "s": "geiger", "m": "DIG-L21HN"}}, {"type": "Feature", "geometry": {"type": "Point", "coordinates": [9.35117, 41.69917]}, "properties": {"v": 0.1487, "d": "2021-07-21", "s": "geiger", "m": "DIG-L21HN"}}, {"type": "Feature", "geometry": {"type": "Point", "coordinates": [9.35214, 41.69897]}, "properties": {"v": 0.14, "d": "2021-07-21", "s": "geiger", "m": "DIG-L21HN"}}, {"type": "Feature", "geometry": {"type": "Point", "coordinates": [9.35267, 41.69893]}, "properties": {"v": 0.15, "d": "2021-07-21", "s": "geiger", "m": "DIG-L21HN"}}, {"type": "Feature", "geometry": {"type": "Point", "coordinates": [9.36292, 41.68988]}, "properties": {"v": 0.1385, "d": "2021-07-21", "s": "geiger", "m": "DIG-L21HN"}}, {"type": "Feature", "geometry": {"type": "Point", "coordinates": [9.37456, 41.68216]}, "properties": {"v": 0.1614, "d": "2021-07-21", "s": "geiger", "m": "DIG-L21HN"}}, {"type": "Feature", "geometry": {"type": "Point", "coordinates": [9.36539, 41.67448]}, "properties": {"v": 0.1086, "d": "2021-07-21", "s": "geiger", "m": "DIG-L21HN"}}, {"type": "Feature", "geometry": {"type": "Point", "coordinates": [9.35083, 41.69706]}, "properties": {"v": 0.1613, "d": "2021-07-21", "s": "geiger", "m": "DIG-L21HN"}}, {"type": "Feature", "geometry": {"type": "Point", "coordinates": [9.28263, 41.59273]}, "properties": {"v": 0.1691, "d": "2021-07-20", "s": "geiger", "m": "DIG-L21HN"}}, {"type": "Feature", "geometry": {"type": "Point", "coordinates": [9.28178, 41.59327]}, "properties": {"v": 0.1389, "d": "2021-07-20", "s": "geiger", "m": "DIG-L21HN"}}, {"type": "Feature", "geometry": {"type": "Point", "coordinates": [9.28119, 41.59243]}, "properties": {"v": 0.1691, "d": "2021-07-20", "s": "geiger", "m": "DIG-L21HN"}}, {"type": "Feature", "geometry": {"type": "Point", "coordinates": [9.28021, 41.59167]}, "properties": {"v": 0.2057, "d": "2021-07-20", "s": "geiger", "m": "DIG-L21HN"}}, {"type": "Feature", "geometry": {"type": "Point", "coordinates": [9.28078, 41.59128]}, "properties": {"v": 0.1761, "d": "2021-07-20", "s": "geiger", "m": "DIG-L21HN"}}, {"type": "Feature", "geometry": {"type": "Point", "coordinates": [9.28017, 41.59061]}, "properties": {"v": 0.2334, "d": "2021-07-20", "s": "geiger", "m": "DIG-L21HN"}}, {"type": "Feature", "geometry": {"type": "Point", "coordinates": [9.27901, 41.59062]}, "properties": {"v": 0.1425, "d": "2021-07-20", "s": "geiger", "m": "DIG-L21HN"}}, {"type": "Feature", "geometry": {"type": "Point", "coordinates": [9.27902, 41.59019]}, "properties": {"v": 0.2083, "d": "2021-07-20", "s": "geiger", "m": "DIG-L21HN"}}, {"type": "Feature", "geometry": {"type": "Point", "coordinates": [9.27825, 41.59027]}, "properties": {"v": 0.2149, "d": "2021-07-20", "s": "geiger", "m": "DIG-L21HN"}}, {"type": "Feature", "geometry": {"type": "Point", "coordinates": [9.27788, 41.59032]}, "properties": {"v": 0.1795, "d": "2021-07-20", "s": "geiger", "m": "DIG-L21HN"}}, {"type": "Feature", "geometry": {"type": "Point", "coordinates": [9.28035, 41.59166]}, "properties": {"v": 0.2389, "d": "2021-07-20", "s": "geiger", "m": "DIG-L21HN"}}, {"type": "Feature", "geometry": {"type": "Point", "coordinates": [9.28061, 41.59161]}, "properties": {"v": 0.2033, "d": "2021-07-20", "s": "geiger", "m": "DIG-L21HN"}}, {"type": "Feature", "geometry": {"type": "Point", "coordinates": [9.28087, 41.59167]}, "properties": {"v": 0.2485, "d": "2021-07-20", "s": "geiger", "m": "DIG-L21HN"}}, {"type": "Feature", "geometry": {"type": "Point", "coordinates": [9.26488, 41.46736]}, "properties": {"v": 0.1352, "d": "2021-07-19", "s": "geiger", "m": "DIG-L21HN"}}, {"type": "Feature", "geometry": {"type": "Point", "coordinates": [9.2642, 41.46783]}, "properties": {"v": 0.185, "d": "2021-07-19", "s": "geiger", "m": "DIG-L21HN"}}, {"type": "Feature", "geometry": {"type": "Point", "coordinates": [9.26428, 41.47279]}, "properties": {"v": 0.1766, "d": "2021-07-19", "s": "geiger", "m": "DIG-L21HN"}}, {"type": "Feature", "geometry": {"type": "Point", "coordinates": [9.2691, 41.47528]}, "properties": {"v": 0.1426, "d": "2021-07-19", "s": "geiger", "m": "DIG-L21HN"}}, {"type": "Feature", "geometry": {"type": "Point", "coordinates": [9.2645, 41.47949]}, "properties": {"v": 0.1774, "d": "2021-07-19", "s": "geiger", "m": "DIG-L21HN"}}, {"type": "Feature", "geometry": {"type": "Point", "coordinates": [9.25819, 41.48426]}, "properties": {"v": 0.1774, "d": "2021-07-19", "s": "geiger", "m": "DIG-L21HN"}}, {"type": "Feature", "geometry": {"type": "Point", "coordinates": [9.24524, 41.48191]}, "properties": {"v": 0.1447, "d": "2021-07-19", "s": "geiger", "m": "DIG-L21HN"}}, {"type": "Feature", "geometry": {"type": "Point", "coordinates": [9.24113, 41.48116]}, "properties": {"v": 0.1725, "d": "2021-07-19", "s": "geiger", "m": "DIG-L21HN"}}, {"type": "Feature", "geometry": {"type": "Point", "coordinates": [9.22502, 41.47011]}, "properties": {"v": 0.174, "d": "2021-07-19", "s": "geiger", "m": "DIG-L21HN"}}, {"type": "Feature", "geometry": {"type": "Point", "coordinates": [9.16122, 41.38776]}, "properties": {"v": 0.1011, "d": "2021-07-19", "s": "geiger", "m": "DIG-L21HN"}}, {"type": "Feature", "geometry": {"type": "Point", "coordinates": [9.16059, 41.38728]}, "properties": {"v": 0.1472, "d": "2021-07-19", "s": "geiger", "m": "DIG-L21HN"}}, {"type": "Feature", "geometry": {"type": "Point", "coordinates": [9.15995, 41.3869]}, "properties": {"v": 0.0901, "d": "2021-07-19", "s": "geiger", "m": "DIG-L21HN"}}, {"type": "Feature", "geometry": {"type": "Point", "coordinates": [9.15951, 41.3868]}, "properties": {"v": 0.1695, "d": "2021-07-19", "s": "geiger", "m": "DIG-L21HN"}}, {"type": "Feature", "geometry": {"type": "Point", "coordinates": [9.15922, 41.38706]}, "properties": {"v": 0.1279, "d": "2021-07-19", "s": "geiger", "m": "DIG-L21HN"}}, {"type": "Feature", "geometry": {"type": "Point", "coordinates": [9.15918, 41.38712]}, "properties": {"v": 0.1675, "d": "2021-07-19", "s": "geiger", "m": "DIG-L21HN"}}, {"type": "Feature", "geometry": {"type": "Point", "coordinates": [9.15882, 41.38683]}, "properties": {"v": 0.1568, "d": "2021-07-19", "s": "geiger", "m": "DIG-L21HN"}}, {"type": "Feature", "geometry": {"type": "Point", "coordinates": [9.15662, 41.38705]}, "properties": {"v": 0.1401, "d": "2021-07-19", "s": "geiger", "m": "DIG-L21HN"}}, {"type": "Feature", "geometry": {"type": "Point", "coordinates": [9.15513, 41.38736]}, "properties": {"v": 0.1672, "d": "2021-07-19", "s": "geiger", "m": "DIG-L21HN"}}, {"type": "Feature", "geometry": {"type": "Point", "coordinates": [9.15498, 41.38747]}, "properties": {"v": 0.2886, "d": "2021-07-19", "s": "geiger", "m": "DIG-L21HN"}}, {"type": "Feature", "geometry": {"type": "Point", "coordinates": [9.1548, 41.38746]}, "properties": {"v": 0.1848, "d": "2021-07-19", "s": "geiger", "m": "DIG-L21HN"}}, {"type": "Feature", "geometry": {"type": "Point", "coordinates": [9.15468, 41.38748]}, "properties": {"v": 0.1691, "d": "2021-07-19", "s": "geiger", "m": "DIG-L21HN"}}, {"type": "Feature", "geometry": {"type": "Point", "coordinates": [9.15343, 41.38805]}, "properties": {"v": 0.1871, "d": "2021-07-19", "s": "geiger", "m": "DIG-L21HN"}}, {"type": "Feature", "geometry": {"type": "Point", "coordinates": [9.15189, 41.38731]}, "properties": {"v": 0.0977, "d": "2021-07-19", "s": "geiger", "m": "DIG-L21HN"}}, {"type": "Feature", "geometry": {"type": "Point", "coordinates": [9.15136, 41.3865]}, "properties": {"v": 0.1477, "d": "2021-07-19", "s": "geiger", "m": "DIG-L21HN"}}, {"type": "Feature", "geometry": {"type": "Point", "coordinates": [9.15, 41.38607]}, "properties": {"v": 0.1676, "d": "2021-07-19", "s": "geiger", "m": "DIG-L21HN"}}, {"type": "Feature", "geometry": {"type": "Point", "coordinates": [9.1494, 41.38569]}, "properties": {"v": 0.1143, "d": "2021-07-19", "s": "geiger", "m": "DIG-L21HN"}}, {"type": "Feature", "geometry": {"type": "Point", "coordinates": [9.14899, 41.38605]}, "properties": {"v": 0.1426, "d": "2021-07-19", "s": "geiger", "m": "DIG-L21HN"}}, {"type": "Feature", "geometry": {"type": "Point", "coordinates": [9.14874, 41.38642]}, "properties": {"v": 0.1095, "d": "2021-07-19", "s": "geiger", "m": "DIG-L21HN"}}, {"type": "Feature", "geometry": {"type": "Point", "coordinates": [9.14893, 41.387]}, "properties": {"v": 0.09, "d": "2021-07-19", "s": "geiger", "m": "DIG-L21HN"}}, {"type": "Feature", "geometry": {"type": "Point", "coordinates": [9.14991, 41.38666]}, "properties": {"v": 0.0826, "d": "2021-07-19", "s": "geiger", "m": "DIG-L21HN"}}, {"type": "Feature", "geometry": {"type": "Point", "coordinates": [9.14939, 41.38689]}, "properties": {"v": 0.2057, "d": "2021-07-19", "s": "geiger", "m": "DIG-L21HN"}}, {"type": "Feature", "geometry": {"type": "Point", "coordinates": [9.15032, 41.38687]}, "properties": {"v": 0.1816, "d": "2021-07-19", "s": "geiger", "m": "DIG-L21HN"}}, {"type": "Feature", "geometry": {"type": "Point", "coordinates": [9.15103, 41.3867]}, "properties": {"v": 0.1396, "d": "2021-07-19", "s": "geiger", "m": "DIG-L21HN"}}, {"type": "Feature", "geometry": {"type": "Point", "coordinates": [9.1512, 41.38705]}, "properties": {"v": 0.1644, "d": "2021-07-19", "s": "geiger", "m": "DIG-L21HN"}}, {"type": "Feature", "geometry": {"type": "Point", "coordinates": [9.15154, 41.38767]}, "properties": {"v": 0.2077, "d": "2021-07-19", "s": "geiger", "m": "DIG-L21HN"}}, {"type": "Feature", "geometry": {"type": "Point", "coordinates": [9.15309, 41.38802]}, "properties": {"v": 0.141, "d": "2021-07-19", "s": "geiger", "m": "DIG-L21HN"}}, {"type": "Feature", "geometry": {"type": "Point", "coordinates": [9.15425, 41.38736]}, "properties": {"v": 0.128, "d": "2021-07-19", "s": "geiger", "m": "DIG-L21HN"}}, {"type": "Feature", "geometry": {"type": "Point", "coordinates": [9.1551, 41.3871]}, "properties": {"v": 0.2338, "d": "2021-07-19", "s": "geiger", "m": "DIG-L21HN"}}, {"type": "Feature", "geometry": {"type": "Point", "coordinates": [9.15613, 41.38656]}, "properties": {"v": 0.1909, "d": "2021-07-19", "s": "geiger", "m": "DIG-L21HN"}}, {"type": "Feature", "geometry": {"type": "Point", "coordinates": [9.15615, 41.38666]}, "properties": {"v": 0.1925, "d": "2021-07-19", "s": "geiger", "m": "DIG-L21HN"}}, {"type": "Feature", "geometry": {"type": "Point", "coordinates": [9.15759, 41.38688]}, "properties": {"v": 0.1629, "d": "2021-07-19", "s": "geiger", "m": "DIG-L21HN"}}, {"type": "Feature", "geometry": {"type": "Point", "coordinates": [9.1579, 41.38677]}, "properties": {"v": 0.178, "d": "2021-07-19", "s": "geiger", "m": "DIG-L21HN"}}, {"type": "Feature", "geometry": {"type": "Point", "coordinates": [9.15804, 41.38691]}, "properties": {"v": 0.131, "d": "2021-07-19", "s": "geiger", "m": "DIG-L21HN"}}, {"type": "Feature", "geometry": {"type": "Point", "coordinates": [9.15881, 41.38754]}, "properties": {"v": 0.1217, "d": "2021-07-19", "s": "geiger", "m": "DIG-L21HN"}}, {"type": "Feature", "geometry": {"type": "Point", "coordinates": [9.15923, 41.38738]}, "properties": {"v": 0.1711, "d": "2021-07-19", "s": "geiger", "m": "DIG-L21HN"}}, {"type": "Feature", "geometry": {"type": "Point", "coordinates": [9.15994, 41.38734]}, "properties": {"v": 0.1399, "d": "2021-07-19", "s": "geiger", "m": "DIG-L21HN"}}, {"type": "Feature", "geometry": {"type": "Point", "coordinates": [9.16054, 41.38718]}, "properties": {"v": 0.0848, "d": "2021-07-19", "s": "geiger", "m": "DIG-L21HN"}}, {"type": "Feature", "geometry": {"type": "Point", "coordinates": [9.16106, 41.38735]}, "properties": {"v": 0.1026, "d": "2021-07-19", "s": "geiger", "m": "DIG-L21HN"}}, {"type": "Feature", "geometry": {"type": "Point", "coordinates": [9.16166, 41.3881]}, "properties": {"v": 0.1103, "d": "2021-07-19", "s": "geiger", "m": "DIG-L21HN"}}, {"type": "Feature", "geometry": {"type": "Point", "coordinates": [9.16195, 41.3883]}, "properties": {"v": 0.109, "d": "2021-07-19", "s": "geiger", "m": "DIG-L21HN"}}, {"type": "Feature", "geometry": {"type": "Point", "coordinates": [9.15258, 41.38496]}, "properties": {"v": 0.067, "d": "2021-07-19", "s": "geiger", "m": "DIG-L21HN"}}, {"type": "Feature", "geometry": {"type": "Point", "coordinates": [9.14734, 41.3847]}, "properties": {"v": 0.0876, "d": "2021-07-19", "s": "geiger", "m": "DIG-L21HN"}}, {"type": "Feature", "geometry": {"type": "Point", "coordinates": [9.12345, 41.39302]}, "properties": {"v": 0.0646, "d": "2021-07-19", "s": "geiger", "m": "DIG-L21HN"}}, {"type": "Feature", "geometry": {"type": "Point", "coordinates": [9.12617, 41.39834]}, "properties": {"v": 0.097, "d": "2021-07-19", "s": "geiger", "m": "DIG-L21HN"}}, {"type": "Feature", "geometry": {"type": "Point", "coordinates": [9.12597, 41.39415]}, "properties": {"v": 0.0812, "d": "2021-07-19", "s": "geiger", "m": "DIG-L21HN"}}, {"type": "Feature", "geometry": {"type": "Point", "coordinates": [9.13398, 41.39407]}, "properties": {"v": 0.0917, "d": "2021-07-19", "s": "geiger", "m": "DIG-L21HN"}}, {"type": "Feature", "geometry": {"type": "Point", "coordinates": [9.16525, 41.38877]}, "properties": {"v": 0.071, "d": "2021-07-19", "s": "geiger", "m": "DIG-L21HN"}}, {"type": "Feature", "geometry": {"type": "Point", "coordinates": [9.16531, 41.38868]}, "properties": {"v": 0.1003, "d": "2021-07-19", "s": "geiger", "m": "DIG-L21HN"}}, {"type": "Feature", "geometry": {"type": "Point", "coordinates": [9.16521, 41.38875]}, "properties": {"v": 0.163, "d": "2021-07-19", "s": "geiger", "m": "DIG-L21HN"}}, {"type": "Feature", "geometry": {"type": "Point", "coordinates": [9.16617, 41.38854]}, "properties": {"v": 0.1598, "d": "2021-07-19", "s": "geiger", "m": "DIG-L21HN"}}, {"type": "Feature", "geometry": {"type": "Point", "coordinates": [9.1673, 41.3888]}, "properties": {"v": 0.1797, "d": "2021-07-19", "s": "geiger", "m": "DIG-L21HN"}}, {"type": "Feature", "geometry": {"type": "Point", "coordinates": [9.16811, 41.38871]}, "properties": {"v": 0.1299, "d": "2021-07-19", "s": "geiger", "m": "DIG-L21HN"}}, {"type": "Feature", "geometry": {"type": "Point", "coordinates": [9.16907, 41.38846]}, "properties": {"v": 0.2247, "d": "2021-07-19", "s": "geiger", "m": "DIG-L21HN"}}, {"type": "Feature", "geometry": {"type": "Point", "coordinates": [9.16666, 41.38829]}, "properties": {"v": 0.129, "d": "2021-07-19", "s": "geiger", "m": "DIG-L21HN"}}, {"type": "Feature", "geometry": {"type": "Point", "coordinates": [9.16495, 41.39028]}, "properties": {"v": 0.174, "d": "2021-07-19", "s": "geiger", "m": "DIG-L21HN"}}, {"type": "Feature", "geometry": {"type": "Point", "coordinates": [9.16516, 41.39164]}, "properties": {"v": 0.2016, "d": "2021-07-19", "s": "geiger", "m": "DIG-L21HN"}}, {"type": "Feature", "geometry": {"type": "Point", "coordinates": [9.16357, 41.3942]}, "properties": {"v": 0.0906, "d": "2021-07-19", "s": "geiger", "m": "DIG-L21HN"}}, {"type": "Feature", "geometry": {"type": "Point", "coordinates": [9.16372, 41.39801]}, "properties": {"v": 0.1129, "d": "2021-07-19", "s": "geiger", "m": "DIG-L21HN"}}, {"type": "Feature", "geometry": {"type": "Point", "coordinates": [9.1731, 41.40976]}, "properties": {"v": 0.1837, "d": "2021-07-19", "s": "geiger", "m": "DIG-L21HN"}}, {"type": "Feature", "geometry": {"type": "Point", "coordinates": [9.18122, 41.42092]}, "properties": {"v": 0.1794, "d": "2021-07-19", "s": "geiger", "m": "DIG-L21HN"}}, {"type": "Feature", "geometry": {"type": "Point", "coordinates": [9.19517, 41.43794]}, "properties": {"v": 0.145, "d": "2021-07-19", "s": "geiger", "m": "DIG-L21HN"}}, {"type": "Feature", "geometry": {"type": "Point", "coordinates": [9.21165, 41.45385]}, "properties": {"v": 0.1791, "d": "2021-07-19", "s": "geiger", "m": "DIG-L21HN"}}, {"type": "Feature", "geometry": {"type": "Point", "coordinates": [9.22572, 41.4721]}, "properties": {"v": 0.1758, "d": "2021-07-19", "s": "geiger", "m": "DIG-L21HN"}}, {"type": "Feature", "geometry": {"type": "Point", "coordinates": [9.24177, 41.48857]}, "properties": {"v": 0.1725, "d": "2021-07-19", "s": "geiger", "m": "DIG-L21HN"}}, {"type": "Feature", "geometry": {"type": "Point", "coordinates": [9.25283, 41.50319]}, "properties": {"v": 0.2338, "d": "2021-07-19", "s": "geiger", "m": "DIG-L21HN"}}, {"type": "Feature", "geometry": {"type": "Point", "coordinates": [9.26191, 41.52699]}, "properties": {"v": 0.1487, "d": "2021-07-19", "s": "geiger", "m": "DIG-L21HN"}}, {"type": "Feature", "geometry": {"type": "Point", "coordinates": [9.26883, 41.54648]}, "properties": {"v": 0.1707, "d": "2021-07-19", "s": "geiger", "m": "DIG-L21HN"}}, {"type": "Feature", "geometry": {"type": "Point", "coordinates": [9.27347, 41.56473]}, "properties": {"v": 0.1693, "d": "2021-07-19", "s": "geiger", "m": "DIG-L21HN"}}, {"type": "Feature", "geometry": {"type": "Point", "coordinates": [9.27426, 41.57214]}, "properties": {"v": 0.1969, "d": "2021-07-19", "s": "geiger", "m": "DIG-L21HN"}}, {"type": "Feature", "geometry": {"type": "Point", "coordinates": [9.26953, 41.58138]}, "properties": {"v": 0.1596, "d": "2021-07-19", "s": "geiger", "m": "DIG-L21HN"}}, {"type": "Feature", "geometry": {"type": "Point", "coordinates": [9.26267, 41.58703]}, "properties": {"v": 0.1742, "d": "2021-07-19", "s": "geiger", "m": "DIG-L21HN"}}, {"type": "Feature", "geometry": {"type": "Point", "coordinates": [9.26436, 41.59243]}, "properties": {"v": 0.1502, "d": "2021-07-19", "s": "geiger", "m": "DIG-L21HN"}}, {"type": "Feature", "geometry": {"type": "Point", "coordinates": [9.27183, 41.60392]}, "properties": {"v": 0.1437, "d": "2021-07-19", "s": "geiger", "m": "DIG-L21HN"}}, {"type": "Feature", "geometry": {"type": "Point", "coordinates": [9.27944, 41.60552]}, "properties": {"v": 0.1449, "d": "2021-07-19", "s": "geiger", "m": "DIG-L21HN"}}, {"type": "Feature", "geometry": {"type": "Point", "coordinates": [9.28989, 41.61178]}, "properties": {"v": 0.2009, "d": "2021-07-19", "s": "geiger", "m": "DIG-L21HN"}}, {"type": "Feature", "geometry": {"type": "Point", "coordinates": [9.30031, 41.6157]}, "properties": {"v": 0.2155, "d": "2021-07-19", "s": "geiger", "m": "DIG-L21HN"}}, {"type": "Feature", "geometry": {"type": "Point", "coordinates": [9.29934, 41.62454]}, "properties": {"v": 0.1759, "d": "2021-07-19", "s": "geiger", "m": "DIG-L21HN"}}, {"type": "Feature", "geometry": {"type": "Point", "coordinates": [9.30054, 41.62482]}, "properties": {"v": 0.1766, "d": "2021-07-19", "s": "geiger", "m": "DIG-L21HN"}}, {"type": "Feature", "geometry": {"type": "Point", "coordinates": [9.30021, 41.62454]}, "properties": {"v": 0.2232, "d": "2021-07-19", "s": "geiger", "m": "DIG-L21HN"}}, {"type": "Feature", "geometry": {"type": "Point", "coordinates": [9.30028, 41.62454]}, "properties": {"v": 0.1693, "d": "2021-07-19", "s": "geiger", "m": "DIG-L21HN"}}, {"type": "Feature", "geometry": {"type": "Point", "coordinates": [9.312, 41.62989]}, "properties": {"v": 0.1711, "d": "2021-07-19", "s": "geiger", "m": "DIG-L21HN"}}, {"type": "Feature", "geometry": {"type": "Point", "coordinates": [9.33098, 41.63249]}, "properties": {"v": 0.1742, "d": "2021-07-19", "s": "geiger", "m": "DIG-L21HN"}}, {"type": "Feature", "geometry": {"type": "Point", "coordinates": [9.34387, 41.6449]}, "properties": {"v": 0.1661, "d": "2021-07-19", "s": "geiger", "m": "DIG-L21HN"}}, {"type": "Feature", "geometry": {"type": "Point", "coordinates": [9.3494, 41.65644]}, "properties": {"v": 0.2171, "d": "2021-07-19", "s": "geiger", "m": "DIG-L21HN"}}, {"type": "Feature", "geometry": {"type": "Point", "coordinates": [9.36104, 41.66237]}, "properties": {"v": 0.2036, "d": "2021-07-19", "s": "geiger", "m": "DIG-L21HN"}}, {"type": "Feature", "geometry": {"type": "Point", "coordinates": [9.36104, 41.66237]}, "properties": {"v": 0.2197, "d": "2021-07-19", "s": "geiger", "m": "DIG-L21HN"}}, {"type": "Feature", "geometry": {"type": "Point", "coordinates": [9.36493, 41.66964]}, "properties": {"v": 0.1795, "d": "2021-07-19", "s": "geiger", "m": "DIG-L21HN"}}, {"type": "Feature", "geometry": {"type": "Point", "coordinates": [9.35742, 41.69621]}, "properties": {"v": 0.1652, "d": "2021-07-19", "s": "geiger", "m": "DIG-L21HN"}}, {"type": "Feature", "geometry": {"type": "Point", "coordinates": [9.27518, 41.53676]}, "properties": {"v": 0.1889, "d": "2021-07-17", "s": "geiger", "m": "DIG-L21HN"}}, {"type": "Feature", "geometry": {"type": "Point", "coordinates": [9.27747, 41.53362]}, "properties": {"v": 0.1726, "d": "2021-07-17", "s": "geiger", "m": "DIG-L21HN"}}, {"type": "Feature", "geometry": {"type": "Point", "coordinates": [9.28024, 41.5349]}, "properties": {"v": 0.2083, "d": "2021-07-17", "s": "geiger", "m": "DIG-L21HN"}}, {"type": "Feature", "geometry": {"type": "Point", "coordinates": [9.27979, 41.53827]}, "properties": {"v": 0.1363, "d": "2021-07-17", "s": "geiger", "m": "DIG-L21HN"}}, {"type": "Feature", "geometry": {"type": "Point", "coordinates": [9.27634, 41.54513]}, "properties": {"v": 0.1568, "d": "2021-07-17", "s": "geiger", "m": "DIG-L21HN"}}, {"type": "Feature", "geometry": {"type": "Point", "coordinates": [9.2662, 41.53866]}, "properties": {"v": 0.1929, "d": "2021-07-17", "s": "geiger", "m": "DIG-L21HN"}}, {"type": "Feature", "geometry": {"type": "Point", "coordinates": [9.26017, 41.5219]}, "properties": {"v": 0.2426, "d": "2021-07-17", "s": "geiger", "m": "DIG-L21HN"}}, {"type": "Feature", "geometry": {"type": "Point", "coordinates": [9.25136, 41.49925]}, "properties": {"v": 0.1726, "d": "2021-07-17", "s": "geiger", "m": "DIG-L21HN"}}, {"type": "Feature", "geometry": {"type": "Point", "coordinates": [9.24197, 41.48785]}, "properties": {"v": 0.2649, "d": "2021-07-17", "s": "geiger", "m": "DIG-L21HN"}}, {"type": "Feature", "geometry": {"type": "Point", "coordinates": [9.22401, 41.4676]}, "properties": {"v": 0.1664, "d": "2021-07-17", "s": "geiger", "m": "DIG-L21HN"}}, {"type": "Feature", "geometry": {"type": "Point", "coordinates": [9.20593, 41.44752]}, "properties": {"v": 0.1692, "d": "2021-07-17", "s": "geiger", "m": "DIG-L21HN"}}, {"type": "Feature", "geometry": {"type": "Point", "coordinates": [9.18847, 41.42968]}, "properties": {"v": 0.189, "d": "2021-07-17", "s": "geiger", "m": "DIG-L21HN"}}, {"type": "Feature", "geometry": {"type": "Point", "coordinates": [9.17656, 41.41473]}, "properties": {"v": 0.1726, "d": "2021-07-17", "s": "geiger", "m": "DIG-L21HN"}}, {"type": "Feature", "geometry": {"type": "Point", "coordinates": [9.16878, 41.40447]}, "properties": {"v": 0.1968, "d": "2021-07-17", "s": "geiger", "m": "DIG-L21HN"}}, {"type": "Feature", "geometry": {"type": "Point", "coordinates": [9.1573, 41.40334]}, "properties": {"v": 0.2057, "d": "2021-07-17", "s": "geiger", "m": "DIG-L21HN"}}, {"type": "Feature", "geometry": {"type": "Point", "coordinates": [9.13639, 41.40843]}, "properties": {"v": 0.2255, "d": "2021-07-17", "s": "geiger", "m": "DIG-L21HN"}}, {"type": "Feature", "geometry": {"type": "Point", "coordinates": [9.12103, 41.42361]}, "properties": {"v": 0.1436, "d": "2021-07-17", "s": "geiger", "m": "DIG-L21HN"}}, {"type": "Feature", "geometry": {"type": "Point", "coordinates": [9.12325, 41.43942]}, "properties": {"v": 0.2085, "d": "2021-07-17", "s": "geiger", "m": "DIG-L21HN"}}, {"type": "Feature", "geometry": {"type": "Point", "coordinates": [9.11029, 41.45615]}, "properties": {"v": 0.2105, "d": "2021-07-17", "s": "geiger", "m": "DIG-L21HN"}}, {"type": "Feature", "geometry": {"type": "Point", "coordinates": [9.09633, 41.46984]}, "properties": {"v": 0.2261, "d": "2021-07-17", "s": "geiger", "m": "DIG-L21HN"}}, {"type": "Feature", "geometry": {"type": "Point", "coordinates": [9.07688, 41.48426]}, "properties": {"v": 0.2078, "d": "2021-07-17", "s": "geiger", "m": "DIG-L21HN"}}, {"type": "Feature", "geometry": {"type": "Point", "coordinates": [9.05822, 41.49004]}, "properties": {"v": 0.1644, "d": "2021-07-17", "s": "geiger", "m": "DIG-L21HN"}}, {"type": "Feature", "geometry": {"type": "Point", "coordinates": [9.05146, 41.49492]}, "properties": {"v": 0.215, "d": "2021-07-17", "s": "geiger", "m": "DIG-L21HN"}}, {"type": "Feature", "geometry": {"type": "Point", "coordinates": [9.03641, 41.49981]}, "properties": {"v": 0.2398, "d": "2021-07-17", "s": "geiger", "m": "DIG-L21HN"}}, {"type": "Feature", "geometry": {"type": "Point", "coordinates": [9.00771, 41.5009]}, "properties": {"v": 0.1614, "d": "2021-07-17", "s": "geiger", "m": "DIG-L21HN"}}, {"type": "Feature", "geometry": {"type": "Point", "coordinates": [8.98025, 41.49185]}, "properties": {"v": 0.1948, "d": "2021-07-17", "s": "geiger", "m": "DIG-L21HN"}}, {"type": "Feature", "geometry": {"type": "Point", "coordinates": [8.95979, 41.49364]}, "properties": {"v": 0.1209, "d": "2021-07-17", "s": "geiger", "m": "DIG-L21HN"}}, {"type": "Feature", "geometry": {"type": "Point", "coordinates": [8.9517, 41.49857]}, "properties": {"v": 0.2181, "d": "2021-07-17", "s": "geiger", "m": "DIG-L21HN"}}, {"type": "Feature", "geometry": {"type": "Point", "coordinates": [8.94799, 41.50102]}, "properties": {"v": 0.197, "d": "2021-07-17", "s": "geiger", "m": "DIG-L21HN"}}, {"type": "Feature", "geometry": {"type": "Point", "coordinates": [8.95245, 41.51631]}, "properties": {"v": 0.16, "d": "2021-07-17", "s": "geiger", "m": "DIG-L21HN"}}, {"type": "Feature", "geometry": {"type": "Point", "coordinates": [8.96161, 41.52695]}, "properties": {"v": 0.1669, "d": "2021-07-17", "s": "geiger", "m": "DIG-L21HN"}}, {"type": "Feature", "geometry": {"type": "Point", "coordinates": [8.96095, 41.52935]}, "properties": {"v": 0.2082, "d": "2021-07-17", "s": "geiger", "m": "DIG-L21HN"}}, {"type": "Feature", "geometry": {"type": "Point", "coordinates": [8.99278, 41.75883]}, "properties": {"v": 0.1587, "d": "2021-07-16", "s": "geiger", "m": "DIG-L21HN"}}, {"type": "Feature", "geometry": {"type": "Point", "coordinates": [8.99259, 41.75868]}, "properties": {"v": 0.1409, "d": "2021-07-16", "s": "geiger", "m": "DIG-L21HN"}}, {"type": "Feature", "geometry": {"type": "Point", "coordinates": [8.99298, 41.75852]}, "properties": {"v": 0.2104, "d": "2021-07-16", "s": "geiger", "m": "DIG-L21HN"}}, {"type": "Feature", "geometry": {"type": "Point", "coordinates": [8.99408, 41.75916]}, "properties": {"v": 0.1461, "d": "2021-07-16", "s": "geiger", "m": "DIG-L21HN"}}, {"type": "Feature", "geometry": {"type": "Point", "coordinates": [8.99552, 41.75907]}, "properties": {"v": 0.1951, "d": "2021-07-16", "s": "geiger", "m": "DIG-L21HN"}}, {"type": "Feature", "geometry": {"type": "Point", "coordinates": [8.99579, 41.759]}, "properties": {"v": 0.231, "d": "2021-07-16", "s": "geiger", "m": "DIG-L21HN"}}, {"type": "Feature", "geometry": {"type": "Point", "coordinates": [8.99671, 41.75897]}, "properties": {"v": 0.2256, "d": "2021-07-16", "s": "geiger", "m": "DIG-L21HN"}}, {"type": "Feature", "geometry": {"type": "Point", "coordinates": [8.99763, 41.75947]}, "properties": {"v": 0.1723, "d": "2021-07-16", "s": "geiger", "m": "DIG-L21HN"}}, {"type": "Feature", "geometry": {"type": "Point", "coordinates": [8.99841, 41.75945]}, "properties": {"v": 0.2312, "d": "2021-07-16", "s": "geiger", "m": "DIG-L21HN"}}, {"type": "Feature", "geometry": {"type": "Point", "coordinates": [8.99948, 41.7594]}, "properties": {"v": 0.223, "d": "2021-07-16", "s": "geiger", "m": "DIG-L21HN"}}, {"type": "Feature", "geometry": {"type": "Point", "coordinates": [8.99972, 41.75963]}, "properties": {"v": 0.1691, "d": "2021-07-16", "s": "geiger", "m": "DIG-L21HN"}}, {"type": "Feature", "geometry": {"type": "Point", "coordinates": [9.0004, 41.75984]}, "properties": {"v": 0.2672, "d": "2021-07-16", "s": "geiger", "m": "DIG-L21HN"}}, {"type": "Feature", "geometry": {"type": "Point", "coordinates": [9.0012, 41.76031]}, "properties": {"v": 0.1676, "d": "2021-07-16", "s": "geiger", "m": "DIG-L21HN"}}, {"type": "Feature", "geometry": {"type": "Point", "coordinates": [9.00259, 41.76044]}, "properties": {"v": 0.1951, "d": "2021-07-16", "s": "geiger", "m": "DIG-L21HN"}}, {"type": "Feature", "geometry": {"type": "Point", "coordinates": [9.003, 41.7613]}, "properties": {"v": 0.1677, "d": "2021-07-16", "s": "geiger", "m": "DIG-L21HN"}}, {"type": "Feature", "geometry": {"type": "Point", "coordinates": [9.00308, 41.76168]}, "properties": {"v": 0.2281, "d": "2021-07-16", "s": "geiger", "m": "DIG-L21HN"}}, {"type": "Feature", "geometry": {"type": "Point", "coordinates": [9.00336, 41.76175]}, "properties": {"v": 0.1832, "d": "2021-07-16", "s": "geiger", "m": "DIG-L21HN"}}, {"type": "Feature", "geometry": {"type": "Point", "coordinates": [9.00384, 41.76233]}, "properties": {"v": 0.2251, "d": "2021-07-16", "s": "geiger", "m": "DIG-L21HN"}}, {"type": "Feature", "geometry": {"type": "Point", "coordinates": [9.00475, 41.76277]}, "properties": {"v": 0.2254, "d": "2021-07-16", "s": "geiger", "m": "DIG-L21HN"}}, {"type": "Feature", "geometry": {"type": "Point", "coordinates": [9.00462, 41.76279]}, "properties": {"v": 0.2104, "d": "2021-07-16", "s": "geiger", "m": "DIG-L21HN"}}, {"type": "Feature", "geometry": {"type": "Point", "coordinates": [9.00521, 41.76345]}, "properties": {"v": 0.2149, "d": "2021-07-16", "s": "geiger", "m": "DIG-L21HN"}}, {"type": "Feature", "geometry": {"type": "Point", "coordinates": [9.00608, 41.76414]}, "properties": {"v": 0.178, "d": "2021-07-16", "s": "geiger", "m": "DIG-L21HN"}}, {"type": "Feature", "geometry": {"type": "Point", "coordinates": [9.00651, 41.7649]}, "properties": {"v": 0.1989, "d": "2021-07-16", "s": "geiger", "m": "DIG-L21HN"}}, {"type": "Feature", "geometry": {"type": "Point", "coordinates": [9.0066, 41.76607]}, "properties": {"v": 0.1486, "d": "2021-07-16", "s": "geiger", "m": "DIG-L21HN"}}, {"type": "Feature", "geometry": {"type": "Point", "coordinates": [9.0071, 41.76671]}, "properties": {"v": 0.1719, "d": "2021-07-16", "s": "geiger", "m": "DIG-L21HN"}}, {"type": "Feature", "geometry": {"type": "Point", "coordinates": [9.00767, 41.76752]}, "properties": {"v": 0.147, "d": "2021-07-16", "s": "geiger", "m": "DIG-L21HN"}}, {"type": "Feature", "geometry": {"type": "Point", "coordinates": [9.00848, 41.76883]}, "properties": {"v": 0.2485, "d": "2021-07-16", "s": "geiger", "m": "DIG-L21HN"}}, {"type": "Feature", "geometry": {"type": "Point", "coordinates": [9.00848, 41.76885]}, "properties": {"v": 0.2312, "d": "2021-07-16", "s": "geiger", "m": "DIG-L21HN"}}, {"type": "Feature", "geometry": {"type": "Point", "coordinates": [9.00848, 41.76884]}, "properties": {"v": 0.1435, "d": "2021-07-16", "s": "geiger", "m": "DIG-L21HN"}}, {"type": "Feature", "geometry": {"type": "Point", "coordinates": [9.00844, 41.76884]}, "properties": {"v": 0.1994, "d": "2021-07-16", "s": "geiger", "m": "DIG-L21HN"}}, {"type": "Feature", "geometry": {"type": "Point", "coordinates": [9.00844, 41.76886]}, "properties": {"v": 0.1868, "d": "2021-07-16", "s": "geiger", "m": "DIG-L21HN"}}, {"type": "Feature", "geometry": {"type": "Point", "coordinates": [9.00843, 41.76884]}, "properties": {"v": 0.191, "d": "2021-07-16", "s": "geiger", "m": "DIG-L21HN"}}, {"type": "Feature", "geometry": {"type": "Point", "coordinates": [9.00985, 41.76868]}, "properties": {"v": 0.16, "d": "2021-07-16", "s": "geiger", "m": "DIG-L21HN"}}, {"type": "Feature", "geometry": {"type": "Point", "coordinates": [9.01088, 41.76854]}, "properties": {"v": 0.1831, "d": "2021-07-16", "s": "geiger", "m": "DIG-L21HN"}}, {"type": "Feature", "geometry": {"type": "Point", "coordinates": [9.01223, 41.76914]}, "properties": {"v": 0.1583, "d": "2021-07-16", "s": "geiger", "m": "DIG-L21HN"}}, {"type": "Feature", "geometry": {"type": "Point", "coordinates": [9.0132, 41.76996]}, "properties": {"v": 0.1762, "d": "2021-07-16", "s": "geiger", "m": "DIG-L21HN"}}, {"type": "Feature", "geometry": {"type": "Point", "coordinates": [9.01446, 41.77069]}, "properties": {"v": 0.2058, "d": "2021-07-16", "s": "geiger", "m": "DIG-L21HN"}}, {"type": "Feature", "geometry": {"type": "Point", "coordinates": [9.01575, 41.77115]}, "properties": {"v": 0.1969, "d": "2021-07-16", "s": "geiger", "m": "DIG-L21HN"}}, {"type": "Feature", "geometry": {"type": "Point", "coordinates": [9.016, 41.77127]}, "properties": {"v": 0.1725, "d": "2021-07-16", "s": "geiger", "m": "DIG-L21HN"}}, {"type": "Feature", "geometry": {"type": "Point", "coordinates": [9.01698, 41.77149]}, "properties": {"v": 0.2301, "d": "2021-07-16", "s": "geiger", "m": "DIG-L21HN"}}, {"type": "Feature", "geometry": {"type": "Point", "coordinates": [9.0174, 41.77256]}, "properties": {"v": 0.1449, "d": "2021-07-16", "s": "geiger", "m": "DIG-L21HN"}}, {"type": "Feature", "geometry": {"type": "Point", "coordinates": [9.01833, 41.77398]}, "properties": {"v": 0.1631, "d": "2021-07-16", "s": "geiger", "m": "DIG-L21HN"}}, {"type": "Feature", "geometry": {"type": "Point", "coordinates": [9.01897, 41.77425]}, "properties": {"v": 0.1597, "d": "2021-07-16", "s": "geiger", "m": "DIG-L21HN"}}, {"type": "Feature", "geometry": {"type": "Point", "coordinates": [9.01906, 41.77371]}, "properties": {"v": 0.1677, "d": "2021-07-16", "s": "geiger", "m": "DIG-L21HN"}}, {"type": "Feature", "geometry": {"type": "Point", "coordinates": [9.02027, 41.77384]}, "properties": {"v": 0.2057, "d": "2021-07-16", "s": "geiger", "m": "DIG-L21HN"}}, {"type": "Feature", "geometry": {"type": "Point", "coordinates": [9.02035, 41.77389]}, "properties": {"v": 0.2034, "d": "2021-07-16", "s": "geiger", "m": "DIG-L21HN"}}, {"type": "Feature", "geometry": {"type": "Point", "coordinates": [9.02073, 41.77411]}, "properties": {"v": 0.1343, "d": "2021-07-16", "s": "geiger", "m": "DIG-L21HN"}}, {"type": "Feature", "geometry": {"type": "Point", "coordinates": [9.02235, 41.77408]}, "properties": {"v": 0.1775, "d": "2021-07-16", "s": "geiger", "m": "DIG-L21HN"}}, {"type": "Feature", "geometry": {"type": "Point", "coordinates": [9.02229, 41.77417]}, "properties": {"v": 0.2426, "d": "2021-07-16", "s": "geiger", "m": "DIG-L21HN"}}, {"type": "Feature", "geometry": {"type": "Point", "coordinates": [9.01834, 41.77779]}, "properties": {"v": 0.2132, "d": "2021-07-16", "s": "geiger", "m": "DIG-L21HN"}}, {"type": "Feature", "geometry": {"type": "Point", "coordinates": [9.01984, 41.78188]}, "properties": {"v": 0.1614, "d": "2021-07-16", "s": "geiger", "m": "DIG-L21HN"}}, {"type": "Feature", "geometry": {"type": "Point", "coordinates": [9.0148, 41.7908]}, "properties": {"v": 0.2336, "d": "2021-07-16", "s": "geiger", "m": "DIG-L21HN"}}, {"type": "Feature", "geometry": {"type": "Point", "coordinates": [9.00815, 41.79388]}, "properties": {"v": 0.2108, "d": "2021-07-16", "s": "geiger", "m": "DIG-L21HN"}}, {"type": "Feature", "geometry": {"type": "Point", "coordinates": [8.99778, 41.78432]}, "properties": {"v": 0.1513, "d": "2021-07-16", "s": "geiger", "m": "DIG-L21HN"}}, {"type": "Feature", "geometry": {"type": "Point", "coordinates": [8.98688, 41.78649]}, "properties": {"v": 0.1612, "d": "2021-07-16", "s": "geiger", "m": "DIG-L21HN"}}, {"type": "Feature", "geometry": {"type": "Point", "coordinates": [8.97915, 41.78262]}, "properties": {"v": 0.2399, "d": "2021-07-16", "s": "geiger", "m": "DIG-L21HN"}}, {"type": "Feature", "geometry": {"type": "Point", "coordinates": [8.98028, 41.78607]}, "properties": {"v": 0.2129, "d": "2021-07-16", "s": "geiger", "m": "DIG-L21HN"}}, {"type": "Feature", "geometry": {"type": "Point", "coordinates": [8.97493, 41.78755]}, "properties": {"v": 0.1759, "d": "2021-07-16", "s": "geiger", "m": "DIG-L21HN"}}, {"type": "Feature", "geometry": {"type": "Point", "coordinates": [8.97791, 41.79062]}, "properties": {"v": 0.1783, "d": "2021-07-16", "s": "geiger", "m": "DIG-L21HN"}}, {"type": "Feature", "geometry": {"type": "Point", "coordinates": [8.96551, 41.78927]}, "properties": {"v": 0.2178, "d": "2021-07-16", "s": "geiger", "m": "DIG-L21HN"}}, {"type": "Feature", "geometry": {"type": "Point", "coordinates": [8.95587, 41.78596]}, "properties": {"v": 0.1923, "d": "2021-07-16", "s": "geiger", "m": "DIG-L21HN"}}, {"type": "Feature", "geometry": {"type": "Point", "coordinates": [8.94329, 41.78702]}, "properties": {"v": 0.1445, "d": "2021-07-16", "s": "geiger", "m": "DIG-L21HN"}}, {"type": "Feature", "geometry": {"type": "Point", "coordinates": [8.92645, 41.78707]}, "properties": {"v": 0.1201, "d": "2021-07-16", "s": "geiger", "m": "DIG-L21HN"}}, {"type": "Feature", "geometry": {"type": "Point", "coordinates": [8.91651, 41.78121]}, "properties": {"v": 0.1582, "d": "2021-07-16", "s": "geiger", "m": "DIG-L21HN"}}, {"type": "Feature", "geometry": {"type": "Point", "coordinates": [8.89627, 41.77583]}, "properties": {"v": 0.1678, "d": "2021-07-16", "s": "geiger", "m": "DIG-L21HN"}}, {"type": "Feature", "geometry": {"type": "Point", "coordinates": [8.87793, 41.77166]}, "properties": {"v": 0.1584, "d": "2021-07-16", "s": "geiger", "m": "DIG-L21HN"}}, {"type": "Feature", "geometry": {"type": "Point", "coordinates": [8.86788, 41.76111]}, "properties": {"v": 0.2369, "d": "2021-07-16", "s": "geiger", "m": "DIG-L21HN"}}, {"type": "Feature", "geometry": {"type": "Point", "coordinates": [8.85211, 41.75082]}, "properties": {"v": 0.1738, "d": "2021-07-16", "s": "geiger", "m": "DIG-L21HN"}}, {"type": "Feature", "geometry": {"type": "Point", "coordinates": [8.83638, 41.75081]}, "properties": {"v": 0.1148, "d": "2021-07-16", "s": "geiger", "m": "DIG-L21HN"}}, {"type": "Feature", "geometry": {"type": "Point", "coordinates": [8.82474, 41.7481]}, "properties": {"v": 0.1438, "d": "2021-07-16", "s": "geiger", "m": "DIG-L21HN"}}, {"type": "Feature", "geometry": {"type": "Point", "coordinates": [8.8066, 41.75126]}, "properties": {"v": 0.1633, "d": "2021-07-16", "s": "geiger", "m": "DIG-L21HN"}}, {"type": "Feature", "geometry": {"type": "Point", "coordinates": [8.80159, 41.74914]}, "properties": {"v": 0.2016, "d": "2021-07-16", "s": "geiger", "m": "DIG-L21HN"}}, {"type": "Feature", "geometry": {"type": "Point", "coordinates": [9.09948, 41.51723]}, "properties": {"v": 0.1908, "d": "2021-07-16", "s": "geiger", "m": "iPhone8,4"}}, {"type": "Feature", "geometry": {"type": "Point", "coordinates": [8.78415, 41.73551]}, "properties": {"v": 0.0859, "d": "2021-07-15", "s": "geiger", "m": "DIG-L21HN"}}, {"type": "Feature", "geometry": {"type": "Point", "coordinates": [8.78313, 41.73666]}, "properties": {"v": 0.1073, "d": "2021-07-15", "s": "geiger", "m": "DIG-L21HN"}}, {"type": "Feature", "geometry": {"type": "Point", "coordinates": [8.78294, 41.7382]}, "properties": {"v": 0.0816, "d": "2021-07-15", "s": "geiger", "m": "DIG-L21HN"}}, {"type": "Feature", "geometry": {"type": "Point", "coordinates": [8.78404, 41.7386]}, "properties": {"v": 0.2366, "d": "2021-07-15", "s": "geiger", "m": "DIG-L21HN"}}, {"type": "Feature", "geometry": {"type": "Point", "coordinates": [8.785, 41.73814]}, "properties": {"v": 0.1954, "d": "2021-07-15", "s": "geiger", "m": "DIG-L21HN"}}, {"type": "Feature", "geometry": {"type": "Point", "coordinates": [8.78678, 41.73789]}, "properties": {"v": 0.1512, "d": "2021-07-15", "s": "geiger", "m": "DIG-L21HN"}}, {"type": "Feature", "geometry": {"type": "Point", "coordinates": [8.69596, 41.7457]}, "properties": {"v": 0.1399, "d": "2021-07-14", "s": "geiger", "m": "DIG-L21HN"}}, {"type": "Feature", "geometry": {"type": "Point", "coordinates": [8.69707, 41.7459]}, "properties": {"v": 0.1725, "d": "2021-07-14", "s": "geiger", "m": "DIG-L21HN"}}, {"type": "Feature", "geometry": {"type": "Point", "coordinates": [8.70087, 41.74652]}, "properties": {"v": 0.1354, "d": "2021-07-14", "s": "geiger", "m": "DIG-L21HN"}}, {"type": "Feature", "geometry": {"type": "Point", "coordinates": [8.71243, 41.75179]}, "properties": {"v": 0.1448, "d": "2021-07-14", "s": "geiger", "m": "DIG-L21HN"}}, {"type": "Feature", "geometry": {"type": "Point", "coordinates": [8.72471, 41.75285]}, "properties": {"v": 0.1812, "d": "2021-07-14", "s": "geiger", "m": "DIG-L21HN"}}, {"type": "Feature", "geometry": {"type": "Point", "coordinates": [8.73051, 41.74555]}, "properties": {"v": 0.1388, "d": "2021-07-14", "s": "geiger", "m": "DIG-L21HN"}}, {"type": "Feature", "geometry": {"type": "Point", "coordinates": [8.74227, 41.75088]}, "properties": {"v": 0.1278, "d": "2021-07-14", "s": "geiger", "m": "DIG-L21HN"}}, {"type": "Feature", "geometry": {"type": "Point", "coordinates": [8.76101, 41.75026]}, "properties": {"v": 0.1088, "d": "2021-07-14", "s": "geiger", "m": "DIG-L21HN"}}, {"type": "Feature", "geometry": {"type": "Point", "coordinates": [8.77198, 41.75601]}, "properties": {"v": 0.1795, "d": "2021-07-14", "s": "geiger", "m": "DIG-L21HN"}}, {"type": "Feature", "geometry": {"type": "Point", "coordinates": [8.77859, 41.75167]}, "properties": {"v": 0.2805, "d": "2021-07-14", "s": "geiger", "m": "DIG-L21HN"}}, {"type": "Feature", "geometry": {"type": "Point", "coordinates": [8.79014, 41.75844]}, "properties": {"v": 0.1607, "d": "2021-07-14", "s": "geiger", "m": "DIG-L21HN"}}, {"type": "Feature", "geometry": {"type": "Point", "coordinates": [8.80159, 41.7492]}, "properties": {"v": 0.102, "d": "2021-07-14", "s": "geiger", "m": "DIG-L21HN"}}, {"type": "Feature", "geometry": {"type": "Point", "coordinates": [8.81649, 41.6294]}, "properties": {"v": 0.1344, "d": "2021-07-13", "s": "geiger", "m": "DIG-L21HN"}}, {"type": "Feature", "geometry": {"type": "Point", "coordinates": [8.81647, 41.62941]}, "properties": {"v": 0.1228, "d": "2021-07-13", "s": "geiger", "m": "DIG-L21HN"}}, {"type": "Feature", "geometry": {"type": "Point", "coordinates": [8.81486, 41.62914]}, "properties": {"v": 0.0943, "d": "2021-07-13", "s": "geiger", "m": "DIG-L21HN"}}, {"type": "Feature", "geometry": {"type": "Point", "coordinates": [8.81401, 41.62939]}, "properties": {"v": 0.1583, "d": "2021-07-13", "s": "geiger", "m": "DIG-L21HN"}}, {"type": "Feature", "geometry": {"type": "Point", "coordinates": [8.81208, 41.63007]}, "properties": {"v": 0.1365, "d": "2021-07-13", "s": "geiger", "m": "DIG-L21HN"}}, {"type": "Feature", "geometry": {"type": "Point", "coordinates": [8.81114, 41.63149]}, "properties": {"v": 0.1145, "d": "2021-07-13", "s": "geiger", "m": "DIG-L21HN"}}, {"type": "Feature", "geometry": {"type": "Point", "coordinates": [8.81074, 41.63224]}, "properties": {"v": 0.1377, "d": "2021-07-13", "s": "geiger", "m": "DIG-L21HN"}}, {"type": "Feature", "geometry": {"type": "Point", "coordinates": [8.81048, 41.63385]}, "properties": {"v": 0.0901, "d": "2021-07-13", "s": "geiger", "m": "DIG-L21HN"}}, {"type": "Feature", "geometry": {"type": "Point", "coordinates": [8.80963, 41.63416]}, "properties": {"v": 0.1461, "d": "2021-07-13", "s": "geiger", "m": "DIG-L21HN"}}, {"type": "Feature", "geometry": {"type": "Point", "coordinates": [8.80897, 41.63549]}, "properties": {"v": 0.1218, "d": "2021-07-13", "s": "geiger", "m": "DIG-L21HN"}}, {"type": "Feature", "geometry": {"type": "Point", "coordinates": [8.80831, 41.63647]}, "properties": {"v": 0.1344, "d": "2021-07-13", "s": "geiger", "m": "DIG-L21HN"}}, {"type": "Feature", "geometry": {"type": "Point", "coordinates": [8.80817, 41.63758]}, "properties": {"v": 0.1181, "d": "2021-07-13", "s": "geiger", "m": "DIG-L21HN"}}, {"type": "Feature", "geometry": {"type": "Point", "coordinates": [8.80778, 41.63893]}, "properties": {"v": 0.1129, "d": "2021-07-13", "s": "geiger", "m": "DIG-L21HN"}}, {"type": "Feature", "geometry": {"type": "Point", "coordinates": [8.8076, 41.63903]}, "properties": {"v": 0.0997, "d": "2021-07-13", "s": "geiger", "m": "DIG-L21HN"}}, {"type": "Feature", "geometry": {"type": "Point", "coordinates": [8.80743, 41.63896]}, "properties": {"v": 0.1475, "d": "2021-07-13", "s": "geiger", "m": "DIG-L21HN"}}, {"type": "Feature", "geometry": {"type": "Point", "coordinates": [8.8072, 41.63925]}, "properties": {"v": 0.1626, "d": "2021-07-13", "s": "geiger", "m": "DIG-L21HN"}}, {"type": "Feature", "geometry": {"type": "Point", "coordinates": [8.80696, 41.63936]}, "properties": {"v": 0.1378, "d": "2021-07-13", "s": "geiger", "m": "DIG-L21HN"}}, {"type": "Feature", "geometry": {"type": "Point", "coordinates": [8.80633, 41.64008]}, "properties": {"v": 0.1153, "d": "2021-07-13", "s": "geiger", "m": "DIG-L21HN"}}, {"type": "Feature", "geometry": {"type": "Point", "coordinates": [8.80539, 41.64044]}, "properties": {"v": 0.1343, "d": "2021-07-13", "s": "geiger", "m": "DIG-L21HN"}}, {"type": "Feature", "geometry": {"type": "Point", "coordinates": [8.80529, 41.64051]}, "properties": {"v": 0.1278, "d": "2021-07-13", "s": "geiger", "m": "DIG-L21HN"}}, {"type": "Feature", "geometry": {"type": "Point", "coordinates": [8.80525, 41.64102]}, "properties": {"v": 0.1838, "d": "2021-07-13", "s": "geiger", "m": "DIG-L21HN"}}, {"type": "Feature", "geometry": {"type": "Point", "coordinates": [8.80596, 41.64109]}, "properties": {"v": 0.1782, "d": "2021-07-13", "s": "geiger", "m": "DIG-L21HN"}}, {"type": "Feature", "geometry": {"type": "Point", "coordinates": [8.80606, 41.64104]}, "properties": {"v": 0.1839, "d": "2021-07-13", "s": "geiger", "m": "DIG-L21HN"}}, {"type": "Feature", "geometry": {"type": "Point", "coordinates": [8.80636, 41.64081]}, "properties": {"v": 0.142, "d": "2021-07-13", "s": "geiger", "m": "DIG-L21HN"}}, {"type": "Feature", "geometry": {"type": "Point", "coordinates": [8.80776, 41.64029]}, "properties": {"v": 0.1078, "d": "2021-07-13", "s": "geiger", "m": "DIG-L21HN"}}, {"type": "Feature", "geometry": {"type": "Point", "coordinates": [8.80861, 41.63982]}, "properties": {"v": 0.1488, "d": "2021-07-13", "s": "geiger", "m": "DIG-L21HN"}}, {"type": "Feature", "geometry": {"type": "Point", "coordinates": [8.8096, 41.63919]}, "properties": {"v": 0.1519, "d": "2021-07-13", "s": "geiger", "m": "DIG-L21HN"}}, {"type": "Feature", "geometry": {"type": "Point", "coordinates": [8.80994, 41.63909]}, "properties": {"v": 0.157, "d": "2021-07-13", "s": "geiger", "m": "DIG-L21HN"}}, {"type": "Feature", "geometry": {"type": "Point", "coordinates": [8.80997, 41.63911]}, "properties": {"v": 0.1174, "d": "2021-07-13", "s": "geiger", "m": "DIG-L21HN"}}, {"type": "Feature", "geometry": {"type": "Point", "coordinates": [8.80993, 41.63903]}, "properties": {"v": 0.1819, "d": "2021-07-13", "s": "geiger", "m": "DIG-L21HN"}}, {"type": "Feature", "geometry": {"type": "Point", "coordinates": [8.80989, 41.63906]}, "properties": {"v": 0.1612, "d": "2021-07-13", "s": "geiger", "m": "DIG-L21HN"}}, {"type": "Feature", "geometry": {"type": "Point", "coordinates": [8.80986, 41.63907]}, "properties": {"v": 0.1628, "d": "2021-07-13", "s": "geiger", "m": "DIG-L21HN"}}, {"type": "Feature", "geometry": {"type": "Point", "coordinates": [8.80942, 41.63899]}, "properties": {"v": 0.1911, "d": "2021-07-13", "s": "geiger", "m": "DIG-L21HN"}}, {"type": "Feature", "geometry": {"type": "Point", "coordinates": [8.80931, 41.63889]}, "properties": {"v": 0.1569, "d": "2021-07-13", "s": "geiger", "m": "DIG-L21HN"}}, {"type": "Feature", "geometry": {"type": "Point", "coordinates": [8.80872, 41.63791]}, "properties": {"v": 0.1848, "d": "2021-07-13", "s": "geiger", "m": "DIG-L21HN"}}, {"type": "Feature", "geometry": {"type": "Point", "coordinates": [8.80772, 41.6373]}, "properties": {"v": 0.1571, "d": "2021-07-13", "s": "geiger", "m": "DIG-L21HN"}}, {"type": "Feature", "geometry": {"type": "Point", "coordinates": [8.80766, 41.63726]}, "properties": {"v": 0.1248, "d": "2021-07-13", "s": "geiger", "m": "DIG-L21HN"}}, {"type": "Feature", "geometry": {"type": "Point", "coordinates": [8.80825, 41.63731]}, "properties": {"v": 0.0918, "d": "2021-07-13", "s": "geiger", "m": "DIG-L21HN"}}, {"type": "Feature", "geometry": {"type": "Point", "coordinates": [8.8082, 41.63742]}, "properties": {"v": 0.1289, "d": "2021-07-13", "s": "geiger", "m": "DIG-L21HN"}}, {"type": "Feature", "geometry": {"type": "Point", "coordinates": [8.80893, 41.63588]}, "properties": {"v": 0.12, "d": "2021-07-13", "s": "geiger", "m": "DIG-L21HN"}}, {"type": "Feature", "geometry": {"type": "Point", "coordinates": [8.80976, 41.63431]}, "properties": {"v": 0.118, "d": "2021-07-13", "s": "geiger", "m": "DIG-L21HN"}}, {"type": "Feature", "geometry": {"type": "Point", "coordinates": [8.81054, 41.63298]}, "properties": {"v": 0.1172, "d": "2021-07-13", "s": "geiger", "m": "DIG-L21HN"}}, {"type": "Feature", "geometry": {"type": "Point", "coordinates": [8.81096, 41.63162]}, "properties": {"v": 0.1198, "d": "2021-07-13", "s": "geiger", "m": "DIG-L21HN"}}, {"type": "Feature", "geometry": {"type": "Point", "coordinates": [8.81974, 41.62944]}, "properties": {"v": 0.0805, "d": "2021-07-13", "s": "geiger", "m": "DIG-L21HN"}}, {"type": "Feature", "geometry": {"type": "Point", "coordinates": [8.82039, 41.62948]}, "properties": {"v": 0.1677, "d": "2021-07-13", "s": "geiger", "m": "DIG-L21HN"}}, {"type": "Feature", "geometry": {"type": "Point", "coordinates": [8.82167, 41.62978]}, "properties": {"v": 0.1257, "d": "2021-07-13", "s": "geiger", "m": "DIG-L21HN"}}, {"type": "Feature", "geometry": {"type": "Point", "coordinates": [8.82252, 41.63053]}, "properties": {"v": 0.1569, "d": "2021-07-13", "s": "geiger", "m": "DIG-L21HN"}}, {"type": "Feature", "geometry": {"type": "Point", "coordinates": [8.82256, 41.6305]}, "properties": {"v": 0.133, "d": "2021-07-13", "s": "geiger", "m": "DIG-L21HN"}}, {"type": "Feature", "geometry": {"type": "Point", "coordinates": [8.82323, 41.63041]}, "properties": {"v": 0.1237, "d": "2021-07-13", "s": "geiger", "m": "DIG-L21HN"}}, {"type": "Feature", "geometry": {"type": "Point", "coordinates": [8.82423, 41.63112]}, "properties": {"v": 0.139, "d": "2021-07-13", "s": "geiger", "m": "DIG-L21HN"}}, {"type": "Feature", "geometry": {"type": "Point", "coordinates": [8.82586, 41.63144]}, "properties": {"v": 0.1025, "d": "2021-07-13", "s": "geiger", "m": "DIG-L21HN"}}, {"type": "Feature", "geometry": {"type": "Point", "coordinates": [8.82626, 41.63176]}, "properties": {"v": 0.1583, "d": "2021-07-13", "s": "geiger", "m": "DIG-L21HN"}}, {"type": "Feature", "geometry": {"type": "Point", "coordinates": [8.81604, 41.62849]}, "properties": {"v": 0.1673, "d": "2021-07-13", "s": "geiger", "m": "DIG-L21HN"}}, {"type": "Feature", "geometry": {"type": "Point", "coordinates": [8.81383, 41.62594]}, "properties": {"v": 0.1614, "d": "2021-07-13", "s": "geiger", "m": "DIG-L21HN"}}, {"type": "Feature", "geometry": {"type": "Point", "coordinates": [8.81179, 41.63016]}, "properties": {"v": 0.0938, "d": "2021-07-13", "s": "geiger", "m": "DIG-L21HN"}}, {"type": "Feature", "geometry": {"type": "Point", "coordinates": [8.81955, 41.62779]}, "properties": {"v": 0.1219, "d": "2021-07-13", "s": "geiger", "m": "DIG-L21HN"}}, {"type": "Feature", "geometry": {"type": "Point", "coordinates": [8.82931, 41.63407]}, "properties": {"v": 0.1409, "d": "2021-07-13", "s": "geiger", "m": "DIG-L21HN"}}, {"type": "Feature", "geometry": {"type": "Point", "coordinates": [8.84224, 41.63487]}, "properties": {"v": 0.1645, "d": "2021-07-13", "s": "geiger", "m": "DIG-L21HN"}}, {"type": "Feature", "geometry": {"type": "Point", "coordinates": [8.84226, 41.63504]}, "properties": {"v": 0.141, "d": "2021-07-13", "s": "geiger", "m": "DIG-L21HN"}}, {"type": "Feature", "geometry": {"type": "Point", "coordinates": [8.85578, 41.63109]}, "properties": {"v": 0.0918, "d": "2021-07-13", "s": "geiger", "m": "DIG-L21HN"}}, {"type": "Feature", "geometry": {"type": "Point", "coordinates": [8.85884, 41.64321]}, "properties": {"v": 0.1424, "d": "2021-07-13", "s": "geiger", "m": "DIG-L21HN"}}, {"type": "Feature", "geometry": {"type": "Point", "coordinates": [8.86961, 41.64482]}, "properties": {"v": 0.1374, "d": "2021-07-13", "s": "geiger", "m": "DIG-L21HN"}}, {"type": "Feature", "geometry": {"type": "Point", "coordinates": [8.89092, 41.65366]}, "properties": {"v": 0.1411, "d": "2021-07-13", "s": "geiger", "m": "DIG-L21HN"}}, {"type": "Feature", "geometry": {"type": "Point", "coordinates": [8.91417, 41.65977]}, "properties": {"v": 0.1199, "d": "2021-07-13", "s": "geiger", "m": "DIG-L21HN"}}, {"type": "Feature", "geometry": {"type": "Point", "coordinates": [8.92194, 41.66754]}, "properties": {"v": 0.1218, "d": "2021-07-13", "s": "geiger", "m": "DIG-L21HN"}}, {"type": "Feature", "geometry": {"type": "Point", "coordinates": [8.80647, 41.74957]}, "properties": {"v": 0.1163, "d": "2021-07-12", "s": "geiger", "m": "DIG-L21HN"}}, {"type": "Feature", "geometry": {"type": "Point", "coordinates": [8.80763, 41.74533]}, "properties": {"v": 0.1501, "d": "2021-07-12", "s": "geiger", "m": "DIG-L21HN"}}, {"type": "Feature", "geometry": {"type": "Point", "coordinates": [8.80011, 41.73641]}, "properties": {"v": 0.1907, "d": "2021-07-12", "s": "geiger", "m": "DIG-L21HN"}}, {"type": "Feature", "geometry": {"type": "Point", "coordinates": [8.80262, 41.73005]}, "properties": {"v": 0.1599, "d": "2021-07-12", "s": "geiger", "m": "DIG-L21HN"}}, {"type": "Feature", "geometry": {"type": "Point", "coordinates": [8.81044, 41.72851]}, "properties": {"v": 0.2177, "d": "2021-07-12", "s": "geiger", "m": "DIG-L21HN"}}, {"type": "Feature", "geometry": {"type": "Point", "coordinates": [8.81884, 41.72216]}, "properties": {"v": 0.1771, "d": "2021-07-12", "s": "geiger", "m": "DIG-L21HN"}}, {"type": "Feature", "geometry": {"type": "Point", "coordinates": [8.83697, 41.72228]}, "properties": {"v": 0.1813, "d": "2021-07-12", "s": "geiger", "m": "DIG-L21HN"}}, {"type": "Feature", "geometry": {"type": "Point", "coordinates": [8.83289, 41.70534]}, "properties": {"v": 0.1333, "d": "2021-07-12", "s": "geiger", "m": "DIG-L21HN"}}, {"type": "Feature", "geometry": {"type": "Point", "coordinates": [8.85617, 41.6999]}, "properties": {"v": 0.118, "d": "2021-07-12", "s": "geiger", "m": "DIG-L21HN"}}, {"type": "Feature", "geometry": {"type": "Point", "coordinates": [8.88082, 41.69902]}, "properties": {"v": 0.095, "d": "2021-07-12", "s": "geiger", "m": "DIG-L21HN"}}, {"type": "Feature", "geometry": {"type": "Point", "coordinates": [8.89728, 41.69754]}, "properties": {"v": 0.1038, "d": "2021-07-12", "s": "geiger", "m": "DIG-L21HN"}}, {"type": "Feature", "geometry": {"type": "Point", "coordinates": [8.91817, 41.69172]}, "properties": {"v": 0.1298, "d": "2021-07-12", "s": "geiger", "m": "DIG-L21HN"}}, {"type": "Feature", "geometry": {"type": "Point", "coordinates": [8.92388, 41.66773]}, "properties": {"v": 0.1191, "d": "2021-07-12", "s": "geiger", "m": "DIG-L21HN"}}, {"type": "Feature", "geometry": {"type": "Point", "coordinates": [8.91749, 41.67224]}, "properties": {"v": 0.1353, "d": "2021-07-12", "s": "geiger", "m": "DIG-L21HN"}}, {"type": "Feature", "geometry": {"type": "Point", "coordinates": [8.91841, 41.66309]}, "properties": {"v": 0.1095, "d": "2021-07-12", "s": "geiger", "m": "DIG-L21HN"}}, {"type": "Feature", "geometry": {"type": "Point", "coordinates": [8.94829, 41.64614]}, "properties": {"v": 0.0882, "d": "2021-07-12", "s": "geiger", "m": "DIG-L21HN"}}, {"type": "Feature", "geometry": {"type": "Point", "coordinates": [8.95509, 41.62309]}, "properties": {"v": 0.1102, "d": "2021-07-12", "s": "geiger", "m": "DIG-L21HN"}}, {"type": "Feature", "geometry": {"type": "Point", "coordinates": [8.97219, 41.61965]}, "properties": {"v": 0.0924, "d": "2021-07-12", "s": "geiger", "m": "DIG-L21HN"}}, {"type": "Feature", "geometry": {"type": "Point", "coordinates": [8.96173, 41.61822]}, "properties": {"v": 0.1376, "d": "2021-07-12", "s": "geiger", "m": "DIG-L21HN"}}, {"type": "Feature", "geometry": {"type": "Point", "coordinates": [8.94139, 41.60446]}, "properties": {"v": 0.1106, "d": "2021-07-12", "s": "geiger", "m": "DIG-L21HN"}}, {"type": "Feature", "geometry": {"type": "Point", "coordinates": [8.93439, 41.58986]}, "properties": {"v": 0.132, "d": "2021-07-12", "s": "geiger", "m": "DIG-L21HN"}}, {"type": "Feature", "geometry": {"type": "Point", "coordinates": [8.94834, 41.57867]}, "properties": {"v": 0.1138, "d": "2021-07-12", "s": "geiger", "m": "DIG-L21HN"}}, {"type": "Feature", "geometry": {"type": "Point", "coordinates": [8.95864, 41.57]}, "properties": {"v": 0.1411, "d": "2021-07-12", "s": "geiger", "m": "DIG-L21HN"}}, {"type": "Feature", "geometry": {"type": "Point", "coordinates": [8.96749, 41.55663]}, "properties": {"v": 0.1578, "d": "2021-07-12", "s": "geiger", "m": "DIG-L21HN"}}, {"type": "Feature", "geometry": {"type": "Point", "coordinates": [8.9647, 41.53685]}, "properties": {"v": 0.1554, "d": "2021-07-12", "s": "geiger", "m": "DIG-L21HN"}}, {"type": "Feature", "geometry": {"type": "Point", "coordinates": [8.95696, 41.52334]}, "properties": {"v": 0.1834, "d": "2021-07-12", "s": "geiger", "m": "DIG-L21HN"}}, {"type": "Feature", "geometry": {"type": "Point", "coordinates": [8.94974, 41.51533]}, "properties": {"v": 0.1635, "d": "2021-07-12", "s": "geiger", "m": "DIG-L21HN"}}, {"type": "Feature", "geometry": {"type": "Point", "coordinates": [8.94774, 41.51401]}, "properties": {"v": 0.1616, "d": "2021-07-12", "s": "geiger", "m": "DIG-L21HN"}}, {"type": "Feature", "geometry": {"type": "Point", "coordinates": [8.94582, 41.51118]}, "properties": {"v": 0.1412, "d": "2021-07-12", "s": "geiger", "m": "DIG-L21HN"}}, {"type": "Feature", "geometry": {"type": "Point", "coordinates": [8.94241, 41.50823]}, "properties": {"v": 0.1226, "d": "2021-07-12", "s": "geiger", "m": "DIG-L21HN"}}, {"type": "Feature", "geometry": {"type": "Point", "coordinates": [8.93952, 41.50377]}, "properties": {"v": 0.1247, "d": "2021-07-12", "s": "geiger", "m": "DIG-L21HN"}}, {"type": "Feature", "geometry": {"type": "Point", "coordinates": [8.93751, 41.49993]}, "properties": {"v": 0.1459, "d": "2021-07-12", "s": "geiger", "m": "DIG-L21HN"}}, {"type": "Feature", "geometry": {"type": "Point", "coordinates": [8.93675, 41.49714]}, "properties": {"v": 0.1909, "d": "2021-07-12", "s": "geiger", "m": "DIG-L21HN"}}, {"type": "Feature", "geometry": {"type": "Point", "coordinates": [8.93706, 41.49602]}, "properties": {"v": 0.1163, "d": "2021-07-12", "s": "geiger", "m": "DIG-L21HN"}}, {"type": "Feature", "geometry": {"type": "Point", "coordinates": [9.06472, 41.5626]}, "properties": {"v": 0.3253, "d": "2021-07-11", "s": "geiger", "m": "iPhone8,4"}}, {"type": "Feature", "geometry": {"type": "Point", "coordinates": [9.06479, 41.56308]}, "properties": {"v": 0.3339, "d": "2021-07-11", "s": "geiger", "m": "iPhone8,4"}}, {"type": "Feature", "geometry": {"type": "Point", "coordinates": [9.06479, 41.56308]}, "properties": {"v": 0.3491, "d": "2021-07-11", "s": "geiger", "m": "iPhone8,4"}}, {"type": "Feature", "geometry": {"type": "Point", "coordinates": [9.06479, 41.56308]}, "properties": {"v": 0.2402, "d": "2021-07-11", "s": "geiger", "m": "iPhone8,4"}}, {"type": "Feature", "geometry": {"type": "Point", "coordinates": [9.06479, 41.56308]}, "properties": {"v": 0.2588, "d": "2021-07-11", "s": "geiger", "m": "iPhone8,4"}}, {"type": "Feature", "geometry": {"type": "Point", "coordinates": [9.06531, 41.56286]}, "properties": {"v": 0.3538, "d": "2021-07-11", "s": "geiger", "m": "iPhone8,4"}}, {"type": "Feature", "geometry": {"type": "Point", "coordinates": [9.06531, 41.56286]}, "properties": {"v": 0.3143, "d": "2021-07-11", "s": "geiger", "m": "iPhone8,4"}}, {"type": "Feature", "geometry": {"type": "Point", "coordinates": [9.06531, 41.56286]}, "properties": {"v": 0.3212, "d": "2021-07-11", "s": "geiger", "m": "iPhone8,4"}}, {"type": "Feature", "geometry": {"type": "Point", "coordinates": [9.06531, 41.56286]}, "properties": {"v": 0.3666, "d": "2021-07-11", "s": "geiger", "m": "iPhone8,4"}}, {"type": "Feature", "geometry": {"type": "Point", "coordinates": [9.06505, 41.56293]}, "properties": {"v": 0.3205, "d": "2021-07-11", "s": "geiger", "m": "iPhone8,4"}}, {"type": "Feature", "geometry": {"type": "Point", "coordinates": [9.06485, 41.56305]}, "properties": {"v": 0.3181, "d": "2021-07-11", "s": "geiger", "m": "iPhone8,4"}}, {"type": "Feature", "geometry": {"type": "Point", "coordinates": [9.06422, 41.5633]}, "properties": {"v": 0.344, "d": "2021-07-11", "s": "geiger", "m": "iPhone8,4"}}, {"type": "Feature", "geometry": {"type": "Point", "coordinates": [9.06422, 41.5633]}, "properties": {"v": 0.2773, "d": "2021-07-11", "s": "geiger", "m": "iPhone8,4"}}, {"type": "Feature", "geometry": {"type": "Point", "coordinates": [9.06422, 41.5633]}, "properties": {"v": 0.3049, "d": "2021-07-11", "s": "geiger", "m": "iPhone8,4"}}, {"type": "Feature", "geometry": {"type": "Point", "coordinates": [9.06407, 41.56359]}, "properties": {"v": 0.3256, "d": "2021-07-11", "s": "geiger", "m": "iPhone8,4"}}, {"type": "Feature", "geometry": {"type": "Point", "coordinates": [9.06407, 41.56416]}, "properties": {"v": 0.2736, "d": "2021-07-11", "s": "geiger", "m": "iPhone8,4"}}, {"type": "Feature", "geometry": {"type": "Point", "coordinates": [9.06407, 41.56416]}, "properties": {"v": 0.186, "d": "2021-07-11", "s": "geiger", "m": "iPhone8,4"}}, {"type": "Feature", "geometry": {"type": "Point", "coordinates": [9.06413, 41.56413]}, "properties": {"v": 0.3537, "d": "2021-07-11", "s": "geiger", "m": "iPhone8,4"}}, {"type": "Feature", "geometry": {"type": "Point", "coordinates": [9.06386, 41.56454]}, "properties": {"v": 0.3356, "d": "2021-07-11", "s": "geiger", "m": "iPhone8,4"}}, {"type": "Feature", "geometry": {"type": "Point", "coordinates": [9.06384, 41.56536]}, "properties": {"v": 0.2912, "d": "2021-07-11", "s": "geiger", "m": "iPhone8,4"}}, {"type": "Feature", "geometry": {"type": "Point", "coordinates": [9.06384, 41.56536]}, "properties": {"v": 0.2312, "d": "2021-07-11", "s": "geiger", "m": "iPhone8,4"}}, {"type": "Feature", "geometry": {"type": "Point", "coordinates": [9.06382, 41.56581]}, "properties": {"v": 0.2886, "d": "2021-07-11", "s": "geiger", "m": "iPhone8,4"}}, {"type": "Feature", "geometry": {"type": "Point", "coordinates": [9.06382, 41.56581]}, "properties": {"v": 0.2558, "d": "2021-07-11", "s": "geiger", "m": "iPhone8,4"}}, {"type": "Feature", "geometry": {"type": "Point", "coordinates": [9.06357, 41.56627]}, "properties": {"v": 0.3112, "d": "2021-07-11", "s": "geiger", "m": "iPhone8,4"}}, {"type": "Feature", "geometry": {"type": "Point", "coordinates": [9.06357, 41.56627]}, "properties": {"v": 0.2996, "d": "2021-07-11", "s": "geiger", "m": "iPhone8,4"}}, {"type": "Feature", "geometry": {"type": "Point", "coordinates": [9.06357, 41.56627]}, "properties": {"v": 0.3114, "d": "2021-07-11", "s": "geiger", "m": "iPhone8,4"}}, {"type": "Feature", "geometry": {"type": "Point", "coordinates": [9.06357, 41.56627]}, "properties": {"v": 0.2372, "d": "2021-07-11", "s": "geiger", "m": "iPhone8,4"}}, {"type": "Feature", "geometry": {"type": "Point", "coordinates": [9.06357, 41.56627]}, "properties": {"v": 0.2263, "d": "2021-07-11", "s": "geiger", "m": "iPhone8,4"}}, {"type": "Feature", "geometry": {"type": "Point", "coordinates": [9.06318, 41.56645]}, "properties": {"v": 0.2331, "d": "2021-07-11", "s": "geiger", "m": "iPhone8,4"}}, {"type": "Feature", "geometry": {"type": "Point", "coordinates": [9.06261, 41.56629]}, "properties": {"v": 0.2374, "d": "2021-07-11", "s": "geiger", "m": "iPhone8,4"}}, {"type": "Feature", "geometry": {"type": "Point", "coordinates": [9.062, 41.5663]}, "properties": {"v": 0.2452, "d": "2021-07-11", "s": "geiger", "m": "iPhone8,4"}}, {"type": "Feature", "geometry": {"type": "Point", "coordinates": [9.06136, 41.56608]}, "properties": {"v": 0.1749, "d": "2021-07-11", "s": "geiger", "m": "iPhone8,4"}}, {"type": "Feature", "geometry": {"type": "Point", "coordinates": [9.06112, 41.56612]}, "properties": {"v": 0.1945, "d": "2021-07-11", "s": "geiger", "m": "iPhone8,4"}}, {"type": "Feature", "geometry": {"type": "Point", "coordinates": [9.06054, 41.5663]}, "properties": {"v": 0.2288, "d": "2021-07-11", "s": "geiger", "m": "iPhone8,4"}}, {"type": "Feature", "geometry": {"type": "Point", "coordinates": [9.06031, 41.56599]}, "properties": {"v": 0.2252, "d": "2021-07-11", "s": "geiger", "m": "iPhone8,4"}}, {"type": "Feature", "geometry": {"type": "Point", "coordinates": [9.05958, 41.5654]}, "properties": {"v": 0.2403, "d": "2021-07-11", "s": "geiger", "m": "iPhone8,4"}}, {"type": "Feature", "geometry": {"type": "Point", "coordinates": [9.05956, 41.56555]}, "properties": {"v": 0.2429, "d": "2021-07-11", "s": "geiger", "m": "iPhone8,4"}}, {"type": "Feature", "geometry": {"type": "Point", "coordinates": [9.05903, 41.56488]}, "properties": {"v": 0.2516, "d": "2021-07-11", "s": "geiger", "m": "iPhone8,4"}}, {"type": "Feature", "geometry": {"type": "Point", "coordinates": [9.05903, 41.56488]}, "properties": {"v": 0.2366, "d": "2021-07-11", "s": "geiger", "m": "iPhone8,4"}}, {"type": "Feature", "geometry": {"type": "Point", "coordinates": [9.05832, 41.56406]}, "properties": {"v": 0.2039, "d": "2021-07-11", "s": "geiger", "m": "iPhone8,4"}}, {"type": "Feature", "geometry": {"type": "Point", "coordinates": [9.05781, 41.56382]}, "properties": {"v": 0.266, "d": "2021-07-11", "s": "geiger", "m": "iPhone8,4"}}, {"type": "Feature", "geometry": {"type": "Point", "coordinates": [9.05781, 41.56382]}, "properties": {"v": 0.2287, "d": "2021-07-11", "s": "geiger", "m": "iPhone8,4"}}, {"type": "Feature", "geometry": {"type": "Point", "coordinates": [9.05781, 41.56382]}, "properties": {"v": 0.213, "d": "2021-07-11", "s": "geiger", "m": "iPhone8,4"}}, {"type": "Feature", "geometry": {"type": "Point", "coordinates": [9.05781, 41.56382]}, "properties": {"v": 0.2081, "d": "2021-07-11", "s": "geiger", "m": "iPhone8,4"}}, {"type": "Feature", "geometry": {"type": "Point", "coordinates": [9.05466, 41.56087]}, "properties": {"v": 0.1994, "d": "2021-07-11", "s": "geiger", "m": "iPhone8,4"}}, {"type": "Feature", "geometry": {"type": "Point", "coordinates": [9.05466, 41.56087]}, "properties": {"v": 0.1786, "d": "2021-07-11", "s": "geiger", "m": "iPhone8,4"}}, {"type": "Feature", "geometry": {"type": "Point", "coordinates": [9.05466, 41.56087]}, "properties": {"v": 0.1543, "d": "2021-07-11", "s": "geiger", "m": "iPhone8,4"}}, {"type": "Feature", "geometry": {"type": "Point", "coordinates": [9.05484, 41.56044]}, "properties": {"v": 0.1834, "d": "2021-07-11", "s": "geiger", "m": "iPhone8,4"}}, {"type": "Feature", "geometry": {"type": "Point", "coordinates": [9.05484, 41.56044]}, "properties": {"v": 0.1953, "d": "2021-07-11", "s": "geiger", "m": "iPhone8,4"}}, {"type": "Feature", "geometry": {"type": "Point", "coordinates": [9.05426, 41.55975]}, "properties": {"v": 0.3595, "d": "2021-07-11", "s": "geiger", "m": "iPhone8,4"}}, {"type": "Feature", "geometry": {"type": "Point", "coordinates": [9.05379, 41.55946]}, "properties": {"v": 0.1662, "d": "2021-07-11", "s": "geiger", "m": "iPhone8,4"}}, {"type": "Feature", "geometry": {"type": "Point", "coordinates": [9.05391, 41.55951]}, "properties": {"v": 0.2423, "d": "2021-07-11", "s": "geiger", "m": "iPhone8,4"}}, {"type": "Feature", "geometry": {"type": "Point", "coordinates": [9.05332, 41.5594]}, "properties": {"v": 0.2551, "d": "2021-07-11", "s": "geiger", "m": "iPhone8,4"}}, {"type": "Feature", "geometry": {"type": "Point", "coordinates": [9.04958, 41.55728]}, "properties": {"v": 0.1699, "d": "2021-07-11", "s": "geiger", "m": "iPhone8,4"}}, {"type": "Feature", "geometry": {"type": "Point", "coordinates": [9.04958, 41.55728]}, "properties": {"v": 0.264, "d": "2021-07-11", "s": "geiger", "m": "iPhone8,4"}}, {"type": "Feature", "geometry": {"type": "Point", "coordinates": [9.04958, 41.55728]}, "properties": {"v": 0.1779, "d": "2021-07-11", "s": "geiger", "m": "iPhone8,4"}}, {"type": "Feature", "geometry": {"type": "Point", "coordinates": [9.04958, 41.55728]}, "properties": {"v": 0.2806, "d": "2021-07-11", "s": "geiger", "m": "iPhone8,4"}}, {"type": "Feature", "geometry": {"type": "Point", "coordinates": [9.04958, 41.55728]}, "properties": {"v": 0.2739, "d": "2021-07-11", "s": "geiger", "m": "iPhone8,4"}}, {"type": "Feature", "geometry": {"type": "Point", "coordinates": [9.04958, 41.55728]}, "properties": {"v": 0.1949, "d": "2021-07-11", "s": "geiger", "m": "iPhone8,4"}}, {"type": "Feature", "geometry": {"type": "Point", "coordinates": [9.04901, 41.55713]}, "properties": {"v": 0.2064, "d": "2021-07-11", "s": "geiger", "m": "iPhone8,4"}}, {"type": "Feature", "geometry": {"type": "Point", "coordinates": [9.049, 41.55708]}, "properties": {"v": 0.2254, "d": "2021-07-11", "s": "geiger", "m": "iPhone8,4"}}, {"type": "Feature", "geometry": {"type": "Point", "coordinates": [9.04561, 41.55732]}, "properties": {"v": 0.2082, "d": "2021-07-11", "s": "geiger", "m": "iPhone8,4"}}, {"type": "Feature", "geometry": {"type": "Point", "coordinates": [9.04561, 41.55732]}, "properties": {"v": 0.1971, "d": "2021-07-11", "s": "geiger", "m": "iPhone8,4"}}, {"type": "Feature", "geometry": {"type": "Point", "coordinates": [9.04561, 41.55732]}, "properties": {"v": 0.1779, "d": "2021-07-11", "s": "geiger", "m": "iPhone8,4"}}, {"type": "Feature", "geometry": {"type": "Point", "coordinates": [9.04561, 41.55732]}, "properties": {"v": 0.2339, "d": "2021-07-11", "s": "geiger", "m": "iPhone8,4"}}, {"type": "Feature", "geometry": {"type": "Point", "coordinates": [9.04558, 41.55768]}, "properties": {"v": 0.1951, "d": "2021-07-11", "s": "geiger", "m": "iPhone8,4"}}, {"type": "Feature", "geometry": {"type": "Point", "coordinates": [9.04536, 41.5581]}, "properties": {"v": 0.2712, "d": "2021-07-11", "s": "geiger", "m": "iPhone8,4"}}, {"type": "Feature", "geometry": {"type": "Point", "coordinates": [9.04536, 41.5581]}, "properties": {"v": 0.2396, "d": "2021-07-11", "s": "geiger", "m": "iPhone8,4"}}, {"type": "Feature", "geometry": {"type": "Point", "coordinates": [9.04536, 41.5581]}, "properties": {"v": 0.213, "d": "2021-07-11", "s": "geiger", "m": "iPhone8,4"}}, {"type": "Feature", "geometry": {"type": "Point", "coordinates": [9.04536, 41.5581]}, "properties": {"v": 0.2396, "d": "2021-07-11", "s": "geiger", "m": "iPhone8,4"}}, {"type": "Feature", "geometry": {"type": "Point", "coordinates": [9.04455, 41.55844]}, "properties": {"v": 0.1972, "d": "2021-07-11", "s": "geiger", "m": "iPhone8,4"}}, {"type": "Feature", "geometry": {"type": "Point", "coordinates": [9.04455, 41.55844]}, "properties": {"v": 0.1932, "d": "2021-07-11", "s": "geiger", "m": "iPhone8,4"}}, {"type": "Feature", "geometry": {"type": "Point", "coordinates": [9.04288, 41.55915]}, "properties": {"v": 0.2342, "d": "2021-07-11", "s": "geiger", "m": "iPhone8,4"}}, {"type": "Feature", "geometry": {"type": "Point", "coordinates": [9.04292, 41.55919]}, "properties": {"v": 0.2178, "d": "2021-07-11", "s": "geiger", "m": "iPhone8,4"}}, {"type": "Feature", "geometry": {"type": "Point", "coordinates": [9.04292, 41.55919]}, "properties": {"v": 0.1852, "d": "2021-07-11", "s": "geiger", "m": "iPhone8,4"}}, {"type": "Feature", "geometry": {"type": "Point", "coordinates": [9.04292, 41.55919]}, "properties": {"v": 0.269, "d": "2021-07-11", "s": "geiger", "m": "iPhone8,4"}}, {"type": "Feature", "geometry": {"type": "Point", "coordinates": [9.04341, 41.55946]}, "properties": {"v": 0.2016, "d": "2021-07-11", "s": "geiger", "m": "iPhone8,4"}}, {"type": "Feature", "geometry": {"type": "Point", "coordinates": [9.04333, 41.56166]}, "properties": {"v": 0.2457, "d": "2021-07-11", "s": "geiger", "m": "iPhone8,4"}}, {"type": "Feature", "geometry": {"type": "Point", "coordinates": [9.04333, 41.56166]}, "properties": {"v": 0.1815, "d": "2021-07-11", "s": "geiger", "m": "iPhone8,4"}}, {"type": "Feature", "geometry": {"type": "Point", "coordinates": [9.04333, 41.56166]}, "properties": {"v": 0.2205, "d": "2021-07-11", "s": "geiger", "m": "iPhone8,4"}}, {"type": "Feature", "geometry": {"type": "Point", "coordinates": [9.0434, 41.56178]}, "properties": {"v": 0.2725, "d": "2021-07-11", "s": "geiger", "m": "iPhone8,4"}}, {"type": "Feature", "geometry": {"type": "Point", "coordinates": [9.01861, 41.46822]}, "properties": {"v": 0.1691, "d": "2021-07-10", "s": "geiger", "m": "iPhone8,4"}}, {"type": "Feature", "geometry": {"type": "Point", "coordinates": [9.01932, 41.46822]}, "properties": {"v": 0.2135, "d": "2021-07-10", "s": "geiger", "m": "iPhone8,4"}}, {"type": "Feature", "geometry": {"type": "Point", "coordinates": [9.01983, 41.46768]}, "properties": {"v": 0.2335, "d": "2021-07-10", "s": "geiger", "m": "iPhone8,4"}}, {"type": "Feature", "geometry": {"type": "Point", "coordinates": [9.02015, 41.4673]}, "properties": {"v": 0.2281, "d": "2021-07-10", "s": "geiger", "m": "iPhone8,4"}}, {"type": "Feature", "geometry": {"type": "Point", "coordinates": [9.02215, 41.46672]}, "properties": {"v": 0.1364, "d": "2021-07-10", "s": "geiger", "m": "iPhone8,4"}}, {"type": "Feature", "geometry": {"type": "Point", "coordinates": [9.02342, 41.46665]}, "properties": {"v": 0.1951, "d": "2021-07-10", "s": "geiger", "m": "iPhone8,4"}}, {"type": "Feature", "geometry": {"type": "Point", "coordinates": [9.02489, 41.46636]}, "properties": {"v": 0.1709, "d": "2021-07-10", "s": "geiger", "m": "iPhone8,4"}}, {"type": "Feature", "geometry": {"type": "Point", "coordinates": [9.02567, 41.46614]}, "properties": {"v": 0.1872, "d": "2021-07-10", "s": "geiger", "m": "iPhone8,4"}}, {"type": "Feature", "geometry": {"type": "Point", "coordinates": [9.02626, 41.46634]}, "properties": {"v": 0.2156, "d": "2021-07-10", "s": "geiger", "m": "iPhone8,4"}}, {"type": "Feature", "geometry": {"type": "Point", "coordinates": [9.02775, 41.46833]}, "properties": {"v": 0.1895, "d": "2021-07-10", "s": "geiger", "m": "iPhone8,4"}}, {"type": "Feature", "geometry": {"type": "Point", "coordinates": [9.02775, 41.46833]}, "properties": {"v": 0.2285, "d": "2021-07-10", "s": "geiger", "m": "iPhone8,4"}}, {"type": "Feature", "geometry": {"type": "Point", "coordinates": [9.02775, 41.46833]}, "properties": {"v": 0.2488, "d": "2021-07-10", "s": "geiger", "m": "iPhone8,4"}}, {"type": "Feature", "geometry": {"type": "Point", "coordinates": [9.02766, 41.46877]}, "properties": {"v": 0.2154, "d": "2021-07-10", "s": "geiger", "m": "iPhone8,4"}}, {"type": "Feature", "geometry": {"type": "Point", "coordinates": [9.02854, 41.46965]}, "properties": {"v": 0.1592, "d": "2021-07-10", "s": "geiger", "m": "iPhone8,4"}}, {"type": "Feature", "geometry": {"type": "Point", "coordinates": [9.02922, 41.47028]}, "properties": {"v": 0.2675, "d": "2021-07-10", "s": "geiger", "m": "iPhone8,4"}}, {"type": "Feature", "geometry": {"type": "Point", "coordinates": [9.0303, 41.47069]}, "properties": {"v": 0.2227, "d": "2021-07-10", "s": "geiger", "m": "iPhone8,4"}}, {"type": "Feature", "geometry": {"type": "Point", "coordinates": [9.03061, 41.47118]}, "properties": {"v": 0.2507, "d": "2021-07-10", "s": "geiger", "m": "iPhone8,4"}}, {"type": "Feature", "geometry": {"type": "Point", "coordinates": [9.44282, 42.70199]}, "properties": {"v": 0.1775, "d": "2020-04-17", "s": "geiger", "m": "SM-A105FN"}}, {"type": "Feature", "geometry": {"type": "Point", "coordinates": [9.45, 42.69851]}, "properties": {"v": 0.1085, "d": "2019-12-26", "s": "geiger", "m": "SM-A105FN"}}, {"type": "Feature", "geometry": {"type": "Point", "coordinates": [9.44839, 42.69755]}, "properties": {"v": 0.1442, "d": "2019-12-26", "s": "geiger", "m": "SM-A105FN"}}, {"type": "Feature", "geometry": {"type": "Point", "coordinates": [9.44093, 42.7047]}, "properties": {"v": 0.1637, "d": "2019-12-24", "s": "geiger", "m": "SM-A105FN"}}, {"type": "Feature", "geometry": {"type": "Point", "coordinates": [9.44957, 42.70308]}, "properties": {"v": 0.1188, "d": "2019-12-24", "s": "geiger", "m": "SM-A105FN"}}, {"type": "Feature", "geometry": {"type": "Point", "coordinates": [9.45375, 42.7087]}, "properties": {"v": 0.1554, "d": "2019-12-24", "s": "geiger", "m": "SM-A105FN"}}, {"type": "Feature", "geometry": {"type": "Point", "coordinates": [9.44384, 42.67808]}, "properties": {"v": 0.1924, "d": "2019-12-24", "s": "geiger", "m": "SM-A105FN"}}, {"type": "Feature", "geometry": {"type": "Point", "coordinates": [9.44345, 42.67319]}, "properties": {"v": 0.1059, "d": "2019-12-24", "s": "geiger", "m": "SM-A105FN"}}, {"type": "Feature", "geometry": {"type": "Point", "coordinates": [9.48318, 42.61044]}, "properties": {"v": 0.123, "d": "2019-12-24", "s": "geiger", "m": "SM-A105FN"}}, {"type": "Feature", "geometry": {"type": "Point", "coordinates": [9.52201, 42.56599]}, "properties": {"v": 0.1109, "d": "2019-12-24", "s": "geiger", "m": "SM-A105FN"}}, {"type": "Feature", "geometry": {"type": "Point", "coordinates": [9.53213, 42.5459]}, "properties": {"v": 0.1151, "d": "2019-12-24", "s": "geiger", "m": "SM-A105FN"}}, {"type": "Feature", "geometry": {"type": "Point", "coordinates": [9.49528, 42.53927]}, "properties": {"v": 0.1116, "d": "2019-12-24", "s": "geiger", "m": "SM-A105FN"}}, {"type": "Feature", "geometry": {"type": "Point", "coordinates": [9.46666, 42.5508]}, "properties": {"v": 0.1319, "d": "2019-12-24", "s": "geiger", "m": "SM-A105FN"}}, {"type": "Feature", "geometry": {"type": "Point", "coordinates": [9.43749, 42.62344]}, "properties": {"v": 0.1273, "d": "2019-12-23", "s": "geiger", "m": "SM-A105FN"}}, {"type": "Feature", "geometry": {"type": "Point", "coordinates": [9.44545, 42.70368]}, "properties": {"v": 0.1922, "d": "2019-12-16", "s": "geiger", "m": "SM-A105FN"}}, {"type": "Feature", "geometry": {"type": "Point", "coordinates": [9.45067, 42.70173]}, "properties": {"v": 0.1, "d": "2019-11-30", "s": "geiger", "m": ""}}, {"type": "Feature", "geometry": {"type": "Point", "coordinates": [9.45107, 42.70184]}, "properties": {"v": 0.08, "d": "2019-11-30", "s": "geiger", "m": ""}}, {"type": "Feature", "geometry": {"type": "Point", "coordinates": [9.45099, 42.70143]}, "properties": {"v": 0.14, "d": "2019-11-30", "s": "geiger", "m": ""}}, {"type": "Feature", "geometry": {"type": "Point", "coordinates": [9.45102, 42.70119]}, "properties": {"v": 0.11, "d": "2019-11-30", "s": "geiger", "m": ""}}, {"type": "Feature", "geometry": {"type": "Point", "coordinates": [9.45103, 42.70117]}, "properties": {"v": 0.11, "d": "2019-11-30", "s": "geiger", "m": ""}}, {"type": "Feature", "geometry": {"type": "Point", "coordinates": [9.451, 42.70093]}, "properties": {"v": 0.15, "d": "2019-11-30", "s": "geiger", "m": ""}}, {"type": "Feature", "geometry": {"type": "Point", "coordinates": [9.45093, 42.70037]}, "properties": {"v": 0.15, "d": "2019-11-30", "s": "geiger", "m": ""}}, {"type": "Feature", "geometry": {"type": "Point", "coordinates": [9.45124, 42.69987]}, "properties": {"v": 0.14, "d": "2019-11-30", "s": "geiger", "m": ""}}, {"type": "Feature", "geometry": {"type": "Point", "coordinates": [9.4515, 42.69953]}, "properties": {"v": 0.13, "d": "2019-11-30", "s": "geiger", "m": ""}}, {"type": "Feature", "geometry": {"type": "Point", "coordinates": [9.45197, 42.6992]}, "properties": {"v": 0.12, "d": "2019-11-30", "s": "geiger", "m": ""}}, {"type": "Feature", "geometry": {"type": "Point", "coordinates": [9.45235, 42.699]}, "properties": {"v": 0.12, "d": "2019-11-30", "s": "geiger", "m": ""}}, {"type": "Feature", "geometry": {"type": "Point", "coordinates": [9.45273, 42.69859]}, "properties": {"v": 0.13, "d": "2019-11-30", "s": "geiger", "m": ""}}, {"type": "Feature", "geometry": {"type": "Point", "coordinates": [9.45278, 42.69812]}, "properties": {"v": 0.18, "d": "2019-11-30", "s": "geiger", "m": ""}}, {"type": "Feature", "geometry": {"type": "Point", "coordinates": [9.45272, 42.69764]}, "properties": {"v": 0.13, "d": "2019-11-30", "s": "geiger", "m": ""}}, {"type": "Feature", "geometry": {"type": "Point", "coordinates": [9.45208, 42.69763]}, "properties": {"v": 0.16, "d": "2019-11-30", "s": "geiger", "m": ""}}, {"type": "Feature", "geometry": {"type": "Point", "coordinates": [9.45117, 42.69737]}, "properties": {"v": 0.07, "d": "2019-11-30", "s": "geiger", "m": ""}}, {"type": "Feature", "geometry": {"type": "Point", "coordinates": [9.45076, 42.69709]}, "properties": {"v": 0.08, "d": "2019-11-30", "s": "geiger", "m": ""}}, {"type": "Feature", "geometry": {"type": "Point", "coordinates": [9.45042, 42.69683]}, "properties": {"v": 0.08, "d": "2019-11-30", "s": "geiger", "m": ""}}, {"type": "Feature", "geometry": {"type": "Point", "coordinates": [9.45035, 42.69675]}, "properties": {"v": 0.1, "d": "2019-11-30", "s": "geiger", "m": ""}}, {"type": "Feature", "geometry": {"type": "Point", "coordinates": [9.45008, 42.6967]}, "properties": {"v": 0.05, "d": "2019-11-30", "s": "geiger", "m": ""}}, {"type": "Feature", "geometry": {"type": "Point", "coordinates": [9.44966, 42.69687]}, "properties": {"v": 0.05, "d": "2019-11-30", "s": "geiger", "m": ""}}, {"type": "Feature", "geometry": {"type": "Point", "coordinates": [9.44964, 42.69645]}, "properties": {"v": 0.1, "d": "2019-11-30", "s": "geiger", "m": ""}}, {"type": "Feature", "geometry": {"type": "Point", "coordinates": [9.44969, 42.69598]}, "properties": {"v": 0.12, "d": "2019-11-30", "s": "geiger", "m": ""}}, {"type": "Feature", "geometry": {"type": "Point", "coordinates": [9.44967, 42.69562]}, "properties": {"v": 0.13, "d": "2019-11-30", "s": "geiger", "m": ""}}, {"type": "Feature", "geometry": {"type": "Point", "coordinates": [9.44933, 42.69521]}, "properties": {"v": 0.13, "d": "2019-11-30", "s": "geiger", "m": ""}}, {"type": "Feature", "geometry": {"type": "Point", "coordinates": [9.44967, 42.69505]}, "properties": {"v": 0.16, "d": "2019-11-30", "s": "geiger", "m": ""}}, {"type": "Feature", "geometry": {"type": "Point", "coordinates": [9.44996, 42.69505]}, "properties": {"v": 0.13, "d": "2019-11-30", "s": "geiger", "m": ""}}, {"type": "Feature", "geometry": {"type": "Point", "coordinates": [9.44983, 42.69483]}, "properties": {"v": 0.1, "d": "2019-11-30", "s": "geiger", "m": ""}}, {"type": "Feature", "geometry": {"type": "Point", "coordinates": [9.45001, 42.69467]}, "properties": {"v": 0.08, "d": "2019-11-30", "s": "geiger", "m": ""}}, {"type": "Feature", "geometry": {"type": "Point", "coordinates": [9.45021, 42.69449]}, "properties": {"v": 0.12, "d": "2019-11-30", "s": "geiger", "m": ""}}, {"type": "Feature", "geometry": {"type": "Point", "coordinates": [9.45038, 42.69361]}, "properties": {"v": 0.11, "d": "2019-11-30", "s": "geiger", "m": ""}}, {"type": "Feature", "geometry": {"type": "Point", "coordinates": [9.45118, 42.69369]}, "properties": {"v": 0.1, "d": "2019-11-30", "s": "geiger", "m": ""}}, {"type": "Feature", "geometry": {"type": "Point", "coordinates": [9.45109, 42.69411]}, "properties": {"v": 0.01, "d": "2019-11-30", "s": "geiger", "m": ""}}, {"type": "Feature", "geometry": {"type": "Point", "coordinates": [9.45111, 42.69408]}, "properties": {"v": 0.05, "d": "2019-11-30", "s": "geiger", "m": ""}}, {"type": "Feature", "geometry": {"type": "Point", "coordinates": [9.45118, 42.69387]}, "properties": {"v": 0.07, "d": "2019-11-30", "s": "geiger", "m": ""}}, {"type": "Feature", "geometry": {"type": "Point", "coordinates": [9.45112, 42.69373]}, "properties": {"v": 0.1, "d": "2019-11-30", "s": "geiger", "m": ""}}, {"type": "Feature", "geometry": {"type": "Point", "coordinates": [9.45119, 42.69353]}, "properties": {"v": 0.08, "d": "2019-11-30", "s": "geiger", "m": ""}}, {"type": "Feature", "geometry": {"type": "Point", "coordinates": [9.4512, 42.69357]}, "properties": {"v": 0.08, "d": "2019-11-30", "s": "geiger", "m": ""}}, {"type": "Feature", "geometry": {"type": "Point", "coordinates": [9.45111, 42.69358]}, "properties": {"v": 0.08, "d": "2019-11-30", "s": "geiger", "m": ""}}, {"type": "Feature", "geometry": {"type": "Point", "coordinates": [9.45106, 42.6936]}, "properties": {"v": 0.09, "d": "2019-11-30", "s": "geiger", "m": ""}}, {"type": "Feature", "geometry": {"type": "Point", "coordinates": [9.45109, 42.69359]}, "properties": {"v": 0.1, "d": "2019-11-30", "s": "geiger", "m": ""}}, {"type": "Feature", "geometry": {"type": "Point", "coordinates": [9.45102, 42.69366]}, "properties": {"v": 0.08, "d": "2019-11-30", "s": "geiger", "m": ""}}, {"type": "Feature", "geometry": {"type": "Point", "coordinates": [9.45108, 42.69366]}, "properties": {"v": 0.09, "d": "2019-11-30", "s": "geiger", "m": ""}}, {"type": "Feature", "geometry": {"type": "Point", "coordinates": [9.45111, 42.69358]}, "properties": {"v": 0.08, "d": "2019-11-30", "s": "geiger", "m": ""}}, {"type": "Feature", "geometry": {"type": "Point", "coordinates": [9.45106, 42.69356]}, "properties": {"v": 0.08, "d": "2019-11-30", "s": "geiger", "m": ""}}, {"type": "Feature", "geometry": {"type": "Point", "coordinates": [9.4511, 42.69354]}, "properties": {"v": 0.08, "d": "2019-11-30", "s": "geiger", "m": ""}}, {"type": "Feature", "geometry": {"type": "Point", "coordinates": [9.4511, 42.69357]}, "properties": {"v": 0.09, "d": "2019-11-30", "s": "geiger", "m": ""}}, {"type": "Feature", "geometry": {"type": "Point", "coordinates": [9.45103, 42.69367]}, "properties": {"v": 0.05, "d": "2019-11-30", "s": "geiger", "m": ""}}, {"type": "Feature", "geometry": {"type": "Point", "coordinates": [9.45106, 42.6937]}, "properties": {"v": 0.08, "d": "2019-11-30", "s": "geiger", "m": ""}}, {"type": "Feature", "geometry": {"type": "Point", "coordinates": [9.45108, 42.69375]}, "properties": {"v": 0.09, "d": "2019-11-30", "s": "geiger", "m": ""}}, {"type": "Feature", "geometry": {"type": "Point", "coordinates": [9.45105, 42.69376]}, "properties": {"v": 0.09, "d": "2019-11-30", "s": "geiger", "m": ""}}, {"type": "Feature", "geometry": {"type": "Point", "coordinates": [9.45108, 42.69362]}, "properties": {"v": 0.1, "d": "2019-11-30", "s": "geiger", "m": ""}}, {"type": "Feature", "geometry": {"type": "Point", "coordinates": [9.45103, 42.69365]}, "properties": {"v": 0.11, "d": "2019-11-30", "s": "geiger", "m": ""}}, {"type": "Feature", "geometry": {"type": "Point", "coordinates": [9.45098, 42.69373]}, "properties": {"v": 0.08, "d": "2019-11-30", "s": "geiger", "m": ""}}, {"type": "Feature", "geometry": {"type": "Point", "coordinates": [9.45098, 42.69376]}, "properties": {"v": 0.07, "d": "2019-11-30", "s": "geiger", "m": ""}}, {"type": "Feature", "geometry": {"type": "Point", "coordinates": [9.45088, 42.69387]}, "properties": {"v": 0.09, "d": "2019-11-30", "s": "geiger", "m": ""}}, {"type": "Feature", "geometry": {"type": "Point", "coordinates": [9.45091, 42.69386]}, "properties": {"v": 0.09, "d": "2019-11-30", "s": "geiger", "m": ""}}, {"type": "Feature", "geometry": {"type": "Point", "coordinates": [9.451, 42.69379]}, "properties": {"v": 0.09, "d": "2019-11-30", "s": "geiger", "m": ""}}, {"type": "Feature", "geometry": {"type": "Point", "coordinates": [9.45111, 42.69371]}, "properties": {"v": 0.1, "d": "2019-11-30", "s": "geiger", "m": ""}}, {"type": "Feature", "geometry": {"type": "Point", "coordinates": [9.45112, 42.69369]}, "properties": {"v": 0.08, "d": "2019-11-30", "s": "geiger", "m": ""}}, {"type": "Feature", "geometry": {"type": "Point", "coordinates": [9.45109, 42.6936]}, "properties": {"v": 0.06, "d": "2019-11-30", "s": "geiger", "m": ""}}, {"type": "Feature", "geometry": {"type": "Point", "coordinates": [9.45112, 42.69364]}, "properties": {"v": 0.06, "d": "2019-11-30", "s": "geiger", "m": ""}}, {"type": "Feature", "geometry": {"type": "Point", "coordinates": [9.45116, 42.69367]}, "properties": {"v": 0.07, "d": "2019-11-30", "s": "geiger", "m": ""}}, {"type": "Feature", "geometry": {"type": "Point", "coordinates": [9.45118, 42.69367]}, "properties": {"v": 0.07, "d": "2019-11-30", "s": "geiger", "m": ""}}, {"type": "Feature", "geometry": {"type": "Point", "coordinates": [9.45117, 42.69366]}, "properties": {"v": 0.08, "d": "2019-11-30", "s": "geiger", "m": ""}}, {"type": "Feature", "geometry": {"type": "Point", "coordinates": [9.45116, 42.69367]}, "properties": {"v": 0.09, "d": "2019-11-30", "s": "geiger", "m": ""}}, {"type": "Feature", "geometry": {"type": "Point", "coordinates": [9.45107, 42.69369]}, "properties": {"v": 0.09, "d": "2019-11-30", "s": "geiger", "m": ""}}, {"type": "Feature", "geometry": {"type": "Point", "coordinates": [9.45109, 42.69364]}, "properties": {"v": 0.07, "d": "2019-11-30", "s": "geiger", "m": ""}}, {"type": "Feature", "geometry": {"type": "Point", "coordinates": [9.4511, 42.69364]}, "properties": {"v": 0.07, "d": "2019-11-30", "s": "geiger", "m": ""}}, {"type": "Feature", "geometry": {"type": "Point", "coordinates": [9.45108, 42.69368]}, "properties": {"v": 0.05, "d": "2019-11-30", "s": "geiger", "m": ""}}, {"type": "Feature", "geometry": {"type": "Point", "coordinates": [9.45116, 42.69364]}, "properties": {"v": 0.1, "d": "2019-11-30", "s": "geiger", "m": ""}}, {"type": "Feature", "geometry": {"type": "Point", "coordinates": [9.45119, 42.69365]}, "properties": {"v": 0.08, "d": "2019-11-30", "s": "geiger", "m": ""}}, {"type": "Feature", "geometry": {"type": "Point", "coordinates": [9.45117, 42.69327]}, "properties": {"v": 0.11, "d": "2019-11-30", "s": "geiger", "m": ""}}, {"type": "Feature", "geometry": {"type": "Point", "coordinates": [9.45114, 42.69332]}, "properties": {"v": 0.11, "d": "2019-11-30", "s": "geiger", "m": ""}}, {"type": "Feature", "geometry": {"type": "Point", "coordinates": [9.45126, 42.69337]}, "properties": {"v": 0.09, "d": "2019-11-30", "s": "geiger", "m": ""}}, {"type": "Feature", "geometry": {"type": "Point", "coordinates": [9.45088, 42.69304]}, "properties": {"v": 0.12, "d": "2019-11-30", "s": "geiger", "m": ""}}, {"type": "Feature", "geometry": {"type": "Point", "coordinates": [9.45101, 42.69303]}, "properties": {"v": 0.14, "d": "2019-11-30", "s": "geiger", "m": ""}}, {"type": "Feature", "geometry": {"type": "Point", "coordinates": [9.45147, 42.69252]}, "properties": {"v": 0.12, "d": "2019-11-30", "s": "geiger", "m": ""}}, {"type": "Feature", "geometry": {"type": "Point", "coordinates": [9.45146, 42.69233]}, "properties": {"v": 0.1, "d": "2019-11-30", "s": "geiger", "m": ""}}, {"type": "Feature", "geometry": {"type": "Point", "coordinates": [9.45138, 42.69252]}, "properties": {"v": 0.11, "d": "2019-11-30", "s": "geiger", "m": ""}}, {"type": "Feature", "geometry": {"type": "Point", "coordinates": [9.45125, 42.69217]}, "properties": {"v": 0.07, "d": "2019-11-30", "s": "geiger", "m": ""}}, {"type": "Feature", "geometry": {"type": "Point", "coordinates": [9.45134, 42.6923]}, "properties": {"v": 0.1, "d": "2019-11-30", "s": "geiger", "m": ""}}, {"type": "Feature", "geometry": {"type": "Point", "coordinates": [9.45131, 42.69233]}, "properties": {"v": 0.13, "d": "2019-11-30", "s": "geiger", "m": ""}}, {"type": "Feature", "geometry": {"type": "Point", "coordinates": [9.45096, 42.69232]}, "properties": {"v": 0.11, "d": "2019-11-30", "s": "geiger", "m": ""}}, {"type": "Feature", "geometry": {"type": "Point", "coordinates": [9.45079, 42.69237]}, "properties": {"v": 0.07, "d": "2019-11-30", "s": "geiger", "m": ""}}, {"type": "Feature", "geometry": {"type": "Point", "coordinates": [9.4504, 42.69258]}, "properties": {"v": 0.08, "d": "2019-11-30", "s": "geiger", "m": ""}}, {"type": "Feature", "geometry": {"type": "Point", "coordinates": [9.45036, 42.69242]}, "properties": {"v": 0.13, "d": "2019-11-30", "s": "geiger", "m": ""}}, {"type": "Feature", "geometry": {"type": "Point", "coordinates": [9.45032, 42.69253]}, "properties": {"v": 0.11, "d": "2019-11-30", "s": "geiger", "m": ""}}, {"type": "Feature", "geometry": {"type": "Point", "coordinates": [9.45044, 42.69264]}, "properties": {"v": 0.1, "d": "2019-11-30", "s": "geiger", "m": ""}}, {"type": "Feature", "geometry": {"type": "Point", "coordinates": [9.45031, 42.6927]}, "properties": {"v": 0.09, "d": "2019-11-30", "s": "geiger", "m": ""}}, {"type": "Feature", "geometry": {"type": "Point", "coordinates": [9.45024, 42.69302]}, "properties": {"v": 0.1, "d": "2019-11-30", "s": "geiger", "m": ""}}, {"type": "Feature", "geometry": {"type": "Point", "coordinates": [9.45023, 42.69296]}, "properties": {"v": 0.1, "d": "2019-11-30", "s": "geiger", "m": ""}}, {"type": "Feature", "geometry": {"type": "Point", "coordinates": [9.45003, 42.6931]}, "properties": {"v": 0.11, "d": "2019-11-30", "s": "geiger", "m": ""}}, {"type": "Feature", "geometry": {"type": "Point", "coordinates": [9.45026, 42.6932]}, "properties": {"v": 0.09, "d": "2019-11-30", "s": "geiger", "m": ""}}, {"type": "Feature", "geometry": {"type": "Point", "coordinates": [9.45051, 42.69345]}, "properties": {"v": 0.13, "d": "2019-11-30", "s": "geiger", "m": ""}}, {"type": "Feature", "geometry": {"type": "Point", "coordinates": [9.45063, 42.69362]}, "properties": {"v": 0.1, "d": "2019-11-30", "s": "geiger", "m": ""}}, {"type": "Feature", "geometry": {"type": "Point", "coordinates": [9.45065, 42.69394]}, "properties": {"v": 0.12, "d": "2019-11-30", "s": "geiger", "m": ""}}, {"type": "Feature", "geometry": {"type": "Point", "coordinates": [9.45046, 42.69437]}, "properties": {"v": 0.13, "d": "2019-11-30", "s": "geiger", "m": ""}}, {"type": "Feature", "geometry": {"type": "Point", "coordinates": [9.45055, 42.69443]}, "properties": {"v": 0.12, "d": "2019-11-30", "s": "geiger", "m": ""}}, {"type": "Feature", "geometry": {"type": "Point", "coordinates": [9.45086, 42.69461]}, "properties": {"v": 0.1, "d": "2019-11-30", "s": "geiger", "m": ""}}, {"type": "Feature", "geometry": {"type": "Point", "coordinates": [9.45105, 42.69462]}, "properties": {"v": 0.07, "d": "2019-11-30", "s": "geiger", "m": ""}}, {"type": "Feature", "geometry": {"type": "Point", "coordinates": [9.45136, 42.69466]}, "properties": {"v": 0.09, "d": "2019-11-30", "s": "geiger", "m": ""}}, {"type": "Feature", "geometry": {"type": "Point", "coordinates": [9.45149, 42.69495]}, "properties": {"v": 0.09, "d": "2019-11-30", "s": "geiger", "m": ""}}, {"type": "Feature", "geometry": {"type": "Point", "coordinates": [9.45094, 42.69508]}, "properties": {"v": 0.09, "d": "2019-11-30", "s": "geiger", "m": ""}}, {"type": "Feature", "geometry": {"type": "Point", "coordinates": [9.45062, 42.69528]}, "properties": {"v": 0.12, "d": "2019-11-30", "s": "geiger", "m": ""}}, {"type": "Feature", "geometry": {"type": "Point", "coordinates": [9.45021, 42.6955]}, "properties": {"v": 0.09, "d": "2019-11-30", "s": "geiger", "m": ""}}, {"type": "Feature", "geometry": {"type": "Point", "coordinates": [9.45001, 42.69565]}, "properties": {"v": 0.1, "d": "2019-11-30", "s": "geiger", "m": ""}}, {"type": "Feature", "geometry": {"type": "Point", "coordinates": [9.44971, 42.69617]}, "properties": {"v": 0.11, "d": "2019-11-30", "s": "geiger", "m": ""}}, {"type": "Feature", "geometry": {"type": "Point", "coordinates": [9.4501, 42.69646]}, "properties": {"v": 0.11, "d": "2019-11-30", "s": "geiger", "m": ""}}, {"type": "Feature", "geometry": {"type": "Point", "coordinates": [9.45064, 42.69643]}, "properties": {"v": 0.12, "d": "2019-11-30", "s": "geiger", "m": ""}}, {"type": "Feature", "geometry": {"type": "Point", "coordinates": [9.45118, 42.69618]}, "properties": {"v": 0.12, "d": "2019-11-30", "s": "geiger", "m": ""}}, {"type": "Feature", "geometry": {"type": "Point", "coordinates": [9.4514, 42.69613]}, "properties": {"v": 0.08, "d": "2019-11-30", "s": "geiger", "m": ""}}, {"type": "Feature", "geometry": {"type": "Point", "coordinates": [9.45166, 42.69608]}, "properties": {"v": 0.07, "d": "2019-11-30", "s": "geiger", "m": ""}}, {"type": "Feature", "geometry": {"type": "Point", "coordinates": [9.45227, 42.69609]}, "properties": {"v": 0.1, "d": "2019-11-30", "s": "geiger", "m": ""}}, {"type": "Feature", "geometry": {"type": "Point", "coordinates": [9.45242, 42.69644]}, "properties": {"v": 0.1, "d": "2019-11-30", "s": "geiger", "m": ""}}, {"type": "Feature", "geometry": {"type": "Point", "coordinates": [9.45172, 42.69658]}, "properties": {"v": 0.05, "d": "2019-11-30", "s": "geiger", "m": ""}}, {"type": "Feature", "geometry": {"type": "Point", "coordinates": [9.45118, 42.6967]}, "properties": {"v": 0.12, "d": "2019-11-30", "s": "geiger", "m": ""}}, {"type": "Feature", "geometry": {"type": "Point", "coordinates": [9.45089, 42.69702]}, "properties": {"v": 0.09, "d": "2019-11-30", "s": "geiger", "m": ""}}, {"type": "Feature", "geometry": {"type": "Point", "coordinates": [9.45083, 42.69703]}, "properties": {"v": 0.07, "d": "2019-11-30", "s": "geiger", "m": ""}}, {"type": "Feature", "geometry": {"type": "Point", "coordinates": [9.45075, 42.69717]}, "properties": {"v": 0.07, "d": "2019-11-30", "s": "geiger", "m": ""}}, {"type": "Feature", "geometry": {"type": "Point", "coordinates": [9.45075, 42.69717]}, "properties": {"v": 0.1, "d": "2019-11-30", "s": "geiger", "m": ""}}, {"type": "Feature", "geometry": {"type": "Point", "coordinates": [9.45073, 42.69725]}, "properties": {"v": 0.07, "d": "2019-11-30", "s": "geiger", "m": ""}}, {"type": "Feature", "geometry": {"type": "Point", "coordinates": [9.45069, 42.69729]}, "properties": {"v": 0.08, "d": "2019-11-30", "s": "geiger", "m": ""}}, {"type": "Feature", "geometry": {"type": "Point", "coordinates": [9.45006, 42.69734]}, "properties": {"v": 0.09, "d": "2019-11-30", "s": "geiger", "m": ""}}, {"type": "Feature", "geometry": {"type": "Point", "coordinates": [9.4499, 42.69737]}, "properties": {"v": 0.07, "d": "2019-11-30", "s": "geiger", "m": ""}}, {"type": "Feature", "geometry": {"type": "Point", "coordinates": [9.44988, 42.69737]}, "properties": {"v": 0.1, "d": "2019-11-30", "s": "geiger", "m": ""}}, {"type": "Feature", "geometry": {"type": "Point", "coordinates": [9.44985, 42.69738]}, "properties": {"v": 0.13, "d": "2019-11-30", "s": "geiger", "m": ""}}, {"type": "Feature", "geometry": {"type": "Point", "coordinates": [9.44975, 42.69739]}, "properties": {"v": 0.11, "d": "2019-11-30", "s": "geiger", "m": ""}}, {"type": "Feature", "geometry": {"type": "Point", "coordinates": [9.4498, 42.69738]}, "properties": {"v": 0.14, "d": "2019-11-30", "s": "geiger", "m": ""}}, {"type": "Feature", "geometry": {"type": "Point", "coordinates": [9.44984, 42.69736]}, "properties": {"v": 0.09, "d": "2019-11-30", "s": "geiger", "m": ""}}, {"type": "Feature", "geometry": {"type": "Point", "coordinates": [9.44981, 42.69735]}, "properties": {"v": 0.1, "d": "2019-11-30", "s": "geiger", "m": ""}}, {"type": "Feature", "geometry": {"type": "Point", "coordinates": [9.44981, 42.69737]}, "properties": {"v": 0.1, "d": "2019-11-30", "s": "geiger", "m": ""}}, {"type": "Feature", "geometry": {"type": "Point", "coordinates": [9.44985, 42.69734]}, "properties": {"v": 0.1, "d": "2019-11-30", "s": "geiger", "m": ""}}, {"type": "Feature", "geometry": {"type": "Point", "coordinates": [9.44985, 42.69765]}, "properties": {"v": 0.1, "d": "2019-11-30", "s": "geiger", "m": ""}}, {"type": "Feature", "geometry": {"type": "Point", "coordinates": [9.44998, 42.69768]}, "properties": {"v": 0.14, "d": "2019-11-30", "s": "geiger", "m": ""}}, {"type": "Feature", "geometry": {"type": "Point", "coordinates": [9.44996, 42.69787]}, "properties": {"v": 0.12, "d": "2019-11-30", "s": "geiger", "m": ""}}, {"type": "Feature", "geometry": {"type": "Point", "coordinates": [9.45012, 42.69806]}, "properties": {"v": 0.13, "d": "2019-11-30", "s": "geiger", "m": ""}}, {"type": "Feature", "geometry": {"type": "Point", "coordinates": [9.45001, 42.69809]}, "properties": {"v": 0.11, "d": "2019-11-30", "s": "geiger", "m": ""}}, {"type": "Feature", "geometry": {"type": "Point", "coordinates": [9.45003, 42.69822]}, "properties": {"v": 0.11, "d": "2019-11-30", "s": "geiger", "m": ""}}, {"type": "Feature", "geometry": {"type": "Point", "coordinates": [9.45006, 42.69825]}, "properties": {"v": 0.09, "d": "2019-11-30", "s": "geiger", "m": ""}}, {"type": "Feature", "geometry": {"type": "Point", "coordinates": [9.44999, 42.69815]}, "properties": {"v": 0.06, "d": "2019-11-30", "s": "geiger", "m": ""}}, {"type": "Feature", "geometry": {"type": "Point", "coordinates": [9.45013, 42.6988]}, "properties": {"v": 0.08, "d": "2019-11-30", "s": "geiger", "m": ""}}, {"type": "Feature", "geometry": {"type": "Point", "coordinates": [9.33884, 42.50786]}, "properties": {"v": 0.06, "d": "2019-11-30", "s": "geiger", "m": ""}}, {"type": "Feature", "geometry": {"type": "Point", "coordinates": [9.32977, 42.50516]}, "properties": {"v": 0.09, "d": "2019-11-30", "s": "geiger", "m": ""}}, {"type": "Feature", "geometry": {"type": "Point", "coordinates": [9.31084, 42.50335]}, "properties": {"v": 0.09, "d": "2019-11-30", "s": "geiger", "m": ""}}, {"type": "Feature", "geometry": {"type": "Point", "coordinates": [9.28743, 42.48776]}, "properties": {"v": 0.07, "d": "2019-11-30", "s": "geiger", "m": ""}}, {"type": "Feature", "geometry": {"type": "Point", "coordinates": [9.28026, 42.48062]}, "properties": {"v": 0.11, "d": "2019-11-30", "s": "geiger", "m": ""}}, {"type": "Feature", "geometry": {"type": "Point", "coordinates": [9.27643, 42.47691]}, "properties": {"v": 0.1, "d": "2019-11-30", "s": "geiger", "m": ""}}, {"type": "Feature", "geometry": {"type": "Point", "coordinates": [9.26781, 42.47459]}, "properties": {"v": 0.13, "d": "2019-11-30", "s": "geiger", "m": ""}}, {"type": "Feature", "geometry": {"type": "Point", "coordinates": [9.25819, 42.47536]}, "properties": {"v": 0.07, "d": "2019-11-30", "s": "geiger", "m": ""}}, {"type": "Feature", "geometry": {"type": "Point", "coordinates": [9.24865, 42.47346]}, "properties": {"v": 0.08, "d": "2019-11-30", "s": "geiger", "m": ""}}, {"type": "Feature", "geometry": {"type": "Point", "coordinates": [9.23834, 42.47141]}, "properties": {"v": 0.07, "d": "2019-11-30", "s": "geiger", "m": ""}}, {"type": "Feature", "geometry": {"type": "Point", "coordinates": [9.21657, 42.47469]}, "properties": {"v": 0.08, "d": "2019-11-30", "s": "geiger", "m": ""}}, {"type": "Feature", "geometry": {"type": "Point", "coordinates": [9.21092, 42.47344]}, "properties": {"v": 0.08, "d": "2019-11-30", "s": "geiger", "m": ""}}, {"type": "Feature", "geometry": {"type": "Point", "coordinates": [9.20386, 42.46894]}, "properties": {"v": 0.11, "d": "2019-11-30", "s": "geiger", "m": ""}}, {"type": "Feature", "geometry": {"type": "Point", "coordinates": [9.20389, 42.4653]}, "properties": {"v": 0.1, "d": "2019-11-30", "s": "geiger", "m": ""}}, {"type": "Feature", "geometry": {"type": "Point", "coordinates": [9.20389, 42.46522]}, "properties": {"v": 0.08, "d": "2019-11-30", "s": "geiger", "m": ""}}, {"type": "Feature", "geometry": {"type": "Point", "coordinates": [9.20389, 42.46522]}, "properties": {"v": 0.11, "d": "2019-11-30", "s": "geiger", "m": ""}}, {"type": "Feature", "geometry": {"type": "Point", "coordinates": [9.20389, 42.46522]}, "properties": {"v": 0.07, "d": "2019-11-30", "s": "geiger", "m": ""}}, {"type": "Feature", "geometry": {"type": "Point", "coordinates": [9.20389, 42.46522]}, "properties": {"v": 0.07, "d": "2019-11-30", "s": "geiger", "m": ""}}, {"type": "Feature", "geometry": {"type": "Point", "coordinates": [9.20388, 42.46523]}, "properties": {"v": 0.09, "d": "2019-11-30", "s": "geiger", "m": ""}}, {"type": "Feature", "geometry": {"type": "Point", "coordinates": [9.20388, 42.46523]}, "properties": {"v": 0.07, "d": "2019-11-30", "s": "geiger", "m": ""}}, {"type": "Feature", "geometry": {"type": "Point", "coordinates": [9.20562, 42.46075]}, "properties": {"v": 0.1, "d": "2019-11-30", "s": "geiger", "m": ""}}, {"type": "Feature", "geometry": {"type": "Point", "coordinates": [9.20458, 42.45368]}, "properties": {"v": 0.09, "d": "2019-11-30", "s": "geiger", "m": ""}}, {"type": "Feature", "geometry": {"type": "Point", "coordinates": [9.19629, 42.44891]}, "properties": {"v": 0.11, "d": "2019-11-30", "s": "geiger", "m": ""}}, {"type": "Feature", "geometry": {"type": "Point", "coordinates": [9.20356, 42.42894]}, "properties": {"v": 0.09, "d": "2019-11-30", "s": "geiger", "m": ""}}, {"type": "Feature", "geometry": {"type": "Point", "coordinates": [9.193, 42.4043]}, "properties": {"v": 0.1, "d": "2019-11-30", "s": "geiger", "m": ""}}, {"type": "Feature", "geometry": {"type": "Point", "coordinates": [9.18958, 42.4007]}, "properties": {"v": 0.13, "d": "2019-11-30", "s": "geiger", "m": ""}}, {"type": "Feature", "geometry": {"type": "Point", "coordinates": [9.18498, 42.39481]}, "properties": {"v": 0.09, "d": "2019-11-30", "s": "geiger", "m": ""}}, {"type": "Feature", "geometry": {"type": "Point", "coordinates": [9.17561, 42.39502]}, "properties": {"v": 0.1, "d": "2019-11-30", "s": "geiger", "m": ""}}, {"type": "Feature", "geometry": {"type": "Point", "coordinates": [9.16989, 42.3932]}, "properties": {"v": 0.11, "d": "2019-11-30", "s": "geiger", "m": ""}}, {"type": "Feature", "geometry": {"type": "Point", "coordinates": [9.17813, 42.3898]}, "properties": {"v": 0.13, "d": "2019-11-30", "s": "geiger", "m": ""}}, {"type": "Feature", "geometry": {"type": "Point", "coordinates": [9.18517, 42.38649]}, "properties": {"v": 0.13, "d": "2019-11-30", "s": "geiger", "m": ""}}, {"type": "Feature", "geometry": {"type": "Point", "coordinates": [9.19239, 42.3859]}, "properties": {"v": 0.12, "d": "2019-11-30", "s": "geiger", "m": ""}}, {"type": "Feature", "geometry": {"type": "Point", "coordinates": [9.1882, 42.37764]}, "properties": {"v": 0.06, "d": "2019-11-30", "s": "geiger", "m": ""}}, {"type": "Feature", "geometry": {"type": "Point", "coordinates": [9.18066, 42.37235]}, "properties": {"v": 0.08, "d": "2019-11-30", "s": "geiger", "m": ""}}, {"type": "Feature", "geometry": {"type": "Point", "coordinates": [9.17295, 42.36957]}, "properties": {"v": 0.11, "d": "2019-11-30", "s": "geiger", "m": ""}}, {"type": "Feature", "geometry": {"type": "Point", "coordinates": [9.17901, 42.36026]}, "properties": {"v": 0.08, "d": "2019-11-30", "s": "geiger", "m": ""}}, {"type": "Feature", "geometry": {"type": "Point", "coordinates": [9.17167, 42.3588]}, "properties": {"v": 0.1, "d": "2019-11-30", "s": "geiger", "m": ""}}, {"type": "Feature", "geometry": {"type": "Point", "coordinates": [9.17258, 42.34463]}, "properties": {"v": 0.06, "d": "2019-11-30", "s": "geiger", "m": ""}}, {"type": "Feature", "geometry": {"type": "Point", "coordinates": [9.17513, 42.33545]}, "properties": {"v": 0.13, "d": "2019-11-30", "s": "geiger", "m": ""}}, {"type": "Feature", "geometry": {"type": "Point", "coordinates": [9.17505, 42.32898]}, "properties": {"v": 0.09, "d": "2019-11-30", "s": "geiger", "m": ""}}, {"type": "Feature", "geometry": {"type": "Point", "coordinates": [9.18018, 42.32182]}, "properties": {"v": 0.1, "d": "2019-11-30", "s": "geiger", "m": ""}}, {"type": "Feature", "geometry": {"type": "Point", "coordinates": [9.17474, 42.31766]}, "properties": {"v": 0.07, "d": "2019-11-30", "s": "geiger", "m": ""}}, {"type": "Feature", "geometry": {"type": "Point", "coordinates": [9.17521, 42.31191]}, "properties": {"v": 0.08, "d": "2019-11-30", "s": "geiger", "m": ""}}, {"type": "Feature", "geometry": {"type": "Point", "coordinates": [9.1702, 42.30501]}, "properties": {"v": 0.09, "d": "2019-11-30", "s": "geiger", "m": ""}}, {"type": "Feature", "geometry": {"type": "Point", "coordinates": [9.15829, 42.30351]}, "properties": {"v": 0.1, "d": "2019-11-30", "s": "geiger", "m": ""}}, {"type": "Feature", "geometry": {"type": "Point", "coordinates": [9.15827, 42.30378]}, "properties": {"v": 0.19, "d": "2019-11-30", "s": "geiger", "m": ""}}, {"type": "Feature", "geometry": {"type": "Point", "coordinates": [9.15828, 42.30377]}, "properties": {"v": 0.14, "d": "2019-11-30", "s": "geiger", "m": ""}}, {"type": "Feature", "geometry": {"type": "Point", "coordinates": [9.15834, 42.30357]}, "properties": {"v": 0.14, "d": "2019-11-30", "s": "geiger", "m": ""}}, {"type": "Feature", "geometry": {"type": "Point", "coordinates": [9.15828, 42.30323]}, "properties": {"v": 0.13, "d": "2019-11-30", "s": "geiger", "m": ""}}, {"type": "Feature", "geometry": {"type": "Point", "coordinates": [9.15868, 42.30281]}, "properties": {"v": 0.17, "d": "2019-11-30", "s": "geiger", "m": ""}}, {"type": "Feature", "geometry": {"type": "Point", "coordinates": [9.15852, 42.30269]}, "properties": {"v": 0.14, "d": "2019-11-30", "s": "geiger", "m": ""}}, {"type": "Feature", "geometry": {"type": "Point", "coordinates": [9.15821, 42.30327]}, "properties": {"v": 0.16, "d": "2019-11-30", "s": "geiger", "m": ""}}, {"type": "Feature", "geometry": {"type": "Point", "coordinates": [9.15804, 42.30386]}, "properties": {"v": 0.18, "d": "2019-11-30", "s": "geiger", "m": ""}}, {"type": "Feature", "geometry": {"type": "Point", "coordinates": [9.15799, 42.30441]}, "properties": {"v": 0.17, "d": "2019-11-30", "s": "geiger", "m": ""}}, {"type": "Feature", "geometry": {"type": "Point", "coordinates": [9.15769, 42.30496]}, "properties": {"v": 0.14, "d": "2019-11-30", "s": "geiger", "m": ""}}, {"type": "Feature", "geometry": {"type": "Point", "coordinates": [9.15747, 42.30558]}, "properties": {"v": 0.13, "d": "2019-11-30", "s": "geiger", "m": ""}}, {"type": "Feature", "geometry": {"type": "Point", "coordinates": [9.15675, 42.30597]}, "properties": {"v": 0.12, "d": "2019-11-30", "s": "geiger", "m": ""}}, {"type": "Feature", "geometry": {"type": "Point", "coordinates": [9.15603, 42.30618]}, "properties": {"v": 0.16, "d": "2019-11-30", "s": "geiger", "m": ""}}, {"type": "Feature", "geometry": {"type": "Point", "coordinates": [9.1508, 42.30431]}, "properties": {"v": 0.19, "d": "2019-11-29", "s": "geiger", "m": ""}}, {"type": "Feature", "geometry": {"type": "Point", "coordinates": [9.15039, 42.30382]}, "properties": {"v": 0.17, "d": "2019-11-29", "s": "geiger", "m": ""}}, {"type": "Feature", "geometry": {"type": "Point", "coordinates": [9.15011, 42.30345]}, "properties": {"v": 0.16, "d": "2019-11-29", "s": "geiger", "m": ""}}, {"type": "Feature", "geometry": {"type": "Point", "coordinates": [9.14956, 42.3033]}, "properties": {"v": 0.2, "d": "2019-11-29", "s": "geiger", "m": ""}}, {"type": "Feature", "geometry": {"type": "Point", "coordinates": [9.14982, 42.30311]}, "properties": {"v": 0.14, "d": "2019-11-29", "s": "geiger", "m": ""}}, {"type": "Feature", "geometry": {"type": "Point", "coordinates": [9.14992, 42.303]}, "properties": {"v": 0.1, "d": "2019-11-29", "s": "geiger", "m": ""}}, {"type": "Feature", "geometry": {"type": "Point", "coordinates": [9.14991, 42.30287]}, "properties": {"v": 0.13, "d": "2019-11-29", "s": "geiger", "m": ""}}, {"type": "Feature", "geometry": {"type": "Point", "coordinates": [9.14992, 42.30284]}, "properties": {"v": 0.13, "d": "2019-11-29", "s": "geiger", "m": ""}}, {"type": "Feature", "geometry": {"type": "Point", "coordinates": [9.14993, 42.30283]}, "properties": {"v": 0.11, "d": "2019-11-29", "s": "geiger", "m": ""}}, {"type": "Feature", "geometry": {"type": "Point", "coordinates": [9.14994, 42.30286]}, "properties": {"v": 0.12, "d": "2019-11-29", "s": "geiger", "m": ""}}, {"type": "Feature", "geometry": {"type": "Point", "coordinates": [9.14995, 42.30286]}, "properties": {"v": 0.13, "d": "2019-11-29", "s": "geiger", "m": ""}}, {"type": "Feature", "geometry": {"type": "Point", "coordinates": [9.14996, 42.3028]}, "properties": {"v": 0.15, "d": "2019-11-29", "s": "geiger", "m": ""}}, {"type": "Feature", "geometry": {"type": "Point", "coordinates": [9.14971, 42.30237]}, "properties": {"v": 0.14, "d": "2019-11-29", "s": "geiger", "m": ""}}, {"type": "Feature", "geometry": {"type": "Point", "coordinates": [9.14913, 42.3023]}, "properties": {"v": 0.2, "d": "2019-11-29", "s": "geiger", "m": ""}}, {"type": "Feature", "geometry": {"type": "Point", "coordinates": [9.14881, 42.30218]}, "properties": {"v": 0.19, "d": "2019-11-29", "s": "geiger", "m": ""}}, {"type": "Feature", "geometry": {"type": "Point", "coordinates": [9.14856, 42.30212]}, "properties": {"v": 0.23, "d": "2019-11-29", "s": "geiger", "m": ""}}, {"type": "Feature", "geometry": {"type": "Point", "coordinates": [9.14825, 42.30217]}, "properties": {"v": 0.18, "d": "2019-11-29", "s": "geiger", "m": ""}}, {"type": "Feature", "geometry": {"type": "Point", "coordinates": [9.14774, 42.30243]}, "properties": {"v": 0.23, "d": "2019-11-29", "s": "geiger", "m": ""}}, {"type": "Feature", "geometry": {"type": "Point", "coordinates": [9.14761, 42.30255]}, "properties": {"v": 0.17, "d": "2019-11-29", "s": "geiger", "m": ""}}, {"type": "Feature", "geometry": {"type": "Point", "coordinates": [9.14772, 42.30246]}, "properties": {"v": 0.2, "d": "2019-11-29", "s": "geiger", "m": ""}}, {"type": "Feature", "geometry": {"type": "Point", "coordinates": [9.14771, 42.30247]}, "properties": {"v": 0.19, "d": "2019-11-29", "s": "geiger", "m": ""}}, {"type": "Feature", "geometry": {"type": "Point", "coordinates": [9.14772, 42.30246]}, "properties": {"v": 0.26, "d": "2019-11-29", "s": "geiger", "m": ""}}, {"type": "Feature", "geometry": {"type": "Point", "coordinates": [9.14818, 42.30223]}, "properties": {"v": 0.22, "d": "2019-11-29", "s": "geiger", "m": ""}}, {"type": "Feature", "geometry": {"type": "Point", "coordinates": [9.1487, 42.30215]}, "properties": {"v": 0.21, "d": "2019-11-29", "s": "geiger", "m": ""}}, {"type": "Feature", "geometry": {"type": "Point", "coordinates": [9.14926, 42.30234]}, "properties": {"v": 0.21, "d": "2019-11-29", "s": "geiger", "m": ""}}, {"type": "Feature", "geometry": {"type": "Point", "coordinates": [9.14984, 42.30256]}, "properties": {"v": 0.12, "d": "2019-11-29", "s": "geiger", "m": ""}}, {"type": "Feature", "geometry": {"type": "Point", "coordinates": [9.14997, 42.30303]}, "properties": {"v": 0.15, "d": "2019-11-29", "s": "geiger", "m": ""}}, {"type": "Feature", "geometry": {"type": "Point", "coordinates": [9.15042, 42.30332]}, "properties": {"v": 0.11, "d": "2019-11-29", "s": "geiger", "m": ""}}, {"type": "Feature", "geometry": {"type": "Point", "coordinates": [9.15083, 42.30374]}, "properties": {"v": 0.14, "d": "2019-11-29", "s": "geiger", "m": ""}}, {"type": "Feature", "geometry": {"type": "Point", "coordinates": [9.15133, 42.30417]}, "properties": {"v": 0.15, "d": "2019-11-29", "s": "geiger", "m": ""}}, {"type": "Feature", "geometry": {"type": "Point", "coordinates": [9.1517, 42.3045]}, "properties": {"v": 0.13, "d": "2019-11-29", "s": "geiger", "m": ""}}, {"type": "Feature", "geometry": {"type": "Point", "coordinates": [9.15181, 42.30462]}, "properties": {"v": 0.09, "d": "2019-11-29", "s": "geiger", "m": ""}}, {"type": "Feature", "geometry": {"type": "Point", "coordinates": [9.15191, 42.30478]}, "properties": {"v": 0.11, "d": "2019-11-29", "s": "geiger", "m": ""}}, {"type": "Feature", "geometry": {"type": "Point", "coordinates": [9.15239, 42.30497]}, "properties": {"v": 0.15, "d": "2019-11-29", "s": "geiger", "m": ""}}, {"type": "Feature", "geometry": {"type": "Point", "coordinates": [9.15266, 42.30511]}, "properties": {"v": 0.16, "d": "2019-11-29", "s": "geiger", "m": ""}}, {"type": "Feature", "geometry": {"type": "Point", "coordinates": [9.15074, 42.30634]}, "properties": {"v": 0.14, "d": "2019-11-29", "s": "geiger", "m": ""}}, {"type": "Feature", "geometry": {"type": "Point", "coordinates": [9.15024, 42.30654]}, "properties": {"v": 0.16, "d": "2019-11-29", "s": "geiger", "m": ""}}, {"type": "Feature", "geometry": {"type": "Point", "coordinates": [9.14836, 42.30732]}, "properties": {"v": 0.08, "d": "2019-11-29", "s": "geiger", "m": ""}}, {"type": "Feature", "geometry": {"type": "Point", "coordinates": [9.1478, 42.30771]}, "properties": {"v": 0.15, "d": "2019-11-29", "s": "geiger", "m": ""}}, {"type": "Feature", "geometry": {"type": "Point", "coordinates": [9.14846, 42.30633]}, "properties": {"v": 0.17, "d": "2019-11-29", "s": "geiger", "m": ""}}, {"type": "Feature", "geometry": {"type": "Point", "coordinates": [9.1486, 42.30669]}, "properties": {"v": 0.12, "d": "2019-11-29", "s": "geiger", "m": ""}}, {"type": "Feature", "geometry": {"type": "Point", "coordinates": [9.14874, 42.30653]}, "properties": {"v": 0.16, "d": "2019-11-29", "s": "geiger", "m": ""}}, {"type": "Feature", "geometry": {"type": "Point", "coordinates": [9.14884, 42.30659]}, "properties": {"v": 0.18, "d": "2019-11-29", "s": "geiger", "m": ""}}, {"type": "Feature", "geometry": {"type": "Point", "coordinates": [9.14878, 42.30617]}, "properties": {"v": 0.15, "d": "2019-11-29", "s": "geiger", "m": ""}}, {"type": "Feature", "geometry": {"type": "Point", "coordinates": [9.14895, 42.30667]}, "properties": {"v": 0.17, "d": "2019-11-29", "s": "geiger", "m": ""}}, {"type": "Feature", "geometry": {"type": "Point", "coordinates": [9.14888, 42.30643]}, "properties": {"v": 0.17, "d": "2019-11-29", "s": "geiger", "m": ""}}, {"type": "Feature", "geometry": {"type": "Point", "coordinates": [9.14855, 42.30607]}, "properties": {"v": 0.16, "d": "2019-11-29", "s": "geiger", "m": ""}}, {"type": "Feature", "geometry": {"type": "Point", "coordinates": [9.14897, 42.30555]}, "properties": {"v": 0.11, "d": "2019-11-29", "s": "geiger", "m": ""}}, {"type": "Feature", "geometry": {"type": "Point", "coordinates": [9.14926, 42.30579]}, "properties": {"v": 0.12, "d": "2019-11-29", "s": "geiger", "m": ""}}, {"type": "Feature", "geometry": {"type": "Point", "coordinates": [9.1496, 42.30591]}, "properties": {"v": 0.13, "d": "2019-11-29", "s": "geiger", "m": ""}}, {"type": "Feature", "geometry": {"type": "Point", "coordinates": [9.1497, 42.30646]}, "properties": {"v": 0.19, "d": "2019-11-29", "s": "geiger", "m": ""}}, {"type": "Feature", "geometry": {"type": "Point", "coordinates": [9.15005, 42.30653]}, "properties": {"v": 0.19, "d": "2019-11-29", "s": "geiger", "m": ""}}, {"type": "Feature", "geometry": {"type": "Point", "coordinates": [9.15057, 42.30675]}, "properties": {"v": 0.22, "d": "2019-11-29", "s": "geiger", "m": ""}}, {"type": "Feature", "geometry": {"type": "Point", "coordinates": [9.15037, 42.30662]}, "properties": {"v": 0.17, "d": "2019-11-29", "s": "geiger", "m": ""}}, {"type": "Feature", "geometry": {"type": "Point", "coordinates": [9.15055, 42.30722]}, "properties": {"v": 0.14, "d": "2019-11-29", "s": "geiger", "m": ""}}, {"type": "Feature", "geometry": {"type": "Point", "coordinates": [9.15043, 42.30703]}, "properties": {"v": 0.12, "d": "2019-11-29", "s": "geiger", "m": ""}}, {"type": "Feature", "geometry": {"type": "Point", "coordinates": [9.15038, 42.30683]}, "properties": {"v": 0.18, "d": "2019-11-29", "s": "geiger", "m": ""}}, {"type": "Feature", "geometry": {"type": "Point", "coordinates": [9.15043, 42.30704]}, "properties": {"v": 0.15, "d": "2019-11-29", "s": "geiger", "m": ""}}, {"type": "Feature", "geometry": {"type": "Point", "coordinates": [9.15046, 42.307]}, "properties": {"v": 0.19, "d": "2019-11-29", "s": "geiger", "m": ""}}, {"type": "Feature", "geometry": {"type": "Point", "coordinates": [9.15037, 42.30674]}, "properties": {"v": 0.13, "d": "2019-11-29", "s": "geiger", "m": ""}}, {"type": "Feature", "geometry": {"type": "Point", "coordinates": [9.15038, 42.30695]}, "properties": {"v": 0.15, "d": "2019-11-29", "s": "geiger", "m": ""}}, {"type": "Feature", "geometry": {"type": "Point", "coordinates": [9.15047, 42.30678]}, "properties": {"v": 0.13, "d": "2019-11-29", "s": "geiger", "m": ""}}, {"type": "Feature", "geometry": {"type": "Point", "coordinates": [9.15046, 42.30718]}, "properties": {"v": 0.15, "d": "2019-11-29", "s": "geiger", "m": ""}}, {"type": "Feature", "geometry": {"type": "Point", "coordinates": [9.15044, 42.3068]}, "properties": {"v": 0.1, "d": "2019-11-29", "s": "geiger", "m": ""}}, {"type": "Feature", "geometry": {"type": "Point", "coordinates": [9.15012, 42.30633]}, "properties": {"v": 0.16, "d": "2019-11-29", "s": "geiger", "m": ""}}, {"type": "Feature", "geometry": {"type": "Point", "coordinates": [9.15019, 42.3062]}, "properties": {"v": 0.13, "d": "2019-11-29", "s": "geiger", "m": ""}}, {"type": "Feature", "geometry": {"type": "Point", "coordinates": [9.15034, 42.30628]}, "properties": {"v": 0.18, "d": "2019-11-29", "s": "geiger", "m": ""}}, {"type": "Feature", "geometry": {"type": "Point", "coordinates": [9.15039, 42.30636]}, "properties": {"v": 0.16, "d": "2019-11-29", "s": "geiger", "m": ""}}, {"type": "Feature", "geometry": {"type": "Point", "coordinates": [9.15047, 42.30649]}, "properties": {"v": 0.14, "d": "2019-11-29", "s": "geiger", "m": ""}}, {"type": "Feature", "geometry": {"type": "Point", "coordinates": [9.15036, 42.30663]}, "properties": {"v": 0.16, "d": "2019-11-29", "s": "geiger", "m": ""}}, {"type": "Feature", "geometry": {"type": "Point", "coordinates": [9.15043, 42.30626]}, "properties": {"v": 0.17, "d": "2019-11-29", "s": "geiger", "m": ""}}, {"type": "Feature", "geometry": {"type": "Point", "coordinates": [9.15044, 42.3064]}, "properties": {"v": 0.18, "d": "2019-11-29", "s": "geiger", "m": ""}}, {"type": "Feature", "geometry": {"type": "Point", "coordinates": [9.15029, 42.30653]}, "properties": {"v": 0.16, "d": "2019-11-29", "s": "geiger", "m": ""}}, {"type": "Feature", "geometry": {"type": "Point", "coordinates": [9.14984, 42.30656]}, "properties": {"v": 0.15, "d": "2019-11-29", "s": "geiger", "m": ""}}, {"type": "Feature", "geometry": {"type": "Point", "coordinates": [9.14974, 42.30614]}, "properties": {"v": 0.12, "d": "2019-11-29", "s": "geiger", "m": ""}}, {"type": "Feature", "geometry": {"type": "Point", "coordinates": [9.14952, 42.3058]}, "properties": {"v": 0.16, "d": "2019-11-29", "s": "geiger", "m": ""}}, {"type": "Feature", "geometry": {"type": "Point", "coordinates": [9.14926, 42.30556]}, "properties": {"v": 0.09, "d": "2019-11-29", "s": "geiger", "m": ""}}, {"type": "Feature", "geometry": {"type": "Point", "coordinates": [9.1488, 42.30558]}, "properties": {"v": 0.17, "d": "2019-11-29", "s": "geiger", "m": ""}}, {"type": "Feature", "geometry": {"type": "Point", "coordinates": [9.14823, 42.30642]}, "properties": {"v": 0.15, "d": "2019-11-29", "s": "geiger", "m": ""}}, {"type": "Feature", "geometry": {"type": "Point", "coordinates": [9.1487, 42.30636]}, "properties": {"v": 0.13, "d": "2019-11-29", "s": "geiger", "m": ""}}, {"type": "Feature", "geometry": {"type": "Point", "coordinates": [9.14858, 42.30638]}, "properties": {"v": 0.12, "d": "2019-11-29", "s": "geiger", "m": ""}}, {"type": "Feature", "geometry": {"type": "Point", "coordinates": [9.14869, 42.30637]}, "properties": {"v": 0.14, "d": "2019-11-29", "s": "geiger", "m": ""}}, {"type": "Feature", "geometry": {"type": "Point", "coordinates": [9.14797, 42.30628]}, "properties": {"v": 0.18, "d": "2019-11-29", "s": "geiger", "m": ""}}, {"type": "Feature", "geometry": {"type": "Point", "coordinates": [9.1483, 42.30631]}, "properties": {"v": 0.12, "d": "2019-11-29", "s": "geiger", "m": ""}}, {"type": "Feature", "geometry": {"type": "Point", "coordinates": [9.1489, 42.3068]}, "properties": {"v": 0.13, "d": "2019-11-29", "s": "geiger", "m": ""}}, {"type": "Feature", "geometry": {"type": "Point", "coordinates": [9.14888, 42.30656]}, "properties": {"v": 0.15, "d": "2019-11-29", "s": "geiger", "m": ""}}, {"type": "Feature", "geometry": {"type": "Point", "coordinates": [9.14905, 42.30657]}, "properties": {"v": 0.13, "d": "2019-11-29", "s": "geiger", "m": ""}}, {"type": "Feature", "geometry": {"type": "Point", "coordinates": [9.1487, 42.30665]}, "properties": {"v": 0.15, "d": "2019-11-29", "s": "geiger", "m": ""}}, {"type": "Feature", "geometry": {"type": "Point", "coordinates": [9.14884, 42.30673]}, "properties": {"v": 0.13, "d": "2019-11-29", "s": "geiger", "m": ""}}, {"type": "Feature", "geometry": {"type": "Point", "coordinates": [9.14896, 42.30668]}, "properties": {"v": 0.14, "d": "2019-11-29", "s": "geiger", "m": ""}}, {"type": "Feature", "geometry": {"type": "Point", "coordinates": [9.14902, 42.30649]}, "properties": {"v": 0.18, "d": "2019-11-29", "s": "geiger", "m": ""}}, {"type": "Feature", "geometry": {"type": "Point", "coordinates": [9.14886, 42.30652]}, "properties": {"v": 0.13, "d": "2019-11-29", "s": "geiger", "m": ""}}, {"type": "Feature", "geometry": {"type": "Point", "coordinates": [9.14908, 42.30667]}, "properties": {"v": 0.15, "d": "2019-11-29", "s": "geiger", "m": ""}}, {"type": "Feature", "geometry": {"type": "Point", "coordinates": [9.1486, 42.30647]}, "properties": {"v": 0.14, "d": "2019-11-29", "s": "geiger", "m": ""}}, {"type": "Feature", "geometry": {"type": "Point", "coordinates": [9.1486, 42.3064]}, "properties": {"v": 0.12, "d": "2019-11-29", "s": "geiger", "m": ""}}, {"type": "Feature", "geometry": {"type": "Point", "coordinates": [9.14872, 42.3063]}, "properties": {"v": 0.16, "d": "2019-11-29", "s": "geiger", "m": ""}}, {"type": "Feature", "geometry": {"type": "Point", "coordinates": [9.14885, 42.30626]}, "properties": {"v": 0.16, "d": "2019-11-29", "s": "geiger", "m": ""}}, {"type": "Feature", "geometry": {"type": "Point", "coordinates": [9.14858, 42.30625]}, "properties": {"v": 0.13, "d": "2019-11-29", "s": "geiger", "m": ""}}, {"type": "Feature", "geometry": {"type": "Point", "coordinates": [9.1492, 42.30635]}, "properties": {"v": 0.16, "d": "2019-11-29", "s": "geiger", "m": ""}}, {"type": "Feature", "geometry": {"type": "Point", "coordinates": [9.14893, 42.30646]}, "properties": {"v": 0.21, "d": "2019-11-29", "s": "geiger", "m": ""}}, {"type": "Feature", "geometry": {"type": "Point", "coordinates": [9.14875, 42.30657]}, "properties": {"v": 0.13, "d": "2019-11-29", "s": "geiger", "m": ""}}, {"type": "Feature", "geometry": {"type": "Point", "coordinates": [9.14891, 42.30648]}, "properties": {"v": 0.18, "d": "2019-11-29", "s": "geiger", "m": ""}}, {"type": "Feature", "geometry": {"type": "Point", "coordinates": [9.14887, 42.30647]}, "properties": {"v": 0.15, "d": "2019-11-29", "s": "geiger", "m": ""}}, {"type": "Feature", "geometry": {"type": "Point", "coordinates": [9.14903, 42.30648]}, "properties": {"v": 0.11, "d": "2019-11-29", "s": "geiger", "m": ""}}, {"type": "Feature", "geometry": {"type": "Point", "coordinates": [9.14896, 42.30643]}, "properties": {"v": 0.15, "d": "2019-11-29", "s": "geiger", "m": ""}}, {"type": "Feature", "geometry": {"type": "Point", "coordinates": [9.14868, 42.30646]}, "properties": {"v": 0.1, "d": "2019-11-29", "s": "geiger", "m": ""}}, {"type": "Feature", "geometry": {"type": "Point", "coordinates": [9.14919, 42.3064]}, "properties": {"v": 0.12, "d": "2019-11-29", "s": "geiger", "m": ""}}, {"type": "Feature", "geometry": {"type": "Point", "coordinates": [9.14886, 42.30638]}, "properties": {"v": 0.13, "d": "2019-11-29", "s": "geiger", "m": ""}}, {"type": "Feature", "geometry": {"type": "Point", "coordinates": [9.14891, 42.30652]}, "properties": {"v": 0.13, "d": "2019-11-29", "s": "geiger", "m": ""}}, {"type": "Feature", "geometry": {"type": "Point", "coordinates": [9.14902, 42.30656]}, "properties": {"v": 0.14, "d": "2019-11-29", "s": "geiger", "m": ""}}, {"type": "Feature", "geometry": {"type": "Point", "coordinates": [9.14831, 42.30644]}, "properties": {"v": 0.14, "d": "2019-11-29", "s": "geiger", "m": ""}}, {"type": "Feature", "geometry": {"type": "Point", "coordinates": [9.14898, 42.30658]}, "properties": {"v": 0.15, "d": "2019-11-29", "s": "geiger", "m": ""}}, {"type": "Feature", "geometry": {"type": "Point", "coordinates": [9.1491, 42.30645]}, "properties": {"v": 0.11, "d": "2019-11-29", "s": "geiger", "m": ""}}, {"type": "Feature", "geometry": {"type": "Point", "coordinates": [9.14905, 42.30643]}, "properties": {"v": 0.11, "d": "2019-11-29", "s": "geiger", "m": ""}}, {"type": "Feature", "geometry": {"type": "Point", "coordinates": [9.14878, 42.30629]}, "properties": {"v": 0.13, "d": "2019-11-29", "s": "geiger", "m": ""}}, {"type": "Feature", "geometry": {"type": "Point", "coordinates": [9.14921, 42.30644]}, "properties": {"v": 0.18, "d": "2019-11-29", "s": "geiger", "m": ""}}, {"type": "Feature", "geometry": {"type": "Point", "coordinates": [9.149, 42.3064]}, "properties": {"v": 0.15, "d": "2019-11-29", "s": "geiger", "m": ""}}, {"type": "Feature", "geometry": {"type": "Point", "coordinates": [9.14887, 42.30631]}, "properties": {"v": 0.15, "d": "2019-11-29", "s": "geiger", "m": ""}}, {"type": "Feature", "geometry": {"type": "Point", "coordinates": [9.14924, 42.30656]}, "properties": {"v": 0.14, "d": "2019-11-29", "s": "geiger", "m": ""}}, {"type": "Feature", "geometry": {"type": "Point", "coordinates": [9.14886, 42.30648]}, "properties": {"v": 0.19, "d": "2019-11-29", "s": "geiger", "m": ""}}, {"type": "Feature", "geometry": {"type": "Point", "coordinates": [9.14848, 42.3063]}, "properties": {"v": 0.16, "d": "2019-11-29", "s": "geiger", "m": ""}}, {"type": "Feature", "geometry": {"type": "Point", "coordinates": [9.14881, 42.30634]}, "properties": {"v": 0.16, "d": "2019-11-29", "s": "geiger", "m": ""}}, {"type": "Feature", "geometry": {"type": "Point", "coordinates": [9.14907, 42.30636]}, "properties": {"v": 0.15, "d": "2019-11-29", "s": "geiger", "m": ""}}, {"type": "Feature", "geometry": {"type": "Point", "coordinates": [9.14904, 42.30647]}, "properties": {"v": 0.13, "d": "2019-11-29", "s": "geiger", "m": ""}}, {"type": "Feature", "geometry": {"type": "Point", "coordinates": [9.14899, 42.30641]}, "properties": {"v": 0.16, "d": "2019-11-29", "s": "geiger", "m": ""}}, {"type": "Feature", "geometry": {"type": "Point", "coordinates": [9.14907, 42.30644]}, "properties": {"v": 0.13, "d": "2019-11-29", "s": "geiger", "m": ""}}, {"type": "Feature", "geometry": {"type": "Point", "coordinates": [9.14911, 42.30645]}, "properties": {"v": 0.15, "d": "2019-11-29", "s": "geiger", "m": ""}}, {"type": "Feature", "geometry": {"type": "Point", "coordinates": [9.14918, 42.3065]}, "properties": {"v": 0.13, "d": "2019-11-29", "s": "geiger", "m": ""}}, {"type": "Feature", "geometry": {"type": "Point", "coordinates": [9.15085, 42.30633]}, "properties": {"v": 0.13, "d": "2019-11-29", "s": "geiger", "m": ""}}, {"type": "Feature", "geometry": {"type": "Point", "coordinates": [9.14936, 42.30651]}, "properties": {"v": 0.15, "d": "2019-11-29", "s": "geiger", "m": ""}}, {"type": "Feature", "geometry": {"type": "Point", "coordinates": [9.14884, 42.30649]}, "properties": {"v": 0.16, "d": "2019-11-29", "s": "geiger", "m": ""}}, {"type": "Feature", "geometry": {"type": "Point", "coordinates": [9.14908, 42.3065]}, "properties": {"v": 0.14, "d": "2019-11-29", "s": "geiger", "m": ""}}, {"type": "Feature", "geometry": {"type": "Point", "coordinates": [9.14892, 42.3064]}, "properties": {"v": 0.12, "d": "2019-11-29", "s": "geiger", "m": ""}}, {"type": "Feature", "geometry": {"type": "Point", "coordinates": [9.14897, 42.30639]}, "properties": {"v": 0.15, "d": "2019-11-29", "s": "geiger", "m": ""}}, {"type": "Feature", "geometry": {"type": "Point", "coordinates": [9.14881, 42.30655]}, "properties": {"v": 0.13, "d": "2019-11-29", "s": "geiger", "m": ""}}, {"type": "Feature", "geometry": {"type": "Point", "coordinates": [9.14894, 42.30653]}, "properties": {"v": 0.14, "d": "2019-11-29", "s": "geiger", "m": ""}}, {"type": "Feature", "geometry": {"type": "Point", "coordinates": [9.1489, 42.30651]}, "properties": {"v": 0.18, "d": "2019-11-29", "s": "geiger", "m": ""}}, {"type": "Feature", "geometry": {"type": "Point", "coordinates": [9.1494, 42.30644]}, "properties": {"v": 0.15, "d": "2019-11-29", "s": "geiger", "m": ""}}, {"type": "Feature", "geometry": {"type": "Point", "coordinates": [9.14935, 42.30636]}, "properties": {"v": 0.16, "d": "2019-11-29", "s": "geiger", "m": ""}}, {"type": "Feature", "geometry": {"type": "Point", "coordinates": [9.14887, 42.30668]}, "properties": {"v": 0.17, "d": "2019-11-29", "s": "geiger", "m": ""}}, {"type": "Feature", "geometry": {"type": "Point", "coordinates": [9.14909, 42.30651]}, "properties": {"v": 0.1, "d": "2019-11-29", "s": "geiger", "m": ""}}, {"type": "Feature", "geometry": {"type": "Point", "coordinates": [9.14906, 42.30643]}, "properties": {"v": 0.13, "d": "2019-11-29", "s": "geiger", "m": ""}}, {"type": "Feature", "geometry": {"type": "Point", "coordinates": [9.14926, 42.30648]}, "properties": {"v": 0.13, "d": "2019-11-29", "s": "geiger", "m": ""}}, {"type": "Feature", "geometry": {"type": "Point", "coordinates": [9.1499, 42.30634]}, "properties": {"v": 0.16, "d": "2019-11-29", "s": "geiger", "m": ""}}, {"type": "Feature", "geometry": {"type": "Point", "coordinates": [9.1493, 42.30662]}, "properties": {"v": 0.14, "d": "2019-11-29", "s": "geiger", "m": ""}}, {"type": "Feature", "geometry": {"type": "Point", "coordinates": [9.14908, 42.30645]}, "properties": {"v": 0.15, "d": "2019-11-29", "s": "geiger", "m": ""}}, {"type": "Feature", "geometry": {"type": "Point", "coordinates": [9.14881, 42.30643]}, "properties": {"v": 0.15, "d": "2019-11-29", "s": "geiger", "m": ""}}, {"type": "Feature", "geometry": {"type": "Point", "coordinates": [9.14882, 42.30644]}, "properties": {"v": 0.12, "d": "2019-11-29", "s": "geiger", "m": ""}}, {"type": "Feature", "geometry": {"type": "Point", "coordinates": [9.14942, 42.30646]}, "properties": {"v": 0.17, "d": "2019-11-29", "s": "geiger", "m": ""}}, {"type": "Feature", "geometry": {"type": "Point", "coordinates": [9.14932, 42.3065]}, "properties": {"v": 0.11, "d": "2019-11-29", "s": "geiger", "m": ""}}, {"type": "Feature", "geometry": {"type": "Point", "coordinates": [9.1492, 42.30641]}, "properties": {"v": 0.13, "d": "2019-11-29", "s": "geiger", "m": ""}}, {"type": "Feature", "geometry": {"type": "Point", "coordinates": [9.14929, 42.30642]}, "properties": {"v": 0.15, "d": "2019-11-29", "s": "geiger", "m": ""}}, {"type": "Feature", "geometry": {"type": "Point", "coordinates": [9.14924, 42.30641]}, "properties": {"v": 0.14, "d": "2019-11-29", "s": "geiger", "m": ""}}, {"type": "Feature", "geometry": {"type": "Point", "coordinates": [9.14965, 42.30638]}, "properties": {"v": 0.13, "d": "2019-11-29", "s": "geiger", "m": ""}}, {"type": "Feature", "geometry": {"type": "Point", "coordinates": [9.14927, 42.30649]}, "properties": {"v": 0.15, "d": "2019-11-29", "s": "geiger", "m": ""}}, {"type": "Feature", "geometry": {"type": "Point", "coordinates": [9.14897, 42.30649]}, "properties": {"v": 0.14, "d": "2019-11-29", "s": "geiger", "m": ""}}, {"type": "Feature", "geometry": {"type": "Point", "coordinates": [9.14949, 42.30644]}, "properties": {"v": 0.14, "d": "2019-11-29", "s": "geiger", "m": ""}}, {"type": "Feature", "geometry": {"type": "Point", "coordinates": [9.14911, 42.3066]}, "properties": {"v": 0.17, "d": "2019-11-29", "s": "geiger", "m": ""}}, {"type": "Feature", "geometry": {"type": "Point", "coordinates": [9.14942, 42.30642]}, "properties": {"v": 0.17, "d": "2019-11-29", "s": "geiger", "m": ""}}, {"type": "Feature", "geometry": {"type": "Point", "coordinates": [9.14906, 42.30646]}, "properties": {"v": 0.17, "d": "2019-11-29", "s": "geiger", "m": ""}}, {"type": "Feature", "geometry": {"type": "Point", "coordinates": [9.14921, 42.30647]}, "properties": {"v": 0.15, "d": "2019-11-29", "s": "geiger", "m": ""}}, {"type": "Feature", "geometry": {"type": "Point", "coordinates": [9.14931, 42.30651]}, "properties": {"v": 0.14, "d": "2019-11-29", "s": "geiger", "m": ""}}, {"type": "Feature", "geometry": {"type": "Point", "coordinates": [9.14876, 42.30634]}, "properties": {"v": 0.17, "d": "2019-11-29", "s": "geiger", "m": ""}}, {"type": "Feature", "geometry": {"type": "Point", "coordinates": [9.14884, 42.30648]}, "properties": {"v": 0.16, "d": "2019-11-29", "s": "geiger", "m": ""}}, {"type": "Feature", "geometry": {"type": "Point", "coordinates": [9.14892, 42.30645]}, "properties": {"v": 0.15, "d": "2019-11-29", "s": "geiger", "m": ""}}, {"type": "Feature", "geometry": {"type": "Point", "coordinates": [9.14912, 42.3063]}, "properties": {"v": 0.13, "d": "2019-11-29", "s": "geiger", "m": ""}}, {"type": "Feature", "geometry": {"type": "Point", "coordinates": [9.14905, 42.30637]}, "properties": {"v": 0.22, "d": "2019-11-29", "s": "geiger", "m": ""}}, {"type": "Feature", "geometry": {"type": "Point", "coordinates": [9.14871, 42.30664]}, "properties": {"v": 0.16, "d": "2019-11-29", "s": "geiger", "m": ""}}, {"type": "Feature", "geometry": {"type": "Point", "coordinates": [9.14897, 42.30643]}, "properties": {"v": 0.94, "d": "2019-11-29", "s": "geiger", "m": ""}}, {"type": "Feature", "geometry": {"type": "Point", "coordinates": [9.1491, 42.30653]}, "properties": {"v": 0.13, "d": "2019-11-29", "s": "geiger", "m": ""}}, {"type": "Feature", "geometry": {"type": "Point", "coordinates": [9.14897, 42.30642]}, "properties": {"v": 5.78, "d": "2019-11-29", "s": "geiger", "m": ""}}, {"type": "Feature", "geometry": {"type": "Point", "coordinates": [9.149, 42.30642]}, "properties": {"v": 0.18, "d": "2019-11-29", "s": "geiger", "m": ""}}, {"type": "Feature", "geometry": {"type": "Point", "coordinates": [9.14899, 42.30642]}, "properties": {"v": 0.16, "d": "2019-11-29", "s": "geiger", "m": ""}}, {"type": "Feature", "geometry": {"type": "Point", "coordinates": [9.14896, 42.30637]}, "properties": {"v": 0.15, "d": "2019-11-29", "s": "geiger", "m": ""}}, {"type": "Feature", "geometry": {"type": "Point", "coordinates": [9.14883, 42.30625]}, "properties": {"v": 0.14, "d": "2019-11-29", "s": "geiger", "m": ""}}, {"type": "Feature", "geometry": {"type": "Point", "coordinates": [9.14893, 42.30642]}, "properties": {"v": 0.13, "d": "2019-11-29", "s": "geiger", "m": ""}}, {"type": "Feature", "geometry": {"type": "Point", "coordinates": [9.14916, 42.30649]}, "properties": {"v": 0.14, "d": "2019-11-29", "s": "geiger", "m": ""}}, {"type": "Feature", "geometry": {"type": "Point", "coordinates": [9.14901, 42.3064]}, "properties": {"v": 0.13, "d": "2019-11-29", "s": "geiger", "m": ""}}, {"type": "Feature", "geometry": {"type": "Point", "coordinates": [9.14909, 42.30645]}, "properties": {"v": 0.17, "d": "2019-11-29", "s": "geiger", "m": ""}}, {"type": "Feature", "geometry": {"type": "Point", "coordinates": [9.14906, 42.30642]}, "properties": {"v": 0.17, "d": "2019-11-29", "s": "geiger", "m": ""}}, {"type": "Feature", "geometry": {"type": "Point", "coordinates": [9.14901, 42.30639]}, "properties": {"v": 0.16, "d": "2019-11-29", "s": "geiger", "m": ""}}, {"type": "Feature", "geometry": {"type": "Point", "coordinates": [9.14892, 42.30635]}, "properties": {"v": 0.14, "d": "2019-11-29", "s": "geiger", "m": ""}}, {"type": "Feature", "geometry": {"type": "Point", "coordinates": [9.14892, 42.30642]}, "properties": {"v": 0.16, "d": "2019-11-29", "s": "geiger", "m": ""}}, {"type": "Feature", "geometry": {"type": "Point", "coordinates": [9.14887, 42.30644]}, "properties": {"v": 0.13, "d": "2019-11-29", "s": "geiger", "m": ""}}, {"type": "Feature", "geometry": {"type": "Point", "coordinates": [9.14891, 42.3064]}, "properties": {"v": 0.17, "d": "2019-11-29", "s": "geiger", "m": ""}}, {"type": "Feature", "geometry": {"type": "Point", "coordinates": [9.14878, 42.30649]}, "properties": {"v": 0.13, "d": "2019-11-29", "s": "geiger", "m": ""}}, {"type": "Feature", "geometry": {"type": "Point", "coordinates": [9.14888, 42.30643]}, "properties": {"v": 0.14, "d": "2019-11-29", "s": "geiger", "m": ""}}, {"type": "Feature", "geometry": {"type": "Point", "coordinates": [9.1486, 42.30642]}, "properties": {"v": 0.17, "d": "2019-11-29", "s": "geiger", "m": ""}}, {"type": "Feature", "geometry": {"type": "Point", "coordinates": [9.14887, 42.30653]}, "properties": {"v": 0.16, "d": "2019-11-29", "s": "geiger", "m": ""}}, {"type": "Feature", "geometry": {"type": "Point", "coordinates": [9.14864, 42.30638]}, "properties": {"v": 0.16, "d": "2019-11-29", "s": "geiger", "m": ""}}, {"type": "Feature", "geometry": {"type": "Point", "coordinates": [9.14844, 42.30653]}, "properties": {"v": 0.14, "d": "2019-11-29", "s": "geiger", "m": ""}}, {"type": "Feature", "geometry": {"type": "Point", "coordinates": [9.14896, 42.30642]}, "properties": {"v": 0.18, "d": "2019-11-29", "s": "geiger", "m": ""}}, {"type": "Feature", "geometry": {"type": "Point", "coordinates": [9.14899, 42.30652]}, "properties": {"v": 0.16, "d": "2019-11-29", "s": "geiger", "m": ""}}, {"type": "Feature", "geometry": {"type": "Point", "coordinates": [9.14889, 42.3065]}, "properties": {"v": 0.16, "d": "2019-11-29", "s": "geiger", "m": ""}}, {"type": "Feature", "geometry": {"type": "Point", "coordinates": [9.14887, 42.30645]}, "properties": {"v": 0.16, "d": "2019-11-29", "s": "geiger", "m": ""}}, {"type": "Feature", "geometry": {"type": "Point", "coordinates": [9.14889, 42.30638]}, "properties": {"v": 0.17, "d": "2019-11-29", "s": "geiger", "m": ""}}, {"type": "Feature", "geometry": {"type": "Point", "coordinates": [9.14894, 42.30645]}, "properties": {"v": 0.19, "d": "2019-11-29", "s": "geiger", "m": ""}}, {"type": "Feature", "geometry": {"type": "Point", "coordinates": [9.14886, 42.30641]}, "properties": {"v": 0.12, "d": "2019-11-29", "s": "geiger", "m": ""}}, {"type": "Feature", "geometry": {"type": "Point", "coordinates": [9.14898, 42.3064]}, "properties": {"v": 0.17, "d": "2019-11-29", "s": "geiger", "m": ""}}, {"type": "Feature", "geometry": {"type": "Point", "coordinates": [9.14887, 42.30635]}, "properties": {"v": 0.17, "d": "2019-11-29", "s": "geiger", "m": ""}}, {"type": "Feature", "geometry": {"type": "Point", "coordinates": [9.14884, 42.30638]}, "properties": {"v": 0.13, "d": "2019-11-29", "s": "geiger", "m": ""}}, {"type": "Feature", "geometry": {"type": "Point", "coordinates": [9.14903, 42.30645]}, "properties": {"v": 0.16, "d": "2019-11-29", "s": "geiger", "m": ""}}, {"type": "Feature", "geometry": {"type": "Point", "coordinates": [9.14889, 42.30635]}, "properties": {"v": 0.13, "d": "2019-11-29", "s": "geiger", "m": ""}}, {"type": "Feature", "geometry": {"type": "Point", "coordinates": [9.14889, 42.30636]}, "properties": {"v": 0.17, "d": "2019-11-29", "s": "geiger", "m": ""}}, {"type": "Feature", "geometry": {"type": "Point", "coordinates": [9.14893, 42.30644]}, "properties": {"v": 0.16, "d": "2019-11-29", "s": "geiger", "m": ""}}, {"type": "Feature", "geometry": {"type": "Point", "coordinates": [9.14879, 42.30639]}, "properties": {"v": 0.17, "d": "2019-11-29", "s": "geiger", "m": ""}}, {"type": "Feature", "geometry": {"type": "Point", "coordinates": [9.14916, 42.30634]}, "properties": {"v": 0.12, "d": "2019-11-29", "s": "geiger", "m": ""}}, {"type": "Feature", "geometry": {"type": "Point", "coordinates": [9.14927, 42.30639]}, "properties": {"v": 0.14, "d": "2019-11-29", "s": "geiger", "m": ""}}, {"type": "Feature", "geometry": {"type": "Point", "coordinates": [9.14932, 42.30641]}, "properties": {"v": 0.16, "d": "2019-11-29", "s": "geiger", "m": ""}}, {"type": "Feature", "geometry": {"type": "Point", "coordinates": [9.14908, 42.30632]}, "properties": {"v": 0.15, "d": "2019-11-29", "s": "geiger", "m": ""}}, {"type": "Feature", "geometry": {"type": "Point", "coordinates": [9.14892, 42.30638]}, "properties": {"v": 0.17, "d": "2019-11-29", "s": "geiger", "m": ""}}, {"type": "Feature", "geometry": {"type": "Point", "coordinates": [9.14893, 42.30641]}, "properties": {"v": 0.19, "d": "2019-11-29", "s": "geiger", "m": ""}}, {"type": "Feature", "geometry": {"type": "Point", "coordinates": [9.14902, 42.30675]}, "properties": {"v": 0.14, "d": "2019-11-29", "s": "geiger", "m": ""}}, {"type": "Feature", "geometry": {"type": "Point", "coordinates": [9.14892, 42.30654]}, "properties": {"v": 0.14, "d": "2019-11-29", "s": "geiger", "m": ""}}, {"type": "Feature", "geometry": {"type": "Point", "coordinates": [9.14872, 42.30633]}, "properties": {"v": 0.14, "d": "2019-11-29", "s": "geiger", "m": ""}}, {"type": "Feature", "geometry": {"type": "Point", "coordinates": [9.1488, 42.30646]}, "properties": {"v": 0.17, "d": "2019-11-29", "s": "geiger", "m": ""}}, {"type": "Feature", "geometry": {"type": "Point", "coordinates": [9.14846, 42.30657]}, "properties": {"v": 0.16, "d": "2019-11-29", "s": "geiger", "m": ""}}, {"type": "Feature", "geometry": {"type": "Point", "coordinates": [9.14833, 42.30701]}, "properties": {"v": 0.16, "d": "2019-11-29", "s": "geiger", "m": ""}}, {"type": "Feature", "geometry": {"type": "Point", "coordinates": [9.14867, 42.30724]}, "properties": {"v": 0.14, "d": "2019-11-29", "s": "geiger", "m": ""}}, {"type": "Feature", "geometry": {"type": "Point", "coordinates": [9.14907, 42.30731]}, "properties": {"v": 0.15, "d": "2019-11-29", "s": "geiger", "m": ""}}, {"type": "Feature", "geometry": {"type": "Point", "coordinates": [8.65685, 42.41649]}, "properties": {"v": 0.2201, "d": "2019-11-09", "s": "geiger", "m": "SM-G925F"}}, {"type": "Feature", "geometry": {"type": "Point", "coordinates": [8.73663, 42.55259]}, "properties": {"v": 0.2894, "d": "2019-11-09", "s": "geiger", "m": "SM-G925F"}}, {"type": "Feature", "geometry": {"type": "Point", "coordinates": [9.44536, 42.70416]}, "properties": {"v": 0.2414, "d": "2019-11-07", "s": "geiger", "m": "SM-G925F"}}, {"type": "Feature", "geometry": {"type": "Point", "coordinates": [9.39704, 41.69856]}, "properties": {"v": 0.1429, "d": "2019-10-27", "s": "geiger", "m": "iPhone9,3"}}, {"type": "Feature", "geometry": {"type": "Point", "coordinates": [9.28012, 42.48042]}, "properties": {"v": 0.1006, "d": "2019-10-15", "s": "geiger", "m": "SM-A105FN"}}, {"type": "Feature", "geometry": {"type": "Point", "coordinates": [9.20384, 42.46703]}, "properties": {"v": 0.1212, "d": "2019-10-15", "s": "geiger", "m": "SM-A105FN"}}, {"type": "Feature", "geometry": {"type": "Point", "coordinates": [8.73505, 41.93035]}, "properties": {"v": 0.1938, "d": "2019-10-15", "s": "geiger", "m": "SM-A105FN"}}, {"type": "Feature", "geometry": {"type": "Point", "coordinates": [8.73376, 41.92742]}, "properties": {"v": 0.2168, "d": "2019-10-15", "s": "geiger", "m": "SM-A105FN"}}, {"type": "Feature", "geometry": {"type": "Point", "coordinates": [8.7342, 41.93016]}, "properties": {"v": 0.2328, "d": "2019-10-15", "s": "geiger", "m": "SM-A105FN"}}, {"type": "Feature", "geometry": {"type": "Point", "coordinates": [9.1355, 42.12988]}, "properties": {"v": 0.1236, "d": "2019-10-15", "s": "geiger", "m": "SM-A105FN"}}, {"type": "Feature", "geometry": {"type": "Point", "coordinates": [9.15819, 42.30426]}, "properties": {"v": 0.1191, "d": "2019-10-15", "s": "geiger", "m": "SM-A105FN"}}, {"type": "Feature", "geometry": {"type": "Point", "coordinates": [9.20191, 42.43973]}, "properties": {"v": 0.1456, "d": "2019-10-15", "s": "geiger", "m": "SM-A105FN"}}, {"type": "Feature", "geometry": {"type": "Point", "coordinates": [9.20473, 42.45836]}, "properties": {"v": 0.098, "d": "2018-07-20", "s": "geiger", "m": "iPhone6,2"}}, {"type": "Feature", "geometry": {"type": "Point", "coordinates": [9.20525, 42.45851]}, "properties": {"v": 0.089, "d": "2018-07-20", "s": "geiger", "m": "iPhone6,2"}}, {"type": "Feature", "geometry": {"type": "Point", "coordinates": [8.87817, 42.29064]}, "properties": {"v": 0.143, "d": "2018-07-18", "s": "geiger", "m": "iPhone6,2"}}, {"type": "Feature", "geometry": {"type": "Point", "coordinates": [8.69276, 42.2655]}, "properties": {"v": 0.174, "d": "2018-07-18", "s": "geiger", "m": "iPhone6,2"}}, {"type": "Feature", "geometry": {"type": "Point", "coordinates": [9.14997, 42.30301]}, "properties": {"v": 0.278, "d": "2018-07-18", "s": "geiger", "m": "iPhone6,2"}}, {"type": "Feature", "geometry": {"type": "Point", "coordinates": [9.14706, 42.30835]}, "properties": {"v": 0.096, "d": "2018-07-16", "s": "geiger", "m": "iPhone6,2"}}, {"type": "Feature", "geometry": {"type": "Point", "coordinates": [9.34626, 42.76075]}, "properties": {"v": 0.041, "d": "2018-07-14", "s": "geiger", "m": "iPhone6,2"}}, {"type": "Feature", "geometry": {"type": "Point", "coordinates": [9.39171, 42.7837]}, "properties": {"v": 0.035, "d": "2018-07-04", "s": "geiger", "m": "iPhone6,2"}}, {"type": "Feature", "geometry": {"type": "Point", "coordinates": [9.37212, 42.77018]}, "properties": {"v": 0.043, "d": "2018-07-04", "s": "geiger", "m": "iPhone6,2"}}, {"type": "Feature", "geometry": {"type": "Point", "coordinates": [9.34512, 42.73633]}, "properties": {"v": 0.056, "d": "2018-07-02", "s": "geiger", "m": "iPhone6,2"}}, {"type": "Feature", "geometry": {"type": "Point", "coordinates": [9.3452, 42.73631]}, "properties": {"v": 0.052, "d": "2018-07-02", "s": "geiger", "m": "iPhone6,2"}}, {"type": "Feature", "geometry": {"type": "Point", "coordinates": [9.34656, 42.76104]}, "properties": {"v": 0.047, "d": "2018-07-01", "s": "geiger", "m": "iPhone6,2"}}, {"type": "Feature", "geometry": {"type": "Point", "coordinates": [9.34651, 42.76097]}, "properties": {"v": 0.041, "d": "2018-06-25", "s": "geiger", "m": "iPhone6,2"}}, {"type": "Feature", "geometry": {"type": "Point", "coordinates": [9.16066, 41.52472]}, "properties": {"v": 0.11, "d": "2017-08-27", "s": "geiger", "m": "ASUS_Z016D"}}, {"type": "Feature", "geometry": {"type": "Point", "coordinates": [9.16155, 41.51517]}, "properties": {"v": 0.109, "d": "2017-08-27", "s": "geiger", "m": "ASUS_Z016D"}}, {"type": "Feature", "geometry": {"type": "Point", "coordinates": [9.16141, 41.51518]}, "properties": {"v": 0.108, "d": "2017-08-27", "s": "geiger", "m": "ASUS_Z016D"}}, {"type": "Feature", "geometry": {"type": "Point", "coordinates": [9.16141, 41.51518]}, "properties": {"v": 0.108, "d": "2017-08-27", "s": "geiger", "m": "ASUS_Z016D"}}, {"type": "Feature", "geometry": {"type": "Point", "coordinates": [9.1554, 41.38646]}, "properties": {"v": 0.093, "d": "2017-08-26", "s": "geiger", "m": "ASUS_Z016D"}}, {"type": "Feature", "geometry": {"type": "Point", "coordinates": [9.16104, 41.38748]}, "properties": {"v": 0.058, "d": "2017-08-26", "s": "geiger", "m": "ASUS_Z016D"}}, {"type": "Feature", "geometry": {"type": "Point", "coordinates": [9.16513, 41.38885]}, "properties": {"v": 0.068, "d": "2017-08-26", "s": "geiger", "m": "ASUS_Z016D"}}, {"type": "Feature", "geometry": {"type": "Point", "coordinates": [9.12434, 41.48795]}, "properties": {"v": 0.128, "d": "2017-08-25", "s": "geiger", "m": "ASUS_Z016D"}}, {"type": "Feature", "geometry": {"type": "Point", "coordinates": [9.12822, 41.48717]}, "properties": {"v": 0.136, "d": "2017-08-25", "s": "geiger", "m": "ASUS_Z016D"}}, {"type": "Feature", "geometry": {"type": "Point", "coordinates": [9.06818, 42.02208]}, "properties": {"v": 0.122, "d": "2017-08-17", "s": "geiger", "m": "ASUS_Z016D"}}, {"type": "Feature", "geometry": {"type": "Point", "coordinates": [9.06861, 42.02183]}, "properties": {"v": 0.11, "d": "2017-08-17", "s": "geiger", "m": "ASUS_Z016D"}}, {"type": "Feature", "geometry": {"type": "Point", "coordinates": [9.43689, 42.56228]}, "properties": {"v": 0.141, "d": "2017-01-03", "s": "geiger", "m": ""}}, {"type": "Feature", "geometry": {"type": "Point", "coordinates": [9.43689, 42.56228]}, "properties": {"v": 0.135, "d": "2017-01-03", "s": "geiger", "m": ""}}, {"type": "Feature", "geometry": {"type": "Point", "coordinates": [9.43689, 42.56228]}, "properties": {"v": 0.153, "d": "2017-01-03", "s": "geiger", "m": ""}}, {"type": "Feature", "geometry": {"type": "Point", "coordinates": [9.43689, 42.56228]}, "properties": {"v": 0.102, "d": "2017-01-03", "s": "geiger", "m": ""}}, {"type": "Feature", "geometry": {"type": "Point", "coordinates": [9.43689, 42.56227]}, "properties": {"v": 0.12, "d": "2017-01-03", "s": "geiger", "m": ""}}, {"type": "Feature", "geometry": {"type": "Point", "coordinates": [9.43689, 42.56228]}, "properties": {"v": 0.141, "d": "2017-01-03", "s": "geiger", "m": ""}}, {"type": "Feature", "geometry": {"type": "Point", "coordinates": [9.43689, 42.56228]}, "properties": {"v": 0.156, "d": "2017-01-03", "s": "geiger", "m": ""}}, {"type": "Feature", "geometry": {"type": "Point", "coordinates": [9.43689, 42.56227]}, "properties": {"v": 0.12, "d": "2017-01-03", "s": "geiger", "m": ""}}, {"type": "Feature", "geometry": {"type": "Point", "coordinates": [9.43689, 42.56227]}, "properties": {"v": 0.132, "d": "2017-01-03", "s": "geiger", "m": ""}}, {"type": "Feature", "geometry": {"type": "Point", "coordinates": [9.43689, 42.56227]}, "properties": {"v": 0.114, "d": "2017-01-03", "s": "geiger", "m": ""}}, {"type": "Feature", "geometry": {"type": "Point", "coordinates": [9.43689, 42.56227]}, "properties": {"v": 0.111, "d": "2017-01-03", "s": "geiger", "m": ""}}, {"type": "Feature", "geometry": {"type": "Point", "coordinates": [9.43688, 42.56227]}, "properties": {"v": 0.123, "d": "2017-01-03", "s": "geiger", "m": ""}}, {"type": "Feature", "geometry": {"type": "Point", "coordinates": [9.43688, 42.56227]}, "properties": {"v": 0.135, "d": "2017-01-03", "s": "geiger", "m": ""}}, {"type": "Feature", "geometry": {"type": "Point", "coordinates": [9.43688, 42.56227]}, "properties": {"v": 0.174, "d": "2017-01-03", "s": "geiger", "m": ""}}, {"type": "Feature", "geometry": {"type": "Point", "coordinates": [9.43688, 42.56227]}, "properties": {"v": 0.147, "d": "2017-01-03", "s": "geiger", "m": ""}}, {"type": "Feature", "geometry": {"type": "Point", "coordinates": [9.43688, 42.56227]}, "properties": {"v": 0.114, "d": "2017-01-03", "s": "geiger", "m": ""}}, {"type": "Feature", "geometry": {"type": "Point", "coordinates": [9.43687, 42.56227]}, "properties": {"v": 0.162, "d": "2017-01-03", "s": "geiger", "m": ""}}, {"type": "Feature", "geometry": {"type": "Point", "coordinates": [9.43687, 42.56227]}, "properties": {"v": 0.111, "d": "2017-01-03", "s": "geiger", "m": ""}}, {"type": "Feature", "geometry": {"type": "Point", "coordinates": [9.43687, 42.56227]}, "properties": {"v": 0.129, "d": "2017-01-03", "s": "geiger", "m": ""}}, {"type": "Feature", "geometry": {"type": "Point", "coordinates": [9.43687, 42.56227]}, "properties": {"v": 0.111, "d": "2017-01-03", "s": "geiger", "m": ""}}, {"type": "Feature", "geometry": {"type": "Point", "coordinates": [9.43687, 42.56226]}, "properties": {"v": 0.147, "d": "2017-01-03", "s": "geiger", "m": ""}}, {"type": "Feature", "geometry": {"type": "Point", "coordinates": [9.43683, 42.56224]}, "properties": {"v": 0.117, "d": "2017-01-03", "s": "geiger", "m": ""}}, {"type": "Feature", "geometry": {"type": "Point", "coordinates": [9.43664, 42.5622]}, "properties": {"v": 0.096, "d": "2017-01-03", "s": "geiger", "m": ""}}, {"type": "Feature", "geometry": {"type": "Point", "coordinates": [9.4368, 42.56154]}, "properties": {"v": 0.105, "d": "2017-01-03", "s": "geiger", "m": ""}}, {"type": "Feature", "geometry": {"type": "Point", "coordinates": [9.4413, 42.56235]}, "properties": {"v": 0.15, "d": "2017-01-03", "s": "geiger", "m": ""}}, {"type": "Feature", "geometry": {"type": "Point", "coordinates": [9.44437, 42.56087]}, "properties": {"v": 0.138, "d": "2017-01-03", "s": "geiger", "m": ""}}, {"type": "Feature", "geometry": {"type": "Point", "coordinates": [9.44632, 42.56296]}, "properties": {"v": 0.129, "d": "2017-01-03", "s": "geiger", "m": ""}}, {"type": "Feature", "geometry": {"type": "Point", "coordinates": [9.44632, 42.56278]}, "properties": {"v": 0.096, "d": "2017-01-03", "s": "geiger", "m": ""}}, {"type": "Feature", "geometry": {"type": "Point", "coordinates": [9.44657, 42.56243]}, "properties": {"v": 0.108, "d": "2017-01-03", "s": "geiger", "m": ""}}, {"type": "Feature", "geometry": {"type": "Point", "coordinates": [9.44677, 42.56333]}, "properties": {"v": 0.102, "d": "2017-01-03", "s": "geiger", "m": ""}}, {"type": "Feature", "geometry": {"type": "Point", "coordinates": [9.44513, 42.57118]}, "properties": {"v": 0.078, "d": "2017-01-03", "s": "geiger", "m": ""}}, {"type": "Feature", "geometry": {"type": "Point", "coordinates": [9.44261, 42.5816]}, "properties": {"v": 0.102, "d": "2017-01-03", "s": "geiger", "m": ""}}, {"type": "Feature", "geometry": {"type": "Point", "coordinates": [9.44155, 42.58492]}, "properties": {"v": 0.102, "d": "2017-01-03", "s": "geiger", "m": ""}}, {"type": "Feature", "geometry": {"type": "Point", "coordinates": [9.44072, 42.58973]}, "properties": {"v": 0.075, "d": "2017-01-03", "s": "geiger", "m": ""}}, {"type": "Feature", "geometry": {"type": "Point", "coordinates": [9.43933, 42.59642]}, "properties": {"v": 0.078, "d": "2017-01-03", "s": "geiger", "m": ""}}, {"type": "Feature", "geometry": {"type": "Point", "coordinates": [9.43883, 42.59911]}, "properties": {"v": 0.066, "d": "2017-01-03", "s": "geiger", "m": ""}}, {"type": "Feature", "geometry": {"type": "Point", "coordinates": [9.43817, 42.60863]}, "properties": {"v": 0.09, "d": "2017-01-03", "s": "geiger", "m": ""}}, {"type": "Feature", "geometry": {"type": "Point", "coordinates": [9.43763, 42.6151]}, "properties": {"v": 0.075, "d": "2017-01-03", "s": "geiger", "m": ""}}, {"type": "Feature", "geometry": {"type": "Point", "coordinates": [9.43755, 42.61643]}, "properties": {"v": 0.069, "d": "2017-01-03", "s": "geiger", "m": ""}}, {"type": "Feature", "geometry": {"type": "Point", "coordinates": [9.43773, 42.62042]}, "properties": {"v": 0.063, "d": "2017-01-03", "s": "geiger", "m": ""}}, {"type": "Feature", "geometry": {"type": "Point", "coordinates": [9.44068, 42.62339]}, "properties": {"v": 0.087, "d": "2017-01-03", "s": "geiger", "m": ""}}, {"type": "Feature", "geometry": {"type": "Point", "coordinates": [9.4407, 42.62948]}, "properties": {"v": 0.066, "d": "2017-01-03", "s": "geiger", "m": ""}}, {"type": "Feature", "geometry": {"type": "Point", "coordinates": [9.44054, 42.63138]}, "properties": {"v": 0.105, "d": "2017-01-03", "s": "geiger", "m": ""}}, {"type": "Feature", "geometry": {"type": "Point", "coordinates": [9.44, 42.63865]}, "properties": {"v": 0.102, "d": "2017-01-03", "s": "geiger", "m": ""}}, {"type": "Feature", "geometry": {"type": "Point", "coordinates": [9.44183, 42.6457]}, "properties": {"v": 0.075, "d": "2017-01-03", "s": "geiger", "m": ""}}, {"type": "Feature", "geometry": {"type": "Point", "coordinates": [9.44145, 42.64809]}, "properties": {"v": 0.084, "d": "2017-01-03", "s": "geiger", "m": ""}}, {"type": "Feature", "geometry": {"type": "Point", "coordinates": [9.44122, 42.65187]}, "properties": {"v": 0.096, "d": "2017-01-03", "s": "geiger", "m": ""}}, {"type": "Feature", "geometry": {"type": "Point", "coordinates": [9.44145, 42.65341]}, "properties": {"v": 0.093, "d": "2017-01-03", "s": "geiger", "m": ""}}, {"type": "Feature", "geometry": {"type": "Point", "coordinates": [9.44471, 42.65883]}, "properties": {"v": 0.069, "d": "2017-01-03", "s": "geiger", "m": ""}}, {"type": "Feature", "geometry": {"type": "Point", "coordinates": [9.44324, 42.66356]}, "properties": {"v": 0.084, "d": "2017-01-03", "s": "geiger", "m": ""}}, {"type": "Feature", "geometry": {"type": "Point", "coordinates": [9.44388, 42.66813]}, "properties": {"v": 0.087, "d": "2017-01-03", "s": "geiger", "m": ""}}, {"type": "Feature", "geometry": {"type": "Point", "coordinates": [9.4441, 42.67115]}, "properties": {"v": 0.093, "d": "2017-01-03", "s": "geiger", "m": ""}}, {"type": "Feature", "geometry": {"type": "Point", "coordinates": [9.4441, 42.67117]}, "properties": {"v": 0.087, "d": "2017-01-03", "s": "geiger", "m": ""}}, {"type": "Feature", "geometry": {"type": "Point", "coordinates": [9.445, 42.67478]}, "properties": {"v": 0.09, "d": "2017-01-03", "s": "geiger", "m": ""}}, {"type": "Feature", "geometry": {"type": "Point", "coordinates": [9.44537, 42.67893]}, "properties": {"v": 0.075, "d": "2017-01-03", "s": "geiger", "m": ""}}, {"type": "Feature", "geometry": {"type": "Point", "coordinates": [9.44536, 42.68127]}, "properties": {"v": 0.087, "d": "2017-01-03", "s": "geiger", "m": ""}}, {"type": "Feature", "geometry": {"type": "Point", "coordinates": [9.44462, 42.68777]}, "properties": {"v": 0.09, "d": "2017-01-03", "s": "geiger", "m": ""}}, {"type": "Feature", "geometry": {"type": "Point", "coordinates": [9.44762, 42.70206]}, "properties": {"v": 0.102, "d": "2017-01-03", "s": "geiger", "m": ""}}, {"type": "Feature", "geometry": {"type": "Point", "coordinates": [9.44778, 42.7022]}, "properties": {"v": 0.099, "d": "2017-01-03", "s": "geiger", "m": ""}}, {"type": "Feature", "geometry": {"type": "Point", "coordinates": [9.44774, 42.70235]}, "properties": {"v": 0.096, "d": "2017-01-03", "s": "geiger", "m": ""}}, {"type": "Feature", "geometry": {"type": "Point", "coordinates": [9.44655, 42.70267]}, "properties": {"v": 0.102, "d": "2017-01-03", "s": "geiger", "m": ""}}, {"type": "Feature", "geometry": {"type": "Point", "coordinates": [9.44528, 42.70295]}, "properties": {"v": 0.15, "d": "2017-01-03", "s": "geiger", "m": ""}}, {"type": "Feature", "geometry": {"type": "Point", "coordinates": [9.44483, 42.70375]}, "properties": {"v": 0.144, "d": "2017-01-03", "s": "geiger", "m": ""}}, {"type": "Feature", "geometry": {"type": "Point", "coordinates": [9.44485, 42.7039]}, "properties": {"v": 0.096, "d": "2017-01-03", "s": "geiger", "m": ""}}, {"type": "Feature", "geometry": {"type": "Point", "coordinates": [9.44533, 42.70375]}, "properties": {"v": 0.126, "d": "2017-01-03", "s": "geiger", "m": ""}}, {"type": "Feature", "geometry": {"type": "Point", "coordinates": [9.4456, 42.70378]}, "properties": {"v": 0.168, "d": "2017-01-03", "s": "geiger", "m": ""}}, {"type": "Feature", "geometry": {"type": "Point", "coordinates": [9.44541, 42.7038]}, "properties": {"v": 0.168, "d": "2017-01-03", "s": "geiger", "m": ""}}, {"type": "Feature", "geometry": {"type": "Point", "coordinates": [9.44539, 42.70388]}, "properties": {"v": 0.135, "d": "2017-01-03", "s": "geiger", "m": ""}}, {"type": "Feature", "geometry": {"type": "Point", "coordinates": [9.44526, 42.70374]}, "properties": {"v": 0.192, "d": "2017-01-03", "s": "geiger", "m": ""}}, {"type": "Feature", "geometry": {"type": "Point", "coordinates": [9.44518, 42.70369]}, "properties": {"v": 0.186, "d": "2017-01-03", "s": "geiger", "m": ""}}, {"type": "Feature", "geometry": {"type": "Point", "coordinates": [9.44511, 42.70399]}, "properties": {"v": 0.177, "d": "2017-01-03", "s": "geiger", "m": ""}}, {"type": "Feature", "geometry": {"type": "Point", "coordinates": [9.44556, 42.70339]}, "properties": {"v": 0.15, "d": "2017-01-03", "s": "geiger", "m": ""}}, {"type": "Feature", "geometry": {"type": "Point", "coordinates": [9.44543, 42.70361]}, "properties": {"v": 0.12, "d": "2017-01-03", "s": "geiger", "m": ""}}, {"type": "Feature", "geometry": {"type": "Point", "coordinates": [9.44514, 42.70393]}, "properties": {"v": 0.165, "d": "2017-01-03", "s": "geiger", "m": ""}}, {"type": "Feature", "geometry": {"type": "Point", "coordinates": [9.44464, 42.70413]}, "properties": {"v": 0.117, "d": "2017-01-03", "s": "geiger", "m": ""}}, {"type": "Feature", "geometry": {"type": "Point", "coordinates": [9.44534, 42.70365]}, "properties": {"v": 0.12, "d": "2017-01-03", "s": "geiger", "m": ""}}, {"type": "Feature", "geometry": {"type": "Point", "coordinates": [9.44493, 42.70392]}, "properties": {"v": 0.141, "d": "2017-01-03", "s": "geiger", "m": ""}}, {"type": "Feature", "geometry": {"type": "Point", "coordinates": [9.44514, 42.70372]}, "properties": {"v": 0.18, "d": "2017-01-03", "s": "geiger", "m": ""}}, {"type": "Feature", "geometry": {"type": "Point", "coordinates": [9.44551, 42.70329]}, "properties": {"v": 0.138, "d": "2017-01-03", "s": "geiger", "m": ""}}, {"type": "Feature", "geometry": {"type": "Point", "coordinates": [9.44536, 42.70373]}, "properties": {"v": 0.126, "d": "2017-01-03", "s": "geiger", "m": ""}}, {"type": "Feature", "geometry": {"type": "Point", "coordinates": [9.44524, 42.70382]}, "properties": {"v": 0.138, "d": "2017-01-03", "s": "geiger", "m": ""}}, {"type": "Feature", "geometry": {"type": "Point", "coordinates": [9.44533, 42.70368]}, "properties": {"v": 0.132, "d": "2017-01-03", "s": "geiger", "m": ""}}, {"type": "Feature", "geometry": {"type": "Point", "coordinates": [9.44532, 42.70377]}, "properties": {"v": 0.141, "d": "2017-01-03", "s": "geiger", "m": ""}}, {"type": "Feature", "geometry": {"type": "Point", "coordinates": [9.44561, 42.70371]}, "properties": {"v": 0.147, "d": "2017-01-03", "s": "geiger", "m": ""}}, {"type": "Feature", "geometry": {"type": "Point", "coordinates": [9.44465, 42.704]}, "properties": {"v": 0.12, "d": "2017-01-03", "s": "geiger", "m": ""}}, {"type": "Feature", "geometry": {"type": "Point", "coordinates": [9.44527, 42.7035]}, "properties": {"v": 0.105, "d": "2017-01-03", "s": "geiger", "m": ""}}, {"type": "Feature", "geometry": {"type": "Point", "coordinates": [9.44533, 42.70378]}, "properties": {"v": 0.102, "d": "2017-01-03", "s": "geiger", "m": ""}}, {"type": "Feature", "geometry": {"type": "Point", "coordinates": [9.44525, 42.70371]}, "properties": {"v": 0.126, "d": "2017-01-03", "s": "geiger", "m": ""}}, {"type": "Feature", "geometry": {"type": "Point", "coordinates": [9.44522, 42.70376]}, "properties": {"v": 0.123, "d": "2017-01-03", "s": "geiger", "m": ""}}, {"type": "Feature", "geometry": {"type": "Point", "coordinates": [9.44525, 42.70354]}, "properties": {"v": 0.159, "d": "2017-01-03", "s": "geiger", "m": ""}}, {"type": "Feature", "geometry": {"type": "Point", "coordinates": [9.44525, 42.70344]}, "properties": {"v": 0.114, "d": "2017-01-03", "s": "geiger", "m": ""}}, {"type": "Feature", "geometry": {"type": "Point", "coordinates": [9.44513, 42.70351]}, "properties": {"v": 0.129, "d": "2017-01-03", "s": "geiger", "m": ""}}, {"type": "Feature", "geometry": {"type": "Point", "coordinates": [9.4454, 42.70383]}, "properties": {"v": 0.153, "d": "2017-01-03", "s": "geiger", "m": ""}}, {"type": "Feature", "geometry": {"type": "Point", "coordinates": [9.44502, 42.70323]}, "properties": {"v": 0.111, "d": "2017-01-03", "s": "geiger", "m": ""}}, {"type": "Feature", "geometry": {"type": "Point", "coordinates": [9.44516, 42.70366]}, "properties": {"v": 0.138, "d": "2017-01-03", "s": "geiger", "m": ""}}, {"type": "Feature", "geometry": {"type": "Point", "coordinates": [9.44499, 42.70386]}, "properties": {"v": 0.201, "d": "2017-01-03", "s": "geiger", "m": ""}}, {"type": "Feature", "geometry": {"type": "Point", "coordinates": [9.4451, 42.70391]}, "properties": {"v": 0.135, "d": "2017-01-03", "s": "geiger", "m": ""}}, {"type": "Feature", "geometry": {"type": "Point", "coordinates": [9.4455, 42.70404]}, "properties": {"v": 0.132, "d": "2017-01-03", "s": "geiger", "m": ""}}, {"type": "Feature", "geometry": {"type": "Point", "coordinates": [9.44658, 42.7043]}, "properties": {"v": 0.153, "d": "2017-01-03", "s": "geiger", "m": ""}}, {"type": "Feature", "geometry": {"type": "Point", "coordinates": [9.44525, 42.70367]}, "properties": {"v": 0.177, "d": "2017-01-03", "s": "geiger", "m": ""}}, {"type": "Feature", "geometry": {"type": "Point", "coordinates": [9.44524, 42.70365]}, "properties": {"v": 0.099, "d": "2017-01-03", "s": "geiger", "m": ""}}, {"type": "Feature", "geometry": {"type": "Point", "coordinates": [9.44521, 42.70384]}, "properties": {"v": 0.147, "d": "2017-01-03", "s": "geiger", "m": ""}}, {"type": "Feature", "geometry": {"type": "Point", "coordinates": [9.44535, 42.70387]}, "properties": {"v": 0.174, "d": "2017-01-03", "s": "geiger", "m": ""}}, {"type": "Feature", "geometry": {"type": "Point", "coordinates": [9.44533, 42.70329]}, "properties": {"v": 0.108, "d": "2017-01-03", "s": "geiger", "m": ""}}, {"type": "Feature", "geometry": {"type": "Point", "coordinates": [9.44526, 42.70372]}, "properties": {"v": 0.162, "d": "2017-01-03", "s": "geiger", "m": ""}}, {"type": "Feature", "geometry": {"type": "Point", "coordinates": [9.44534, 42.70366]}, "properties": {"v": 0.141, "d": "2017-01-03", "s": "geiger", "m": ""}}, {"type": "Feature", "geometry": {"type": "Point", "coordinates": [9.44522, 42.70376]}, "properties": {"v": 0.135, "d": "2017-01-03", "s": "geiger", "m": ""}}, {"type": "Feature", "geometry": {"type": "Point", "coordinates": [9.44513, 42.70368]}, "properties": {"v": 0.153, "d": "2017-01-03", "s": "geiger", "m": ""}}, {"type": "Feature", "geometry": {"type": "Point", "coordinates": [9.44516, 42.7037]}, "properties": {"v": 0.144, "d": "2017-01-03", "s": "geiger", "m": ""}}, {"type": "Feature", "geometry": {"type": "Point", "coordinates": [9.44533, 42.70372]}, "properties": {"v": 0.162, "d": "2017-01-03", "s": "geiger", "m": ""}}, {"type": "Feature", "geometry": {"type": "Point", "coordinates": [9.4451, 42.70361]}, "properties": {"v": 0.159, "d": "2017-01-03", "s": "geiger", "m": ""}}, {"type": "Feature", "geometry": {"type": "Point", "coordinates": [9.44507, 42.70365]}, "properties": {"v": 0.117, "d": "2017-01-03", "s": "geiger", "m": ""}}, {"type": "Feature", "geometry": {"type": "Point", "coordinates": [9.44521, 42.70341]}, "properties": {"v": 0.111, "d": "2017-01-03", "s": "geiger", "m": ""}}, {"type": "Feature", "geometry": {"type": "Point", "coordinates": [9.44522, 42.70342]}, "properties": {"v": 0.135, "d": "2017-01-03", "s": "geiger", "m": ""}}, {"type": "Feature", "geometry": {"type": "Point", "coordinates": [9.44532, 42.70368]}, "properties": {"v": 0.15, "d": "2017-01-03", "s": "geiger", "m": ""}}, {"type": "Feature", "geometry": {"type": "Point", "coordinates": [9.44518, 42.7038]}, "properties": {"v": 0.174, "d": "2017-01-03", "s": "geiger", "m": ""}}, {"type": "Feature", "geometry": {"type": "Point", "coordinates": [9.44529, 42.7039]}, "properties": {"v": 0.135, "d": "2017-01-03", "s": "geiger", "m": ""}}, {"type": "Feature", "geometry": {"type": "Point", "coordinates": [9.4454, 42.70316]}, "properties": {"v": 0.18, "d": "2017-01-03", "s": "geiger", "m": ""}}, {"type": "Feature", "geometry": {"type": "Point", "coordinates": [9.44526, 42.70361]}, "properties": {"v": 0.153, "d": "2017-01-03", "s": "geiger", "m": ""}}, {"type": "Feature", "geometry": {"type": "Point", "coordinates": [9.44523, 42.70374]}, "properties": {"v": 0.153, "d": "2017-01-03", "s": "geiger", "m": ""}}, {"type": "Feature", "geometry": {"type": "Point", "coordinates": [9.4452, 42.70345]}, "properties": {"v": 0.105, "d": "2017-01-03", "s": "geiger", "m": ""}}, {"type": "Feature", "geometry": {"type": "Point", "coordinates": [9.44557, 42.70356]}, "properties": {"v": 0.141, "d": "2017-01-03", "s": "geiger", "m": ""}}, {"type": "Feature", "geometry": {"type": "Point", "coordinates": [9.44567, 42.70395]}, "properties": {"v": 0.159, "d": "2017-01-03", "s": "geiger", "m": ""}}, {"type": "Feature", "geometry": {"type": "Point", "coordinates": [9.44662, 42.70415]}, "properties": {"v": 0.192, "d": "2017-01-03", "s": "geiger", "m": ""}}, {"type": "Feature", "geometry": {"type": "Point", "coordinates": [9.44543, 42.70355]}, "properties": {"v": 0.105, "d": "2017-01-03", "s": "geiger", "m": ""}}, {"type": "Feature", "geometry": {"type": "Point", "coordinates": [9.44512, 42.7038]}, "properties": {"v": 0.108, "d": "2017-01-03", "s": "geiger", "m": ""}}, {"type": "Feature", "geometry": {"type": "Point", "coordinates": [9.44501, 42.70338]}, "properties": {"v": 0.153, "d": "2017-01-03", "s": "geiger", "m": ""}}, {"type": "Feature", "geometry": {"type": "Point", "coordinates": [9.44534, 42.70361]}, "properties": {"v": 0.099, "d": "2017-01-03", "s": "geiger", "m": ""}}, {"type": "Feature", "geometry": {"type": "Point", "coordinates": [9.44525, 42.70381]}, "properties": {"v": 0.159, "d": "2017-01-03", "s": "geiger", "m": ""}}, {"type": "Feature", "geometry": {"type": "Point", "coordinates": [9.4454, 42.70369]}, "properties": {"v": 0.162, "d": "2017-01-03", "s": "geiger", "m": ""}}, {"type": "Feature", "geometry": {"type": "Point", "coordinates": [9.44431, 42.70405]}, "properties": {"v": 0.174, "d": "2017-01-03", "s": "geiger", "m": ""}}, {"type": "Feature", "geometry": {"type": "Point", "coordinates": [9.44533, 42.70383]}, "properties": {"v": 0.162, "d": "2017-01-03", "s": "geiger", "m": ""}}, {"type": "Feature", "geometry": {"type": "Point", "coordinates": [9.44531, 42.70367]}, "properties": {"v": 0.147, "d": "2017-01-03", "s": "geiger", "m": ""}}, {"type": "Feature", "geometry": {"type": "Point", "coordinates": [9.44508, 42.70365]}, "properties": {"v": 0.141, "d": "2017-01-03", "s": "geiger", "m": ""}}, {"type": "Feature", "geometry": {"type": "Point", "coordinates": [9.44521, 42.70357]}, "properties": {"v": 0.129, "d": "2017-01-03", "s": "geiger", "m": ""}}, {"type": "Feature", "geometry": {"type": "Point", "coordinates": [9.4453, 42.70388]}, "properties": {"v": 0.126, "d": "2017-01-03", "s": "geiger", "m": ""}}, {"type": "Feature", "geometry": {"type": "Point", "coordinates": [9.44552, 42.70386]}, "properties": {"v": 0.099, "d": "2017-01-03", "s": "geiger", "m": ""}}, {"type": "Feature", "geometry": {"type": "Point", "coordinates": [9.44542, 42.70365]}, "properties": {"v": 0.117, "d": "2017-01-03", "s": "geiger", "m": ""}}, {"type": "Feature", "geometry": {"type": "Point", "coordinates": [9.44571, 42.70363]}, "properties": {"v": 0.072, "d": "2017-01-03", "s": "geiger", "m": ""}}, {"type": "Feature", "geometry": {"type": "Point", "coordinates": [9.44548, 42.70371]}, "properties": {"v": 0.132, "d": "2017-01-03", "s": "geiger", "m": ""}}, {"type": "Feature", "geometry": {"type": "Point", "coordinates": [9.4454, 42.70368]}, "properties": {"v": 0.129, "d": "2017-01-03", "s": "geiger", "m": ""}}, {"type": "Feature", "geometry": {"type": "Point", "coordinates": [9.44533, 42.70374]}, "properties": {"v": 0.102, "d": "2017-01-03", "s": "geiger", "m": ""}}, {"type": "Feature", "geometry": {"type": "Point", "coordinates": [9.44524, 42.70377]}, "properties": {"v": 0.123, "d": "2017-01-03", "s": "geiger", "m": ""}}, {"type": "Feature", "geometry": {"type": "Point", "coordinates": [9.44543, 42.7036]}, "properties": {"v": 0.153, "d": "2017-01-03", "s": "geiger", "m": ""}}, {"type": "Feature", "geometry": {"type": "Point", "coordinates": [9.44537, 42.70352]}, "properties": {"v": 0.135, "d": "2017-01-03", "s": "geiger", "m": ""}}, {"type": "Feature", "geometry": {"type": "Point", "coordinates": [9.44533, 42.70368]}, "properties": {"v": 0.126, "d": "2017-01-03", "s": "geiger", "m": ""}}, {"type": "Feature", "geometry": {"type": "Point", "coordinates": [9.44508, 42.70374]}, "properties": {"v": 0.129, "d": "2017-01-03", "s": "geiger", "m": ""}}, {"type": "Feature", "geometry": {"type": "Point", "coordinates": [9.44524, 42.70358]}, "properties": {"v": 0.114, "d": "2017-01-03", "s": "geiger", "m": ""}}, {"type": "Feature", "geometry": {"type": "Point", "coordinates": [9.44511, 42.7037]}, "properties": {"v": 0.144, "d": "2017-01-03", "s": "geiger", "m": ""}}, {"type": "Feature", "geometry": {"type": "Point", "coordinates": [9.44509, 42.70394]}, "properties": {"v": 0.105, "d": "2017-01-03", "s": "geiger", "m": ""}}, {"type": "Feature", "geometry": {"type": "Point", "coordinates": [9.4453, 42.70313]}, "properties": {"v": 0.153, "d": "2017-01-03", "s": "geiger", "m": ""}}, {"type": "Feature", "geometry": {"type": "Point", "coordinates": [9.44493, 42.70345]}, "properties": {"v": 0.144, "d": "2017-01-03", "s": "geiger", "m": ""}}, {"type": "Feature", "geometry": {"type": "Point", "coordinates": [9.44515, 42.70368]}, "properties": {"v": 0.117, "d": "2017-01-03", "s": "geiger", "m": ""}}, {"type": "Feature", "geometry": {"type": "Point", "coordinates": [9.44503, 42.70384]}, "properties": {"v": 0.129, "d": "2017-01-03", "s": "geiger", "m": ""}}, {"type": "Feature", "geometry": {"type": "Point", "coordinates": [9.44533, 42.70368]}, "properties": {"v": 0.132, "d": "2017-01-03", "s": "geiger", "m": ""}}, {"type": "Feature", "geometry": {"type": "Point", "coordinates": [9.44433, 42.70408]}, "properties": {"v": 0.129, "d": "2017-01-03", "s": "geiger", "m": ""}}, {"type": "Feature", "geometry": {"type": "Point", "coordinates": [9.44556, 42.70379]}, "properties": {"v": 0.15, "d": "2017-01-03", "s": "geiger", "m": ""}}, {"type": "Feature", "geometry": {"type": "Point", "coordinates": [9.44524, 42.70346]}, "properties": {"v": 0.135, "d": "2017-01-03", "s": "geiger", "m": ""}}, {"type": "Feature", "geometry": {"type": "Point", "coordinates": [9.44543, 42.70379]}, "properties": {"v": 0.117, "d": "2017-01-03", "s": "geiger", "m": ""}}, {"type": "Feature", "geometry": {"type": "Point", "coordinates": [9.44541, 42.70376]}, "properties": {"v": 0.144, "d": "2017-01-03", "s": "geiger", "m": ""}}, {"type": "Feature", "geometry": {"type": "Point", "coordinates": [9.44543, 42.70369]}, "properties": {"v": 0.084, "d": "2017-01-03", "s": "geiger", "m": ""}}, {"type": "Feature", "geometry": {"type": "Point", "coordinates": [9.44512, 42.70358]}, "properties": {"v": 0.111, "d": "2017-01-03", "s": "geiger", "m": ""}}, {"type": "Feature", "geometry": {"type": "Point", "coordinates": [9.44548, 42.70383]}, "properties": {"v": 0.177, "d": "2017-01-03", "s": "geiger", "m": ""}}, {"type": "Feature", "geometry": {"type": "Point", "coordinates": [9.44516, 42.7037]}, "properties": {"v": 0.111, "d": "2017-01-03", "s": "geiger", "m": ""}}, {"type": "Feature", "geometry": {"type": "Point", "coordinates": [9.44511, 42.70371]}, "properties": {"v": 0.141, "d": "2017-01-03", "s": "geiger", "m": ""}}, {"type": "Feature", "geometry": {"type": "Point", "coordinates": [9.4451, 42.70367]}, "properties": {"v": 0.117, "d": "2017-01-03", "s": "geiger", "m": ""}}, {"type": "Feature", "geometry": {"type": "Point", "coordinates": [9.44511, 42.70367]}, "properties": {"v": 0.096, "d": "2017-01-03", "s": "geiger", "m": ""}}, {"type": "Feature", "geometry": {"type": "Point", "coordinates": [9.44514, 42.7037]}, "properties": {"v": 0.099, "d": "2017-01-03", "s": "geiger", "m": ""}}, {"type": "Feature", "geometry": {"type": "Point", "coordinates": [9.44514, 42.70366]}, "properties": {"v": 0.108, "d": "2017-01-03", "s": "geiger", "m": ""}}, {"type": "Feature", "geometry": {"type": "Point", "coordinates": [9.44535, 42.70364]}, "properties": {"v": 0.144, "d": "2017-01-03", "s": "geiger", "m": ""}}, {"type": "Feature", "geometry": {"type": "Point", "coordinates": [9.4462, 42.7036]}, "properties": {"v": 0.084, "d": "2017-01-03", "s": "geiger", "m": ""}}, {"type": "Feature", "geometry": {"type": "Point", "coordinates": [9.44621, 42.70357]}, "properties": {"v": 0.138, "d": "2017-01-03", "s": "geiger", "m": ""}}, {"type": "Feature", "geometry": {"type": "Point", "coordinates": [9.44622, 42.70355]}, "properties": {"v": 0.126, "d": "2017-01-03", "s": "geiger", "m": ""}}, {"type": "Feature", "geometry": {"type": "Point", "coordinates": [9.44618, 42.70349]}, "properties": {"v": 0.129, "d": "2017-01-03", "s": "geiger", "m": ""}}, {"type": "Feature", "geometry": {"type": "Point", "coordinates": [9.44619, 42.70358]}, "properties": {"v": 0.105, "d": "2017-01-03", "s": "geiger", "m": ""}}, {"type": "Feature", "geometry": {"type": "Point", "coordinates": [9.44627, 42.70356]}, "properties": {"v": 0.102, "d": "2017-01-03", "s": "geiger", "m": ""}}, {"type": "Feature", "geometry": {"type": "Point", "coordinates": [9.44621, 42.70354]}, "properties": {"v": 0.186, "d": "2017-01-03", "s": "geiger", "m": ""}}, {"type": "Feature", "geometry": {"type": "Point", "coordinates": [9.44622, 42.70359]}, "properties": {"v": 0.126, "d": "2017-01-03", "s": "geiger", "m": ""}}, {"type": "Feature", "geometry": {"type": "Point", "coordinates": [9.44622, 42.70362]}, "properties": {"v": 0.123, "d": "2017-01-03", "s": "geiger", "m": ""}}, {"type": "Feature", "geometry": {"type": "Point", "coordinates": [9.44618, 42.70356]}, "properties": {"v": 0.129, "d": "2017-01-03", "s": "geiger", "m": ""}}, {"type": "Feature", "geometry": {"type": "Point", "coordinates": [9.44622, 42.70346]}, "properties": {"v": 0.201, "d": "2017-01-03", "s": "geiger", "m": ""}}, {"type": "Feature", "geometry": {"type": "Point", "coordinates": [9.44622, 42.70344]}, "properties": {"v": 0.156, "d": "2017-01-03", "s": "geiger", "m": ""}}, {"type": "Feature", "geometry": {"type": "Point", "coordinates": [9.44621, 42.70353]}, "properties": {"v": 0.102, "d": "2017-01-03", "s": "geiger", "m": ""}}, {"type": "Feature", "geometry": {"type": "Point", "coordinates": [9.44615, 42.70354]}, "properties": {"v": 0.147, "d": "2017-01-03", "s": "geiger", "m": ""}}, {"type": "Feature", "geometry": {"type": "Point", "coordinates": [9.4461, 42.70356]}, "properties": {"v": 0.138, "d": "2017-01-03", "s": "geiger", "m": ""}}, {"type": "Feature", "geometry": {"type": "Point", "coordinates": [9.44615, 42.70355]}, "properties": {"v": 0.153, "d": "2017-01-03", "s": "geiger", "m": ""}}, {"type": "Feature", "geometry": {"type": "Point", "coordinates": [9.44616, 42.70358]}, "properties": {"v": 0.135, "d": "2017-01-03", "s": "geiger", "m": ""}}, {"type": "Feature", "geometry": {"type": "Point", "coordinates": [9.44619, 42.70362]}, "properties": {"v": 0.114, "d": "2017-01-03", "s": "geiger", "m": ""}}, {"type": "Feature", "geometry": {"type": "Point", "coordinates": [9.44619, 42.70363]}, "properties": {"v": 0.156, "d": "2017-01-03", "s": "geiger", "m": ""}}, {"type": "Feature", "geometry": {"type": "Point", "coordinates": [9.44617, 42.70362]}, "properties": {"v": 0.132, "d": "2017-01-03", "s": "geiger", "m": ""}}, {"type": "Feature", "geometry": {"type": "Point", "coordinates": [9.44621, 42.70367]}, "properties": {"v": 0.132, "d": "2017-01-03", "s": "geiger", "m": ""}}, {"type": "Feature", "geometry": {"type": "Point", "coordinates": [9.44614, 42.70363]}, "properties": {"v": 0.138, "d": "2017-01-03", "s": "geiger", "m": ""}}, {"type": "Feature", "geometry": {"type": "Point", "coordinates": [9.44611, 42.70363]}, "properties": {"v": 0.129, "d": "2017-01-03", "s": "geiger", "m": ""}}, {"type": "Feature", "geometry": {"type": "Point", "coordinates": [9.4462, 42.70365]}, "properties": {"v": 0.126, "d": "2017-01-03", "s": "geiger", "m": ""}}, {"type": "Feature", "geometry": {"type": "Point", "coordinates": [9.44617, 42.70369]}, "properties": {"v": 0.111, "d": "2017-01-03", "s": "geiger", "m": ""}}, {"type": "Feature", "geometry": {"type": "Point", "coordinates": [9.4462, 42.70369]}, "properties": {"v": 0.153, "d": "2017-01-03", "s": "geiger", "m": ""}}, {"type": "Feature", "geometry": {"type": "Point", "coordinates": [9.44617, 42.7037]}, "properties": {"v": 0.135, "d": "2017-01-03", "s": "geiger", "m": ""}}, {"type": "Feature", "geometry": {"type": "Point", "coordinates": [9.44614, 42.70371]}, "properties": {"v": 0.138, "d": "2017-01-03", "s": "geiger", "m": ""}}, {"type": "Feature", "geometry": {"type": "Point", "coordinates": [9.44615, 42.70374]}, "properties": {"v": 0.12, "d": "2017-01-03", "s": "geiger", "m": ""}}, {"type": "Feature", "geometry": {"type": "Point", "coordinates": [9.44622, 42.70374]}, "properties": {"v": 0.129, "d": "2017-01-03", "s": "geiger", "m": ""}}, {"type": "Feature", "geometry": {"type": "Point", "coordinates": [9.44619, 42.70372]}, "properties": {"v": 0.126, "d": "2017-01-03", "s": "geiger", "m": ""}}, {"type": "Feature", "geometry": {"type": "Point", "coordinates": [9.44614, 42.70369]}, "properties": {"v": 0.105, "d": "2017-01-03", "s": "geiger", "m": ""}}, {"type": "Feature", "geometry": {"type": "Point", "coordinates": [9.44617, 42.70372]}, "properties": {"v": 0.165, "d": "2017-01-03", "s": "geiger", "m": ""}}, {"type": "Feature", "geometry": {"type": "Point", "coordinates": [9.44618, 42.70372]}, "properties": {"v": 0.126, "d": "2017-01-03", "s": "geiger", "m": ""}}, {"type": "Feature", "geometry": {"type": "Point", "coordinates": [9.44614, 42.70372]}, "properties": {"v": 0.138, "d": "2017-01-03", "s": "geiger", "m": ""}}, {"type": "Feature", "geometry": {"type": "Point", "coordinates": [9.44615, 42.70372]}, "properties": {"v": 0.18, "d": "2017-01-03", "s": "geiger", "m": ""}}, {"type": "Feature", "geometry": {"type": "Point", "coordinates": [9.44619, 42.7037]}, "properties": {"v": 0.135, "d": "2017-01-03", "s": "geiger", "m": ""}}, {"type": "Feature", "geometry": {"type": "Point", "coordinates": [9.44616, 42.70368]}, "properties": {"v": 0.147, "d": "2017-01-03", "s": "geiger", "m": ""}}, {"type": "Feature", "geometry": {"type": "Point", "coordinates": [9.4462, 42.70368]}, "properties": {"v": 0.135, "d": "2017-01-03", "s": "geiger", "m": ""}}, {"type": "Feature", "geometry": {"type": "Point", "coordinates": [9.4462, 42.70367]}, "properties": {"v": 0.165, "d": "2017-01-03", "s": "geiger", "m": ""}}, {"type": "Feature", "geometry": {"type": "Point", "coordinates": [9.44619, 42.70372]}, "properties": {"v": 0.141, "d": "2017-01-03", "s": "geiger", "m": ""}}, {"type": "Feature", "geometry": {"type": "Point", "coordinates": [9.44623, 42.70373]}, "properties": {"v": 0.132, "d": "2017-01-03", "s": "geiger", "m": ""}}, {"type": "Feature", "geometry": {"type": "Point", "coordinates": [9.44618, 42.7038]}, "properties": {"v": 0.12, "d": "2017-01-03", "s": "geiger", "m": ""}}, {"type": "Feature", "geometry": {"type": "Point", "coordinates": [9.44622, 42.70374]}, "properties": {"v": 0.12, "d": "2017-01-03", "s": "geiger", "m": ""}}, {"type": "Feature", "geometry": {"type": "Point", "coordinates": [9.44618, 42.70369]}, "properties": {"v": 0.138, "d": "2017-01-03", "s": "geiger", "m": ""}}, {"type": "Feature", "geometry": {"type": "Point", "coordinates": [9.4462, 42.70363]}, "properties": {"v": 0.141, "d": "2017-01-03", "s": "geiger", "m": ""}}, {"type": "Feature", "geometry": {"type": "Point", "coordinates": [9.44621, 42.70361]}, "properties": {"v": 0.093, "d": "2017-01-03", "s": "geiger", "m": ""}}, {"type": "Feature", "geometry": {"type": "Point", "coordinates": [9.44619, 42.70359]}, "properties": {"v": 0.135, "d": "2017-01-03", "s": "geiger", "m": ""}}, {"type": "Feature", "geometry": {"type": "Point", "coordinates": [9.44616, 42.70362]}, "properties": {"v": 0.129, "d": "2017-01-03", "s": "geiger", "m": ""}}, {"type": "Feature", "geometry": {"type": "Point", "coordinates": [9.44616, 42.70368]}, "properties": {"v": 0.186, "d": "2017-01-03", "s": "geiger", "m": ""}}, {"type": "Feature", "geometry": {"type": "Point", "coordinates": [9.44612, 42.70372]}, "properties": {"v": 0.15, "d": "2017-01-03", "s": "geiger", "m": ""}}, {"type": "Feature", "geometry": {"type": "Point", "coordinates": [9.44612, 42.7037]}, "properties": {"v": 0.162, "d": "2017-01-03", "s": "geiger", "m": ""}}, {"type": "Feature", "geometry": {"type": "Point", "coordinates": [9.44613, 42.70371]}, "properties": {"v": 0.123, "d": "2017-01-03", "s": "geiger", "m": ""}}, {"type": "Feature", "geometry": {"type": "Point", "coordinates": [9.44612, 42.7037]}, "properties": {"v": 0.153, "d": "2017-01-03", "s": "geiger", "m": ""}}, {"type": "Feature", "geometry": {"type": "Point", "coordinates": [9.44615, 42.70369]}, "properties": {"v": 0.138, "d": "2017-01-03", "s": "geiger", "m": ""}}, {"type": "Feature", "geometry": {"type": "Point", "coordinates": [9.44617, 42.7037]}, "properties": {"v": 0.147, "d": "2017-01-03", "s": "geiger", "m": ""}}, {"type": "Feature", "geometry": {"type": "Point", "coordinates": [9.44617, 42.70367]}, "properties": {"v": 0.129, "d": "2017-01-03", "s": "geiger", "m": ""}}, {"type": "Feature", "geometry": {"type": "Point", "coordinates": [9.4462, 42.70369]}, "properties": {"v": 0.126, "d": "2017-01-03", "s": "geiger", "m": ""}}, {"type": "Feature", "geometry": {"type": "Point", "coordinates": [9.44613, 42.70377]}, "properties": {"v": 0.177, "d": "2017-01-03", "s": "geiger", "m": ""}}, {"type": "Feature", "geometry": {"type": "Point", "coordinates": [9.44613, 42.70375]}, "properties": {"v": 0.168, "d": "2017-01-03", "s": "geiger", "m": ""}}, {"type": "Feature", "geometry": {"type": "Point", "coordinates": [9.44613, 42.70369]}, "properties": {"v": 0.129, "d": "2017-01-03", "s": "geiger", "m": ""}}, {"type": "Feature", "geometry": {"type": "Point", "coordinates": [9.44597, 42.70363]}, "properties": {"v": 0.099, "d": "2017-01-03", "s": "geiger", "m": ""}}, {"type": "Feature", "geometry": {"type": "Point", "coordinates": [9.44582, 42.70371]}, "properties": {"v": 0.132, "d": "2017-01-03", "s": "geiger", "m": ""}}, {"type": "Feature", "geometry": {"type": "Point", "coordinates": [9.44581, 42.70372]}, "properties": {"v": 0.117, "d": "2017-01-03", "s": "geiger", "m": ""}}, {"type": "Feature", "geometry": {"type": "Point", "coordinates": [9.4458, 42.70383]}, "properties": {"v": 0.153, "d": "2017-01-03", "s": "geiger", "m": ""}}, {"type": "Feature", "geometry": {"type": "Point", "coordinates": [9.44575, 42.70374]}, "properties": {"v": 0.135, "d": "2017-01-03", "s": "geiger", "m": ""}}, {"type": "Feature", "geometry": {"type": "Point", "coordinates": [9.44574, 42.70372]}, "properties": {"v": 0.144, "d": "2017-01-03", "s": "geiger", "m": ""}}, {"type": "Feature", "geometry": {"type": "Point", "coordinates": [9.44586, 42.70381]}, "properties": {"v": 0.159, "d": "2017-01-03", "s": "geiger", "m": ""}}, {"type": "Feature", "geometry": {"type": "Point", "coordinates": [9.44585, 42.7038]}, "properties": {"v": 0.129, "d": "2017-01-03", "s": "geiger", "m": ""}}, {"type": "Feature", "geometry": {"type": "Point", "coordinates": [9.44584, 42.70378]}, "properties": {"v": 0.189, "d": "2017-01-03", "s": "geiger", "m": ""}}, {"type": "Feature", "geometry": {"type": "Point", "coordinates": [9.44585, 42.7037]}, "properties": {"v": 0.153, "d": "2017-01-03", "s": "geiger", "m": ""}}, {"type": "Feature", "geometry": {"type": "Point", "coordinates": [9.44582, 42.70359]}, "properties": {"v": 0.108, "d": "2017-01-03", "s": "geiger", "m": ""}}, {"type": "Feature", "geometry": {"type": "Point", "coordinates": [9.44579, 42.70386]}, "properties": {"v": 0.105, "d": "2017-01-03", "s": "geiger", "m": ""}}, {"type": "Feature", "geometry": {"type": "Point", "coordinates": [9.44588, 42.7038]}, "properties": {"v": 0.141, "d": "2017-01-03", "s": "geiger", "m": ""}}, {"type": "Feature", "geometry": {"type": "Point", "coordinates": [9.4458, 42.70386]}, "properties": {"v": 0.174, "d": "2017-01-03", "s": "geiger", "m": ""}}, {"type": "Feature", "geometry": {"type": "Point", "coordinates": [9.44586, 42.70383]}, "properties": {"v": 0.147, "d": "2017-01-03", "s": "geiger", "m": ""}}, {"type": "Feature", "geometry": {"type": "Point", "coordinates": [9.44581, 42.70369]}, "properties": {"v": 0.153, "d": "2017-01-03", "s": "geiger", "m": ""}}, {"type": "Feature", "geometry": {"type": "Point", "coordinates": [9.44576, 42.7038]}, "properties": {"v": 0.123, "d": "2017-01-03", "s": "geiger", "m": ""}}, {"type": "Feature", "geometry": {"type": "Point", "coordinates": [9.44574, 42.70385]}, "properties": {"v": 0.144, "d": "2017-01-03", "s": "geiger", "m": ""}}, {"type": "Feature", "geometry": {"type": "Point", "coordinates": [9.44579, 42.70381]}, "properties": {"v": 0.171, "d": "2017-01-03", "s": "geiger", "m": ""}}, {"type": "Feature", "geometry": {"type": "Point", "coordinates": [9.44582, 42.7037]}, "properties": {"v": 0.132, "d": "2017-01-03", "s": "geiger", "m": ""}}, {"type": "Feature", "geometry": {"type": "Point", "coordinates": [9.44575, 42.70368]}, "properties": {"v": 0.165, "d": "2017-01-03", "s": "geiger", "m": ""}}, {"type": "Feature", "geometry": {"type": "Point", "coordinates": [9.44585, 42.70372]}, "properties": {"v": 0.189, "d": "2017-01-03", "s": "geiger", "m": ""}}, {"type": "Feature", "geometry": {"type": "Point", "coordinates": [9.44585, 42.70377]}, "properties": {"v": 0.18, "d": "2017-01-03", "s": "geiger", "m": ""}}, {"type": "Feature", "geometry": {"type": "Point", "coordinates": [9.44583, 42.70381]}, "properties": {"v": 0.147, "d": "2017-01-03", "s": "geiger", "m": ""}}, {"type": "Feature", "geometry": {"type": "Point", "coordinates": [9.44586, 42.70381]}, "properties": {"v": 0.138, "d": "2017-01-03", "s": "geiger", "m": ""}}, {"type": "Feature", "geometry": {"type": "Point", "coordinates": [9.44585, 42.70379]}, "properties": {"v": 0.186, "d": "2017-01-03", "s": "geiger", "m": ""}}, {"type": "Feature", "geometry": {"type": "Point", "coordinates": [9.44582, 42.70383]}, "properties": {"v": 0.144, "d": "2017-01-03", "s": "geiger", "m": ""}}, {"type": "Feature", "geometry": {"type": "Point", "coordinates": [9.44587, 42.70375]}, "properties": {"v": 0.111, "d": "2017-01-03", "s": "geiger", "m": ""}}, {"type": "Feature", "geometry": {"type": "Point", "coordinates": [9.44563, 42.70388]}, "properties": {"v": 0.138, "d": "2017-01-03", "s": "geiger", "m": ""}}, {"type": "Feature", "geometry": {"type": "Point", "coordinates": [9.4458, 42.70372]}, "properties": {"v": 0.15, "d": "2017-01-03", "s": "geiger", "m": ""}}, {"type": "Feature", "geometry": {"type": "Point", "coordinates": [9.44576, 42.70373]}, "properties": {"v": 0.129, "d": "2017-01-03", "s": "geiger", "m": ""}}, {"type": "Feature", "geometry": {"type": "Point", "coordinates": [9.44567, 42.70371]}, "properties": {"v": 0.159, "d": "2017-01-03", "s": "geiger", "m": ""}}, {"type": "Feature", "geometry": {"type": "Point", "coordinates": [9.44575, 42.70373]}, "properties": {"v": 0.12, "d": "2017-01-03", "s": "geiger", "m": ""}}, {"type": "Feature", "geometry": {"type": "Point", "coordinates": [9.44566, 42.70384]}, "properties": {"v": 0.18, "d": "2017-01-03", "s": "geiger", "m": ""}}, {"type": "Feature", "geometry": {"type": "Point", "coordinates": [9.44566, 42.70378]}, "properties": {"v": 0.126, "d": "2017-01-03", "s": "geiger", "m": ""}}, {"type": "Feature", "geometry": {"type": "Point", "coordinates": [9.44576, 42.70379]}, "properties": {"v": 0.15, "d": "2017-01-03", "s": "geiger", "m": ""}}, {"type": "Feature", "geometry": {"type": "Point", "coordinates": [9.44574, 42.70384]}, "properties": {"v": 0.144, "d": "2017-01-03", "s": "geiger", "m": ""}}, {"type": "Feature", "geometry": {"type": "Point", "coordinates": [9.44542, 42.704]}, "properties": {"v": 0.147, "d": "2017-01-03", "s": "geiger", "m": ""}}, {"type": "Feature", "geometry": {"type": "Point", "coordinates": [9.44571, 42.70369]}, "properties": {"v": 0.156, "d": "2017-01-03", "s": "geiger", "m": ""}}, {"type": "Feature", "geometry": {"type": "Point", "coordinates": [9.44578, 42.70375]}, "properties": {"v": 0.132, "d": "2017-01-03", "s": "geiger", "m": ""}}, {"type": "Feature", "geometry": {"type": "Point", "coordinates": [9.44572, 42.70387]}, "properties": {"v": 0.123, "d": "2017-01-03", "s": "geiger", "m": ""}}, {"type": "Feature", "geometry": {"type": "Point", "coordinates": [9.44577, 42.70381]}, "properties": {"v": 0.15, "d": "2017-01-03", "s": "geiger", "m": ""}}, {"type": "Feature", "geometry": {"type": "Point", "coordinates": [9.44581, 42.7038]}, "properties": {"v": 0.141, "d": "2017-01-03", "s": "geiger", "m": ""}}, {"type": "Feature", "geometry": {"type": "Point", "coordinates": [9.44579, 42.70387]}, "properties": {"v": 0.135, "d": "2017-01-03", "s": "geiger", "m": ""}}, {"type": "Feature", "geometry": {"type": "Point", "coordinates": [9.44582, 42.70384]}, "properties": {"v": 0.153, "d": "2017-01-03", "s": "geiger", "m": ""}}, {"type": "Feature", "geometry": {"type": "Point", "coordinates": [9.4457, 42.70378]}, "properties": {"v": 0.114, "d": "2017-01-03", "s": "geiger", "m": ""}}, {"type": "Feature", "geometry": {"type": "Point", "coordinates": [9.44574, 42.70373]}, "properties": {"v": 0.138, "d": "2017-01-03", "s": "geiger", "m": ""}}, {"type": "Feature", "geometry": {"type": "Point", "coordinates": [9.44574, 42.70379]}, "properties": {"v": 0.144, "d": "2017-01-03", "s": "geiger", "m": ""}}, {"type": "Feature", "geometry": {"type": "Point", "coordinates": [9.44573, 42.70376]}, "properties": {"v": 0.144, "d": "2017-01-03", "s": "geiger", "m": ""}}, {"type": "Feature", "geometry": {"type": "Point", "coordinates": [9.44569, 42.70378]}, "properties": {"v": 0.141, "d": "2017-01-03", "s": "geiger", "m": ""}}, {"type": "Feature", "geometry": {"type": "Point", "coordinates": [9.44572, 42.70381]}, "properties": {"v": 0.12, "d": "2017-01-03", "s": "geiger", "m": ""}}, {"type": "Feature", "geometry": {"type": "Point", "coordinates": [9.4457, 42.7038]}, "properties": {"v": 0.153, "d": "2017-01-03", "s": "geiger", "m": ""}}, {"type": "Feature", "geometry": {"type": "Point", "coordinates": [9.44564, 42.70384]}, "properties": {"v": 0.15, "d": "2017-01-03", "s": "geiger", "m": ""}}, {"type": "Feature", "geometry": {"type": "Point", "coordinates": [9.44562, 42.70388]}, "properties": {"v": 0.12, "d": "2017-01-03", "s": "geiger", "m": ""}}, {"type": "Feature", "geometry": {"type": "Point", "coordinates": [9.44568, 42.70387]}, "properties": {"v": 0.165, "d": "2017-01-03", "s": "geiger", "m": ""}}, {"type": "Feature", "geometry": {"type": "Point", "coordinates": [9.44557, 42.70394]}, "properties": {"v": 0.153, "d": "2017-01-03", "s": "geiger", "m": ""}}, {"type": "Feature", "geometry": {"type": "Point", "coordinates": [9.44584, 42.7038]}, "properties": {"v": 0.129, "d": "2017-01-03", "s": "geiger", "m": ""}}, {"type": "Feature", "geometry": {"type": "Point", "coordinates": [9.44581, 42.70383]}, "properties": {"v": 0.129, "d": "2017-01-03", "s": "geiger", "m": ""}}, {"type": "Feature", "geometry": {"type": "Point", "coordinates": [9.44576, 42.70382]}, "properties": {"v": 0.123, "d": "2017-01-03", "s": "geiger", "m": ""}}, {"type": "Feature", "geometry": {"type": "Point", "coordinates": [9.44577, 42.70377]}, "properties": {"v": 0.141, "d": "2017-01-03", "s": "geiger", "m": ""}}, {"type": "Feature", "geometry": {"type": "Point", "coordinates": [9.44578, 42.70379]}, "properties": {"v": 0.153, "d": "2017-01-03", "s": "geiger", "m": ""}}, {"type": "Feature", "geometry": {"type": "Point", "coordinates": [9.44579, 42.70381]}, "properties": {"v": 0.093, "d": "2017-01-03", "s": "geiger", "m": ""}}, {"type": "Feature", "geometry": {"type": "Point", "coordinates": [9.44577, 42.7038]}, "properties": {"v": 0.153, "d": "2017-01-03", "s": "geiger", "m": ""}}, {"type": "Feature", "geometry": {"type": "Point", "coordinates": [9.44577, 42.70377]}, "properties": {"v": 0.099, "d": "2017-01-03", "s": "geiger", "m": ""}}, {"type": "Feature", "geometry": {"type": "Point", "coordinates": [9.44577, 42.70367]}, "properties": {"v": 0.105, "d": "2017-01-03", "s": "geiger", "m": ""}}, {"type": "Feature", "geometry": {"type": "Point", "coordinates": [9.44564, 42.70352]}, "properties": {"v": 0.108, "d": "2017-01-03", "s": "geiger", "m": ""}}, {"type": "Feature", "geometry": {"type": "Point", "coordinates": [9.44532, 42.70366]}, "properties": {"v": 0.132, "d": "2017-01-03", "s": "geiger", "m": ""}}, {"type": "Feature", "geometry": {"type": "Point", "coordinates": [9.44528, 42.7033]}, "properties": {"v": 0.141, "d": "2017-01-03", "s": "geiger", "m": ""}}, {"type": "Feature", "geometry": {"type": "Point", "coordinates": [9.44621, 42.70316]}, "properties": {"v": 0.129, "d": "2017-01-03", "s": "geiger", "m": ""}}, {"type": "Feature", "geometry": {"type": "Point", "coordinates": [9.44708, 42.70276]}, "properties": {"v": 0.105, "d": "2017-01-03", "s": "geiger", "m": ""}}, {"type": "Feature", "geometry": {"type": "Point", "coordinates": [9.4482, 42.70229]}, "properties": {"v": 0.087, "d": "2017-01-03", "s": "geiger", "m": ""}}, {"type": "Feature", "geometry": {"type": "Point", "coordinates": [9.44932, 42.70181]}, "properties": {"v": 0.129, "d": "2017-01-03", "s": "geiger", "m": ""}}, {"type": "Feature", "geometry": {"type": "Point", "coordinates": [9.44965, 42.70148]}, "properties": {"v": 0.09, "d": "2017-01-03", "s": "geiger", "m": ""}}, {"type": "Feature", "geometry": {"type": "Point", "coordinates": [9.44955, 42.7006]}, "properties": {"v": 0.105, "d": "2017-01-03", "s": "geiger", "m": ""}}, {"type": "Feature", "geometry": {"type": "Point", "coordinates": [9.45022, 42.70036]}, "properties": {"v": 0.072, "d": "2017-01-03", "s": "geiger", "m": ""}}, {"type": "Feature", "geometry": {"type": "Point", "coordinates": [9.45075, 42.69991]}, "properties": {"v": 0.123, "d": "2017-01-03", "s": "geiger", "m": ""}}, {"type": "Feature", "geometry": {"type": "Point", "coordinates": [9.45154, 42.69949]}, "properties": {"v": 0.12, "d": "2017-01-03", "s": "geiger", "m": ""}}, {"type": "Feature", "geometry": {"type": "Point", "coordinates": [9.45225, 42.69904]}, "properties": {"v": 0.108, "d": "2017-01-03", "s": "geiger", "m": ""}}, {"type": "Feature", "geometry": {"type": "Point", "coordinates": [9.45282, 42.69862]}, "properties": {"v": 0.093, "d": "2017-01-03", "s": "geiger", "m": ""}}, {"type": "Feature", "geometry": {"type": "Point", "coordinates": [9.4528, 42.69788]}, "properties": {"v": 0.126, "d": "2017-01-03", "s": "geiger", "m": ""}}, {"type": "Feature", "geometry": {"type": "Point", "coordinates": [9.45281, 42.69712]}, "properties": {"v": 0.117, "d": "2017-01-03", "s": "geiger", "m": ""}}, {"type": "Feature", "geometry": {"type": "Point", "coordinates": [9.45261, 42.6964]}, "properties": {"v": 0.087, "d": "2017-01-03", "s": "geiger", "m": ""}}, {"type": "Feature", "geometry": {"type": "Point", "coordinates": [9.45184, 42.69605]}, "properties": {"v": 0.123, "d": "2017-01-03", "s": "geiger", "m": ""}}, {"type": "Feature", "geometry": {"type": "Point", "coordinates": [9.45083, 42.69627]}, "properties": {"v": 0.072, "d": "2017-01-03", "s": "geiger", "m": ""}}, {"type": "Feature", "geometry": {"type": "Point", "coordinates": [9.45009, 42.69652]}, "properties": {"v": 0.111, "d": "2017-01-03", "s": "geiger", "m": ""}}, {"type": "Feature", "geometry": {"type": "Point", "coordinates": [9.44999, 42.6959]}, "properties": {"v": 0.111, "d": "2017-01-03", "s": "geiger", "m": ""}}, {"type": "Feature", "geometry": {"type": "Point", "coordinates": [9.4505, 42.69538]}, "properties": {"v": 0.093, "d": "2017-01-03", "s": "geiger", "m": ""}}, {"type": "Feature", "geometry": {"type": "Point", "coordinates": [9.45123, 42.69483]}, "properties": {"v": 0.078, "d": "2017-01-03", "s": "geiger", "m": ""}}, {"type": "Feature", "geometry": {"type": "Point", "coordinates": [9.45138, 42.69454]}, "properties": {"v": 0.084, "d": "2017-01-03", "s": "geiger", "m": ""}}, {"type": "Feature", "geometry": {"type": "Point", "coordinates": [9.45142, 42.69438]}, "properties": {"v": 0.105, "d": "2017-01-03", "s": "geiger", "m": ""}}, {"type": "Feature", "geometry": {"type": "Point", "coordinates": [9.4514, 42.69439]}, "properties": {"v": 0.09, "d": "2017-01-03", "s": "geiger", "m": ""}}, {"type": "Feature", "geometry": {"type": "Point", "coordinates": [9.45143, 42.69438]}, "properties": {"v": 0.087, "d": "2017-01-03", "s": "geiger", "m": ""}}, {"type": "Feature", "geometry": {"type": "Point", "coordinates": [9.45143, 42.69438]}, "properties": {"v": 0.075, "d": "2017-01-03", "s": "geiger", "m": ""}}, {"type": "Feature", "geometry": {"type": "Point", "coordinates": [9.45148, 42.69436]}, "properties": {"v": 0.063, "d": "2017-01-03", "s": "geiger", "m": ""}}, {"type": "Feature", "geometry": {"type": "Point", "coordinates": [9.45152, 42.69433]}, "properties": {"v": 0.066, "d": "2017-01-03", "s": "geiger", "m": ""}}, {"type": "Feature", "geometry": {"type": "Point", "coordinates": [9.4514, 42.69438]}, "properties": {"v": 0.09, "d": "2017-01-03", "s": "geiger", "m": ""}}, {"type": "Feature", "geometry": {"type": "Point", "coordinates": [9.45143, 42.69436]}, "properties": {"v": 0.108, "d": "2017-01-03", "s": "geiger", "m": ""}}, {"type": "Feature", "geometry": {"type": "Point", "coordinates": [9.45144, 42.69436]}, "properties": {"v": 0.078, "d": "2017-01-03", "s": "geiger", "m": ""}}, {"type": "Feature", "geometry": {"type": "Point", "coordinates": [9.45142, 42.69437]}, "properties": {"v": 0.117, "d": "2017-01-03", "s": "geiger", "m": ""}}, {"type": "Feature", "geometry": {"type": "Point", "coordinates": [9.45144, 42.69422]}, "properties": {"v": 0.078, "d": "2017-01-03", "s": "geiger", "m": ""}}, {"type": "Feature", "geometry": {"type": "Point", "coordinates": [9.45145, 42.69423]}, "properties": {"v": 0.114, "d": "2017-01-03", "s": "geiger", "m": ""}}, {"type": "Feature", "geometry": {"type": "Point", "coordinates": [9.45145, 42.69424]}, "properties": {"v": 0.087, "d": "2017-01-03", "s": "geiger", "m": ""}}, {"type": "Feature", "geometry": {"type": "Point", "coordinates": [9.45152, 42.69428]}, "properties": {"v": 0.093, "d": "2017-01-03", "s": "geiger", "m": ""}}, {"type": "Feature", "geometry": {"type": "Point", "coordinates": [9.4518, 42.69389]}, "properties": {"v": 0.072, "d": "2017-01-03", "s": "geiger", "m": ""}}, {"type": "Feature", "geometry": {"type": "Point", "coordinates": [9.4516, 42.69362]}, "properties": {"v": 0.105, "d": "2017-01-03", "s": "geiger", "m": ""}}, {"type": "Feature", "geometry": {"type": "Point", "coordinates": [9.45135, 42.6932]}, "properties": {"v": 0.096, "d": "2017-01-03", "s": "geiger", "m": ""}}, {"type": "Feature", "geometry": {"type": "Point", "coordinates": [9.45129, 42.6931]}, "properties": {"v": 0.081, "d": "2017-01-03", "s": "geiger", "m": ""}}, {"type": "Feature", "geometry": {"type": "Point", "coordinates": [9.45133, 42.69309]}, "properties": {"v": 0.093, "d": "2017-01-03", "s": "geiger", "m": ""}}]}